Product order name;Product order date;Material name;Material group;qty;Current qty;Posted date;For admission date;Create date;Product order name child;Product order date child
ПКНФ-000010;15.01.2025;Труба PPR SDR 6 PN20 40/6,7/4000 мм, БЕЛАЯ, Pro Aqua PA10014;Полиэтелен, корсис, прагма, НПВХ (ПК КСС);3;23;;;15.01.2025;;
ПКНФ-000010;15.01.2025;Муфта PPR комбинированная 40х1 1/4""НР под ключ, белая, Pro Aqua PA23520P;Полиэтелен, корсис, прагма, НПВХ (ПК КСС);3;7;;;15.01.2025;;
ПКНФ-000010;15.01.2025;Муфта PPR комбинированная 40х1 1/4""ВР под ключ, белая, Pro Aqua PA22520P;Полиэтелен, корсис, прагма, НПВХ (ПК КСС);2;4;;;15.01.2025;;
ПКНФ-000010;15.01.2025;Угольник PPR 40/90°, белый, Pro Aqua PA13014P;Полиэтелен, корсис, прагма, НПВХ (ПК КСС);1;2;;;15.01.2025;;
ПКНФ-000010;15.01.2025;Шайба гроверная оц.Ф10 DIN 127;Оцинкованные метизы (ПК КСС);0.1;0.15;;;15.01.2025;;
ПКНФ-000010;15.01.2025;Гайка шестигр.М10 оц. DIN934;Оцинкованные метизы (ПК КСС);0.1;0.512;07.10.2024;07.10.2024;15.01.2025;;
ПКНФ-000010;15.01.2025;Болт оцинк. М10х60 DIN933;Оцинкованные метизы (ПК КСС);0.1;0.59;;;15.01.2025;;
ПКНФ-000010;15.01.2025;Уплотнитель кольцевого пространства марки АктивРинг ТУ 2531-002-58859224-2014 изм. 1 (АР 300 оцинк);Полиэтелен, корсис, прагма, НПВХ (ПК КСС);28;24;;;15.01.2025;;
ПКНФ-000010;15.01.2025;Хомут для высоких нагрузок PI-НD 2"", М12, 59-66, Termoclip 09405203;Нержавеющие метизы (ПК КСС);4;0;;;15.01.2025;;
ПКНФ-000010;15.01.2025;Шпилька М12*1000 DIN 975 оц;Оцинкованные метизы (ПК КСС);2;1;;;15.01.2025;;
ПКНФ-000010;15.01.2025;Шаровой кран латунный 1 1/4"" ВР-ГШ со сгоном, ручка-бабочка, LD Pride 47.32.В-ГШ.Б;Арматура (ПК КСС);1;3;;;15.01.2025;;
ПКНФ-000010;15.01.2025;Шпилька М6 L1000 (А2, DIN975);Нержавеющие метизы (ПК КСС);1;6;;;15.01.2025;;
ПКНФ-000010;15.01.2025;Болт оцинк. М12х60 DIN933;Оцинкованные метизы (ПК КСС);0.004;0.41;;03.06.2024;15.01.2025;;
ПКНФ-000010;15.01.2025;Шайба плоская оц. М12  DIN 125;Оцинкованные метизы (ПК КСС);0.016;0.739;;03.06.2024;15.01.2025;;
ПКНФ-000010;15.01.2025;Болт оцинк. м14х80 DIN933;Оцинкованные метизы (ПК КСС);0.01;0.449;;15.01.2025;15.01.2025;;
ПКНФ-000010;15.01.2025;Гайка шестигр. оц. М14 DIN 934;Оцинкованные метизы (ПК КСС);0.01;0.748;;;15.01.2025;;
ПКНФ-000010;15.01.2025;Шайба плоская оц.М14  DIN 125;Оцинкованные метизы (ПК КСС);0.01;0.414;;;15.01.2025;;
ПКНФ-000010;15.01.2025;Шайба гроверная оц.Ф14 DIN 127;Оцинкованные метизы (ПК КСС);0.02;0.747;;;15.01.2025;;
ПКНФ-000010;15.01.2025;Обратный клапан р/р Ду 32 1 1/4"" ВР Ру 10 Tmax=100°С, латунный, Itap York 103 26100;Арматура (ПК КСС);1;3;;;15.01.2025;;
ПКНФ-000010;15.01.2025;Труба 110/3,2/2000 наружная канализация;Полиэтелен, корсис, прагма, НПВХ (ПК КСС);2;3;;;15.01.2025;;
ПКНФ-000010;15.01.2025;Болт оцинк. М16х60 DIN933;Оцинкованные метизы (ПК КСС);0.03;0.778;;;15.01.2025;;
ПКНФ-000010;15.01.2025;Шайба плоская оц. М8  DIN 125;Оцинкованные метизы (ПК КСС);0.008;0.467;;;15.01.2025;;
ПКНФ-000010;15.01.2025;Гайка шестигр. оц М8 DIN934;Оцинкованные метизы (ПК КСС);0.004;0.53;;;15.01.2025;;
ПКНФ-000010;15.01.2025;Шайба гроверная оц. Ф8 DIN 127;Оцинкованные метизы (ПК КСС);0.004;1.241;;;15.01.2025;;
ПКНФ-000010;15.01.2025;Болт оцинк. М20х60 DIN933;Оцинкованные метизы (ПК КСС);0.012;0.328;;;15.01.2025;;
ПКНФ-000010;15.01.2025;Фланец 60,3 (AISI304, 08*18H10, PN10) свободный;Нержавеющие фланцы и фиттинги (ПК КСС);4;4;;;15.01.2025;;
ПКНФ-000010;15.01.2025;Отбортовка 60,3х2,0 AISI304;Нержавеющие фланцы и фиттинги (ПК КСС);4;0;16.05.2025;;15.01.2025;;
ПКНФ-000010;15.01.2025;Лист 5,0*1500*6000 ст3 (м2);Черные трубы, листы, круги (ПК КСС);0.2;5.796;;;15.01.2025;;
ПКНФ-000010;15.01.2025;Затвор поворот чуг Ду50 Ру10/16 д/чуг Benarmo;Арматура (ПК КСС);4;4;;;15.01.2025;;
ПКНФ-000010;15.01.2025;Компенсатор Ду 50 Ру10/16 д/чуг Benarmo;Арматура (ПК КСС);4;4;;05.05.2025;15.01.2025;;
ПКНФ-000010;15.01.2025;Установка повышения давления КСС-МЧ-2 CDM5-4+СХ+ГА8м ;Установки ВНС и ПНС (ПК КСС);1;0;;;15.01.2025;ПКНФ-000011;15.01.2025
ПКНФ-000010;15.01.2025;Гайка шестигр. оц. М20 DIN 934 тыс шт;Оцинкованные метизы (ПК КСС);0.012;1.127;;27.06.2024;15.01.2025;;
ПКНФ-000010;15.01.2025;Мембранный бак для водоснабжения вертикальный, 80л, WAV80 10 бар/110°C, Wester WAV80;Расходомеры, манометры (ПК КСС);1;1;;;15.01.2025;;
ПКНФ-000010;15.01.2025;Электрический конвектор Electrolux ECH/AS-2000 ER НС-1119630;Электротовары КСС ШУ;1;2;;;15.01.2025;;
ПКНФ-000010;15.01.2025;Подводка для воды ДТРД Гигант 100 см 1"" г/г угл 1001ГГУ;Арматура (ПК КСС);1;2;;;15.01.2025;;
ПКНФ-000010;15.01.2025;Заглушка для трубы 25х25 мм пластик;Расходные материалы (ПК КСС);2;4;23.04.2024;03.02.2026;15.01.2025;;
ПКНФ-000010;15.01.2025;Насос дренажный модель XKS-750S ""LEO"";Насосы LEO/ОНИС (ПК КСС);1;2;;;15.01.2025;;
ПКНФ-000010;15.01.2025;Шайба оцинк гровер М12 DIN 127;Оцинкованные метизы (ПК КСС);0.012;0.744;;03.06.2024;15.01.2025;;
ПКНФ-000010;15.01.2025;Шайба гроверная оц. Ф16 DIN 127;Оцинкованные метизы (ПК КСС);0.06;0.3;;27.06.2024;15.01.2025;;
ПКНФ-000010;15.01.2025;Труба СВ  42,4х1,5мм 08Х18Н10 (AISI 304);Нержавеющие трубы, листы, круги, сетки(ПК КСС);0.5;0.5;;;15.01.2025;;
ПКНФ-000010;15.01.2025;Труба СВ  60,3х2,0мм 08Х18Н10 (AISI 304);Нержавеющие трубы, листы, круги, сетки(ПК КСС);3.5;3.5;09.09.2025;09.09.2025;15.01.2025;;
ПКНФ-000010;15.01.2025;Отвод 60,3х2,0 мм AISI 304;Нержавеющие фланцы и фиттинги (ПК КСС);8;8;09.09.2025;09.09.2025;15.01.2025;;
ПКНФ-000010;15.01.2025;Шайба плоская оц. М10  DIN 125;Оцинкованные метизы (ПК КСС);0.1;0.254;;25.08.2025;15.01.2025;;
ПКНФ-000010;15.01.2025;Навесной замок с ключом GPLK-50L;Оцинкованные метизы (ПК КСС);1;64;;20.01.2025;15.01.2025;;
ПКНФ-000010;15.01.2025;Полоса 40*4 ГОСТ 103-76;Черные трубы, листы, круги (ПК КСС);5;80;19.08.2024;;15.01.2025;;
ПКНФ-000010;15.01.2025;Уголок 50х50х5 ГОСТ 8509-93 (м);Черные трубы, листы, круги (ПК КСС);2;45.9;;;15.01.2025;;
ПКНФ-000010;15.01.2025;Гайка шестигр. оц М12 DIN934;Оцинкованные метизы (ПК КСС);0.012;1.218;;03.06.2024;15.01.2025;;
ПКНФ-000010;15.01.2025;Гайка шестигр. оц М16  (тыс шт);Оцинкованные метизы (ПК КСС);0.06;0.173;;27.06.2024;15.01.2025;;
ПКНФ-000010;15.01.2025;Лист 1000х3000 ПВЛ 406;Черные трубы, листы, круги (ПК КСС);2;4;;;15.01.2025;;
ПКНФ-000010;15.01.2025;Ниппель приварной DN40 1 1/2"" (AISI304, 08Х18H10);Нержавеющие фланцы и фиттинги (ПК КСС);2;3;;;15.01.2025;;
ПКНФ-000010;15.01.2025;Труба 25х25х2 (AISI 304);Нержавеющие трубы, листы, круги, сетки(ПК КСС);11;36;09.09.2025;05.08.2025;15.01.2025;;
ПКНФ-000010;15.01.2025;Труба 40х20х1,5 (AISI304);Нержавеющие трубы, листы, круги, сетки(ПК КСС);2;2.06;05.08.2025;05.08.2025;15.01.2025;;
ПКНФ-000010;15.01.2025;Фланец 60,3 (AISI304, 08*18H10, PN10/16) плоский;Нержавеющие фланцы и фиттинги (ПК КСС);4;4;23.01.2026;23.01.2026;15.01.2025;;
ПКНФ-000010;15.01.2025;Шпилька М8 L1000 DIN 975;Нержавеющие метизы (ПК КСС);1;1;;02.02.2026;15.01.2025;;
ПКНФ-000010;15.01.2025;Анкерный болт с гайкой 16*180 HNM тыс;Оцинкованные метизы (ПК КСС);0.016;0.442;;10.06.2024;15.01.2025;;
ПКНФ-000010;15.01.2025;Арматура ф 16 А-1 ГОСТ 5781-82 (м);Черные трубы, листы, круги (ПК КСС);4;8.3;;24.01.2024;15.01.2025;;
ПКНФ-000010;15.01.2025;Грибок канализационный;Полиэтелен, корсис, прагма, НПВХ (ПК КСС);2;13;;27.01.2026;15.01.2025;;
ПКНФ-000010;15.01.2025;Манжета резиновая переходная D 110/124 Уп., черн;Полиэтелен, корсис, прагма, НПВХ (ПК КСС);3;32;;;15.01.2025;;
ПКНФ-000010;15.01.2025;Полоса 4,0x40,0 (AISI304, 08X18H10, 2B);Нержавеющие трубы, листы, круги, сетки(ПК КСС);2;0;;25.02.2025;15.01.2025;;
ПКНФ-000010;15.01.2025;Прокладка (паронит) 50;Полиэтелен, корсис, прагма, НПВХ (ПК КСС);12;50;;;15.01.2025;;
ПКНФ-000010;15.01.2025;Труба 110/3,2/0560 наружная канализация;Полиэтелен, корсис, прагма, НПВХ (ПК КСС);1;105;;;15.01.2025;;
ПКНФ-000010;15.01.2025;Труба двустенная для электропроводки d110 с протяжкой(внутр. d94)/ДКС ;Полиэтелен, корсис, прагма, НПВХ (ПК КСС);3;155;;;15.01.2025;;
ПКНФ-000010;15.01.2025;Шайба плоская оц.М16  DIN 125;Оцинкованные метизы (ПК КСС);0.12;0.692;;27.06.2024;15.01.2025;;
ПКНФ-000010;15.01.2025;Шайба плоская оц.М20  DIN 125;Оцинкованные метизы (ПК КСС);0.012;0.582;;27.06.2024;15.01.2025;;
ПКНФ-000010;15.01.2025;Шпилька М16*1000 DIN 975 оц;Оцинкованные метизы (ПК КСС);3;3;;;15.01.2025;;
ПКНФ-000010;15.01.2025;Труба 50х50х3 ГОСТ 8639-82, м.д;Черные трубы, листы, круги (ПК КСС);27;91.8;;;15.01.2025;;
ПКНФ-000025;22.01.2025;Резьба (ниппель) Ду 32х2,8 ГОСТ 3262-78;Черные фланцы и фиттинги (ПК КСС);2;10;;;22.01.2025;;
ПКНФ-000025;22.01.2025;Труба PPR SDR 6 PN20 40/6,7/4000 мм, БЕЛАЯ, Pro Aqua PA10014;Полиэтелен, корсис, прагма, НПВХ (ПК КСС);5;23;;;22.01.2025;;
ПКНФ-000025;22.01.2025;Муфта PPR комбинированная 40х1 1/4""НР под ключ, белая, Pro Aqua PA23520P;Полиэтелен, корсис, прагма, НПВХ (ПК КСС);3;7;;;22.01.2025;;
ПКНФ-000025;22.01.2025;Муфта PPR комбинированная 40х1 1/4""ВР под ключ, белая, Pro Aqua PA22520P;Полиэтелен, корсис, прагма, НПВХ (ПК КСС);2;4;;;22.01.2025;;
ПКНФ-000025;22.01.2025;Угольник PPR 40/90°, белый, Pro Aqua PA13014P;Полиэтелен, корсис, прагма, НПВХ (ПК КСС);1;2;;;22.01.2025;;
ПКНФ-000025;22.01.2025;Шайба гроверная оц.Ф10 DIN 127;Оцинкованные метизы (ПК КСС);0.05;0.15;;;22.01.2025;;
ПКНФ-000025;22.01.2025;Гайка шестигр.М10 оц. DIN934;Оцинкованные метизы (ПК КСС);0.05;0.512;07.10.2024;07.10.2024;22.01.2025;;
ПКНФ-000025;22.01.2025;Установка  пожаротушения КСС-П-2 CDM20-2+АВР+2ЭЗ;Установки ВНС и ПНС (ПК КСС);1;0;13.12.2024;;22.01.2025;ПКНФ-000026;22.01.2025
ПКНФ-000025;22.01.2025;Уплотнитель кольцевого пространства марки АктивРинг ТУ 2531-002-58859224-2014 изм. 1 (АР 415 оцинк);Полиэтелен, корсис, прагма, НПВХ (ПК КСС);14;14;;;22.01.2025;;
ПКНФ-000025;22.01.2025;Шаровой кран латунный 1 1/4"" ВР-ГШ со сгоном, ручка-бабочка, LD Pride 47.32.В-ГШ.Б;Арматура (ПК КСС);1;3;;;22.01.2025;;
ПКНФ-000025;22.01.2025;Хомут для высоких нагрузок PI-НD 3"", М12, 59-66, Termoclip 09405203;Нержавеющие метизы (ПК КСС);4;4;;;22.01.2025;;
ПКНФ-000025;22.01.2025;Болт оцинк. М12х60 DIN933;Оцинкованные метизы (ПК КСС);0.006;0.41;;03.06.2024;22.01.2025;;
ПКНФ-000025;22.01.2025;Шайба плоская оц. М12  DIN 125;Оцинкованные метизы (ПК КСС);0.02;0.739;;03.06.2024;22.01.2025;;
ПКНФ-000025;22.01.2025;Обратный клапан р/р Ду 32 1 1/4"" ВР Ру 10 Tmax=100°С, латунный, Itap York 103 26100;Арматура (ПК КСС);1;3;;;22.01.2025;;
ПКНФ-000025;22.01.2025;Труба 110/3,2/2000 наружная канализация;Полиэтелен, корсис, прагма, НПВХ (ПК КСС);1;3;;;22.01.2025;;
ПКНФ-000025;22.01.2025;Болт оцинк. М20х60 DIN933;Оцинкованные метизы (ПК КСС);0.012;0.328;;;22.01.2025;;
ПКНФ-000025;22.01.2025;Лист 5,0*1500*6000 ст3 (м2);Черные трубы, листы, круги (ПК КСС);0.2;5.796;;;22.01.2025;;
ПКНФ-000025;22.01.2025;Затвор поворот чуг Ду80 Ру10/16 д/чуг Benarmo ;Арматура (ПК КСС);2;4;;;22.01.2025;;
ПКНФ-000025;22.01.2025;Компенсатор EPDM Ду80 Ру10/16 фл Benarmo;Арматура (ПК КСС);2;2;;;22.01.2025;;
ПКНФ-000025;22.01.2025;Гайка шестигр. оц. М20 DIN 934 тыс шт;Оцинкованные метизы (ПК КСС);0.012;1.127;;27.06.2024;22.01.2025;;
ПКНФ-000025;22.01.2025;Болт оцинк. М16х80  DIN933;Оцинкованные метизы (ПК КСС);0.032;0.317;;;22.01.2025;;
ПКНФ-000025;22.01.2025;Болт оцинк. 10х40 DIN933;Оцинкованные метизы (ПК КСС);0.05;0.057;;26.01.2026;22.01.2025;;
ПКНФ-000025;22.01.2025;Заглушка для трубы 25х25 мм пластик;Расходные материалы (ПК КСС);2;4;23.04.2024;03.02.2026;22.01.2025;;
ПКНФ-000025;22.01.2025;Насос дренажный модель XKS-750S ""LEO"";Насосы LEO/ОНИС (ПК КСС);1;2;;;22.01.2025;;
ПКНФ-000025;22.01.2025;Шайба оцинк гровер М12 DIN 127;Оцинкованные метизы (ПК КСС);0.014;0.744;;03.06.2024;22.01.2025;;
ПКНФ-000025;22.01.2025;Насос повышающий давление с автоматом, CL15PRS-10 Pampman ;Другие насосы и УПМ (ПК КСС);1;1;;;22.01.2025;;
ПКНФ-000025;22.01.2025;Труба СВ  88,9х2,0мм 08Х18Н10 (AISI 304);Нержавеющие трубы, листы, круги, сетки(ПК КСС);2;2;05.08.2025;05.08.2025;22.01.2025;;
ПКНФ-000025;22.01.2025;Отвод 88,9х2,0 мм AISI 304;Нержавеющие фланцы и фиттинги (ПК КСС);4;4;;;22.01.2025;;
ПКНФ-000025;22.01.2025;Переход 114,3/88,9х2,0 (DN 100/80) AISI 304/08Х18Н10;Нержавеющие фланцы и фиттинги (ПК КСС);4;4;;;22.01.2025;;
ПКНФ-000025;22.01.2025;Фланец 114,3  (AISI304, 08*18H10, PN10/16) плоский;Нержавеющие фланцы и фиттинги (ПК КСС);4;4;26.05.2025;26.05.2025;22.01.2025;;
ПКНФ-000025;22.01.2025;Шайба плоская оц. М10  DIN 125;Оцинкованные метизы (ПК КСС);0.01;0.254;;25.08.2025;22.01.2025;;
ПКНФ-000025;22.01.2025;Навесной замок с ключом GPLK-50L;Оцинкованные метизы (ПК КСС);2;64;;20.01.2025;22.01.2025;;
ПКНФ-000025;22.01.2025;Труба 40х20х2 (AISI304);Нержавеющие трубы, листы, круги, сетки(ПК КСС);1;2;09.09.2025;09.09.2025;22.01.2025;;
ПКНФ-000025;22.01.2025;Полоса 40*4 ГОСТ 103-76;Черные трубы, листы, круги (ПК КСС);7;80;19.08.2024;;22.01.2025;;
ПКНФ-000025;22.01.2025;Прокладка (паронит) 80;Полиэтелен, корсис, прагма, НПВХ (ПК КСС);4;13;;;22.01.2025;;
ПКНФ-000025;22.01.2025;Фланец 88,9 (AISI304, 08*18H10, PN10/16) свободный;Нержавеющие фланцы и фиттинги (ПК КСС);4;4;;;22.01.2025;;
ПКНФ-000025;22.01.2025;Уголок 50х50х5 ГОСТ 8509-93 (м);Черные трубы, листы, круги (ПК КСС);1;45.9;;;22.01.2025;;
ПКНФ-000025;22.01.2025;Гайка шестигр. оц М12 DIN934;Оцинкованные метизы (ПК КСС);0.014;1.218;;03.06.2024;22.01.2025;;
ПКНФ-000025;22.01.2025;Гайка шестигр. оц М16  (тыс шт);Оцинкованные метизы (ПК КСС);0.096;0.173;;27.06.2024;22.01.2025;;
ПКНФ-000025;22.01.2025;Лист 1000х3000 ПВЛ 406;Черные трубы, листы, круги (ПК КСС);3;4;;;22.01.2025;;
ПКНФ-000025;22.01.2025;Труба оц ВГП 25х3,2  ГОСТ 3262-75 (м);Черные трубы, листы, круги (ПК КСС);0.2;26.68;;27.12.2024;22.01.2025;;
ПКНФ-000025;22.01.2025;Отбортовка 88,9х2,0 AISI304;Нержавеющие фланцы и фиттинги (ПК КСС);4;4;;;22.01.2025;;
ПКНФ-000025;22.01.2025;Труба СВ 114,3х2,0мм 08Х18Н10 (AISI 304);Нержавеющие трубы, листы, круги, сетки(ПК КСС);2;2;;22.10.2024;22.01.2025;;
ПКНФ-000025;22.01.2025;Труба 25х25х2 (AISI 304);Нержавеющие трубы, листы, круги, сетки(ПК КСС);7;36;09.09.2025;05.08.2025;22.01.2025;;
ПКНФ-000025;22.01.2025;Труба 40х40х3 ГОСТ 8639-82;Черные трубы, листы, круги (ПК КСС);27;13.4;;;22.01.2025;;
ПКНФ-000025;22.01.2025;Труба 40х20х2 ГОСТ 8639-82;Черные трубы, листы, круги (ПК КСС);10;47.5;;29.01.2024;22.01.2025;;
ПКНФ-000025;22.01.2025;Анкерный болт с гайкой 16*180 HNM тыс;Оцинкованные метизы (ПК КСС);0.016;0.442;;10.06.2024;22.01.2025;;
ПКНФ-000025;22.01.2025;Арматура ф 16 А-1 ГОСТ 5781-82 (м);Черные трубы, листы, круги (ПК КСС);4;8.3;;24.01.2024;22.01.2025;;
ПКНФ-000025;22.01.2025;Грибок канализационный;Полиэтелен, корсис, прагма, НПВХ (ПК КСС);2;13;;27.01.2026;22.01.2025;;
ПКНФ-000025;22.01.2025;Манжета резиновая переходная D 110/124 Уп., черн;Полиэтелен, корсис, прагма, НПВХ (ПК КСС);3;32;;;22.01.2025;;
ПКНФ-000025;22.01.2025;Полоса 4,0x40,0 (AISI304, 08X18H10, 2B);Нержавеющие трубы, листы, круги, сетки(ПК КСС);1;0;;25.02.2025;22.01.2025;;
ПКНФ-000025;22.01.2025;Труба 110/3,2/0560 наружная канализация;Полиэтелен, корсис, прагма, НПВХ (ПК КСС);1;105;;;22.01.2025;;
ПКНФ-000025;22.01.2025;Труба 200/4,9/1200 наружная канализация;Полиэтелен, корсис, прагма, НПВХ (ПК КСС);2;8.5;;;22.01.2025;;
ПКНФ-000025;22.01.2025;Шайба гроверная оц.М20 DIN 127;Оцинкованные метизы (ПК КСС);0.096;1.188;;;22.01.2025;;
ПКНФ-000025;22.01.2025;Шайба плоская оц.М20  DIN 125;Оцинкованные метизы (ПК КСС);0.204;0.582;;27.06.2024;22.01.2025;;
ПКНФ-000025;22.01.2025;Шпилька М16*1000 DIN 975 оц;Оцинкованные метизы (ПК КСС);3;3;;;22.01.2025;;
ПКНФ-000025;22.01.2025;Электроконвектор ЭВПТ-2,0 IP54;Расходомеры, манометры (ПК КСС);1;2;;;22.01.2025;;
ПКНФ-000345;19.06.2025;Муфта PPR 25 мм, белая, Pro Aqua PA12010P;Полиэтелен, корсис, прагма, НПВХ (ПК КСС);20;20;;;19.06.2025;;
ПКНФ-000345;19.06.2025;Заглушка PPR 25 мм, белая, Pro Aqua PA15010P;Полиэтелен, корсис, прагма, НПВХ (ПК КСС);10;10;;;19.06.2025;;
ПКНФ-000345;19.06.2025;Муфта PPR редукционная 40х25, наружная /внутренняя белая, Pro Aqua;Арматура (ПК КСС);5;5;;;19.06.2025;;
ПКНФ-000345;19.06.2025;Хомут метал. резина с гайкой М8 3/4"" (26-30);Расходные материалы (ПК КСС);180;190;;;19.06.2025;;
ПКНФ-000345;19.06.2025;Шаровой кран с электроприводом серия SC209, трехходовой Т-порт, DN 25 мм, давление рабочей среды до;Арматура (ПК КСС);1;1;;;19.06.2025;;
ПКНФ-000345;19.06.2025;Муфта PPR комбинированная разъемная 25х1""НР, белая, Pro Aqua PA21015;Полиэтелен, корсис, прагма, НПВХ (ПК КСС);4;4;;;19.06.2025;;
ПКНФ-000345;19.06.2025;Муфта PPR комбинированная разъемная 25х1""ВР, белая, Pro Aqua PA20015;Полиэтелен, корсис, прагма, НПВХ (ПК КСС);2;2;;;19.06.2025;;
ПКНФ-000345;19.06.2025;Хомут червячный нержавеющий Экофикс 12-22 мм/9 W2;Расходные материалы (ПК КСС);50;50;;;19.06.2025;;
ПКНФ-000345;19.06.2025;Муфта комб.разъём.(американка) с внутренней резьбой  25x1"" (100/25) (Valfex) БЕЛАЯ (ПК);Полиэтелен, корсис, прагма, НПВХ (ПК КСС);36;36;;;19.06.2025;;
ПКНФ-000345;19.06.2025;Труба гофрированная d20 ПНД черная с зондом IEK (100);Электротовары КСС ШУ;15;15;;;19.06.2025;;
ПКНФ-000345;19.06.2025;Угол 90гр. Ø25 белая;Комплектующие для водоподготовки;33;47;;;19.06.2025;;
ПКНФ-000345;19.06.2025;Муфта PPR комбинированная 40х1 1/4""НР под ключ, белая, Pro Aqua PA23520P;Полиэтелен, корсис, прагма, НПВХ (ПК КСС);5;6;;;19.06.2025;;
ПКНФ-000345;19.06.2025;Ниппель приварной DN25"" 1""  чермет;Арматура (ПК КСС);16;20;;;19.06.2025;;
ПКНФ-000345;19.06.2025;Шланг ПВХ 20мм прозрачный (бухта 50м);Полиэтелен, корсис, прагма, НПВХ (ПК КСС);180;200;;;19.06.2025;;
ПКНФ-000345;19.06.2025;Лист 2,0*1000*2000  AISI 304 (08х18Н10), х/к, мат (2В);Нержавеющие трубы, листы, круги, сетки(ПК КСС);3;3;17.09.2025;17.09.2025;19.06.2025;;
ПКНФ-000345;19.06.2025;Кварц окатанный 2-5 мм, Россия (шт=кг);Засыпки и сорбенты для ЛОС, Водоподготовка;20;20;;25.12.2024;19.06.2025;;
ПКНФ-000345;19.06.2025;Расходомер-счетчик электромагнитный КАРАТ-551М-32-0;Расходомеры, манометры (ПК КСС);1;1;;;19.06.2025;;
ПКНФ-000345;19.06.2025;Кран шаровой для ВОДЫ 1 1/4"" ВР/ВР ручка-рычаг, латунный VALFEX (ПК);Арматура (ПК КСС);10;22;;;19.06.2025;;
ПКНФ-000345;19.06.2025;Муфта PPR разъемная 25 мм, белая, Pro Aqua;Полиэтелен, корсис, прагма, НПВХ (ПК КСС);5;5;;;19.06.2025;;
ПКНФ-000345;19.06.2025;Насос фекальный погружной, 250 Вт, пропускная способность 150 л/мин, напор 7,5 м, чугунный корпус, с;Другие насосы и УПМ (ПК КСС);5;5;;;19.06.2025;;
ПКНФ-000345;19.06.2025;Дозировочный контейнер 100 л с крышкой и заглушкой ДК100КЗ;Комплектующие для водоподготовки;1;1;;;19.06.2025;;
ПКНФ-000345;19.06.2025;Проточный ротаметр FM 10 1-10 GPM G3/4"";Комплектующие для водоподготовки;5;5;;;19.06.2025;;
ПКНФ-000345;19.06.2025;Расходомер-счетчик КАРАТ-523-С-СП-32-1-Т90-ВП-ИВ;Расходомеры, манометры (ПК КСС);1;1;;;19.06.2025;;
ПКНФ-000345;19.06.2025;Фляга п/э 30л БПЗ 30 с вкладышем;Комплектующие для водоподготовки;1;1;;;19.06.2025;;
ПКНФ-000345;19.06.2025;Блок управления RUNXIN 53504P, ТМ.F67P1-A;Комплектующие для водоподготовки;1;1;;;19.06.2025;;
ПКНФ-000345;19.06.2025;Корпус фильтра 14х65 Canature (натуральный /ДРС в комплекте/);Комплектующие для водоподготовки;1;1;;;19.06.2025;;
ПКНФ-000345;19.06.2025;Сорбент МС (0.315 - 0.7);Засыпки и сорбенты для ЛОС, Водоподготовка;1.5;1.5;;;19.06.2025;;
ПКНФ-000345;19.06.2025;Аэратор дисковый 320 мм;Комплектующие для водоподготовки;36;36;;;19.06.2025;;
ПКНФ-000345;19.06.2025;Ершовая биозагрузка 120/1000 нерж;Комплектующие для водоподготовки;270;270;;;19.06.2025;;
ПКНФ-000345;19.06.2025;Миксер МХ3018/037323(3)ПВХ/186;Комплектующие для водоподготовки;1;1;;;19.06.2025;;
ПКНФ-000345;19.06.2025;Вихревая воздуходувка Zenova 2RB 420-022;Комплектующие для водоподготовки;1;1;;;19.06.2025;;
ПКНФ-000345;19.06.2025;BBS Municipal 3 кг;Комплектующие для водоподготовки;1;1;;;19.06.2025;;
ПКНФ-000345;19.06.2025;Установка обеззараживания воды ECO-PRO 2S-9Ai;Комплектующие для водоподготовки;1;1;;;19.06.2025;;
ПКНФ-000345;19.06.2025;Кабель КВВ 4*0,75;Электротовары КСС ШУ;9;9;;;19.06.2025;;
ПКНФ-000345;19.06.2025;Лампа ультрафиолетовая P-15108eco;Комплектующие для водоподготовки;1;1;;;19.06.2025;;
ПКНФ-000345;19.06.2025;Водалс (коагулянт алюминия - канистра 20л);Комплектующие для водоподготовки;2;2;;;19.06.2025;;
ПКНФ-000345;19.06.2025;Шпилька М8 L1000 (А2, DIN975/ DIN976);Нержавеющие метизы (ПК КСС);36;36;;;19.06.2025;;
ПКНФ-000345;19.06.2025;Обезвоживатель мешочный TURAN-M-1-НЖ;Водоподготовка (ПК КСС);1;1;;;19.06.2025;;
ПКНФ-000345;19.06.2025;Модуль тонкослойный БТМ 41-84;Водоподготовка (ПК КСС);1;1;;;19.06.2025;;
ПКНФ-000345;19.06.2025;Муфта PPR редукционная 25х20, наружная /внутренняя белая, Pro Aqua;Полиэтелен, корсис, прагма, НПВХ (ПК КСС);10;20;;;19.06.2025;;
ПКНФ-000345;19.06.2025;Пресс-фланец DN 150 PN 10/16 ст. C20/22 (172 мм);Черные фланцы и фиттинги (ПК КСС);5;5;;;19.06.2025;;
ПКНФ-000345;19.06.2025;6574.4 - КОС (БОС) - Направляющие корзины Корзина сороудерж. Лестницы;Составные части трубопровода (Пк КСС);1;1;;;19.06.2025;ПКНФ-000691;12.08.2025
ПКНФ-000345;19.06.2025;Полоса 3,0х40 AISI304;Нержавеющие трубы, листы, круги, сетки(ПК КСС);12;12;;;19.06.2025;;
ПКНФ-000345;19.06.2025;Труба СВ 50,8х2,0мм 08Х18Н10 (AISI 304);Нержавеющие трубы, листы, круги, сетки(ПК КСС);1;1;;;19.06.2025;;
ПКНФ-000345;19.06.2025;Штуцер ""ёлочка"" (ёрш) 1 1/2"" х40 нр AISI 304 резьба;Нержавеющие фланцы и фиттинги (ПК КСС);1;1;;;19.06.2025;;
ПКНФ-000345;19.06.2025;Муфта-американка DN 40 (1 1/2 "") (48,3) AISI 304 вр/вр_имп;Нержавеющие фланцы и фиттинги (ПК КСС);1;1;;;19.06.2025;;
ПКНФ-000345;19.06.2025;Муфта-американка DN 40 (1 1/2 "") (48,3) AISI 304 вр/нр;Нержавеющие фланцы и фиттинги (ПК КСС);1;1;;;19.06.2025;;
ПКНФ-000345;19.06.2025;Муфта разъемная с наружной резьбой ПП 25х1;Комплектующие для водоподготовки;2;2;;;19.06.2025;;
ПКНФ-000345;19.06.2025;Труба ПП D20мм Длина 4 м;Комплектующие для водоподготовки;2;2;;;19.06.2025;;
ПКНФ-000345;19.06.2025;Кран шаровый ПП (шар ABS) с 2 сгонами ХВС - 25;Комплектующие для водоподготовки;3;3;;;19.06.2025;;
ПКНФ-000345;19.06.2025;Тройник 25x25x25 мм ПП;Комплектующие для водоподготовки;42;42;;;19.06.2025;;
ПКНФ-000345;19.06.2025;Труба PPR SDR 11 PN10 25/2,3/4000 мм, БЕЛАЯ, Pro Aqua PA11010;Полиэтелен, корсис, прагма, НПВХ (ПК КСС);90;114;;;19.06.2025;;
ПКНФ-000345;19.06.2025;Уголок ПП 45 - 25;Полиэтелен, корсис, прагма, НПВХ (ПК КСС);3;3;;;19.06.2025;;
ПКНФ-000345;19.06.2025;Муфта разъемная, американка полипропиленовая для агрессивных сред - 25;Полиэтелен, корсис, прагма, НПВХ (ПК КСС);30;30;;;19.06.2025;;
ПКНФ-000345;19.06.2025;Опора с боковым фиксатором PP-R DN 25;Полиэтелен, корсис, прагма, НПВХ (ПК КСС);130;130;;;19.06.2025;;
ПКНФ-000345;19.06.2025;Муфта переходная ПП - 25х20;Полиэтелен, корсис, прагма, НПВХ (ПК КСС);7;7;;;19.06.2025;;
ПКНФ-000345;19.06.2025;Шланг дренажный 1 1/2х10м (4 бар);Комплектующие для водоподготовки;1;1;;;19.06.2025;;
ПКНФ-000345;19.06.2025;Обратный клапан ПП Белый 25мм;Полиэтелен, корсис, прагма, НПВХ (ПК КСС);2;2;;;19.06.2025;;
ПКНФ-000345;19.06.2025;Штуцер 1 НПх20 мм, латунь;Арматура (ПК КСС);7;7;;;19.06.2025;;
ПКНФ-000345;19.06.2025;Хомут мет. с гайкой (М8 1"" (32-35));Арматура (ПК КСС);2;2;;;19.06.2025;;
ПКНФ-000345;19.06.2025;Поплавковый выключатель датчик уровня воды (горизонтальный);Комплектующие для водоподготовки;2;2;;;19.06.2025;;
ПКНФ-000345;19.06.2025;Ремень стяжной 5,0/10,0 /7500 50мм;Крепеж и цепи, тали (ПК КСС);7;7;;;19.06.2025;;
ПКНФ-000345;19.06.2025;Заглушка для трубы 25х25 мм пластик;Расходные материалы (ПК КСС);14;14;23.04.2024;03.02.2026;19.06.2025;;
ПКНФ-000345;19.06.2025;Сорбент АС (0.7 - 1.4);Водоподготовка (ПК КСС);2.5;2.5;;;19.06.2025;;
ПКНФ-000345;19.06.2025;Ниппель приварной DN25 1  (33,7мм) (AISI304, 08Х18H10);Нержавеющие фланцы и фиттинги (ПК КСС);7;7;;03.06.2024;19.06.2025;;
ПКНФ-000345;19.06.2025;Труба 30х30х2 (AISI 304);Нержавеющие трубы, листы, круги, сетки(ПК КСС);18;18.2;09.09.2025;09.09.2025;19.06.2025;;
ПКНФ-000345;19.06.2025;Труба эл/сварная 25х1,5;Черные трубы, листы, круги (ПК КСС);5.6;5.6;;;19.06.2025;;
ПКНФ-000345;19.06.2025;Навесной замок с ключом GPLK-50L;Оцинкованные метизы (ПК КСС);3;64;;20.01.2025;19.06.2025;;
ПКНФ-000345;19.06.2025;Насос дозирующий SEKO KOMPACT DPT200;Водоподготовка (ПК КСС);1;1;;;19.06.2025;;
ПКНФ-000345;19.06.2025;Ремень стяжной 5,0/10,0 /6000 50мм;Крепеж и цепи, тали (ПК КСС);10;17;30.01.2026;30.01.2026;19.06.2025;;
ПКНФ-000345;19.06.2025;Полоса 40*4 ГОСТ 103-76;Черные трубы, листы, круги (ПК КСС);20;90;19.08.2024;;19.06.2025;;
ПКНФ-000345;19.06.2025;Труба оц ВГП 25х3,2  ГОСТ 3262-75 (м);Черные трубы, листы, круги (ПК КСС);4;30.68;;27.12.2024;19.06.2025;;
ПКНФ-000345;19.06.2025;Труба эл/сварная ОЦ 89х4 ГОСТ 10704-91;Черные трубы, листы, круги (ПК КСС);5;5;;;19.06.2025;;
ПКНФ-000345;19.06.2025;Круг 6,0 (AISI304, 08x18H10);Нержавеющие трубы, листы, круги, сетки(ПК КСС);6;6;27.01.2026;05.08.2025;19.06.2025;;
ПКНФ-000345;19.06.2025;Ниппель приварной DN40 1 1/2"" (AISI304, 08Х18H10);Нержавеющие фланцы и фиттинги (ПК КСС);1;2;;;19.06.2025;;
ПКНФ-000345;19.06.2025;Труба 40х20х2 ГОСТ 8639-82;Черные трубы, листы, круги (ПК КСС);50;97.5;;29.01.2024;19.06.2025;;
ПКНФ-000345;19.06.2025;Труба 80х80х3 ГОСТ 8645-68;Черные трубы, листы, круги (ПК КСС);50;51.7;;;19.06.2025;;
ПКНФ-000345;19.06.2025;Отвод 90 гр. НПВХ DN110;Полиэтелен, корсис, прагма, НПВХ (ПК КСС);5;18;;;19.06.2025;;
ПКНФ-001134;11.11.2025;Насос SJ17-6SWSF4YV, 4кВт, 3х380 В, 50Гц, нерж.304,с 4"" маслозаполн.двиг.из нерж. и меди,верт.исп;Насосы CNP (ПК КСС);2;0;03.02.2026;03.02.2026;11.11.2025;;
ПКНФ-001134;11.11.2025;Кожух 4CVR-200-B для горизонтальной установки SJ17-(6-13);Насосы CNP (ПК КСС);2;0;03.02.2026;03.02.2026;11.11.2025;;
ПКНФ-001136;11.11.2025;Насос SJ17-6SWSF4YV, 4кВт, 3х380 В, 50Гц, нерж.304,с 4"" маслозаполн.двиг.из нерж. и меди,верт.исп;Насосы CNP (ПК КСС);2;0;03.02.2026;03.02.2026;11.11.2025;;
ПКНФ-001136;11.11.2025;Кожух 4CVR-200-B для горизонтальной установки SJ17-(6-13);Насосы CNP (ПК КСС);2;0;03.02.2026;03.02.2026;11.11.2025;;
ПКНФ-001235;02.12.2025;Клапан обратный шаровой DN200 PN10 канализационный;Арматура (ПК КСС);2;2;02.02.2026;02.02.2026;02.12.2025;;
ПКНФ-001235;02.12.2025;Задвижка 30ч39р Ду200 Pу10 штурвал;Арматура (ПК КСС);2;2;02.02.2026;02.02.2026;02.12.2025;;
ПКНФ-001247;05.12.2025;Арматура А-1 6 мм;Черные трубы, листы, круги (ПК КСС);1.5;45.17;;;05.12.2025;;
ПКНФ-001247;05.12.2025;Труба 50х50х3 ГОСТ 8639-82, м.д;Черные трубы, листы, круги (ПК КСС);5;69.8;;;05.12.2025;;
ПКНФ-001311;15.12.2025;MES 120.60.30, Шкаф компактный распределительный 1200х600х300;Корпусы для ШУ;1;1;;;15.12.2025;;
ПКНФ-001311;15.12.2025;ID 120.60, Дверь внутренняя;Корпусы для ШУ;1;1;;;15.12.2025;;
ПКНФ-001311;15.12.2025;Устройство плавного пуска ESQ-GS9-037 (74A, 380В, 37 кВт, встроенный шунтирующий контактор);Электротовары КСС ШУ;1;4;;;15.12.2025;;
ПКНФ-001311;15.12.2025;Кабель-канал перфорированный 40х60 L2000 RL6 G DKC 01163RL;Электротовары КСС ШУ;3.5;29;;;15.12.2025;;
ПКНФ-001311;15.12.2025;Матрица светодиодная AD16-22HS крас. EKF ledm-ad16-r;Электротовары КСС ШУ;3;0;;06.02.2026;15.12.2025;;
ПКНФ-001311;15.12.2025;Матрица светодиодная AD16-22HS 230В AC IP65 зел. PROxima EKF ledm-ad16-g-65;Электротовары КСС ШУ;5;148;;;15.12.2025;;
ПКНФ-001311;15.12.2025;Провод ПУГВнг(А)-LS 1х0,5 С;Электротовары КСС ШУ;24;1175;;;15.12.2025;;
ПКНФ-001311;15.12.2025;Наконечник штыревой втулочный изол. НШвИ(2) 0.5-8 (уп.50шт);Электротовары КСС ШУ;58;2328;;10.02.2026;15.12.2025;;
ПКНФ-001311;15.12.2025;Знак ""Земля"" круглый d20мм EKF an-1-04;Электротовары КСС ШУ;2;0;;10.02.2026;15.12.2025;;
ПКНФ-001311;15.12.2025;Наконечник кольцевой изол. НКИ 1.5-6 (уп.50шт);Электротовары КСС ШУ;4;0;;06.02.2026;15.12.2025;;
ПКНФ-001311;15.12.2025;Выключатель автоматический модульный 3п C 6А 4.5кА ВА 47-63;Электротовары КСС ШУ;1;42;;;15.12.2025;;
ПКНФ-001311;15.12.2025;Трубка термоусадочная ТТУ нг-LS 2/1 красн. 1м IEK UDRS-D2-1-K04;Электротовары КСС ШУ;1;77.25;;;15.12.2025;;
ПКНФ-001311;15.12.2025;Трубка термоусадочная ТТУ нг-LS 2/1 желт. 1м IEK UDRS-D2-1-K05;Электротовары КСС ШУ;1.5;67;;;15.12.2025;;
ПКНФ-001311;15.12.2025;Трубка термоусадочная ТТУ нг-LS 2/1 зел. 1м IEK UDRS-D2-1-K06;Электротовары КСС ШУ;1;167.25;;;15.12.2025;;
ПКНФ-001311;15.12.2025;Ограничитель на DIN-рейку 1 винт HDW-211;Электротовары КСС ШУ;30;0;;10.02.2026;15.12.2025;;
ПКНФ-001311;15.12.2025;Выключатель автоматический модульный 1п C 6А 4.5кА ВА 47-63;Электротовары КСС ШУ;7;84;;;15.12.2025;;
ПКНФ-001311;15.12.2025;Кабель-канал перфорированный 25х40 L2000 RL6 G DKC 01163RL;Электротовары КСС ШУ;1.5;0;;06.02.2026;15.12.2025;;
ПКНФ-001311;15.12.2025;Держатель маркировки LH 20х25мм;Электротовары КСС ШУ;13;279;;;15.12.2025;;
ПКНФ-001311;15.12.2025;Символ ""Молния"" (треугольник) 50х50х50мм;Электротовары КСС ШУ;1;36;;;15.12.2025;;
ПКНФ-001311;15.12.2025;Термостат NO+NC (охлаждение и обогрев) на DIN-рейку 10A 230В IP20;Электротовары КСС ШУ;1;21;;;15.12.2025;;
ПКНФ-001311;15.12.2025;Саморез 4.2х25 металл-металл с прессшайбой сверло цинк (уп.200шт);Электротовары КСС ШУ;10;442;;;15.12.2025;;
ПКНФ-001311;15.12.2025;Переключатель BG33 3P 2NO короткая ручка;Электротовары КСС ШУ;2;0;;;15.12.2025;;
ПКНФ-001311;15.12.2025;DIN-рейка перфорированная L2000 1мм 35х7,5;Электротовары КСС ШУ;2;0;;06.02.2026;15.12.2025;;
ПКНФ-001311;15.12.2025;Шайба гроверная оц.М6 DIN 127;Оцинкованные метизы (ПК КСС);0.002;0.047;;;15.12.2025;;
ПКНФ-001311;15.12.2025;Наконечник медный луженый ТМЛ 16-8-6 (90гр);Электротовары КСС ШУ;8;342;;;15.12.2025;;
ПКНФ-001311;15.12.2025;Устройство плавного пуска ESQ-GS9-045 (90А, 380В, 45кВт, встроенный шунтирующий контактор);Электротовары КСС ШУ;1;5;;;15.12.2025;;
ПКНФ-001311;15.12.2025;Выключатель автоматический для защиты двигателя 40-63А NS2-80B (R) CHINT 495088;Электротовары КСС ШУ;2;1;;;15.12.2025;;
ПКНФ-001311;15.12.2025;Контакт дополнительный NS2-AU11 для NS2-80B (длинный шток) (R) CHINT 495972;Электротовары КСС ШУ;3;5;;;15.12.2025;;
ПКНФ-001311;15.12.2025;Колодка клеммная JXB-2.5/35 серая;Электротовары КСС ШУ;26;0;;10.02.2026;15.12.2025;;
ПКНФ-001311;15.12.2025;Заглушка для JXB-2,5/35 серая;Электротовары КСС ШУ;3;0;;10.02.2026;15.12.2025;;
ПКНФ-001311;15.12.2025;Колодка клеммная JXB-35/35 синяя;Электротовары КСС ШУ;2;74;;;15.12.2025;;
ПКНФ-001311;15.12.2025;Сальник PG 29 (d проводника 18-24мм, D резьбовой 36мм) IP54;Электротовары КСС ШУ;2;0;;10.02.2026;15.12.2025;;
ПКНФ-001311;15.12.2025;Колодка клеммная JXB-16/35 серая;Электротовары КСС ШУ;6;0;;;15.12.2025;;
ПКНФ-001311;15.12.2025;Сальник PG 9;Электротовары КСС ШУ;4;0;;10.02.2026;15.12.2025;;
ПКНФ-001311;15.12.2025;Провод ПуГВнг(А)-LS 1х16 С;Электротовары КСС ШУ;3;7.5;;;15.12.2025;;
ПКНФ-001311;15.12.2025;Наконечник штыревой втулочный изол. НШвИ 16.0-12 (уп.50шт);Электротовары КСС ШУ;30;804;;;15.12.2025;;
ПКНФ-001311;15.12.2025;Хомут 2,5х150 нейл. (уп.100 шт);Электротовары КСС ШУ;50;0;;;15.12.2025;;
ПКНФ-001311;15.12.2025;Трубка термоус. ТУТ (HF)-16/8, красн. (уп.50м);Электротовары КСС ШУ;1;33.5;;;15.12.2025;;
ПКНФ-001311;15.12.2025;Сальник PG 42 32-38мм IP54;Электротовары КСС ШУ;1;58;;;15.12.2025;;
ПКНФ-001311;15.12.2025;Выключатель нагрузки 3п 63А ВН-63N;Электротовары КСС ШУ;1;18;;;15.12.2025;;
ПКНФ-001311;15.12.2025;Обогреватель на DIN-рейку клеммный 60Вт 230В IP20;Электротовары КСС ШУ;1;4;;;15.12.2025;;
ПКНФ-001311;15.12.2025;Лента двусторонняя клейкая (скотч), 20 ммх5 м, прозрачная;Электротовары КСС ШУ;2;16;;;15.12.2025;;
ПКНФ-001311;15.12.2025;Лента двусторонняя клейкая (скотч), 12 ммх5 м, прозрачная;Электротовары КСС ШУ;2;27;;;15.12.2025;;
ПКНФ-001311;15.12.2025;Реле контроля наличия и чередования фаз CKF-318-1;Электротовары КСС ШУ;1;33;;;15.12.2025;;
ПКНФ-001311;15.12.2025;Наконечник штыревой втулочный изол. НШвИ 0.5-8 (уп.50шт);Электротовары КСС ШУ;125;11272;;;15.12.2025;;
ПКНФ-001311;15.12.2025;Саморез 4.2х13 металл-металл с прессшайбой сверло цинк (уп.200шт);Электротовары КСС ШУ;42;1012.91;;;15.12.2025;;
ПКНФ-001311;15.12.2025;Маркер для кабеля 0.5-1.5мм символ ""1"" (уп.200шт) ДКС;Электротовары КСС ШУ;52;8972;;;15.12.2025;;
ПКНФ-001311;15.12.2025;Маркер для кабеля 0.5-1.5мм символ ""2"" (уп.200шт) ДКС;Электротовары КСС ШУ;68;4396;;;15.12.2025;;
ПКНФ-001311;15.12.2025;Маркер для кабеля 0.5-1.5мм символ ""3"" (уп.200шт) ДКС;Электротовары КСС ШУ;69;4692;;;15.12.2025;;
ПКНФ-001311;15.12.2025;Маркер для JXB с нумерацией 1-50 (уп.100шт);Электротовары КСС ШУ;100;8897;;;15.12.2025;;
ПКНФ-001311;15.12.2025;Сальник PG 16 10-14мм IP54;Электротовары КСС ШУ;2;152;;;15.12.2025;;
ПКНФ-001311;15.12.2025;Вентилятор с фильтром 52 м3/ч 124х124 мм;Электротовары КСС ШУ;1;0;;12.10.2025;15.12.2025;;
ПКНФ-001311;15.12.2025;Решетка вентиляционная с фильтром 124x124мм IP54;Электротовары КСС ШУ;1;0;;12.10.2025;15.12.2025;;
ПКНФ-001311;15.12.2025;Болт оцинк. М6х20 DIN 933;Оцинкованные метизы (ПК КСС);0.002;0.001;;;15.12.2025;;
ПКНФ-001311;15.12.2025;Гайка оцинк. DIN 934 М6;Оцинкованные метизы (ПК КСС);0.002;0.047;;04.03.2025;15.12.2025;;
ПКНФ-001311;15.12.2025;RKE4CO024LT Реле 4CO, 5A (250VAC/30VDC), 24VDC, мех. индикация, тест-кнопка с блокировкой, LED;Электротовары КСС ШУ;3;92;;;15.12.2025;;
ПКНФ-001311;15.12.2025;Блок автоматики KQ1010;Электротовары КСС ШУ;2;3;;;15.12.2025;;
ПКНФ-001311;15.12.2025;Зажим наборный ЗНИ-35PEN 35мм2 (JXB-земля);Электротовары КСС ШУ;2;32;;;15.12.2025;;
ПКНФ-001311;15.12.2025;Лампа AD-22DS(LED) матрица d22мм желтый 230В;Электротовары КСС ШУ;1;130;;;15.12.2025;;
ПКНФ-001311;15.12.2025;Маркер для кабеля 0.5-1.5мм символ ""0"" (уп.200шт) ДКС;Электротовары КСС ШУ;79;6327;;;15.12.2025;;
ПКНФ-001311;15.12.2025;Маркер для кабеля 0.5-1.5мм символ ""4"" (уп.200шт) ДКС;Электротовары КСС ШУ;58;710;;;15.12.2025;;
ПКНФ-001311;15.12.2025;Маркер для кабеля 0.5-1.5мм символ ""5"" (уп.200шт) ДКС;Электротовары КСС ШУ;54;5622;;;15.12.2025;;
ПКНФ-001311;15.12.2025;Маркер для кабеля 0.5-1.5мм символ ""6"" (уп.200шт) ДКС;Электротовары КСС ШУ;47;5546;;;15.12.2025;;
ПКНФ-001311;15.12.2025;Маркер для кабеля 0.5-1.5мм символ ""7"" (уп.200шт) ДКС;Электротовары КСС ШУ;56;1543;;;15.12.2025;;
ПКНФ-001311;15.12.2025;Маркер для кабеля 0.5-1.5мм символ ""8"" (уп.200шт) ДКС;Электротовары КСС ШУ;67;853;;;15.12.2025;;
ПКНФ-001311;15.12.2025;Маркер для кабеля 0.5-1.5мм символ ""9"" (уп.200шт) ДКС;Электротовары КСС ШУ;68;737;;;15.12.2025;;
ПКНФ-001311;15.12.2025;Маркер для JXB с нумерацией 1-10 (уп.100шт);Электротовары КСС ШУ;100;2581;;;15.12.2025;;
ПКНФ-001311;15.12.2025;Провод ПУГВнг(А)-LS 1х0,5 Б;Электротовары КСС ШУ;98;2236;;;15.12.2025;;
ПКНФ-001311;15.12.2025;Провод ПУГВнг(А)-LS 1х0,5 К;Электротовары КСС ШУ;21;1133;;;15.12.2025;;
ПКНФ-001311;15.12.2025;Провод ПУГВнг(А)-LS 1х0,5 Ч;Электротовары КСС ШУ;27;990;;;15.12.2025;;
ПКНФ-001311;15.12.2025;Провод ПУГВнг(А)-LS 1х1,5 ж/з;Электротовары КСС ШУ;3;425.8;;;15.12.2025;;
ПКНФ-001311;15.12.2025;Провод ПуГВнг(А)-LS 1х16 Б;Электротовары КСС ШУ;26;0;;;15.12.2025;;
ПКНФ-001311;15.12.2025;Программируемое реле ПР200-24.2.2.0;Электротовары КСС ШУ;1;3;;;15.12.2025;;
ПКНФ-001311;15.12.2025;Блок распределительный КРОСС крепеж на панель и DIN КБР-160А;Электротовары КСС ШУ;5;44;;;15.12.2025;;
ПКНФ-001311;15.12.2025;Реле RFT2CO730LT, 2CO, 8A(250VAC/30VDC), 230VAC, LED, мех. инд., тест-кнопка;Электротовары КСС ШУ;2;18;;29.01.2026;15.12.2025;;
ПКНФ-001311;15.12.2025;Спираль монтажная СМ-06-04 (10м);Электротовары КСС ШУ;0.2;2.341;;06.02.2026;15.12.2025;;
ПКНФ-001311;15.12.2025;Трубка термоус. ТУТ (HF)-16/8, желт. (уп.50м) (КВТ);Электротовары КСС ШУ;1;33.5;;;15.12.2025;;
ПКНФ-001311;15.12.2025;Трубка термоус. ТУТ (HF)-16/8, зел. (уп.50м) КВТ;Электротовары КСС ШУ;1;83.5;;;15.12.2025;;
ПКНФ-001311;15.12.2025;Цоколь SKC14-E, 10A(300V), черный, на рейку DIN35/панель, для RKE4CO, RKF4CO;Электротовары КСС ШУ;3;0;;02.02.2026;15.12.2025;;
ПКНФ-001311;15.12.2025;Цоколь SRU08-E, 10A(300V), черный, на рейку DIN35/панель, для RFT2CO;Электротовары КСС ШУ;2;0;;02.02.2026;15.12.2025;;
ПКНФ-001311;15.12.2025;Шайба плоская оц. М6 DIN 125;Оцинкованные метизы (ПК КСС);0.002;0.168;;25.08.2025;15.12.2025;;
ПКНФ-001311;15.12.2025;HDR-30-24 Блок питания, 24В,1.5А,36Вт;Электротовары КСС ШУ;1;3;;;15.12.2025;;
ПКНФ-001317;15.12.2025;Карабин винтовой D6, нерж. сталь А4 (уп. 1 шт) длинный;Крепеж и цепи, тали (ПК КСС);6;6;;;15.12.2025;;
ПКНФ-001317;15.12.2025;Задвижка шиберная двухсторонняя SP Ду250 Pу7 нев.шток;Арматура (ПК КСС);1;1;;;15.12.2025;;
ПКНФ-001317;15.12.2025;7550 КСС ШУКПП- 2/3 -18,5кВт +АВР+GPRS+УХЛ1;Шкафы управления (ПК КСС);1;0;27.11.2025;;15.12.2025;;
ПКНФ-001317;15.12.2025;Скоба нержавеющая такелажная 6мм;Крепеж и цепи, тали (ПК КСС);6;6;;;15.12.2025;;
ПКНФ-001317;15.12.2025;Болт оцинк. М6х40 DIN 933;Оцинкованные метизы (ПК КСС);0.006;0.13;;;15.12.2025;;
ПКНФ-001317;15.12.2025;Болт М12*40 DIN 933 полная резьба  (А2, 12,0, 45,0, DIN 933) ;Нержавеющие метизы (ПК КСС);4;197;;;15.12.2025;;
ПКНФ-001317;15.12.2025;Труба 25х25х2  ГОСТ;Черные трубы, листы, круги (ПК КСС);60;73;;;15.12.2025;;
ПКНФ-001317;15.12.2025;7550- Трубопровод;Составные части трубопровода (Пк КСС);1;1;;;15.12.2025;ПКНФ-001362;18.12.2025
ПКНФ-001317;15.12.2025;7550- Рама под УПМ;Составные части трубопровода (Пк КСС);1;0;27.11.2025;;15.12.2025;ПКНФ-001363;18.12.2025
ПКНФ-001317;15.12.2025;7550-Направляющие под корзину  Площадка Лестница Балка транспортировочная;Составные части трубопровода (Пк КСС);1;1;;;15.12.2025;ПКНФ-001365;18.12.2025
ПКНФ-001317;15.12.2025;Разъемное соединение прямое ""американка"" никелированный 1"" ВР/НР, LD Pride;Арматура (ПК КСС);2;2;;;15.12.2025;;
ПКНФ-001317;15.12.2025;Разъемное соединение прямое ""американка"" никелированный 1"" ВР/ВР, Gappo;Арматура (ПК КСС);2;2;;;15.12.2025;;
ПКНФ-001317;15.12.2025;Кран шаровой полнопроходной, ВР/ВР, ручка бабочка 1"", Stout SVB-0002-200025;Арматура (ПК КСС);2;2;26.01.2026;26.01.2026;15.12.2025;;
ПКНФ-001317;15.12.2025;Заглушка для трубы 40х40 мм пластик;Расходные материалы (ПК КСС);2;268;;;15.12.2025;;
ПКНФ-001317;15.12.2025;Болт оцинк. М20х60 DIN933;Оцинкованные метизы (ПК КСС);0.012;0.316;;;15.12.2025;;
ПКНФ-001317;15.12.2025;Гайка шестигр. оц. М20 DIN 934 тыс шт;Оцинкованные метизы (ПК КСС);0.036;1.139;;27.06.2024;15.12.2025;;
ПКНФ-001317;15.12.2025;Болт оцинк. М16х80  DIN933;Оцинкованные метизы (ПК КСС);0.08;0.365;;;15.12.2025;;
ПКНФ-001317;15.12.2025;Канализационный насос 80WQ/S228-18.5 стандартный, кабель 10м;Насосы Kaiquan(ПК КСС);3;2;26.02.2026;26.02.2026;15.12.2025;;
ПКНФ-001317;15.12.2025;Труба э/с 40х2 ГОСТ;Черные трубы, листы, круги (ПК КСС);29;29;;;15.12.2025;;
ПКНФ-001317;15.12.2025;Труба э/с 60х2,6 ГОСТ;Черные трубы, листы, круги (ПК КСС);24;24;;;15.12.2025;;
ПКНФ-001317;15.12.2025;Скоба нержавеющая такелажная 4мм;Крепеж и цепи, тали (ПК КСС);6;6;;;15.12.2025;;
ПКНФ-001317;15.12.2025;Труба э/с 530х8 ГОСТ 10705-80;Черные трубы, листы, круги (ПК КСС);2;2;;;15.12.2025;;
ПКНФ-001317;15.12.2025;Труба э/с 325х7 ГОСТ 10705-80;Черные трубы, листы, круги (ПК КСС);16;16;;;15.12.2025;;
ПКНФ-001317;15.12.2025;Шпилька резьб. М20 L1000 DIN975 (Оцинк);Оцинкованные метизы (ПК КСС);3;21;;;15.12.2025;;
ПКНФ-001317;15.12.2025;Труба 50х25х2  ГОСТ 8639-82;Черные трубы, листы, круги (ПК КСС);150;177;;;15.12.2025;;
ПКНФ-001317;15.12.2025;Труба 40х25х2 ГОСТ;Черные трубы, листы, круги (ПК КСС);7;7;;;15.12.2025;;
ПКНФ-001317;15.12.2025;Таль ручная цепная VN г/п 0,5т в/п 6,0м;Крепеж и цепи, тали (ПК КСС);1;1;;;15.12.2025;;
ПКНФ-001317;15.12.2025;Труба АД31Т1 д.20х2х6000мм;Черные трубы, листы, круги (ПК КСС);87;87;;;15.12.2025;;
ПКНФ-001317;15.12.2025;Заглушка для трубы 25х25 мм пластик;Расходные материалы (ПК КСС);2;0;23.04.2024;03.02.2026;15.12.2025;;
ПКНФ-001317;15.12.2025;Шайба гроверная оц. Ф16 DIN 127;Оцинкованные метизы (ПК КСС);0.02;0.26;;27.06.2024;15.12.2025;;
ПКНФ-001317;15.12.2025;Цепь 4х32,0 сварная длиннозвенная DIN 766 A2;Водоподготовка (ПК КСС);10.1;11.1;;;15.12.2025;;
ПКНФ-001317;15.12.2025;Карабин винтовой D4, нерж. сталь А4 (уп. 1 шт) длинный;Крепеж и цепи, тали (ПК КСС);6;6;;;15.12.2025;;
ПКНФ-001317;15.12.2025;Навесной замок с ключом GPLK-50L;Оцинкованные метизы (ПК КСС);1;62;;20.01.2025;15.12.2025;;
ПКНФ-001317;15.12.2025;Автоматическая трубная муфта 80WQL-00W;УПМ Kaiquan (Пк КСС);2;2;;;15.12.2025;;
ПКНФ-001317;15.12.2025;Труба 20х20х2 ГОСТ 8639-82;Черные трубы, листы, круги (ПК КСС);80;119.8;;29.01.2024;15.12.2025;;
ПКНФ-001317;15.12.2025;Прокладка (паронит) 80;Полиэтелен, корсис, прагма, НПВХ (ПК КСС);2;11;;;15.12.2025;;
ПКНФ-001317;15.12.2025;Шайба гровер М22 DIN 127 (А2, DIN 127);Нержавеющие метизы (ПК КСС);8;176;;;15.12.2025;;
ПКНФ-001317;15.12.2025;Гайка шестигр. оц М16  (тыс шт);Оцинкованные метизы (ПК КСС);0.1;0.117;;27.06.2024;15.12.2025;;
ПКНФ-001317;15.12.2025;Труба 40х20х1.5 ГОСТ 8645-68;Черные трубы, листы, круги (ПК КСС);87;87;;;15.12.2025;;
ПКНФ-001317;15.12.2025;Труба 40х40х2 ГОСТ 8639-82;Черные трубы, листы, круги (ПК КСС);40;134.7;;;15.12.2025;;
ПКНФ-001317;15.12.2025;Труба 40х20х2 ГОСТ 8639-82;Черные трубы, листы, круги (ПК КСС);136;183.5;;29.01.2024;15.12.2025;;
ПКНФ-001317;15.12.2025;Труба 60х40х2 ГОСТ 8645-68;Черные трубы, листы, круги (ПК КСС);67;67;;;15.12.2025;;
ПКНФ-001317;15.12.2025;Труба 60х60х2  ГОСТ 8639-82;Черные трубы, листы, круги (ПК КСС);170;170;;;15.12.2025;;
ПКНФ-001317;15.12.2025;Шпилька М10 L1000 (А2, DIN975);Нержавеющие метизы (ПК КСС);1;1;;02.02.2026;15.12.2025;;
ПКНФ-001317;15.12.2025;Анкерный болт с гайкой 16*180 HNM тыс;Оцинкованные метизы (ПК КСС);0.014;0.424;;10.06.2024;15.12.2025;;
ПКНФ-001317;15.12.2025;Болт М10*60 DIN 933 полная резьба  (А2, 10,0, 60,0, DIN 933);Нержавеющие метизы (ПК КСС);30;893;;;15.12.2025;;
ПКНФ-001317;15.12.2025;Болт М16*80 DIN 933 полная резьба  (А2, 16,0, 80,0, DIN 933);Нержавеющие метизы (ПК КСС);8;152;;;15.12.2025;;
ПКНФ-001317;15.12.2025;Болт М22*90 DIN 933 полная резьба  (А2, 22,0, 90,0, DIN 933);Нержавеющие метизы (ПК КСС);8;7;;30.01.2026;15.12.2025;;
ПКНФ-001317;15.12.2025;Гайка М10 DIN 934  (А2, 10,0, DIN 934);Нержавеющие метизы (ПК КСС);38;389;;19.06.2024;15.12.2025;;
ПКНФ-001317;15.12.2025;Гайка М12 DIN 934  (А2, 12,0, DIN 934);Нержавеющие метизы (ПК КСС);4;986;;;15.12.2025;;
ПКНФ-001317;15.12.2025;Гайка М16 DIN 934  (А2, 16,0, DIN 934);Нержавеющие метизы (ПК КСС);8;204;15.05.2024;25.04.2024;15.12.2025;;
ПКНФ-001317;15.12.2025;Гайка М22 DIN 934  (А2, 22,0, DIN 934);Нержавеющие метизы (ПК КСС);8;144;;;15.12.2025;;
ПКНФ-001317;15.12.2025;Грибок канализационный;Полиэтелен, корсис, прагма, НПВХ (ПК КСС);1;14;;27.01.2026;15.12.2025;;
ПКНФ-001317;15.12.2025;Задвижка клиновая Ду100 Ру16 штурвал 30ч39р;Арматура (ПК КСС);3;9;;;15.12.2025;;
ПКНФ-001317;15.12.2025;Клапан обратный шаровой DN100 PN16 канализационный;Арматура (ПК КСС);2;6;;;15.12.2025;;
ПКНФ-001317;15.12.2025;Манжета резиновая переходная D 110/124 Уп., черн;Полиэтелен, корсис, прагма, НПВХ (ПК КСС);2;34;;;15.12.2025;;
ПКНФ-001317;15.12.2025;Манжета резиновая переходная D 50/72 Уп., черн;Полиэтелен, корсис, прагма, НПВХ (ПК КСС);1;142;;;15.12.2025;;
ПКНФ-001317;15.12.2025;Отвод 90 гр. НПВХ DN110;Полиэтелен, корсис, прагма, НПВХ (ПК КСС);1;14;;;15.12.2025;;
ПКНФ-001317;15.12.2025;Поплавковый выключатель RL-1 10м;Датчики уровня, преобразователи, реле (ПК КСС);4;45;;05.02.2025;15.12.2025;;
ПКНФ-001317;15.12.2025;Прокладка (паронит) 100;Полиэтелен, корсис, прагма, НПВХ (ПК КСС);10;88;;;15.12.2025;;
ПКНФ-001317;15.12.2025;Проушина прямая 30х70мм;Расходные материалы (ПК КСС);2;209;;;15.12.2025;;
ПКНФ-001317;15.12.2025;Рым-гайка DIN 582 М10;Крепеж и цепи, тали (ПК КСС);6;27;;;15.12.2025;;
ПКНФ-001317;15.12.2025;Рым-гайка DIN 582 М 6;Крепеж и цепи, тали (ПК КСС);0.006;0.043;;17.02.2025;15.12.2025;;
ПКНФ-001317;15.12.2025;Труба 110/3,2/0560 наружная канализация;Полиэтелен, корсис, прагма, НПВХ (ПК КСС);2;105;;;15.12.2025;;
ПКНФ-001317;15.12.2025;Труба двустенная для электропроводки d110 с протяжкой(внутр. d94)/ДКС ;Полиэтелен, корсис, прагма, НПВХ (ПК КСС);3;155;;;15.12.2025;;
ПКНФ-001317;15.12.2025;Труба двустенная для электропроводки d50 с протяжкой(внутр. d41,5) [ДКС] (код 19735) 121950;Полиэтелен, корсис, прагма, НПВХ (ПК КСС);3;98;;;15.12.2025;;
ПКНФ-001317;15.12.2025;Цепь 6х18,5 сварная короткозвенная DIN 766 A2;Крепеж и цепи, тали (ПК КСС);13.5;38.9;28.03.2024;;15.12.2025;;
ПКНФ-001317;15.12.2025;Шайба  гровер М12 DIN 127 (А2, DIN 127);Нержавеющие метизы (ПК КСС);4;852.964;;;15.12.2025;;
ПКНФ-001317;15.12.2025;Шайба гроверная оц.М20 DIN 127;Оцинкованные метизы (ПК КСС);0.036;1.128;;;15.12.2025;;
ПКНФ-001317;15.12.2025;Шайба М10 DIN 125  (А2, DIN 125);Нержавеющие метизы (ПК КСС);76;98;;02.02.2026;15.12.2025;;
ПКНФ-001317;15.12.2025;Шайба  гровер М10 DIN 127 (А2, DIN 127);Нержавеющие метизы (ПК КСС);38;0;;;15.12.2025;;
ПКНФ-001317;15.12.2025;Шайба М12 DIN 125  (А2, DIN 125);Нержавеющие метизы (ПК КСС);8;379;;;15.12.2025;;
ПКНФ-001317;15.12.2025;Шайба М16 DIN 125  (А2, DIN 125);Нержавеющие метизы (ПК КСС);16;603;;;15.12.2025;;
ПКНФ-001317;15.12.2025;Шайба гровер М16 DIN 127 (А2, DIN 127);Нержавеющие метизы (ПК КСС);8;1636;;;15.12.2025;;
ПКНФ-001317;15.12.2025;Шайба М22 DIN 125  (А2, DIN 125);Нержавеющие метизы (ПК КСС);16;1504;;;15.12.2025;;
ПКНФ-001317;15.12.2025;Шайба плоская оц. М6 DIN 125;Оцинкованные метизы (ПК КСС);0.006;0.59;;25.08.2025;15.12.2025;;
ПКНФ-001317;15.12.2025;Шайба плоская оц.М16  DIN 125;Оцинкованные метизы (ПК КСС);0.2;0.772;;27.06.2024;15.12.2025;;
ПКНФ-001317;15.12.2025;Шайба плоская оц.М20  DIN 125;Оцинкованные метизы (ПК КСС);0.072;0.438;;27.06.2024;15.12.2025;;
ПКНФ-001334;15.12.2025;7719.2 - Лестницы;Составные части трубопровода (Пк КСС);2;2;;;15.12.2025;ПКНФ-001335;15.12.2025
ПКНФ-001334;15.12.2025;Шайба гроверная оц.Ф10 DIN 127;Оцинкованные метизы (ПК КСС);0.03;0.04;;;15.12.2025;;
ПКНФ-001334;15.12.2025;Гайка шестигр.М10 оц. DIN934;Оцинкованные метизы (ПК КСС);0.03;0.43;07.10.2024;07.10.2024;15.12.2025;;
ПКНФ-001334;15.12.2025;Болт оцинк. М10х60 DIN933;Оцинкованные метизы (ПК КСС);0.01;0.558;;;15.12.2025;;
ПКНФ-001334;15.12.2025;Болт оцинк. 10х40 DIN933;Оцинкованные метизы (ПК КСС);0.02;0.007;;26.01.2026;15.12.2025;;
ПКНФ-001334;15.12.2025;Заглушка для трубы 25х25 мм пластик;Расходные материалы (ПК КСС);6;0;23.04.2024;03.02.2026;15.12.2025;;
ПКНФ-001334;15.12.2025;Шайба плоская оц. М10  DIN 125;Оцинкованные метизы (ПК КСС);0.06;0.362;;25.08.2025;15.12.2025;;
ПКНФ-001334;15.12.2025;Навесной замок с ключом GPLK-50L;Оцинкованные метизы (ПК КСС);1;64;;20.01.2025;15.12.2025;;
ПКНФ-001334;15.12.2025;Грибок канализационный;Полиэтелен, корсис, прагма, НПВХ (ПК КСС);1;16;;27.01.2026;15.12.2025;;
ПКНФ-001334;15.12.2025;Манжета резиновая переходная D 110/124 Уп., черн;Полиэтелен, корсис, прагма, НПВХ (ПК КСС);1;36;;;15.12.2025;;
ПКНФ-001334;15.12.2025;Муфта Корсис DN200 (OD);Полиэтелен, корсис, прагма, НПВХ (ПК КСС);1;12;;;15.12.2025;;
ПКНФ-001334;15.12.2025;Отвод 90 гр. НПВХ DN110;Полиэтелен, корсис, прагма, НПВХ (ПК КСС);1;14;;;15.12.2025;;
ПКНФ-001334;15.12.2025;Проушина прямая 30х70мм;Расходные материалы (ПК КСС);2;213;;;15.12.2025;;
ПКНФ-001334;15.12.2025;Труба 110/3,2/0560 наружная канализация;Полиэтелен, корсис, прагма, НПВХ (ПК КСС);2;106;;;15.12.2025;;
ПКНФ-001334;15.12.2025;Труба 200/4,9/1200 наружная канализация;Полиэтелен, корсис, прагма, НПВХ (ПК КСС);0.5;9;;;15.12.2025;;
ПКНФ-001345;15.12.2025;Емкость для холодной питьевой воды Флотенк, 10, нестандартное исполнение (7719.6);Перекупные изделия ЕН;1;0;;;15.12.2025;;
ПКНФ-001363;18.12.2025;Лист 5,0*1500*6000 ст3 (м2);Черные трубы, листы, круги (ПК КСС);0.4;5.396;;;18.12.2025;;
ПКНФ-001363;18.12.2025;Арматура А-1 6 мм;Черные трубы, листы, круги (ПК КСС);1;23.7;;;18.12.2025;;
ПКНФ-001363;18.12.2025;Швеллер 10П ГОСТ 8240-97;Черные трубы, листы, круги (ПК КСС);15;53.6;11.09.2025;11.09.2025;18.12.2025;;
ПКНФ-001363;18.12.2025;Труба 40х40х3 ГОСТ 8639-82;Черные трубы, листы, круги (ПК КСС);2.3;15.7;;;18.12.2025;;
ПКНФ-001363;18.12.2025;Арматура ф 16 А-1 ГОСТ 5781-82 (м);Черные трубы, листы, круги (ПК КСС);4;4.3;;24.01.2024;18.12.2025;;
ПКНФ-001363;18.12.2025;Труба 50х50х3 ГОСТ 8639-82, м.д;Черные трубы, листы, круги (ПК КСС);4;68.8;;;18.12.2025;;
ПКНФ-001380;22.12.2025;Лист 5,0*1500*6000 ст3 (шт);Черные трубы, листы, круги (ПК КСС);0.004;0.006;;;22.12.2025;;
ПКНФ-001380;22.12.2025;Арматура А-1 6 мм;Черные трубы, листы, круги (ПК КСС);1;24.7;;;22.12.2025;;
ПКНФ-001380;22.12.2025;Швеллер 10П ГОСТ 8240-97;Черные трубы, листы, круги (ПК КСС);15;53.6;11.09.2025;11.09.2025;22.12.2025;;
ПКНФ-001380;22.12.2025;Труба 40х40х3 ГОСТ 8639-82;Черные трубы, листы, круги (ПК КСС);2.3;77.7;;;22.12.2025;;
ПКНФ-001380;22.12.2025;Арматура ф 16 А-1 ГОСТ 5781-82 (м);Черные трубы, листы, круги (ПК КСС);0.4;1.1;;24.01.2024;22.12.2025;;
ПКНФ-001429;23.12.2025;Уголок 50х50х5 ГОСТ 8509-93 (м);Черные трубы, листы, круги (ПК КСС);6;16.5;;;23.12.2025;;
ПКНФ-001429;23.12.2025;Уголок 40х40х4 ГОСТ 8509-93;Черные трубы, листы, круги (ПК КСС);1.5;79.5;;;23.12.2025;;
ПКНФ-001429;23.12.2025;Труба 40х40х3 ГОСТ 8639-82;Черные трубы, листы, круги (ПК КСС);4;144.3;;;23.12.2025;;
ПКНФ-001429;23.12.2025;Полоса 4,0x40,0 (AISI304, 08X18H10, 2B);Нержавеющие трубы, листы, круги, сетки(ПК КСС);2;153;;25.02.2025;23.12.2025;;
ПКНФ-001430;23.12.2025;Отбортовка 60,3х2,0 AISI304;Нержавеющие фланцы и фиттинги (ПК КСС);4;16;16.05.2025;;23.12.2025;;
ПКНФ-001430;23.12.2025;Пресс-фланец ст.20 Ду50 Ру 16 ПФСР 050х16 (65 мм) ;Черные фланцы и фиттинги (ПК КСС);4;14;;;23.12.2025;;
ПКНФ-001430;23.12.2025;Фланец 33,7 (PN16 AISI 304 08x18H10) воротниковый;Нержавеющие фланцы и фиттинги (ПК КСС);6;17;;;23.12.2025;;
ПКНФ-001430;23.12.2025;Ниппель приварной DN25 1  (33,7мм) (AISI304, 08Х18H10);Нержавеющие фланцы и фиттинги (ПК КСС);12;63;;03.06.2024;23.12.2025;;
ПКНФ-001430;23.12.2025;Труба СВ  21,3х2,0мм 08Х18Н10 (AISI 304);Нержавеющие трубы, листы, круги, сетки(ПК КСС);0.2;77.2;;;23.12.2025;;
ПКНФ-001430;23.12.2025;Труба СВ  26,9х2,0мм 08Х18Н10 (AISI 304);Нержавеющие трубы, листы, круги, сетки(ПК КСС);0.1;28.6;;;23.12.2025;;
ПКНФ-001430;23.12.2025;Труба СВ  60,3х2,0мм 08Х18Н10 (AISI 304);Нержавеющие трубы, листы, круги, сетки(ПК КСС);2;10;09.09.2025;09.09.2025;23.12.2025;;
ПКНФ-001430;23.12.2025;Ниппель приварной DN15  1/2"" (AISI304, 08Х18H10);Нержавеющие фланцы и фиттинги (ПК КСС);2;31;;03.06.2024;23.12.2025;;
ПКНФ-001430;23.12.2025;Ниппель приварной DN20  3/4"" (26,9мм) ( AISI304 08Х18H10);Нержавеющие фланцы и фиттинги (ПК КСС);1;34;;;23.12.2025;;
ПКНФ-001436;25.12.2025;Канализационные очистные сооружения, усиленные ребрами Полипропилен/Металл BAZMAN КОС-ПП 10-УФ (м3/с;Прочие изделия ;1;0;12.03.2026;12.03.2026;25.12.2025;;
ПКНФ-001437;25.12.2025;Канализационные очистные сооружения, усиленные ребрами Полипропилен/Металл BAZMAN КОС-ПП 33-УФ (м3/с;Прочие изделия ;1;0;12.03.2026;12.03.2026;25.12.2025;;
ПКНФ-001439;25.12.2025;Емкость для холодной питьевой воды Flotenk-EV, 120, k, h3.5;Перекупные изделия ЕН;1;0;26.02.2026;26.02.2026;25.12.2025;;
ПКНФ-001439;25.12.2025;Ремень стяжной 7,0/14,0/10000 75мм;Крепеж и цепи, тали (ПК КСС);15;67;;;25.12.2025;;
ПКНФ-001440;25.12.2025;Установка повышения давления КСС-МЧ-3 CHLFT20-40-СХ-ГА8+GSM;Установки ВНС и ПНС (ПК КСС);1;0;13.02.2026;;25.12.2025;ПКНФ-000131;16.01.2026
ПКНФ-001440;25.12.2025;Затвор поворотный межфланцевый ABRA BUV-VF826D125H DN125 PN16/10 корпус GG25 / диск GGG40 / седло EP;Арматура (ПК КСС);4;4;;;25.12.2025;;
ПКНФ-001440;25.12.2025;Гибкая вставка Ду125 Ру10,ЕРDM, нейлоновый корд, фланцевая ABRA-EJF-10-125;Арматура (ПК КСС);4;4;;;25.12.2025;;
ПКНФ-001440;25.12.2025;Насос дренажный «Leo» QDX 6-18-0.75А (закрытая крыльчатка) (ПК);Насосы LEO/ОНИС (ПК КСС);1;2;29.01.2026;29.01.2026;25.12.2025;;
ПКНФ-001441;25.12.2025;Затвор Ridval тип RVB 01 DN300 PN16 редуктор,с УКП о/з.IP64 (красный);Арматура (ПК КСС);4;4;;;25.12.2025;;
ПКНФ-001441;25.12.2025;Автоматическая насосная станция пожаротушения КСС-П-3 NIS200-150-400-75-ЖН CDM3-8-ГА80-АВР-2ЭЗ-РК;Установки ВНС и ПНС (ПК КСС);1;0;08.12.2025;;25.12.2025;ПКНФ-001442;25.12.2025
ПКНФ-001441;25.12.2025;Таль электрическая CD1 г/п 1тн, в/п 6м, скорость подъема 8м/мин, скорость передвижения 20м/мин + тор;Крепеж и цепи, тали (ПК КСС);1;1;;;25.12.2025;;
ПКНФ-001441;25.12.2025;Клапан Ridval тип RVC 20 DN150 PN16 красный;Арматура (ПК КСС);3;3;;;25.12.2025;;
ПКНФ-001441;25.12.2025;Затвор Ridval тип RVB 01 DN150 PN16 рукоятка,с УКП о/з.IP64 (красный);Арматура (ПК КСС);3;3;;;25.12.2025;;
ПКНФ-001441;25.12.2025;Затвор Ridval тип RVB 01 DN200 PN16 рукоятка,с УКП о/з.IP64 (красный);Арматура (ПК КСС);3;3;;;25.12.2025;;
ПКНФ-001442;25.12.2025;Насос CDM3-8FSWPC, 0.75 кВт, станд. фланец, 3х220В/3х380В, 50 Гц, чугун, 70 С;Многоступенчатые вертикальные насосы;1;1;;;25.12.2025;;
ПКНФ-001442;25.12.2025;Насос NIS200-150-400/75SWH, 75кВт, 3х380В, 50Гц, чугун;Консольно-моноблочные насосы;3;0;13.03.2026;13.03.2026;25.12.2025;;
ПКНФ-001446;25.12.2025;Полоса 2,0x50,0 (AISI304, 08X18H10, 2B);Нержавеющие трубы, листы, круги, сетки(ПК КСС);1;57.5;;;25.12.2025;;
ПКНФ-001446;25.12.2025;Лист 5,0*1500*6000 ст3 (м2);Черные трубы, листы, круги (ПК КСС);0.04;5.836;;;25.12.2025;;
ПКНФ-001446;25.12.2025;Уголок 50х50х5 ГОСТ 8509-93 (м);Черные трубы, листы, круги (ПК КСС);1;45.4;;;25.12.2025;;
ПКНФ-001446;25.12.2025;Лист 1000х3000 ПВЛ 406;Черные трубы, листы, круги (ПК КСС);3;11;;;25.12.2025;;
ПКНФ-001446;25.12.2025;Труба 40х40х2 ГОСТ 8639-82;Черные трубы, листы, круги (ПК КСС);10;142.2;;;25.12.2025;;
ПКНФ-001446;25.12.2025;Труба 40х20х2 ГОСТ 8639-82;Черные трубы, листы, круги (ПК КСС);17;199;;29.01.2024;25.12.2025;;
ПКНФ-001446;25.12.2025;Арматура ф 16 А-1 ГОСТ 5781-82 (м);Черные трубы, листы, круги (ПК КСС);0.4;0.7;;24.01.2024;25.12.2025;;
ПКНФ-001446;25.12.2025;Труба 50х50х3 ГОСТ 8639-82, м.д;Черные трубы, листы, круги (ПК КСС);37;107.8;;;25.12.2025;;
ПКНФ-001447;25.12.2025;Заглушка фланцевая 1-50-40  08х18Н10;Нержавеющие фланцы и фиттинги (ПК КСС);1;1;;;25.12.2025;;
ПКНФ-001447;25.12.2025;Отбортовка 60,3х2,0 AISI304;Нержавеющие фланцы и фиттинги (ПК КСС);3;16;16.05.2025;;25.12.2025;;
ПКНФ-001447;25.12.2025;Пресс-фланец ст.20 Ду50 Ру 16 ПФСР 050х16 (65 мм) ;Черные фланцы и фиттинги (ПК КСС);3;14;;;25.12.2025;;
ПКНФ-001447;25.12.2025;Труба СВ  60,3х2,0мм 08Х18Н10 (AISI 304);Нержавеющие трубы, листы, круги, сетки(ПК КСС);0.5;10;09.09.2025;09.09.2025;25.12.2025;;
ПКНФ-001447;25.12.2025;Труба СВ  88,9х2,0мм 08Х18Н10 (AISI 304);Нержавеющие трубы, листы, круги, сетки(ПК КСС);3;34.9;05.08.2025;05.08.2025;25.12.2025;;
ПКНФ-001447;25.12.2025;Отвод 60,3х2,0 мм AISI 304;Нержавеющие фланцы и фиттинги (ПК КСС);1;6;09.09.2025;09.09.2025;25.12.2025;;
ПКНФ-001447;25.12.2025;Переход  88,9/60,3х2,0 (DN 80/50) AISI 304/08Х18Н10;Нержавеющие фланцы и фиттинги (ПК КСС);3;3;;;25.12.2025;;
ПКНФ-001447;25.12.2025;Фланец 88,9 (AISI304, 08*18H10, PN10/16) плоский;Нержавеющие фланцы и фиттинги (ПК КСС);3;6;;;25.12.2025;;
ПКНФ-001449;25.12.2025;Труба 60х60х3  ГОСТ 8639-82;Черные трубы, листы, круги (ПК КСС);7.2;24.5;;;25.12.2025;;
ПКНФ-001449;25.12.2025;Полоса 2,0x50,0 (AISI304, 08X18H10, 2B);Нержавеющие трубы, листы, круги, сетки(ПК КСС);1.5;56.5;;;25.12.2025;;
ПКНФ-001449;25.12.2025;Лист 5,0*1500*6000 ст3 (м2);Черные трубы, листы, круги (ПК КСС);0.04;5.436;;;25.12.2025;;
ПКНФ-001449;25.12.2025;Полоса 40*4 ГОСТ 103-76;Черные трубы, листы, круги (ПК КСС);0.6;70.6;19.08.2024;;25.12.2025;;
ПКНФ-001449;25.12.2025;Швеллер 10П ГОСТ 8240-97;Черные трубы, листы, круги (ПК КСС);32;70.6;11.09.2025;11.09.2025;25.12.2025;;
ПКНФ-001449;25.12.2025;Уголок 50х50х5 ГОСТ 8509-93 (м);Черные трубы, листы, круги (ПК КСС);1;43.9;;;25.12.2025;;
ПКНФ-001449;25.12.2025;Лист 1000х3000 ПВЛ 406;Черные трубы, листы, круги (ПК КСС);2;6;;;25.12.2025;;
ПКНФ-001449;25.12.2025;Труба 40х40х3 ГОСТ 8639-82;Черные трубы, листы, круги (ПК КСС);10;23.4;;;25.12.2025;;
ПКНФ-001449;25.12.2025;Арматура ф 16 А-1 ГОСТ 5781-82 (м);Черные трубы, листы, круги (ПК КСС);0.4;0.7;;24.01.2024;25.12.2025;;
ПКНФ-001449;25.12.2025;Труба 50х50х3 ГОСТ 8639-82, м.д;Черные трубы, листы, круги (ПК КСС);29;93.8;;;25.12.2025;;
ПКНФ-001451;29.12.2025;Швеллер 10П ГОСТ 8240-97;Черные трубы, листы, круги (ПК КСС);6;19.2;11.09.2025;11.09.2025;29.12.2025;;
ПКНФ-001455;29.12.2025;Труба СВ 273,0х3,0мм 08Х18Н10 (AISI 304);Нержавеющие трубы, листы, круги, сетки(ПК КСС);2.5;12.5;;;29.12.2025;;
ПКНФ-001456;29.12.2025;Пластина 100х40 (AISI 304);Нержавеющие трубы, листы, круги, сетки(ПК КСС);4;16;;;29.12.2025;;
ПКНФ-001456;29.12.2025;Труба 40х20х2 (AISI304);Нержавеющие трубы, листы, круги, сетки(ПК КСС);0.3;48.3;09.09.2025;09.09.2025;29.12.2025;;
ПКНФ-001456;29.12.2025;Труба 25х25х2 (AISI 304);Нержавеющие трубы, листы, круги, сетки(ПК КСС);3.5;26.5;23.01.2026;05.08.2025;29.12.2025;;
ПКНФ-001456;29.12.2025;Труба 50х50х3,0 AISI 304;Нержавеющие трубы, листы, круги, сетки(ПК КСС);0.2;27.8;09.09.2025;05.08.2025;29.12.2025;;
ПКНФ-001460;29.12.2025;Отбортовка 60,3х2,0 AISI304;Нержавеющие фланцы и фиттинги (ПК КСС);18;27;16.05.2025;;29.12.2025;;
ПКНФ-001460;29.12.2025;Пресс-фланец ст.20 Ду125 Ру 16 ПФСР 100х16 (145 мм);Черные фланцы и фиттинги (ПК КСС);1;29;;;29.12.2025;;
ПКНФ-001460;29.12.2025;Пресс-фланец ст.20 Ду50 Ру 16 ПФСР 050х16 (65 мм) ;Черные фланцы и фиттинги (ПК КСС);18;43;;;29.12.2025;;
ПКНФ-001460;29.12.2025;Пресс-фланец ст.20 Ду100 Ру 16 ПФСР 100х16 (119 мм);Черные фланцы и фиттинги (ПК КСС);4;42;;;29.12.2025;;
ПКНФ-001460;29.12.2025;Труба СВ  21,3х2,0мм 08Х18Н10 (AISI 304);Нержавеющие трубы, листы, круги, сетки(ПК КСС);0.1;77.2;;;29.12.2025;;
ПКНФ-001460;29.12.2025;Труба СВ  26,9х2,0мм 08Х18Н10 (AISI 304);Нержавеющие трубы, листы, круги, сетки(ПК КСС);0.1;28.7;;;29.12.2025;;
ПКНФ-001460;29.12.2025;Труба СВ  60,3х2,0мм 08Х18Н10 (AISI 304);Нержавеющие трубы, листы, круги, сетки(ПК КСС);2;11.5;09.09.2025;09.09.2025;29.12.2025;;
ПКНФ-001460;29.12.2025;Труба СВ 139,7х3,0мм 08Х18Н10 (AISI 304);Нержавеющие трубы, листы, круги, сетки(ПК КСС);1;7.8;;;29.12.2025;;
ПКНФ-001460;29.12.2025;Переход 139,7/114,3х2,0 (DN 125/100) AISI 304/08Х18Н10;Нержавеющие фланцы и фиттинги (ПК КСС);1;3;;;29.12.2025;;
ПКНФ-001460;29.12.2025;Отбортовка 139,7х2,0 AISI304;Нержавеющие фланцы и фиттинги (ПК КСС);1;41;;;29.12.2025;;
ПКНФ-001460;29.12.2025;Заглушка фланцевая  DN100 (114,3) PN10/16;Нержавеющие фланцы и фиттинги (ПК КСС);3;0;29.01.2026;28.01.2026;29.12.2025;;
ПКНФ-001460;29.12.2025;Ниппель приварной DN15  1/2"" (AISI304, 08Х18H10);Нержавеющие фланцы и фиттинги (ПК КСС);2;33;;03.06.2024;29.12.2025;;
ПКНФ-001460;29.12.2025;Ниппель приварной DN20  3/4"" (26,9мм) ( AISI304 08Х18H10);Нержавеющие фланцы и фиттинги (ПК КСС);1;35;;;29.12.2025;;
ПКНФ-001460;29.12.2025;Отбортовка 114,3х2,0 AISI304;Нержавеющие фланцы и фиттинги (ПК КСС);4;112;;;29.12.2025;;
ПКНФ-001460;29.12.2025;Труба СВ 114,3х2,0мм 08Х18Н10 (AISI 304);Нержавеющие трубы, листы, круги, сетки(ПК КСС);3.5;49.2;;22.10.2024;29.12.2025;;
ПКНФ-001461;29.12.2025;Швеллер 10П ГОСТ 8240-97;Черные трубы, листы, круги (ПК КСС);6;19.2;11.09.2025;11.09.2025;29.12.2025;;
ПКНФ-001463;29.12.2025;Труба СВ 168,3х2,0мм 08Х18Н10 (AISI 304);Нержавеющие трубы, листы, круги, сетки(ПК КСС);0.1;8.4;;03.06.2024;29.12.2025;;
ПКНФ-001463;29.12.2025;Переход 168,3/114,3х2,0 (DN 150/100) AISI 304/08Х18Н10;Нержавеющие фланцы и фиттинги (ПК КСС);2;4;;;29.12.2025;;
ПКНФ-001463;29.12.2025;Фланец 114,3  (AISI304, 08*18H10, PN10/16) плоский;Нержавеющие фланцы и фиттинги (ПК КСС);4;17;05.08.2025;26.05.2025;29.12.2025;;
ПКНФ-001463;29.12.2025;Фланец 168,3 (AISI304, 08*18H10, PN10/16) плоский;Нержавеющие фланцы и фиттинги (ПК КСС);2;7;26.05.2025;26.05.2025;29.12.2025;;
ПКНФ-001463;29.12.2025;Отбортовка 114,3х2,0 AISI304;Нержавеющие фланцы и фиттинги (ПК КСС);4;98;;;29.12.2025;;
ПКНФ-001463;29.12.2025;Отвод 114,3х2,0 мм AISI 304;Нержавеющие фланцы и фиттинги (ПК КСС);2;6;;;29.12.2025;;
ПКНФ-001463;29.12.2025;Тройник 114,3х2,0 AISI 304 короткий;Нержавеющие фланцы и фиттинги (ПК КСС);2;2;;;29.12.2025;;
ПКНФ-001463;29.12.2025;Труба СВ 114,3х2,0мм 08Х18Н10 (AISI 304);Нержавеющие трубы, листы, круги, сетки(ПК КСС);6;44.6;;22.10.2024;29.12.2025;;
ПКНФ-001463;29.12.2025;Фланец 114,3  (AISI304, 08*18H10, PN6) плоский;Нержавеющие фланцы и фиттинги (ПК КСС);2;7;;;29.12.2025;;
ПКНФ-001468;29.12.2025;Автоматическая трубная муфта для насоса WQ DN200, TO-200, мощность 0.55кВт и выше (ПК);УПМ СNP (ПК КСС);2;0;;15.01.2026;29.12.2025;;
ПКНФ-001468;29.12.2025;Насос 200WQ270-10-11AC(I), 11кВт, без АТМ DN200, 4-х полюс. (ПК);Насосы CNP (ПК КСС);2;0;;15.01.2026;29.12.2025;;
ПКНФ-001468;29.12.2025;Клапан обратный шаровой DN200 PN10 канализационный;Арматура (ПК КСС);2;0;02.02.2026;02.02.2026;29.12.2025;;
ПКНФ-001468;29.12.2025;Задвижка 30ч39р Ду200 Pу10 штурвал;Арматура (ПК КСС);2;0;02.02.2026;02.02.2026;29.12.2025;;
ПКНФ-001469;29.12.2025;Обратный клапан фланцевый чугунный шаровый NBR Ду050 Ру10/16 GGG50 ABRA-D-022-NBR-50;Арматура (ПК КСС);2;12;;;29.12.2025;;
ПКНФ-001469;29.12.2025;Задвижка 30ч39р Ду50 Pу16 штурвал;Арматура (ПК КСС);2;6;02.02.2026;02.02.2026;29.12.2025;;
ПКНФ-001469;29.12.2025;Насос 50WQ10-7-0.55AC(I), 0.55кВт, без АТМ DN50, 2-х полюс. (ПК);Насосы CNP (ПК КСС);2;0;;15.01.2026;29.12.2025;;
ПКНФ-001469;29.12.2025;Автоматическая трубная муфта для насоса WQ DN50,TOS-50, мощность 0.55кВт и выше (ПК);УПМ СNP (ПК КСС);2;0;;15.01.2026;29.12.2025;;
ПКНФ-001470;29.12.2025;6176.3У - Установка подачи воды для пожаротушения;Установки ВНС и ПНС (ПК КСС);1;0;26.12.2025;;29.12.2025;ПКНФ-001471;29.12.2025
ПКНФ-001470;29.12.2025;Затвор поворотный межфланцевый ABRA BUV-VF866D200H DN200 PN16/10 корпус GG25 / диск AISI316 / седло ;Арматура (ПК КСС);4;0;02.02.2026;02.02.2026;29.12.2025;;
ПКНФ-001470;29.12.2025;Гибкая вставка эластичная - антивибрационный компенсатор (виброкомпенсатор) DN200 PN10, фланец/флане;Арматура (ПК КСС);4;3;02.02.2026;02.02.2026;29.12.2025;;
ПКНФ-001470;29.12.2025;Насос дренажный «Leo» QDX 6-18-0.75А (закрытая крыльчатка) (ПК);Насосы LEO/ОНИС (ПК КСС);1;1;29.01.2026;29.01.2026;29.12.2025;;
ПКНФ-001471;29.12.2025;Насос CDM85-3-2FSWPC, 18.5кВт, станд. фланец, 3х380В, 50Гц, чугун, 70 С ;Насосы CNP (ПК КСС);3;0;;15.01.2026;29.12.2025;;
ПКНФ-001472;30.12.2025;Станция очистки бытовых сточных вод модельного ряда ""ЮНИЛОС"" серии ""ТРИУМФ - 20 лонг"", КНС, УФ с/т ;Очистные сооружения ( промочистка);1;0;23.01.2026;23.01.2026;30.12.2025;;
ПКНФ-001472;30.12.2025;Установка обеззараживания воды ""ОДВ-2С-0,5"" ;Биология (ПК КСС);1;0;23.01.2026;23.01.2026;30.12.2025;;
ПКНФ-001472;30.12.2025;Фекальный насос Pedrollo BCm-10/50;Другие насосы и УПМ (ПК КСС);1;0;23.01.2026;23.01.2026;30.12.2025;;
ПКНФ-001472;30.12.2025;Дренажный насос Pedrollo ТОР-1;Биология (ПК КСС);1;0;23.01.2026;23.01.2026;30.12.2025;;
ПКНФ-000022;12.01.2026;Болт оцинк. М12х80 DIN933;Оцинкованные метизы (ПК КСС);0.012;0.199;;;12.01.2026;;
ПКНФ-000022;12.01.2026;7719.5 КСС-ШУПФ-Д-3-3-5,5К+АВР+ 2ЭЗ;Шкафы управления (ПК КСС);1;0;;;12.01.2026;;
ПКНФ-000022;12.01.2026;Насос CDM20-5FSWPC, 5.5кВт, станд. фланец, 3х380В, 50Гц, чугун, 70 С;Насосы CNP (ПК КСС);3;3;;;12.01.2026;;
ПКНФ-000022;12.01.2026;Болт оцинк. М16х70 DIN933;Оцинкованные метизы (ПК КСС);0.012;0.456;;27.06.2024;12.01.2026;;
ПКНФ-000022;12.01.2026;Шайба плоская оц. М12  DIN 125;Оцинкованные метизы (ПК КСС);0.032;1.649;;03.06.2024;12.01.2026;;
ПКНФ-000022;12.01.2026;Затвор Ridval тип RVB 01 DN100 PN16 рукоятка,с УКП о/з.IP64 (красный);Арматура (ПК КСС);4;8;;;12.01.2026;;
ПКНФ-000022;12.01.2026;Клапан Ridval тип RVC 20 DN50 PN16 (красный);Арматура (ПК КСС);3;14;;;12.01.2026;;
ПКНФ-000022;12.01.2026;Реле давления РД-2Р 0,5..1,6МПа, G1/4"" ;Датчики уровня, преобразователи, реле (ПК КСС);3;7;;;12.01.2026;;
ПКНФ-000022;12.01.2026;Шаровой кран латунный 1/2"" ВР, с дренажем и воздухоотводчиком, ручка-бабочка, Pride LD 44.344.15;Арматура (ПК КСС);4;35;;;12.01.2026;;
ПКНФ-000022;12.01.2026;Ниппель прямой никелированный 1/2"" НР. LD Pride LD.67.501.15;Арматура (ПК КСС);4;33;;;12.01.2026;;
ПКНФ-000022;12.01.2026;Манометр с поверкой тип ТМ-310Т.00, 0..1,6 МПа, 63 мм, G1/4""(сзади), кл.1,5, корпус-сталь, Росма 000;Расходомеры, манометры (ПК КСС);2;24;;21.01.2026;12.01.2026;;
ПКНФ-000022;12.01.2026;Муфта никелированная 1/2"" ВР, LD Pride LD.67.502.15;Арматура (ПК КСС);4;24;;;12.01.2026;;
ПКНФ-000022;12.01.2026;7719.5У - Трубопровод;Составные части трубопровода (Пк КСС);1;1;;;12.01.2026;ПКНФ-001361;17.12.2025
ПКНФ-000022;12.01.2026;7719.5У - Рама, Стойка;Составные части трубопровода (Пк КСС);1;1;;;12.01.2026;ПКНФ-000024;12.01.2026
ПКНФ-000022;12.01.2026;Шайба оцинк гровер М12 DIN 127;Оцинкованные метизы (ПК КСС);0.016;0.998;;03.06.2024;12.01.2026;;
ПКНФ-000022;12.01.2026;Шайба гроверная оц. Ф16 DIN 127;Оцинкованные метизы (ПК КСС);0.082;0.907;;27.06.2024;12.01.2026;;
ПКНФ-000022;12.01.2026;CLS.H01-1-G12 — Кондуктометрический датчик уровня (наружная резьба G1/2"", резьба стержня М4, материа;Датчики уровня, преобразователи, реле (ПК КСС);1;2;;;12.01.2026;;
ПКНФ-000022;12.01.2026;Затвор Ridval тип RVB 01 DN50 PN16 рукоятка,с УКП о/з.IP64 (красный);Арматура (ПК КСС);6;20;;;12.01.2026;;
ПКНФ-000022;12.01.2026;Гайка шестигр. оц М12 DIN934;Оцинкованные метизы (ПК КСС);0.016;1.237;;03.06.2024;12.01.2026;;
ПКНФ-000022;12.01.2026;Гайка шестигр. оц М16  (тыс шт);Оцинкованные метизы (ПК КСС);0.082;0.722;;27.06.2024;12.01.2026;;
ПКНФ-000022;12.01.2026;Прокладка (паронит) 50;Полиэтелен, корсис, прагма, НПВХ (ПК КСС);9;70.994;;;12.01.2026;;
ПКНФ-000022;12.01.2026;Футорка ник. латун. 1/2х 1/4;Арматура (ПК КСС);3;45;;;12.01.2026;;
ПКНФ-000022;12.01.2026;Шайба плоская оц.М16  DIN 125;Оцинкованные метизы (ПК КСС);0.164;1.597;;27.06.2024;12.01.2026;;
ПКНФ-000001;12.01.2026;7726.1У - Установка повышения давления ;Установки ВНС и ПНС (ПК КСС);1;0;15.12.2025;;12.01.2026;ПКНФ-000002;12.01.2026
ПКНФ-000001;12.01.2026;Затвор поворотный межфланцевый ABRA BUV-VF826D080H DN080 PN16/10 корпус GG25 / диск GGG40 / седло EP;Арматура (ПК КСС);2;2;;;12.01.2026;;
ПКНФ-000001;12.01.2026;Гибкая вставка эластичная - антивибрационный компенсатор (виброкомпенсатор) DN080 PN16, фланец/флане;Арматура (ПК КСС);2;4;;;12.01.2026;;
ПКНФ-000001;12.01.2026;Насос дренажный «Leo» QDX 6-18-0.75А (закрытая крыльчатка) (ПК);Насосы LEO/ОНИС (ПК КСС);1;3;29.01.2026;29.01.2026;12.01.2026;;
ПКНФ-000002;12.01.2026;Насос CDM15-6FSWPC, 5.5кВт, станд. фланец, 3х380В,50Гц, чугун, 70 С;Насосы CNP (ПК КСС);3;0;23.01.2026;23.01.2026;12.01.2026;;
ПКНФ-000003;12.01.2026;Затвор поворотный межфланцевый ABRA BUV-VF866D150H DN150 PN16/10 корпус GG25 / КРАСНЫЙ;Арматура (ПК КСС);4;4;;;12.01.2026;;
ПКНФ-000003;12.01.2026;7726.2У - Установка пожаротушения;Установки ВНС и ПНС (ПК КСС);1;0;15.12.2025;;12.01.2026;ПКНФ-000004;12.01.2026
ПКНФ-000003;12.01.2026;Гибкая вставка эластичная - антивибрационный компенсатор (виброкомпенсатор) DN150 PN16, фланец/флане;Арматура (ПК КСС);4;4;;;12.01.2026;;
ПКНФ-000003;12.01.2026;Насос дренажный «Leo» QDX 6-18-0.75А (закрытая крыльчатка) (ПК);Насосы LEO/ОНИС (ПК КСС);1;3;29.01.2026;29.01.2026;12.01.2026;;
ПКНФ-000004;12.01.2026;Насос NIS125-100-200/37SWH, 37кВт, 3х380В, 50Гц, чугун ;Насосы CNP (ПК КСС);2;0;23.01.2026;23.01.2026;12.01.2026;;
ПКНФ-000126;14.01.2026;Частотный преобразователь ESQ-230-4T-5.5K 5.5кВт, 380В;Электротовары КСС ШУ;3;3;;23.01.2026;14.01.2026;;
ПКНФ-000126;14.01.2026;Коробка монтажная ОП 100х100х50 с 6 вводами;Электротовары КСС ШУ;1;2;;;14.01.2026;;
ПКНФ-000126;14.01.2026;Щит настен. 12 мод. (200х255х97) IP41 белый (ЩРН-П-12)/GENERICA;Электротовары КСС ШУ;1;4;;;14.01.2026;;
ПКНФ-000126;14.01.2026;Коробка распределительная ОП безгалогенная (HF) 70х70х40 IP55 Промрукав 40-0200;Электротовары КСС ШУ;3;18;;;14.01.2026;;
ПКНФ-000126;14.01.2026;Стяжка нейлоновая КСС 3х120 (б) (100шт);Электротовары КСС ШУ;20;0;;;14.01.2026;;
ПКНФ-000126;14.01.2026;Стяжка нейлоновая КСС 4х200 (б) (100шт);Электротовары КСС ШУ;15;0;;;14.01.2026;;
ПКНФ-000126;14.01.2026;Кабель КГ-ХЛ 5х1,5;Электротовары КСС ШУ;1;0;;;14.01.2026;;
ПКНФ-000126;14.01.2026;Кабель КГВВнг(А)-LS 4х1.5;Электротовары КСС ШУ;7;161;;;14.01.2026;;
ПКНФ-000126;14.01.2026;Выключатель 1-кл. ОП Мурманск 10А IP54 сер. EKF EFV10-021-30-54;;1;2;;;14.01.2026;;
ПКНФ-000126;14.01.2026;Провод ПУГВнг(А)-LS 1х0,5 С;Электротовары КСС ШУ;11;1228;;;14.01.2026;;
ПКНФ-000126;14.01.2026;Наконечник штыревой втулочный изол. НШвИ(2) 0.5-8 (уп.50шт);Электротовары КСС ШУ;20;2482;;10.02.2026;14.01.2026;;
ПКНФ-000126;14.01.2026;Знак ""Земля"" круглый d20мм EKF an-1-04;Электротовары КСС ШУ;2;0;;10.02.2026;14.01.2026;;
ПКНФ-000126;14.01.2026;Наконечник кольцевой изол. НКИ 1.5-6 (уп.50шт);Электротовары КСС ШУ;18;0;;06.02.2026;14.01.2026;;
ПКНФ-000126;14.01.2026;Ограничитель на DIN-рейку 1 винт HDW-211;Электротовары КСС ШУ;24;0;;10.02.2026;14.01.2026;;
ПКНФ-000126;14.01.2026;Выключатель автоматический модульный 1п C 6А 4.5кА ВА 47-63;Электротовары КСС ШУ;2;93;;;14.01.2026;;
ПКНФ-000126;14.01.2026;Кабель-канал перфорированный 25х40 L2000 RL6 G DKC 01163RL;Электротовары КСС ШУ;1.5;3;;06.02.2026;14.01.2026;;
ПКНФ-000126;14.01.2026;Выключатель нагрузки 3п 40А ВН-63N;Электротовары КСС ШУ;1;9;;;14.01.2026;;
ПКНФ-000126;14.01.2026;Символ ""Молния"" (треугольник) 50х50х50мм;Электротовары КСС ШУ;1;38;;;14.01.2026;;
ПКНФ-000126;14.01.2026;Розетка 1-м ОП Эра Эксперт 11-2401-01 16А IP54 16AX 250В 2P+E бел. Эра Б0020712;Электротовары КСС ШУ;1;4;;;14.01.2026;;
ПКНФ-000126;14.01.2026;DIN-рейка перфорированная L2000 1мм 35х7,5;Электротовары КСС ШУ;0.75;0.75;;06.02.2026;14.01.2026;;
ПКНФ-000126;14.01.2026;Труба гофрированная d20 ПВХ серая с зондом н/г легкая;Электротовары КСС ШУ;50;150;;;14.01.2026;;
ПКНФ-000126;14.01.2026;Кабель КГВВнг(А) 3х1,5;Электротовары КСС ШУ;8;47;;;14.01.2026;;
ПКНФ-000126;14.01.2026;Кабель КГВВнг(А)-LS 3х0.75;Электротовары КСС ШУ;16;0;;;14.01.2026;;
ПКНФ-000126;14.01.2026;Термостат NO (охлаждение) на DIN-рейку 10А 230В IP20;Электротовары КСС ШУ;1;11;;;14.01.2026;;
ПКНФ-000126;14.01.2026;Колодка клеммная JXB-2.5/35 серая;Электротовары КСС ШУ;27;0;;10.02.2026;14.01.2026;;
ПКНФ-000126;14.01.2026;Заглушка для JXB-2,5/35 серая;Электротовары КСС ШУ;6;0;;10.02.2026;14.01.2026;;
ПКНФ-000126;14.01.2026;Провод ПуГВнг(А)-LS 1х1,5 Б;Электротовары КСС ШУ;25;56;;06.02.2026;14.01.2026;;
ПКНФ-000126;14.01.2026;Колодка клеммная JXB-2.5/35 синяя;Электротовары КСС ШУ;1;75;;10.02.2026;14.01.2026;;
ПКНФ-000126;14.01.2026;Сальник PG21;Электротовары КСС ШУ;1;508;;;14.01.2026;;
ПКНФ-000126;14.01.2026;Колодка клеммная ЕК-16/80 JXB земля;Электротовары КСС ШУ;1;123;;06.12.2024;14.01.2026;;
ПКНФ-000126;14.01.2026;Крышка защитная на 8 модулей под вырез в шкафу MT-WPC8;Электротовары КСС ШУ;1;15;;29.01.2026;14.01.2026;;
ПКНФ-000126;14.01.2026;Программируемое реле ПР200-24.4.2.0;Электротовары КСС ШУ;1;8;;29.01.2026;14.01.2026;;
ПКНФ-000126;14.01.2026;Сальник PG 9;Электротовары КСС ШУ;7;7;;10.02.2026;14.01.2026;;
ПКНФ-000126;14.01.2026;Выключатель автоматический модульный 3п C 10А 4.5кА ВА 47-63;Электротовары КСС ШУ;3;31;;;14.01.2026;;
ПКНФ-000126;14.01.2026;Выключатель автоматический модульный 3п C 25А 4.5кА ВА 47-63;Электротовары КСС ШУ;1;18;;;14.01.2026;;
ПКНФ-000126;14.01.2026;Трубка термоус. ТУТ (HF)-4/2, красн. (уп.100м);Электротовары КСС ШУ;1.2;38;;;14.01.2026;;
ПКНФ-000126;14.01.2026;Трубка термоус. ТУТ (HF)-4/2, зел. (уп.100м);Электротовары КСС ШУ;1.2;37.8;;;14.01.2026;;
ПКНФ-000126;14.01.2026;Трубка термоус. ТУТ (HF)-4/2, желт. (уп.100м);Электротовары КСС ШУ;1.2;62.5;;;14.01.2026;;
ПКНФ-000126;14.01.2026;Колодка клеммная JXB-16/35 син.;Электротовары КСС ШУ;1;74;;06.12.2024;14.01.2026;;
ПКНФ-000126;14.01.2026;Лента двусторонняя клейкая (скотч), 12 ммх5 м, прозрачная;Электротовары КСС ШУ;1;30;;;14.01.2026;;
ПКНФ-000126;14.01.2026;Наконечник штыревой втулочный изол. НШвИ 0.5-8 (уп.50шт);Электротовары КСС ШУ;54;11594;;;14.01.2026;;
ПКНФ-000126;14.01.2026;Наконечник штыревой втулочный изол. НШвИ 1.5-8 (уп.50шт);Электротовары КСС ШУ;58;1674;;10.02.2026;14.01.2026;;
ПКНФ-000126;14.01.2026;Саморез 4.2х13 металл-металл с прессшайбой сверло цинк (уп.200шт);Электротовары КСС ШУ;38;1092.91;;;14.01.2026;;
ПКНФ-000126;14.01.2026;Маркер для кабеля 0.5-1.5мм символ ""1"" (уп.200шт) ДКС;Электротовары КСС ШУ;18;9042;;;14.01.2026;;
ПКНФ-000126;14.01.2026;Маркер для кабеля 0.5-1.5мм символ ""2"" (уп.200шт) ДКС;Электротовары КСС ШУ;14;4478;;;14.01.2026;;
ПКНФ-000126;14.01.2026;Маркер для кабеля 0.5-1.5мм символ ""3"" (уп.200шт) ДКС;Электротовары КСС ШУ;6;4767;;;14.01.2026;;
ПКНФ-000126;14.01.2026;Сальник PG 16 10-14мм IP54;Электротовары КСС ШУ;4;156;;;14.01.2026;;
ПКНФ-000126;14.01.2026;Вентилятор с фильтром 52 м3/ч 124х124 мм;Электротовары КСС ШУ;1;1;;12.10.2025;14.01.2026;;
ПКНФ-000126;14.01.2026;Решетка вентиляционная с фильтром 124x124мм IP54;Электротовары КСС ШУ;1;1;;12.10.2025;14.01.2026;;
ПКНФ-000126;14.01.2026;MES 80.60.30, Шкаф компактный распределительный 800х600х300;Корпусы для ШУ;1;1;;02.01.2026;14.01.2026;;
ПКНФ-000126;14.01.2026;Кабель-канал перфорированный 15х30 L2000 RL75 G ДКС;Электротовары КСС ШУ;0.3;87.1;;;14.01.2026;;
ПКНФ-000126;14.01.2026;Колодка клеммная ЕК-2.5/25 JXB земля;Электротовары КСС ШУ;4;47;;08.06.2024;14.01.2026;;
ПКНФ-000126;14.01.2026;Маркер для кабеля 0.5-1.5мм символ ""0"" (уп.200шт) ДКС;Электротовары КСС ШУ;7;6413;;;14.01.2026;;
ПКНФ-000126;14.01.2026;Маркер для кабеля 0.5-1.5мм символ ""4"" (уп.200шт) ДКС;Электротовары КСС ШУ;14;782;;;14.01.2026;;
ПКНФ-000126;14.01.2026;Маркер для кабеля 0.5-1.5мм символ ""5"" (уп.200шт) ДКС;Электротовары КСС ШУ;6;5682;;;14.01.2026;;
ПКНФ-000126;14.01.2026;Маркер для кабеля 0.5-1.5мм символ ""6"" (уп.200шт) ДКС;Электротовары КСС ШУ;6;5599;;;14.01.2026;;
ПКНФ-000126;14.01.2026;Маркер для кабеля 0.5-1.5мм символ ""7"" (уп.200шт) ДКС;Электротовары КСС ШУ;6;1605;;;14.01.2026;;
ПКНФ-000126;14.01.2026;Маркер для кабеля 0.5-1.5мм символ ""8"" (уп.200шт) ДКС;Электротовары КСС ШУ;4;924;;;14.01.2026;;
ПКНФ-000126;14.01.2026;Маркер для кабеля 0.5-1.5мм символ ""9"" (уп.200шт) ДКС;Электротовары КСС ШУ;6;811;;;14.01.2026;;
ПКНФ-000126;14.01.2026;Маркер для JXB с нумерацией 1-10 (уп.100шт);Электротовары КСС ШУ;100;2881;;;14.01.2026;;
ПКНФ-000126;14.01.2026;Наконечник штыревой втулочный изол. НШвИ(2) 2.5-10 (уп.50шт);Электротовары КСС ШУ;26;2555;;;14.01.2026;;
ПКНФ-000126;14.01.2026;Провод ПУГВнг(А)-LS 1х0,5 Б;Электротовары КСС ШУ;33;2537;;;14.01.2026;;
ПКНФ-000126;14.01.2026;Провод ПУГВнг(А)-LS 1х0,5 К;Электротовары КСС ШУ;16;1194;;;14.01.2026;;
ПКНФ-000126;14.01.2026;Провод ПУГВнг(А)-LS 1х0,5 Ч;Электротовары КСС ШУ;16;1052;;;14.01.2026;;
ПКНФ-000126;14.01.2026;Провод ПУГВнг(А)-LS 1х1,5 ж/з;Электротовары КСС ШУ;8;436.8;;;14.01.2026;;
ПКНФ-000126;14.01.2026;Провод ПУГВнг(А)-LS 1х2,5 Б;Электротовары КСС ШУ;12;265;;;14.01.2026;;
ПКНФ-000126;14.01.2026;Провод ПУГВнг(А)-LS 1х2,5 С;Электротовары КСС ШУ;3;207;;;14.01.2026;;
ПКНФ-000126;14.01.2026;Спираль монтажная СМ-06-04 (10м);Электротовары КСС ШУ;0.1;2.841;;06.02.2026;14.01.2026;;
ПКНФ-000126;14.01.2026;Держатель для труб d20;Электротовары КСС ШУ;100;150;;;14.01.2026;;
ПКНФ-000126;14.01.2026;Наконечник штыревой втулочный изол. НШвИ 2.5-8 (уп.50шт);Электротовары КСС ШУ;12;4021;;25.08.2025;14.01.2026;;
ПКНФ-000126;14.01.2026;Провод ШВВП 2х0,75 белый;Электротовары КСС ШУ;9;138;;;14.01.2026;;
ПКНФ-000126;14.01.2026;Светильник светодиодный 12W/110-240V 4500К 690Лм IP54;Электротовары КСС ШУ;3;0;;;14.01.2026;;
ПКНФ-000126;14.01.2026;HDR-30-24 Блок питания, 24В,1.5А,36Вт;Электротовары КСС ШУ;1;4;;;14.01.2026;;
ПКНФ-000126;14.01.2026;Наконечник НШвИ(2) 1.5-8 (уп.50шт);Электротовары КСС ШУ;28;4425;;;14.01.2026;;
ПКНФ-000145;14.01.2026;Выключатель нагрузки 3п 20А ВН-32N;Электротовары КСС ШУ;1;8;;;14.01.2026;;
ПКНФ-000145;14.01.2026;Стяжка нейлоновая КСС 3х120 (б) (100шт);Электротовары КСС ШУ;20;0;;;14.01.2026;;
ПКНФ-000145;14.01.2026;Стяжка нейлоновая КСС 4х200 (б) (100шт);Электротовары КСС ШУ;15;0;;;14.01.2026;;
ПКНФ-000145;14.01.2026;Кабель КГВВнг(А)-LS 4х1.5;Электротовары КСС ШУ;8;162;;;14.01.2026;;
ПКНФ-000145;14.01.2026;Провод ПУГВнг(А)-LS 1х0,5 С;Электротовары КСС ШУ;11;1186;;;14.01.2026;;
ПКНФ-000145;14.01.2026;Наконечник штыревой втулочный изол. НШвИ(2) 0.5-8 (уп.50шт);Электротовары КСС ШУ;20;2348;;10.02.2026;14.01.2026;;
ПКНФ-000145;14.01.2026;Знак ""Земля"" круглый d20мм EKF an-1-04;Электротовары КСС ШУ;2;0;;10.02.2026;14.01.2026;;
ПКНФ-000145;14.01.2026;Наконечник кольцевой изол. НКИ 1.5-6 (уп.50шт);Электротовары КСС ШУ;18;0;;06.02.2026;14.01.2026;;
ПКНФ-000145;14.01.2026;Выключатель автоматический модульный 3п C 6А 4.5кА ВА 47-63;Электротовары КСС ШУ;3;45;;;14.01.2026;;
ПКНФ-000145;14.01.2026;Ограничитель на DIN-рейку 1 винт HDW-211;Электротовары КСС ШУ;24;0;;10.02.2026;14.01.2026;;
ПКНФ-000145;14.01.2026;Выключатель автоматический модульный 1п C 6А 4.5кА ВА 47-63;Электротовары КСС ШУ;2;86;;;14.01.2026;;
ПКНФ-000145;14.01.2026;Кабель-канал перфорированный 25х40 L2000 RL6 G DKC 01163RL;Электротовары КСС ШУ;1.5;1.5;;06.02.2026;14.01.2026;;
ПКНФ-000145;14.01.2026;Символ ""Молния"" (треугольник) 50х50х50мм;Электротовары КСС ШУ;1;37;;;14.01.2026;;
ПКНФ-000145;14.01.2026;DIN-рейка перфорированная L2000 1мм 35х7,5;Электротовары КСС ШУ;0.75;0.75;;06.02.2026;14.01.2026;;
ПКНФ-000145;14.01.2026;Частотный преобразователь ESQ-230-4T-0.7K 0.75кВт, 380В;Электротовары КСС ШУ;3;6;;;14.01.2026;;
ПКНФ-000145;14.01.2026;Термостат NO (охлаждение) на DIN-рейку 10А 230В IP20;Электротовары КСС ШУ;1;10;;;14.01.2026;;
ПКНФ-000145;14.01.2026;Колодка клеммная JXB-2.5/35 серая;Электротовары КСС ШУ;23;0;;10.02.2026;14.01.2026;;
ПКНФ-000145;14.01.2026;Заглушка для JXB-2,5/35 серая;Электротовары КСС ШУ;5;0;;10.02.2026;14.01.2026;;
ПКНФ-000145;14.01.2026;Провод ПуГВнг(А)-LS 1х1,5 Б;Электротовары КСС ШУ;25;40;;06.02.2026;14.01.2026;;
ПКНФ-000145;14.01.2026;Сальник PG21;Электротовары КСС ШУ;1;508;;;14.01.2026;;
ПКНФ-000145;14.01.2026;Колодка клеммная ЕК-16/80 JXB земля;Электротовары КСС ШУ;1;123;;06.12.2024;14.01.2026;;
ПКНФ-000145;14.01.2026;Крышка защитная на 8 модулей под вырез в шкафу MT-WPC8;Электротовары КСС ШУ;1;15;;29.01.2026;14.01.2026;;
ПКНФ-000145;14.01.2026;Программируемое реле ПР200-24.4.2.0;Электротовары КСС ШУ;1;8;;29.01.2026;14.01.2026;;
ПКНФ-000145;14.01.2026;Сальник PG 9;Электротовары КСС ШУ;100;100;;10.02.2026;14.01.2026;;
ПКНФ-000145;14.01.2026;Трубка термоус. ТУТ (HF)-4/2, красн. (уп.100м);Электротовары КСС ШУ;1.2;36.5;;;14.01.2026;;
ПКНФ-000145;14.01.2026;Трубка термоус. ТУТ (HF)-4/2, зел. (уп.100м);Электротовары КСС ШУ;1.2;36.3;;;14.01.2026;;
ПКНФ-000145;14.01.2026;Трубка термоус. ТУТ (HF)-4/2, желт. (уп.100м);Электротовары КСС ШУ;1.2;61;;;14.01.2026;;
ПКНФ-000145;14.01.2026;Колодка клеммная JXB-16/35 син.;Электротовары КСС ШУ;1;74;;06.12.2024;14.01.2026;;
ПКНФ-000145;14.01.2026;Наконечник штыревой втулочный изол. НШвИ 0.5-8 (уп.50шт);Электротовары КСС ШУ;54;11326;;;14.01.2026;;
ПКНФ-000145;14.01.2026;Наконечник штыревой втулочный изол. НШвИ 1.5-8 (уп.50шт);Электротовары КСС ШУ;58;1674;;10.02.2026;14.01.2026;;
ПКНФ-000145;14.01.2026;Саморез 4.2х13 металл-металл с прессшайбой сверло цинк (уп.200шт);Электротовары КСС ШУ;38;1050.91;;;14.01.2026;;
ПКНФ-000145;14.01.2026;Маркер для кабеля 0.5-1.5мм символ ""1"" (уп.200шт) ДКС;Электротовары КСС ШУ;18;8990;;;14.01.2026;;
ПКНФ-000145;14.01.2026;Маркер для кабеля 0.5-1.5мм символ ""2"" (уп.200шт) ДКС;Электротовары КСС ШУ;14;4410;;;14.01.2026;;
ПКНФ-000145;14.01.2026;Маркер для кабеля 0.5-1.5мм символ ""3"" (уп.200шт) ДКС;Электротовары КСС ШУ;6;4698;;;14.01.2026;;
ПКНФ-000145;14.01.2026;Сальник PG 16 10-14мм IP54;Электротовары КСС ШУ;3;155;;;14.01.2026;;
ПКНФ-000145;14.01.2026;Вентилятор с фильтром 52 м3/ч 124х124 мм;Электротовары КСС ШУ;1;1;;12.10.2025;14.01.2026;;
ПКНФ-000145;14.01.2026;Решетка вентиляционная с фильтром 124x124мм IP54;Электротовары КСС ШУ;1;1;;12.10.2025;14.01.2026;;
ПКНФ-000145;14.01.2026;MES 80.60.30, Шкаф компактный распределительный 800х600х300;Корпусы для ШУ;1;1;;02.01.2026;14.01.2026;;
ПКНФ-000145;14.01.2026;Кабель-канал перфорированный 15х30 L2000 RL75 G ДКС;Электротовары КСС ШУ;0.3;84.1;;;14.01.2026;;
ПКНФ-000145;14.01.2026;Колодка клеммная ЕК-2.5/25 JXB земля;Электротовары КСС ШУ;3;41;;08.06.2024;14.01.2026;;
ПКНФ-000145;14.01.2026;Маркер для кабеля 0.5-1.5мм символ ""0"" (уп.200шт) ДКС;Электротовары КСС ШУ;7;6334;;;14.01.2026;;
ПКНФ-000145;14.01.2026;Маркер для кабеля 0.5-1.5мм символ ""4"" (уп.200шт) ДКС;Электротовары КСС ШУ;14;724;;;14.01.2026;;
ПКНФ-000145;14.01.2026;Маркер для кабеля 0.5-1.5мм символ ""5"" (уп.200шт) ДКС;Электротовары КСС ШУ;6;5628;;;14.01.2026;;
ПКНФ-000145;14.01.2026;Маркер для кабеля 0.5-1.5мм символ ""6"" (уп.200шт) ДКС;Электротовары КСС ШУ;6;5552;;;14.01.2026;;
ПКНФ-000145;14.01.2026;Маркер для кабеля 0.5-1.5мм символ ""7"" (уп.200шт) ДКС;Электротовары КСС ШУ;6;1549;;;14.01.2026;;
ПКНФ-000145;14.01.2026;Маркер для кабеля 0.5-1.5мм символ ""8"" (уп.200шт) ДКС;Электротовары КСС ШУ;4;857;;;14.01.2026;;
ПКНФ-000145;14.01.2026;Маркер для кабеля 0.5-1.5мм символ ""9"" (уп.200шт) ДКС;Электротовары КСС ШУ;6;743;;;14.01.2026;;
ПКНФ-000145;14.01.2026;Маркер для JXB с нумерацией 1-10 (уп.100шт);Электротовары КСС ШУ;100;2681;;;14.01.2026;;
ПКНФ-000145;14.01.2026;Наконечник штыревой втулочный изол. НШвИ(2) 2.5-10 (уп.50шт);Электротовары КСС ШУ;18;2547;;;14.01.2026;;
ПКНФ-000145;14.01.2026;Провод ПУГВнг(А)-LS 1х0,5 Б;Электротовары КСС ШУ;33;2269;;;14.01.2026;;
ПКНФ-000145;14.01.2026;Провод ПУГВнг(А)-LS 1х0,5 К;Электротовары КСС ШУ;16;1149;;;14.01.2026;;
ПКНФ-000145;14.01.2026;Провод ПУГВнг(А)-LS 1х0,5 Ч;Электротовары КСС ШУ;16;1006;;;14.01.2026;;
ПКНФ-000145;14.01.2026;Провод ПУГВнг(А)-LS 1х1,5 ж/з;Электротовары КСС ШУ;8;433.8;;;14.01.2026;;
ПКНФ-000145;14.01.2026;Провод ПУГВнг(А)-LS 1х2,5 Б;Электротовары КСС ШУ;9;254;;;14.01.2026;;
ПКНФ-000145;14.01.2026;Спираль монтажная СМ-06-04 (10м);Электротовары КСС ШУ;0.1;2.441;;06.02.2026;14.01.2026;;
ПКНФ-000145;14.01.2026;Наконечник штыревой втулочный изол. НШвИ 2.5-8 (уп.50шт);Электротовары КСС ШУ;20;4019;;25.08.2025;14.01.2026;;
ПКНФ-000145;14.01.2026;Провод ШВВП 2х0,75 белый;Электротовары КСС ШУ;9;138;;;14.01.2026;;
ПКНФ-000145;14.01.2026;HDR-30-24 Блок питания, 24В,1.5А,36Вт;Электротовары КСС ШУ;1;4;;;14.01.2026;;
ПКНФ-000145;14.01.2026;Наконечник НШвИ(2) 1.5-8 (уп.50шт);Электротовары КСС ШУ;28;4391;;;14.01.2026;;
ПКНФ-000146;14.01.2026;Клемма двухуровневая винтовой зажим 4 точки подключения 2.5кв.мм сер.;Электротовары КСС ШУ;12;430;;;14.01.2026;;
ПКНФ-000146;14.01.2026;Выключатель автоматический для защиты двигателя 25-40А NS2-80B (R) CHINT 495087;Электротовары КСС ШУ;2;4;;;14.01.2026;;
ПКНФ-000146;14.01.2026;Утройство плавного пуска ESQ-GS9-022 (44А, 380В, 22кВт, встроенный шунтирующий контактор);Электротовары КСС ШУ;2;0;;27.01.2026;14.01.2026;;
ПКНФ-000146;14.01.2026;Кабель-канал перфорированный 40х60 L2000 RL6 G DKC 01163RL;Электротовары КСС ШУ;3.5;32.5;;;14.01.2026;;
ПКНФ-000146;14.01.2026;Матрица светодиодная AD16-22HS крас. EKF ledm-ad16-r;Электротовары КСС ШУ;3;0;;06.02.2026;14.01.2026;;
ПКНФ-000146;14.01.2026;Провод ПУГВнг(А)-LS 1х0,5 С;Электротовары КСС ШУ;22;1197;;;14.01.2026;;
ПКНФ-000146;14.01.2026;Наконечник штыревой втулочный изол. НШвИ(2) 0.5-8 (уп.50шт);Электротовары КСС ШУ;54;2382;;10.02.2026;14.01.2026;;
ПКНФ-000146;14.01.2026;Знак ""Земля"" круглый d20мм EKF an-1-04;Электротовары КСС ШУ;2;0;;10.02.2026;14.01.2026;;
ПКНФ-000146;14.01.2026;Термостат NC (обогрев) на DIN-рейку 10А 230В IP20;Электротовары КСС ШУ;1;41;;;14.01.2026;;
ПКНФ-000146;14.01.2026;Выключатель автоматический модульный 3п C 6А 4.5кА ВА 47-63;Электротовары КСС ШУ;2;44;;;14.01.2026;;
ПКНФ-000146;14.01.2026;Трубка термоусадочная ТТУ нг-LS 2/1 красн. 1м IEK UDRS-D2-1-K04;Электротовары КСС ШУ;1;78.25;;;14.01.2026;;
ПКНФ-000146;14.01.2026;Трубка термоусадочная ТТУ нг-LS 2/1 желт. 1м IEK UDRS-D2-1-K05;Электротовары КСС ШУ;1.5;68.5;;;14.01.2026;;
ПКНФ-000146;14.01.2026;Трубка термоусадочная ТТУ нг-LS 2/1 зел. 1м IEK UDRS-D2-1-K06;Электротовары КСС ШУ;1;168.25;;;14.01.2026;;
ПКНФ-000146;14.01.2026;Ограничитель на DIN-рейку 1 винт HDW-211;Электротовары КСС ШУ;24;0;;10.02.2026;14.01.2026;;
ПКНФ-000146;14.01.2026;Выключатель автоматический модульный 1п C 6А 4.5кА ВА 47-63;Электротовары КСС ШУ;6;90;;;14.01.2026;;
ПКНФ-000146;14.01.2026;Кабель-канал перфорированный 25х40 L2000 RL6 G DKC 01163RL;Электротовары КСС ШУ;1.5;1.5;;06.02.2026;14.01.2026;;
ПКНФ-000146;14.01.2026;Шина нулевая ""N"" на DIN-рейку в корпусе 4х7 групп;Электротовары КСС ШУ;1;31;;;14.01.2026;;
ПКНФ-000146;14.01.2026;Держатель маркировки LH 20х25мм;Электротовары КСС ШУ;12;291;;;14.01.2026;;
ПКНФ-000146;14.01.2026;Символ ""Молния"" (треугольник) 50х50х50мм;Электротовары КСС ШУ;1;37;;;14.01.2026;;
ПКНФ-000146;14.01.2026;Обогреватель на DIN-рейку клеммный 45Вт 230В IP20;Электротовары КСС ШУ;1;10;;;14.01.2026;;
ПКНФ-000146;14.01.2026;Саморез 4.2х25 металл-металл с прессшайбой сверло цинк (уп.200шт);Электротовары КСС ШУ;14;456;;;14.01.2026;;
ПКНФ-000146;14.01.2026;Переключатель BG33 3P 2NO короткая ручка;Электротовары КСС ШУ;2;0;;;14.01.2026;;
ПКНФ-000146;14.01.2026;DIN-рейка перфорированная L2000 1мм 35х7,5;Электротовары КСС ШУ;2;2;;06.02.2026;14.01.2026;;
ПКНФ-000146;14.01.2026;Шайба гроверная оц.М6 DIN 127;Оцинкованные метизы (ПК КСС);0.002;0.047;;;14.01.2026;;
ПКНФ-000146;14.01.2026;Контакт дополнительный NS2-AU11 для NS2-80B (длинный шток) (R) CHINT 495972;Электротовары КСС ШУ;2;7;;;14.01.2026;;
ПКНФ-000146;14.01.2026;Провод ПуГВнг(А)-LS 1х10 С;Электротовары КСС ШУ;3;0;;12.10.2025;14.01.2026;;
ПКНФ-000146;14.01.2026;Сальник PG 36 диаметр проводника 22-32 мм IP54;Электротовары КСС ШУ;2;15;;;14.01.2026;;
ПКНФ-000146;14.01.2026;Зажим наборный ЗНИ-16мм2 (JXB100А) серый;Электротовары КСС ШУ;9;129;;;14.01.2026;;
ПКНФ-000146;14.01.2026;Колодка клеммная JXB-2.5/35 серая;Электротовары КСС ШУ;24;0;;10.02.2026;14.01.2026;;
ПКНФ-000146;14.01.2026;Заглушка для JXB-2,5/35 серая;Электротовары КСС ШУ;3;0;;10.02.2026;14.01.2026;;
ПКНФ-000146;14.01.2026;Колодка клеммная JXB-35/35 синяя;Электротовары КСС ШУ;1;75;;;14.01.2026;;
ПКНФ-000146;14.01.2026;Сальник PG 29 (d проводника 18-24мм, D резьбовой 36мм) IP54;Электротовары КСС ШУ;2;0;;10.02.2026;14.01.2026;;
ПКНФ-000146;14.01.2026;Колодка клеммная JXB-2.5/35 синяя;Электротовары КСС ШУ;2;72;;10.02.2026;14.01.2026;;
ПКНФ-000146;14.01.2026;Механизм блокировки для КМЭ (40А-95А);Электротовары КСС ШУ;1;103;;;14.01.2026;;
ПКНФ-000146;14.01.2026;Колодка клеммная ЕК-16/80 JXB земля;Электротовары КСС ШУ;3;125;;06.12.2024;14.01.2026;;
ПКНФ-000146;14.01.2026;CCU825-HOME/DB/AE-PC (GSM контроллер CCU825-HOME;Электротовары КСС ШУ;1;2;;;14.01.2026;;
ПКНФ-000146;14.01.2026;Изолятор торцевой для клемм KRUKB-3-5 DKC D-KRUKB-3-5;Электротовары КСС ШУ;1;185;;;14.01.2026;;
ПКНФ-000146;14.01.2026;Сальник PG 9;Электротовары КСС ШУ;100;100;;10.02.2026;14.01.2026;;
ПКНФ-000146;14.01.2026;Наконечник штыревой втулочный изол. НШвИ 6.0-12 (уп.50шт);Электротовары КСС ШУ;38;1262;;25.08.2025;14.01.2026;;
ПКНФ-000146;14.01.2026;Наконечник штыревой втулочный изол. НШвИ 10.0-12 (уп.50шт);Электротовары КСС ШУ;26;590;;;14.01.2026;;
ПКНФ-000146;14.01.2026;Наконечник штыревой втулочный изол. НШвИ(2) 10.0-14 (уп.50шт);Электротовары КСС ШУ;9;483;;;14.01.2026;;
ПКНФ-000146;14.01.2026;Хомут 2,5х150 нейл. (уп.100 шт);Электротовары КСС ШУ;30;0;;;14.01.2026;;
ПКНФ-000146;14.01.2026;Трубка термоус. ТУТ (HF)-16/8, красн. (уп.50м);Электротовары КСС ШУ;1.5;35;;;14.01.2026;;
ПКНФ-000146;14.01.2026;Выключатель нагрузки 3п 63А ВН-63N;Электротовары КСС ШУ;2;20;;;14.01.2026;;
ПКНФ-000146;14.01.2026;Колодка клеммная ЕК-35/125 JXB земля;Электротовары КСС ШУ;1;33;;19.02.2025;14.01.2026;;
ПКНФ-000146;14.01.2026;Контактор КМЭ 65А 220В NO+NC;Электротовары КСС ШУ;2;1;;;14.01.2026;;
ПКНФ-000146;14.01.2026;Наконечник кабельный ТМЛ(DIN) 6-6;Электротовары КСС ШУ;14;84;;;14.01.2026;;
ПКНФ-000146;14.01.2026;Лента двусторонняя клейкая (скотч), 20 ммх5 м, прозрачная;Электротовары КСС ШУ;2;18;;;14.01.2026;;
ПКНФ-000146;14.01.2026;Лента двусторонняя клейкая (скотч), 12 ммх5 м, прозрачная;Электротовары КСС ШУ;2;29;;;14.01.2026;;
ПКНФ-000146;14.01.2026;Реле контроля наличия и чередования фаз CKF-318-1;Электротовары КСС ШУ;2;35;;;14.01.2026;;
ПКНФ-000146;14.01.2026;Наконечник штыревой втулочный изол. НШвИ 0.5-8 (уп.50шт);Электротовары КСС ШУ;78;11350;;;14.01.2026;;
ПКНФ-000146;14.01.2026;Саморез 4.2х13 металл-металл с прессшайбой сверло цинк (уп.200шт);Электротовары КСС ШУ;42;1054.91;;;14.01.2026;;
ПКНФ-000146;14.01.2026;Маркер для кабеля 0.5-1.5мм символ ""1"" (уп.200шт) ДКС;Электротовары КСС ШУ;41;9013;;;14.01.2026;;
ПКНФ-000146;14.01.2026;Маркер для кабеля 0.5-1.5мм символ ""2"" (уп.200шт) ДКС;Электротовары КСС ШУ;43;4439;;;14.01.2026;;
ПКНФ-000146;14.01.2026;Маркер для кабеля 0.5-1.5мм символ ""3"" (уп.200шт) ДКС;Электротовары КСС ШУ;35;4727;;;14.01.2026;;
ПКНФ-000146;14.01.2026;Маркер для JXB с нумерацией 1-50 (уп.100шт);Электротовары КСС ШУ;500;9397;;;14.01.2026;;
ПКНФ-000146;14.01.2026;Сальник PG 16 10-14мм IP54;Электротовары КСС ШУ;2;154;;;14.01.2026;;
ПКНФ-000146;14.01.2026;Вентилятор с фильтром 52 м3/ч 124х124 мм;Электротовары КСС ШУ;1;1;;12.10.2025;14.01.2026;;
ПКНФ-000146;14.01.2026;Решетка вентиляционная с фильтром 124x124мм IP54;Электротовары КСС ШУ;1;1;;12.10.2025;14.01.2026;;
ПКНФ-000146;14.01.2026;Болт оцинк. М6х20 DIN 933;Оцинкованные метизы (ПК КСС);0.002;0.003;;;14.01.2026;;
ПКНФ-000146;14.01.2026;Гайка оцинк. DIN 934 М6;Оцинкованные метизы (ПК КСС);0.002;0.047;;04.03.2025;14.01.2026;;
ПКНФ-000146;14.01.2026;ID 100.80, Дверь внутренняя глухая для корпуса MEV 1000х800;Корпусы для ШУ;1;0;;;14.01.2026;;
ПКНФ-000146;14.01.2026;MES 100.80.30, Шкаф компактный распределительный 1000х800х300;Корпусы для ШУ;1;1;;;14.01.2026;;
ПКНФ-000146;14.01.2026;RKE4CO024LT Реле 4CO, 5A (250VAC/30VDC), 24VDC, мех. индикация, тест-кнопка с блокировкой, LED;Электротовары КСС ШУ;4;96;;;14.01.2026;;
ПКНФ-000146;14.01.2026;Блок автоматики KQ510;Электротовары КСС ШУ;2;7;03.12.2024;03.12.2024;14.01.2026;;
ПКНФ-000146;14.01.2026;Зажим наборный ЗНИ-2,5PEN 2,5мм2 (JXB-земля);Электротовары КСС ШУ;2;153;;;14.01.2026;;
ПКНФ-000146;14.01.2026;Лампа AD-22DS(LED) матрица d22мм желтый 230В;Электротовары КСС ШУ;2;132;;;14.01.2026;;
ПКНФ-000146;14.01.2026;Лампа AD-22DS(LED) матрица d22мм зеленый 230В;Электротовары КСС ШУ;5;26;;;14.01.2026;;
ПКНФ-000146;14.01.2026;Маркер для кабеля 0.5-1.5мм символ ""0"" (уп.200шт) ДКС;Электротовары КСС ШУ;29;6356;;;14.01.2026;;
ПКНФ-000146;14.01.2026;Маркер для кабеля 0.5-1.5мм символ ""4"" (уп.200шт) ДКС;Электротовары КСС ШУ;38;748;;;14.01.2026;;
ПКНФ-000146;14.01.2026;Маркер для кабеля 0.5-1.5мм символ ""5"" (уп.200шт) ДКС;Электротовары КСС ШУ;17;5639;;;14.01.2026;;
ПКНФ-000146;14.01.2026;Маркер для кабеля 0.5-1.5мм символ ""6"" (уп.200шт) ДКС;Электротовары КСС ШУ;21;5567;;;14.01.2026;;
ПКНФ-000146;14.01.2026;Маркер для кабеля 0.5-1.5мм символ ""7"" (уп.200шт) ДКС;Электротовары КСС ШУ;18;1561;;;14.01.2026;;
ПКНФ-000146;14.01.2026;Маркер для кабеля 0.5-1.5мм символ ""8"" (уп.200шт) ДКС;Электротовары КСС ШУ;28;881;;;14.01.2026;;
ПКНФ-000146;14.01.2026;Маркер для кабеля 0.5-1.5мм символ ""9"" (уп.200шт) ДКС;Электротовары КСС ШУ;34;771;;;14.01.2026;;
ПКНФ-000146;14.01.2026;Маркер для JXB с нумерацией 1-10 (уп.100шт);Электротовары КСС ШУ;500;3081;;;14.01.2026;;
ПКНФ-000146;14.01.2026;Провод ПУГВнг(А)-LS 1х0,5 Б;Электротовары КСС ШУ;79;2315;;;14.01.2026;;
ПКНФ-000146;14.01.2026;Провод ПУГВнг(А)-LS 1х0,5 К;Электротовары КСС ШУ;24;1157;;;14.01.2026;;
ПКНФ-000146;14.01.2026;Провод ПУГВнг(А)-LS 1х0,5 Ч;Электротовары КСС ШУ;26;1016;;;14.01.2026;;
ПКНФ-000146;14.01.2026;Провод ПУГВнг(А)-LS 1х10 Б;Электротовары КСС ШУ;12;0;;;14.01.2026;;
ПКНФ-000146;14.01.2026;Провод ПуГВнг(А)-LS 1х10 Ж/З;Электротовары КСС ШУ;1.5;41;;12.10.2025;14.01.2026;;
ПКНФ-000146;14.01.2026;Провод ПУГВнг(А)-LS 1х6 Б;Электротовары КСС ШУ;18;0;;10.02.2026;14.01.2026;;
ПКНФ-000146;14.01.2026;Провод ПуГВнг(А)-LS 1х6 Ж/З;Электротовары КСС ШУ;9;171;;;14.01.2026;;
ПКНФ-000146;14.01.2026;Программируемое реле ПР200-24.2.2.0;Электротовары КСС ШУ;1;4;;;14.01.2026;;
ПКНФ-000146;14.01.2026;Реле RFT2CO730LT, 2CO, 8A(250VAC/30VDC), 230VAC, LED, мех. инд., тест-кнопка;Электротовары КСС ШУ;3;21;;29.01.2026;14.01.2026;;
ПКНФ-000146;14.01.2026;Спираль монтажная СМ-06-04 (10м);Электротовары КСС ШУ;0.3;2.641;;06.02.2026;14.01.2026;;
ПКНФ-000146;14.01.2026;Трубка термоус. ТУТ (HF)-16/8, желт. (уп.50м) (КВТ);Электротовары КСС ШУ;1.5;35;;;14.01.2026;;
ПКНФ-000146;14.01.2026;Трубка термоус. ТУТ (HF)-16/8, зел. (уп.50м) КВТ;Электротовары КСС ШУ;1.5;85;;;14.01.2026;;
ПКНФ-000146;14.01.2026;Трубка термоус. ТУТ (HF)-8/4, жел. (уп.50м) КВТ;Электротовары КСС ШУ;1;21.8;;;14.01.2026;;
ПКНФ-000146;14.01.2026;Трубка термоус. ТУТ (HF)-8/4, зел. (уп.50м) КВТ;Электротовары КСС ШУ;1;21.8;;;14.01.2026;;
ПКНФ-000146;14.01.2026;Трубка термоус. ТУТ (HF)-8/4, красн. (уп.50м) КВТ;Электротовары КСС ШУ;1;23;;;14.01.2026;;
ПКНФ-000146;14.01.2026;Цоколь SKC14-E, 10A(300V), черный, на рейку DIN35/панель, для RKE4CO, RKF4CO;Электротовары КСС ШУ;4;0;;02.02.2026;14.01.2026;;
ПКНФ-000146;14.01.2026;Цоколь SRU08-E, 10A(300V), черный, на рейку DIN35/панель, для RFT2CO;Электротовары КСС ШУ;3;0;;02.02.2026;14.01.2026;;
ПКНФ-000146;14.01.2026;Шайба плоская оц. М6 DIN 125;Оцинкованные метизы (ПК КСС);0.002;0.17;;25.08.2025;14.01.2026;;
ПКНФ-000146;14.01.2026;HDR-30-24 Блок питания, 24В,1.5А,36Вт;Электротовары КСС ШУ;1;4;;;14.01.2026;;
ПКНФ-000029;14.01.2026;Пластина 100х40 (AISI 304);Нержавеющие трубы, листы, круги, сетки(ПК КСС);10;30;;;14.01.2026;;
ПКНФ-000029;14.01.2026;Труба 40х20х2 (AISI304);Нержавеющие трубы, листы, круги, сетки(ПК КСС);1.5;50.5;09.09.2025;09.09.2025;14.01.2026;;
ПКНФ-000029;14.01.2026;Труба 25х25х2 (AISI 304);Нержавеющие трубы, листы, круги, сетки(ПК КСС);18;59;05.08.2025;05.08.2025;14.01.2026;;
ПКНФ-000030;14.01.2026;Фланец 114,3  (AISI304, 08*18H10, PN10/16) плоский;Нержавеющие фланцы и фиттинги (ПК КСС);8;21;05.08.2025;26.05.2025;14.01.2026;;
ПКНФ-000030;14.01.2026;Отбортовка 114,3х2,0 AISI304;Нержавеющие фланцы и фиттинги (ПК КСС);4;98;;;14.01.2026;;
ПКНФ-000030;14.01.2026;Отвод 114,3х2,0 мм AISI 304;Нержавеющие фланцы и фиттинги (ПК КСС);4;8;;;14.01.2026;;
ПКНФ-000030;14.01.2026;Труба СВ 114,3х2,0мм 08Х18Н10 (AISI 304);Нержавеющие трубы, листы, круги, сетки(ПК КСС);5;43.6;;22.10.2024;14.01.2026;;
ПКНФ-000131;16.01.2026;Шпилька резьб. б.ц.  DIN 975 М10х1000  оц.;Оцинкованные метизы (ПК КСС);0.001;0.008;07.10.2024;07.10.2024;16.01.2026;;
ПКНФ-000131;16.01.2026;Насос CHLFT20-40LSWPC, 4.4кВт, резьб.соед., 3х380В, 50Гц, чугун, 70 С (ПК);Насосы CNP (ПК КСС);3;3;;;16.01.2026;;
ПКНФ-000131;16.01.2026;Шайба гроверная оц.Ф10 DIN 127;Оцинкованные метизы (ПК КСС);0.002;1.31;;;16.01.2026;;
ПКНФ-000131;16.01.2026;Гайка шестигр.М10 оц. DIN934;Оцинкованные метизы (ПК КСС);0.004;1.105;07.10.2024;07.10.2024;16.01.2026;;
ПКНФ-000131;16.01.2026;Болт оцинк. М12х40 DIN 933;Оцинкованные метизы (ПК КСС);0.012;0.016;;27.06.2024;16.01.2026;;
ПКНФ-000131;16.01.2026;Шайба плоская оц. М12  DIN 125;Оцинкованные метизы (ПК КСС);0.032;1.561;;03.06.2024;16.01.2026;;
ПКНФ-000131;16.01.2026;Болт оцинк. М16х120 DIN933;Оцинкованные метизы (ПК КСС);0.036;0.38;;27.06.2024;16.01.2026;;
ПКНФ-000131;16.01.2026;Реле давления РД-2Р 0,5..1,6МПа, G1/4"" ;Датчики уровня, преобразователи, реле (ПК КСС);1;5;;;16.01.2026;;
ПКНФ-000131;16.01.2026;Хомут для стандартных нагрузок PI-SD 5"", М8/10, 136-142;Арматура (ПК КСС);2;0;;;16.01.2026;;
ПКНФ-000131;16.01.2026;7649.1У - Коллекторы, патрубки;Составные части трубопровода (Пк КСС);1;0;02.02.2026;;16.01.2026;ПКНФ-000120;22.01.2026
ПКНФ-000131;16.01.2026;7649.1У - Рама, стойка;Составные части трубопровода (Пк КСС);1;0;02.02.2026;;16.01.2026;ПКНФ-000119;22.01.2026
ПКНФ-000131;16.01.2026;Шаровой кран латунный 1/2"" ВР, с дренажем и воздухоотводчиком, ручка-бабочка, Pride LD 44.344.15;Арматура (ПК КСС);2;31;;;16.01.2026;;
ПКНФ-000131;16.01.2026;Ниппель прямой никелированный 1/2"" НР. LD Pride LD.67.501.15;Арматура (ПК КСС);2;29;;;16.01.2026;;
ПКНФ-000131;16.01.2026;Манометр с поверкой тип ТМ-310Т.00, 0..1,6 МПа, 63 мм, G1/4""(сзади), кл.1,5, корпус-сталь, Росма 000;Расходомеры, манометры (ПК КСС);2;23;;21.01.2026;16.01.2026;;
ПКНФ-000131;16.01.2026;Муфта никелированная 1/2"" ВР, LD Pride LD.67.502.15;Арматура (ПК КСС);2;20;;;16.01.2026;;
ПКНФ-000131;16.01.2026;Рым-болт DIN 580 М 12;Оцинкованные метизы (ПК КСС);4;11.992;;;16.01.2026;;
ПКНФ-000131;16.01.2026;Преобразователь давления EKF PRT-100-1.6-1.0-G2;Датчики уровня, преобразователи, реле (ПК КСС);1;34;;;16.01.2026;;
ПКНФ-000131;16.01.2026;Шайба оцинк гровер М12 DIN 127;Оцинкованные метизы (ПК КСС);0.016;0.954;;03.06.2024;16.01.2026;;
ПКНФ-000131;16.01.2026;Шайба гроверная оц. Ф16 DIN 127;Оцинкованные метизы (ПК КСС);0.036;0.861;;27.06.2024;16.01.2026;;
ПКНФ-000131;16.01.2026;Шайба плоская оц. М10  DIN 125;Оцинкованные метизы (ПК КСС);0.004;2.178;;25.08.2025;16.01.2026;;
ПКНФ-000131;16.01.2026;Затвор Ridval тип RVB 01 DN50 PN16 рукоятка, синий;Арматура (ПК КСС);6;8;;;16.01.2026;;
ПКНФ-000131;16.01.2026;Клапан Ridval тип RVC 20 DN50 PN16, синий;Арматура (ПК КСС);3;10;;;16.01.2026;;
ПКНФ-000131;16.01.2026;Гайка шестигр. оц М12 DIN934;Оцинкованные метизы (ПК КСС);0.016;1.193;;03.06.2024;16.01.2026;;
ПКНФ-000131;16.01.2026;Гайка шестигр. оц М16  (тыс шт);Оцинкованные метизы (ПК КСС);0.036;0.676;;27.06.2024;16.01.2026;;
ПКНФ-000131;16.01.2026;Прокладка (паронит) 50;Полиэтелен, корсис, прагма, НПВХ (ПК КСС);9;70.994;;;16.01.2026;;
ПКНФ-000131;16.01.2026;Футорка ник. латун. 1/2х 1/4;Арматура (ПК КСС);1;42;;;16.01.2026;;
ПКНФ-000131;16.01.2026;Шайба плоская оц.М16  DIN 125;Оцинкованные метизы (ПК КСС);0.064;1.497;;27.06.2024;16.01.2026;;
ПКНФ-000116;19.01.2026;Наконечник кабельный штифтовой НШМЛ 10-12 медный луженый;Электротовары КСС ШУ;12;32;;;19.01.2026;;
ПКНФ-000116;19.01.2026;Кабель-канал перфорированный 40х60 L2000 RL6 G DKC 01163RL;Электротовары КСС ШУ;3;32;;;19.01.2026;;
ПКНФ-000116;19.01.2026;Матрица светодиодная AD16-22HS крас. EKF ledm-ad16-r;Электротовары КСС ШУ;3;3;;06.02.2026;19.01.2026;;
ПКНФ-000116;19.01.2026;Провод ПУГВнг(А)-LS 1х0,5 С;Электротовары КСС ШУ;24;1199;;;19.01.2026;;
ПКНФ-000116;19.01.2026;Наконечник штыревой втулочный изол. НШвИ(2) 0.5-8 (уп.50шт);Электротовары КСС ШУ;74;2402;;10.02.2026;19.01.2026;;
ПКНФ-000116;19.01.2026;Знак ""Земля"" круглый d20мм EKF an-1-04;Электротовары КСС ШУ;2;0;;10.02.2026;19.01.2026;;
ПКНФ-000116;19.01.2026;Выключатель автоматический модульный 3п C 6А 4.5кА ВА 47-63;Электротовары КСС ШУ;2;44;;;19.01.2026;;
ПКНФ-000116;19.01.2026;Ограничитель на DIN-рейку 1 винт HDW-211;Электротовары КСС ШУ;30;0;;10.02.2026;19.01.2026;;
ПКНФ-000116;19.01.2026;Выключатель автоматический модульный 1п C 6А 4.5кА ВА 47-63;Электротовары КСС ШУ;5;89;;;19.01.2026;;
ПКНФ-000116;19.01.2026;Кабель-канал перфорированный 25х40 L2000 RL6 G DKC 01163RL;Электротовары КСС ШУ;1.5;1.5;;06.02.2026;19.01.2026;;
ПКНФ-000116;19.01.2026;Держатель маркировки LH 20х25мм;Электротовары КСС ШУ;12;291;;;19.01.2026;;
ПКНФ-000116;19.01.2026;Символ ""Молния"" (треугольник) 50х50х50мм;Электротовары КСС ШУ;1;37;;;19.01.2026;;
ПКНФ-000116;19.01.2026;Термостат NO+NC (охлаждение и обогрев) на DIN-рейку 10A 230В IP20;Электротовары КСС ШУ;1;22;;;19.01.2026;;
ПКНФ-000116;19.01.2026;Саморез 4.2х25 металл-металл с прессшайбой сверло цинк (уп.200шт);Электротовары КСС ШУ;12;454;;;19.01.2026;;
ПКНФ-000116;19.01.2026;Устройство плавного пуска ESQ-GS9mini-030 (60А, 380В, 30кВт, встроенный шунтирующий контактор);Электротовары КСС ШУ;2;2;;;19.01.2026;;
ПКНФ-000116;19.01.2026;Контакт дополнительный NS2-AU20 для NS2-80 CHINT;Электротовары КСС ШУ;2;2;;;19.01.2026;;
ПКНФ-000116;19.01.2026;ИСКРА пассивный барьер искрозащиты  ИСКРА-АТ.03;Электротовары КСС ШУ;1;1;;;19.01.2026;;
ПКНФ-000116;19.01.2026;ИСКРА пассивный барьер искрозащиты ИСКРА-СК2.03;Электротовары КСС ШУ;2;2;;;19.01.2026;;
ПКНФ-000116;19.01.2026;DIN-рейка перфорированная L2000 1мм 35х7,5;Электротовары КСС ШУ;2;2;;06.02.2026;19.01.2026;;
ПКНФ-000116;19.01.2026;Рубильник 3п 100А с рукояткой управления для прямой установки;Электротовары КСС ШУ;2;0;;;19.01.2026;;
ПКНФ-000116;19.01.2026;Шайба гроверная оц.М6 DIN 127;Оцинкованные метизы (ПК КСС);0.006;0.047;;;19.01.2026;;
ПКНФ-000116;19.01.2026;Выключатель автоматический для защиты двигателя 40-63А NS2-80B (R) CHINT 495088;Электротовары КСС ШУ;2;3;;;19.01.2026;;
ПКНФ-000116;19.01.2026;Провод ПуГВнг(А)-LS 1х10 С;Электротовары КСС ШУ;3;0;;12.10.2025;19.01.2026;;
ПКНФ-000116;19.01.2026;Обогреватель на DIN-рейку клеммный 75Вт 230В;Электротовары КСС ШУ;1;2;;;19.01.2026;;
ПКНФ-000116;19.01.2026;Колодка клеммная JXB-2.5/35 серая;Электротовары КСС ШУ;22;0;;10.02.2026;19.01.2026;;
ПКНФ-000116;19.01.2026;Заглушка для JXB-2,5/35 серая;Электротовары КСС ШУ;4;0;;10.02.2026;19.01.2026;;
ПКНФ-000116;19.01.2026;Колодка клеммная JXB-35/35 синяя;Электротовары КСС ШУ;2;76;;;19.01.2026;;
ПКНФ-000116;19.01.2026;Сальник PG 29 (d проводника 18-24мм, D резьбовой 36мм) IP54;Электротовары КСС ШУ;2;0;;10.02.2026;19.01.2026;;
ПКНФ-000116;19.01.2026;Контактор КМЭ 95А 220В/АС3 1НО 1Н3;Электротовары КСС ШУ;2;3;;09.02.2026;19.01.2026;;
ПКНФ-000116;19.01.2026;Механизм блокировки для КМЭ (40А-95А);Электротовары КСС ШУ;1;103;;;19.01.2026;;
ПКНФ-000116;19.01.2026;Колодка клеммная ЕК-6/40 JXB земля;Электротовары КСС ШУ;2;12;;06.12.2024;19.01.2026;;
ПКНФ-000116;19.01.2026;Кабель витая пара F/UTP кат.5E 1х2х24AWG solid CU PVC сер (м);Электротовары КСС ШУ;5;689;;;19.01.2026;;
ПКНФ-000116;19.01.2026;Сальник PG 9;Электротовары КСС ШУ;100;100;;10.02.2026;19.01.2026;;
ПКНФ-000116;19.01.2026;Наконечник штыревой втулочный изол. НШвИ 6.0-12 (уп.50шт);Электротовары КСС ШУ;54;1278;;25.08.2025;19.01.2026;;
ПКНФ-000116;19.01.2026;Наконечник штыревой втулочный изол. НШвИ(2) 16.0-14 (уп.50шт);Электротовары КСС ШУ;6;282;;;19.01.2026;;
ПКНФ-000116;19.01.2026;Хомут 2,5х150 нейл. (уп.100 шт);Электротовары КСС ШУ;50;0;;;19.01.2026;;
ПКНФ-000116;19.01.2026;Трубка термоус. ТУТ (HF)-14/7, красн. (уп.50м) ;Электротовары КСС ШУ;1;32;;14.02.2025;19.01.2026;;
ПКНФ-000116;19.01.2026;Трубка термоус. ТУТ (HF)-14/7, зел. (уп.50м);Электротовары КСС ШУ;1;0;;;19.01.2026;;
ПКНФ-000116;19.01.2026;Трубка термоус. ТУТ (HF)-14/7, желт. (уп.50м);Электротовары КСС ШУ;1;167;;;19.01.2026;;
ПКНФ-000116;19.01.2026;Колодка клеммная JXB-6/35 (50а) сер.;Электротовары КСС ШУ;6;84;;;19.01.2026;;
ПКНФ-000116;19.01.2026;Колодка клеммная ЕК-35/125 JXB земля;Электротовары КСС ШУ;2;34;;19.02.2025;19.01.2026;;
ПКНФ-000116;19.01.2026;Реле контроля наличия и чередования фаз CKF-318-1;Электротовары КСС ШУ;2;35;;;19.01.2026;;
ПКНФ-000116;19.01.2026;Наконечник штыревой втулочный изол. НШвИ 0.5-8 (уп.50шт);Электротовары КСС ШУ;158;11430;;;19.01.2026;;
ПКНФ-000116;19.01.2026;Наконечник кольцевой изол. НКИ 6.0-6 (уп.50шт);Электротовары КСС ШУ;12;705;;;19.01.2026;;
ПКНФ-000116;19.01.2026;Саморез 4.2х13 металл-металл с прессшайбой сверло цинк (уп.200шт);Электротовары КСС ШУ;42;1054.91;;;19.01.2026;;
ПКНФ-000116;19.01.2026;Маркер для кабеля 0.5-1.5мм символ ""1"" (уп.200шт) ДКС;Электротовары КСС ШУ;52;9024;;;19.01.2026;;
ПКНФ-000116;19.01.2026;Маркер для кабеля 0.5-1.5мм символ ""2"" (уп.200шт) ДКС;Электротовары КСС ШУ;68;4464;;;19.01.2026;;
ПКНФ-000116;19.01.2026;Маркер для кабеля 0.5-1.5мм символ ""3"" (уп.200шт) ДКС;Электротовары КСС ШУ;69;4761;;;19.01.2026;;
ПКНФ-000116;19.01.2026;Маркер для JXB с нумерацией 1-50 (уп.100шт);Электротовары КСС ШУ;200;9097;;;19.01.2026;;
ПКНФ-000116;19.01.2026;Сальник PG 16 10-14мм IP54;Электротовары КСС ШУ;6;158;;;19.01.2026;;
ПКНФ-000116;19.01.2026;Вентилятор с фильтром 52 м3/ч 124х124 мм;Электротовары КСС ШУ;1;1;;12.10.2025;19.01.2026;;
ПКНФ-000116;19.01.2026;Решетка вентиляционная с фильтром 124x124мм IP54;Электротовары КСС ШУ;1;1;;12.10.2025;19.01.2026;;
ПКНФ-000116;19.01.2026;Болт оцинк. М6х20 DIN 933;Оцинкованные метизы (ПК КСС);0.002;0.003;;;19.01.2026;;
ПКНФ-000116;19.01.2026;Гайка оцинк. DIN 934 М6;Оцинкованные метизы (ПК КСС);0.006;0.047;;04.03.2025;19.01.2026;;
ПКНФ-000116;19.01.2026;ID 100.80, Дверь внутренняя глухая для корпуса MEV 1000х800;Корпусы для ШУ;1;1;;;19.01.2026;;
ПКНФ-000116;19.01.2026;MES 100.80.30, Шкаф компактный распределительный 1000х800х300;Корпусы для ШУ;1;1;;;19.01.2026;;
ПКНФ-000116;19.01.2026;RKE4CO024LT Реле 4CO, 5A (250VAC/30VDC), 24VDC, мех. индикация, тест-кнопка с блокировкой, LED;Электротовары КСС ШУ;3;95;;;19.01.2026;;
ПКНФ-000116;19.01.2026;Колодка клеммная ЕК-2.5/25 JXB земля;Электротовары КСС ШУ;4;42;;08.06.2024;19.01.2026;;
ПКНФ-000116;19.01.2026;Лампа AD-22DS(LED) матрица d22мм желтый 230В;Электротовары КСС ШУ;2;132;;;19.01.2026;;
ПКНФ-000116;19.01.2026;Лампа AD-22DS(LED) матрица d22мм зеленый 230В;Электротовары КСС ШУ;5;26;;;19.01.2026;;
ПКНФ-000116;19.01.2026;Маркер для кабеля 0.5-1.5мм символ ""0"" (уп.200шт) ДКС;Электротовары КСС ШУ;79;6406;;;19.01.2026;;
ПКНФ-000116;19.01.2026;Маркер для кабеля 0.5-1.5мм символ ""4"" (уп.200шт) ДКС;Электротовары КСС ШУ;58;768;;;19.01.2026;;
ПКНФ-000116;19.01.2026;Маркер для кабеля 0.5-1.5мм символ ""5"" (уп.200шт) ДКС;Электротовары КСС ШУ;54;5676;;;19.01.2026;;
ПКНФ-000116;19.01.2026;Маркер для кабеля 0.5-1.5мм символ ""6"" (уп.200шт) ДКС;Электротовары КСС ШУ;47;5593;;;19.01.2026;;
ПКНФ-000116;19.01.2026;Маркер для кабеля 0.5-1.5мм символ ""7"" (уп.200шт) ДКС;Электротовары КСС ШУ;56;1599;;;19.01.2026;;
ПКНФ-000116;19.01.2026;Маркер для кабеля 0.5-1.5мм символ ""8"" (уп.200шт) ДКС;Электротовары КСС ШУ;67;920;;;19.01.2026;;
ПКНФ-000116;19.01.2026;Маркер для кабеля 0.5-1.5мм символ ""9"" (уп.200шт) ДКС;Электротовары КСС ШУ;68;805;;;19.01.2026;;
ПКНФ-000116;19.01.2026;Маркер для JXB с нумерацией 1-10 (уп.100шт);Электротовары КСС ШУ;200;2781;;;19.01.2026;;
ПКНФ-000116;19.01.2026;Провод ПУГВнг(А)-LS 1х0,5 Б;Электротовары КСС ШУ;126;2362;;;19.01.2026;;
ПКНФ-000116;19.01.2026;Провод ПУГВнг(А)-LS 1х0,5 К;Электротовары КСС ШУ;21;1154;;;19.01.2026;;
ПКНФ-000116;19.01.2026;Провод ПУГВнг(А)-LS 1х0,5 Ч;Электротовары КСС ШУ;27;1017;;;19.01.2026;;
ПКНФ-000116;19.01.2026;Провод ПУГВнг(А)-LS 1х1,5 ж/з;Электротовары КСС ШУ;1.5;427.3;;;19.01.2026;;
ПКНФ-000116;19.01.2026;Провод ПУГВнг(А)-LS 1х10 Б;Электротовары КСС ШУ;20;0;;;19.01.2026;;
ПКНФ-000116;19.01.2026;Провод ПУГВнг(А)-LS 1х6 Б;Электротовары КСС ШУ;32;0;;10.02.2026;19.01.2026;;
ПКНФ-000116;19.01.2026;Программируемое реле ПР200-24.2.2.0;Электротовары КСС ШУ;1;4;;;19.01.2026;;
ПКНФ-000116;19.01.2026;Блок распределительный КРОСС крепеж на панель и DIN КБР-160А;Электротовары КСС ШУ;4;48;;;19.01.2026;;
ПКНФ-000116;19.01.2026;Реле RFT2CO730LT, 2CO, 8A(250VAC/30VDC), 230VAC, LED, мех. инд., тест-кнопка;Электротовары КСС ШУ;3;21;;29.01.2026;19.01.2026;;
ПКНФ-000116;19.01.2026;Реле контроля уровня PZ-828 жидкости без датчика;Электротовары КСС ШУ;2;38;;;19.01.2026;;
ПКНФ-000116;19.01.2026;Спираль монтажная СМ-06-04 (10м);Электротовары КСС ШУ;0.2;2.541;;06.02.2026;19.01.2026;;
ПКНФ-000116;19.01.2026;Трубка термоус. ТУТ (HF)-8/4, жел. (уп.50м) КВТ;Электротовары КСС ШУ;2;22.8;;;19.01.2026;;
ПКНФ-000116;19.01.2026;Трубка термоус. ТУТ (HF)-8/4, зел. (уп.50м) КВТ;Электротовары КСС ШУ;2;22.8;;;19.01.2026;;
ПКНФ-000116;19.01.2026;Трубка термоус. ТУТ (HF)-8/4, красн. (уп.50м) КВТ;Электротовары КСС ШУ;2;24;;;19.01.2026;;
ПКНФ-000116;19.01.2026;Трубка термоусадочная 2.0/1.0 1м желт. Rexant 20-2002;Электротовары КСС ШУ;1.5;47;;;19.01.2026;;
ПКНФ-000116;19.01.2026;Трубка термоусадочная 2.0/1.0 1м зел. Rexant 20-2003;Электротовары КСС ШУ;1;41.2;;;19.01.2026;;
ПКНФ-000116;19.01.2026;Трубка термоусадочная 2.0/1.0 1м красн. Rexant 20-2004;Электротовары КСС ШУ;1;42.2;;19.12.2024;19.01.2026;;
ПКНФ-000116;19.01.2026;Цоколь SKC14-E, 10A(300V), черный, на рейку DIN35/панель, для RKE4CO, RKF4CO;Электротовары КСС ШУ;3;3;;02.02.2026;19.01.2026;;
ПКНФ-000116;19.01.2026;Цоколь SRU08-E, 10A(300V), черный, на рейку DIN35/панель, для RFT2CO;Электротовары КСС ШУ;3;0;;02.02.2026;19.01.2026;;
ПКНФ-000116;19.01.2026;Шайба плоская оц. М6 DIN 125;Оцинкованные метизы (ПК КСС);0.008;0.176;;25.08.2025;19.01.2026;;
ПКНФ-000116;19.01.2026;HDR-30-24 Блок питания, 24В,1.5А,36Вт;Электротовары КСС ШУ;1;4;;;19.01.2026;;
ПКНФ-000048;19.01.2026;Отбортовка 219,1х2,0 AISI304;Нержавеющие фланцы и фиттинги (ПК КСС);4;26;16.05.2025;;19.01.2026;;
ПКНФ-000048;19.01.2026;Труба СВ 168,3х2,0мм 08Х18Н10 (AISI 304);Нержавеющие трубы, листы, круги, сетки(ПК КСС);0.3;8.6;;03.06.2024;19.01.2026;;
ПКНФ-000048;19.01.2026;Труба СВ 219,1х2,0мм 08Х18Н10 (AISI 304);Нержавеющие трубы, листы, круги, сетки(ПК КСС);8.5;11.848;;;19.01.2026;;
ПКНФ-000048;19.01.2026;Отвод 219,1х2,0 мм AISI 304;Нержавеющие фланцы и фиттинги (ПК КСС);1;1;;;19.01.2026;;
ПКНФ-000048;19.01.2026;Переход 219,1/168,3х2,0 (DN 200/150) AISI 304/08Х18Н10;Нержавеющие фланцы и фиттинги (ПК КСС);2;2;;;19.01.2026;;
ПКНФ-000048;19.01.2026;Фланец 219,1  (AISI304, 08*18H10, PN10) плоский;Нержавеющие фланцы и фиттинги (ПК КСС);5;5;27.01.2026;19.12.2024;19.01.2026;;
ПКНФ-000048;19.01.2026;Фланец 168,3 (AISI304, 08*18H10, PN6) плоский;Нержавеющие фланцы и фиттинги (ПК КСС);2;10;;;19.01.2026;;
ПКНФ-000050;19.01.2026;Труба СВ  60,3х4,0мм 08Х18Н10 (AISI 304);Нержавеющие трубы, листы, круги, сетки(ПК КСС);22.8;30;28.01.2026;28.01.2026;19.01.2026;;
ПКНФ-000050;19.01.2026;Лист 5,0*1500*6000 ст3 (м2);Черные трубы, листы, круги (ПК КСС);0.4;5.4;;;19.01.2026;;
ПКНФ-000050;19.01.2026;Арматура А-1 6 мм;Черные трубы, листы, круги (ПК КСС);0.6;24.3;;;19.01.2026;;
ПКНФ-000050;19.01.2026;Труба 40х40х3 ГОСТ 8639-82;Черные трубы, листы, круги (ПК КСС);2.3;131.9;;;19.01.2026;;
ПКНФ-000050;19.01.2026;Швеллер 12П ГОСТ 8240-97;Черные трубы, листы, круги (ПК КСС);13;72;27.01.2026;27.01.2026;19.01.2026;;
ПКНФ-000050;19.01.2026;Арматура ф 16 А-1 ГОСТ 5781-82 (м);Черные трубы, листы, круги (ПК КСС);4;4.3;;24.01.2024;19.01.2026;;
ПКНФ-000051;19.01.2026;Полоса 2,0x50,0 (AISI304, 08X18H10, 2B);Нержавеющие трубы, листы, круги, сетки(ПК КСС);1.5;56.5;;;19.01.2026;;
ПКНФ-000051;19.01.2026;Труба 40х40х2 ГОСТ 8639-82;Черные трубы, листы, круги (ПК КСС);1.5;96.2;;;19.01.2026;;
ПКНФ-000051;19.01.2026;Труба 40х20х2 ГОСТ 8639-82;Черные трубы, листы, круги (ПК КСС);1;52.5;;29.01.2024;19.01.2026;;
ПКНФ-000051;19.01.2026;Шпилька М10 L1000 (А2, DIN975);Нержавеющие метизы (ПК КСС);1;1;;02.02.2026;19.01.2026;;
ПКНФ-000051;19.01.2026;Гайка М10 DIN 934  (А2, 10,0, DIN 934);Нержавеющие метизы (ПК КСС);8;359;;19.06.2024;19.01.2026;;
ПКНФ-000051;19.01.2026;Шайба М10 DIN 125  (А2, DIN 125);Нержавеющие метизы (ПК КСС);8;30;;02.02.2026;19.01.2026;;
ПКНФ-000051;19.01.2026;Шайба  гровер М10 DIN 127 (А2, DIN 127);Нержавеющие метизы (ПК КСС);8;0;;;19.01.2026;;
ПКНФ-000051;19.01.2026;Труба 50х50х3 ГОСТ 8639-82, м.д;Черные трубы, листы, круги (ПК КСС);10;74.8;;;19.01.2026;;
ПКНФ-000090;20.01.2026;Карабин винтовой 5 мм;Крепеж и цепи, тали (ПК КСС);6;180;;;20.01.2026;;
ПКНФ-000090;20.01.2026;Болт оцинк. М6х40 DIN 933;Оцинкованные метизы (ПК КСС);0.006;0.136;;;20.01.2026;;
ПКНФ-000090;20.01.2026;Труба э/с 108*4,0 ГОСТ 10704-91;СНГ;0.088;0.108;;;20.01.2026;;
ПКНФ-000090;20.01.2026;Обратный клапан фланцевый чугунный шаровый NBR Ду050 Ру10/16 GGG50 ABRA-D-022-NBR-50;Арматура (ПК КСС);2;10;;;20.01.2026;;
ПКНФ-000090;20.01.2026;Болт М12*40 DIN 933 полная резьба  (А2, 12,0, 45,0, DIN 933) ;Нержавеющие метизы (ПК КСС);4;201;;;20.01.2026;;
ПКНФ-000090;20.01.2026;7614.1 - Трубопровод;Составные части трубопровода (Пк КСС);1;0;27.01.2026;;20.01.2026;ПКНФ-000007;22.01.2026
ПКНФ-000090;20.01.2026;7614.1 - Рама под УПМ Балка под крышку;Составные части трубопровода (Пк КСС);1;0;27.01.2026;;20.01.2026;ПКНФ-000008;23.01.2026
ПКНФ-000090;20.01.2026;7614.1 - Направляющие под корзину  Площадка Лестница Балка транспортировочная Корзина;Составные части трубопровода (Пк КСС);1;0;27.01.2026;;20.01.2026;ПКНФ-000009;22.01.2026
ПКНФ-000090;20.01.2026;Скоба такелажная М4;Крепеж и цепи, тали (ПК КСС);6;71;;;20.01.2026;;
ПКНФ-000090;20.01.2026;Труба 25х25х2  ГОСТ;Черные трубы, листы, круги (ПК КСС);315;512;;;20.01.2026;;
ПКНФ-000090;20.01.2026;7614.1 КСС ШУК- 2/3 -0,75кВт АВР+УХЛ1;Шкафы управления (ПК КСС);1;0;;;20.01.2026;;
ПКНФ-000090;20.01.2026;Труба 60х30х2 ГОСТ 8639-82;Черные трубы, листы, круги (ПК КСС);97;179;;;20.01.2026;;
ПКНФ-000090;20.01.2026;Заглушка для трубы 40х40 мм пластик;Расходные материалы (ПК КСС);2;270;;;20.01.2026;;
ПКНФ-000090;20.01.2026;Болт оцинк. М20х60 DIN933;Оцинкованные метизы (ПК КСС);0.012;0.328;;;20.01.2026;;
ПКНФ-000090;20.01.2026;Задвижка 30ч39р Ду50 Pу16 штурвал;Арматура (ПК КСС);2;8;02.02.2026;02.02.2026;20.01.2026;;
ПКНФ-000090;20.01.2026;Труба 160/4,0/580 наружная канализация;Полиэтелен, корсис, прагма, НПВХ (ПК КСС);1;4.5;;;20.01.2026;;
ПКНФ-000090;20.01.2026;Гайка шестигр. оц. М20 DIN 934 тыс шт;Оцинкованные метизы (ПК КСС);0.012;1.175;;27.06.2024;20.01.2026;;
ПКНФ-000090;20.01.2026;Болт оцинк. М16х80  DIN933;Оцинкованные метизы (ПК КСС);0.036;0.337;;;20.01.2026;;
ПКНФ-000090;20.01.2026;Насос 50WQ10-10-0.75ACW(I), 0.75кВт, без АТМ DN50, с реж.механизмом, 2-х полюс. (ПК);Насосы CNP (ПК КСС);2;0;;;20.01.2026;;
ПКНФ-000090;20.01.2026;Труба э/с 40х2 ГОСТ;Черные трубы, листы, круги (ПК КСС);63;63;;;20.01.2026;;
ПКНФ-000090;20.01.2026;Труба э/с 60х2,6 ГОСТ;Черные трубы, листы, круги (ПК КСС);25;73;;;20.01.2026;;
ПКНФ-000090;20.01.2026;Труба э/с 530х8 ГОСТ 10705-80;Черные трубы, листы, круги (ПК КСС);18;35;;;20.01.2026;;
ПКНФ-000090;20.01.2026;Труба э/с 325х7 ГОСТ 10705-80;Черные трубы, листы, круги (ПК КСС);70;70;;;20.01.2026;;
ПКНФ-000090;20.01.2026;Труба э/с 159х4,5 ГОСТ 10704-91;Черные трубы, листы, круги (ПК КСС);0.067;0.1;;;20.01.2026;;
ПКНФ-000090;20.01.2026;Труба 50х25х2  ГОСТ 8639-82;Черные трубы, листы, круги (ПК КСС);84;148;;;20.01.2026;;
ПКНФ-000090;20.01.2026;Труба 40х25х2 ГОСТ;Черные трубы, листы, круги (ПК КСС);115;207;;;20.01.2026;;
ПКНФ-000090;20.01.2026;Автоматическая трубная муфта для насоса WQ DN50,TOS-50, мощность 0.55кВт и выше (ПК);УПМ СNP (ПК КСС);2;0;;15.01.2026;20.01.2026;;
ПКНФ-000090;20.01.2026;Заглушка для трубы 25х25 мм пластик;Расходные материалы (ПК КСС);2;0;23.04.2024;03.02.2026;20.01.2026;;
ПКНФ-000090;20.01.2026;Шайба гроверная оц. Ф16 DIN 127;Оцинкованные метизы (ПК КСС);0.036;0.292;;27.06.2024;20.01.2026;;
ПКНФ-000090;20.01.2026;Труба 60х40х4  ГОСТ 8639-82;Черные трубы, листы, круги (ПК КСС);87;207;;;20.01.2026;;
ПКНФ-000090;20.01.2026;Навесной замок с ключом GPLK-50L;Оцинкованные метизы (ПК КСС);1;63;;20.01.2025;20.01.2026;;
ПКНФ-000090;20.01.2026;Труба 20х20х2 ГОСТ 8639-82;Черные трубы, листы, круги (ПК КСС);200;339.8;;29.01.2024;20.01.2026;;
ПКНФ-000090;20.01.2026;Муфта Корсис DN160 (OD);Полиэтелен, корсис, прагма, НПВХ (ПК КСС);1;12;;;20.01.2026;;
ПКНФ-000090;20.01.2026;Гайка шестигр. оц М16  (тыс шт);Оцинкованные метизы (ПК КСС);0.036;0.069;;27.06.2024;20.01.2026;;
ПКНФ-000090;20.01.2026;Труба 40х20х1.5 ГОСТ 8645-68;Черные трубы, листы, круги (ПК КСС);18;189;;;20.01.2026;;
ПКНФ-000090;20.01.2026;Труба 40х40х2 ГОСТ 8639-82;Черные трубы, листы, круги (ПК КСС);100;294.7;;;20.01.2026;;
ПКНФ-000090;20.01.2026;Труба 40х40х3 ГОСТ 8639-82;Черные трубы, листы, круги (ПК КСС);115;131.9;;;20.01.2026;;
ПКНФ-000090;20.01.2026;Труба 40х20х2 ГОСТ 8639-82;Черные трубы, листы, круги (ПК КСС);29;158.5;;29.01.2024;20.01.2026;;
ПКНФ-000090;20.01.2026;Труба 60х40х2 ГОСТ 8645-68;Черные трубы, листы, круги (ПК КСС);113;146;;;20.01.2026;;
ПКНФ-000090;20.01.2026;Труба 60х60х2  ГОСТ 8639-82;Черные трубы, листы, круги (ПК КСС);69;93;;;20.01.2026;;
ПКНФ-000090;20.01.2026;Шпилька М10 L1000 (А2, DIN975);Нержавеющие метизы (ПК КСС);1;2;;02.02.2026;20.01.2026;;
ПКНФ-000090;20.01.2026;Анкерный болт с гайкой 12*120 HNM ПК (тыс);Оцинкованные метизы (ПК КСС);0.01;0.189;;;20.01.2026;;
ПКНФ-000090;20.01.2026;Болт М10*60 DIN 933 полная резьба  (А2, 10,0, 60,0, DIN 933);Нержавеющие метизы (ПК КСС);30;933;;;20.01.2026;;
ПКНФ-000090;20.01.2026;Болт М12*80 DIN 933 полная резьба  (А2, 12,0, 80,0, DIN 933);Нержавеющие метизы (ПК КСС);8;68;;;20.01.2026;;
ПКНФ-000090;20.01.2026;Болт М16*80 DIN 933 полная резьба  (А2, 16,0, 80,0, DIN 933);Нержавеющие метизы (ПК КСС);8;168;;;20.01.2026;;
ПКНФ-000090;20.01.2026;Гайка М10 DIN 934  (А2, 10,0, DIN 934);Нержавеющие метизы (ПК КСС);34;429;;19.06.2024;20.01.2026;;
ПКНФ-000090;20.01.2026;Гайка М12 DIN 934  (А2, 12,0, DIN 934);Нержавеющие метизы (ПК КСС);12;998;;;20.01.2026;;
ПКНФ-000090;20.01.2026;Гайка М16 DIN 934  (А2, 16,0, DIN 934);Нержавеющие метизы (ПК КСС);8;220;25.04.2024;25.04.2024;20.01.2026;;
ПКНФ-000090;20.01.2026;Грибок канализационный;Полиэтелен, корсис, прагма, НПВХ (ПК КСС);1;15;;27.01.2026;20.01.2026;;
ПКНФ-000090;20.01.2026;Карабин винтовой 4 мм;Крепеж и цепи, тали (ПК КСС);6;21;;;20.01.2026;;
ПКНФ-000090;20.01.2026;Манжета резиновая переходная D 110/124 Уп., черн;Полиэтелен, корсис, прагма, НПВХ (ПК КСС);2;36;;;20.01.2026;;
ПКНФ-000090;20.01.2026;Манжета резиновая переходная D 50/72 Уп., черн;Полиэтелен, корсис, прагма, НПВХ (ПК КСС);1;143;;;20.01.2026;;
ПКНФ-000090;20.01.2026;Отвод 90 гр. НПВХ DN110;Полиэтелен, корсис, прагма, НПВХ (ПК КСС);1;15;;;20.01.2026;;
ПКНФ-000090;20.01.2026;Поплавковый выключатель RL-1 10м;Датчики уровня, преобразователи, реле (ПК КСС);4;49;;05.02.2025;20.01.2026;;
ПКНФ-000090;20.01.2026;Прокладка (паронит) 50;Полиэтелен, корсис, прагма, НПВХ (ПК КСС);8;46;;;20.01.2026;;
ПКНФ-000090;20.01.2026;Проушина прямая 30х70мм;Расходные материалы (ПК КСС);2;211;;;20.01.2026;;
ПКНФ-000090;20.01.2026;Рым-гайка DIN 582 М10;Крепеж и цепи, тали (ПК КСС);6;33;;;20.01.2026;;
ПКНФ-000090;20.01.2026;Рым-гайка DIN 582 М 6;Крепеж и цепи, тали (ПК КСС);6;0.043;;17.02.2025;20.01.2026;;
ПКНФ-000090;20.01.2026;Скоба с вкручивающимся штифтом 0,33 т, 1/2т 1/4, тип G209, для насосов до 250 кг;Крепеж и цепи, тали (ПК КСС);6;17;;23.01.2026;20.01.2026;;
ПКНФ-000090;20.01.2026;Труба 110/3,2/0560 наружная канализация;Полиэтелен, корсис, прагма, НПВХ (ПК КСС);2;107;;;20.01.2026;;
ПКНФ-000090;20.01.2026;Труба двустенная для электропроводки d110 с протяжкой(внутр. d94)/ДКС ;Полиэтелен, корсис, прагма, НПВХ (ПК КСС);3;158;;;20.01.2026;;
ПКНФ-000090;20.01.2026;Труба двустенная для электропроводки d50 с протяжкой(внутр. d41,5) [ДКС] (код 19735) 121950;Полиэтелен, корсис, прагма, НПВХ (ПК КСС);3;101;;;20.01.2026;;
ПКНФ-000090;20.01.2026;Цепь короткозвенная 4мм DIN766 оцинк;Крепеж и цепи, тали (ПК КСС);9.7;280.46;;05.07.2024;20.01.2026;;
ПКНФ-000090;20.01.2026;Цепь Т6-6х18 мм ГОСТ 30441-97 (покрытие хим.окс.);Крепеж и цепи, тали (ПК КСС);12.8;32.2;;;20.01.2026;;
ПКНФ-000090;20.01.2026;Шайба  гровер М12 DIN 127 (А2, DIN 127);Нержавеющие метизы (ПК КСС);12;864.964;;;20.01.2026;;
ПКНФ-000090;20.01.2026;Шайба гроверная оц.М20 DIN 127;Оцинкованные метизы (ПК КСС);0.012;1.164;;;20.01.2026;;
ПКНФ-000090;20.01.2026;Шайба М10 DIN 125  (А2, DIN 125);Нержавеющие метизы (ПК КСС);68;110;;02.02.2026;20.01.2026;;
ПКНФ-000090;20.01.2026;Шайба  гровер М10 DIN 127 (А2, DIN 127);Нержавеющие метизы (ПК КСС);34;0;;;20.01.2026;;
ПКНФ-000090;20.01.2026;Шайба М12 DIN 125  (А2, DIN 125);Нержавеющие метизы (ПК КСС);24;403;;;20.01.2026;;
ПКНФ-000090;20.01.2026;Шайба М16 DIN 125  (А2, DIN 125);Нержавеющие метизы (ПК КСС);16;635;;;20.01.2026;;
ПКНФ-000090;20.01.2026;Шайба гровер М16 DIN 127 (А2, DIN 127);Нержавеющие метизы (ПК КСС);8;1652;;;20.01.2026;;
ПКНФ-000090;20.01.2026;Шайба плоская оц. М6 DIN 125;Оцинкованные метизы (ПК КСС);0.006;0.596;;25.08.2025;20.01.2026;;
ПКНФ-000090;20.01.2026;Шайба плоская оц.М16  DIN 125;Оцинкованные метизы (ПК КСС);0.072;0.676;;27.06.2024;20.01.2026;;
ПКНФ-000090;20.01.2026;Шайба плоская оц.М20  DIN 125;Оцинкованные метизы (ПК КСС);0.024;0.51;;27.06.2024;20.01.2026;;
ПКНФ-000122;20.01.2026;Профиль пс (0,6) 50/50 L= 3 м /12шт-300шт/;Расходные материалы (ПК КСС);10;10;;;20.01.2026;;
ПКНФ-000122;20.01.2026;Шуруп 4,2/13;Расходные материалы (ПК КСС);5;5;;;20.01.2026;;
ПКНФ-000122;20.01.2026;Болт оцинк. М6х40 DIN 933;Оцинкованные метизы (ПК КСС);0.006;0.136;;;20.01.2026;;
ПКНФ-000122;20.01.2026;7209.1.1 -Рама для насосов Балка транспортировочнаяПлощадка для обслуживания Балка для кабеляЛес;Составные части трубопровода (Пк КСС);1;1;;;20.01.2026;ПКНФ-001243;04.12.2025
ПКНФ-000122;20.01.2026;7209.1.1- Трубопровод;Составные части трубопровода (Пк КСС);1;1;;;20.01.2026;ПКНФ-001242;04.12.2025
ПКНФ-000122;20.01.2026;Профилированный лист С-21х1100 (ОЦ-01-БЦ-0,5);Расходные материалы (ПК КСС);40;40;;;20.01.2026;;
ПКНФ-000122;20.01.2026;Профилированный лист С-8х1150 (ВикингМП-01-RAL-0.45);Расходные материалы (ПК КСС);11;12;;;20.01.2026;;
ПКНФ-000122;20.01.2026;Труба э/с 108*4,0 ГОСТ 10704-91;СНГ;0.062;0.062;;;20.01.2026;;
ПКНФ-000122;20.01.2026;Шайба гроверная оц.Ф10 DIN 127;Оцинкованные метизы (ПК КСС);0.02;0.04;;;20.01.2026;;
ПКНФ-000122;20.01.2026;Гайка шестигр.М10 оц. DIN934;Оцинкованные метизы (ПК КСС);0.02;0.402;07.10.2024;07.10.2024;20.01.2026;;
ПКНФ-000122;20.01.2026;Скоба такелажная М4;Крепеж и цепи, тали (ПК КСС);6;71;;;20.01.2026;;
ПКНФ-000122;20.01.2026;Трубная изоляция 89/9 (15);Расходные материалы (ПК КСС);48;49;;;20.01.2026;;
ПКНФ-000122;20.01.2026;7209.1.1 Установка подачи воды для пожаротушения;Установки ВНС и ПНС (ПК КСС);1;0;13.01.2026;;20.01.2026;ПКНФ-001134;11.11.2025
ПКНФ-000122;20.01.2026;Труба 25х25х2  ГОСТ;Черные трубы, листы, круги (ПК КСС);30;43;;;20.01.2026;;
ПКНФ-000122;20.01.2026;Болт оцинк. 10х40 DIN933;Оцинкованные метизы (ПК КСС);0.02;0.029;;26.01.2026;20.01.2026;;
ПКНФ-000122;20.01.2026;Реле давления РД-2Р 0,5..1,6МПа, G1/4"" ;Датчики уровня, преобразователи, реле (ПК КСС);1;1;;;20.01.2026;;
ПКНФ-000122;20.01.2026;Труба 30х20х2 ГОСТ;Черные трубы, листы, круги (ПК КСС);40;40;;;20.01.2026;;
ПКНФ-000122;20.01.2026;Уголок 90х6 чермет;Черные трубы, листы, круги (ПК КСС);8;8;;;20.01.2026;;
ПКНФ-000122;20.01.2026;Уголок 75х5 чермет;Черные трубы, листы, круги (ПК КСС);10;10;;;20.01.2026;;
ПКНФ-000122;20.01.2026;Уголок 50х4 чермет;Черные трубы, листы, круги (ПК КСС);10;10;;;20.01.2026;;
ПКНФ-000122;20.01.2026;Шаровой кран латунный 1/2"" ВР, с дренажем и воздухоотводчиком, ручка-бабочка, Pride LD 44.344.15;Арматура (ПК КСС);1;2;;;20.01.2026;;
ПКНФ-000122;20.01.2026;Ниппель прямой никелированный 1/2"" НР. LD Pride LD.67.501.15;Арматура (ПК КСС);1;2;;;20.01.2026;;
ПКНФ-000122;20.01.2026;Муфта никелированная 1/2"" ВР, LD Pride LD.67.502.15;Арматура (ПК КСС);1;5;;;20.01.2026;;
ПКНФ-000122;20.01.2026;Труба э/с 159х4,5 ГОСТ 10704-91;Черные трубы, листы, круги (ПК КСС);0.031;0.031;;;20.01.2026;;
ПКНФ-000122;20.01.2026;Труба э/с 133х4,0 ГОСТ 10704-91;Черные трубы, листы, круги (ПК КСС);10;10;;;20.01.2026;;
ПКНФ-000122;20.01.2026;Труба 50х25х2  ГОСТ 8639-82;Черные трубы, листы, круги (ПК КСС);30;57;;;20.01.2026;;
ПКНФ-000122;20.01.2026;Труба 40х25х2 ГОСТ;Черные трубы, листы, круги (ПК КСС);15;15;;;20.01.2026;;
ПКНФ-000122;20.01.2026;Уголок 75х5;Черные трубы, листы, круги (ПК КСС);30;40;;;20.01.2026;;
ПКНФ-000122;20.01.2026;Саморезы кров. 4,8*29 RAL;Расходные материалы (ПК КСС);700;1000;;;20.01.2026;;
ПКНФ-000122;20.01.2026;Труба АД31Т1 д.20х2х6000мм;Черные трубы, листы, круги (ПК КСС);3;3;;;20.01.2026;;
ПКНФ-000122;20.01.2026;Заглушка для трубы 25х25 мм пластик;Расходные материалы (ПК КСС);2;0;23.04.2024;03.02.2026;20.01.2026;;
ПКНФ-000122;20.01.2026;Болт М14*060 DIN 933 полная резьба  (А2, 14,0, 100,0, DIN 933);Нержавеющие метизы (ПК КСС);24;4;25.04.2024;02.02.2026;20.01.2026;;
ПКНФ-000122;20.01.2026;Шаровой кран латунный 3/4"" ВР, ручка-рычаг, LD Pride 47.20.В-В.P;Арматура (ПК КСС);3;4;;;20.01.2026;;
ПКНФ-000122;20.01.2026;Саморез 3,5*25 п/шайба;Оцинкованные метизы (ПК КСС);5;6.81;;;20.01.2026;;
ПКНФ-000122;20.01.2026;Шайба плоская оц. М10  DIN 125;Оцинкованные метизы (ПК КСС);0.04;0.334;;25.08.2025;20.01.2026;;
ПКНФ-000122;20.01.2026;Навесной замок с ключом GPLK-50L;Оцинкованные метизы (ПК КСС);4;69;;20.01.2025;20.01.2026;;
ПКНФ-000122;20.01.2026;Ремень стяжной 7,0/14,0/10000 75мм;Крепеж и цепи, тали (ПК КСС);13;78;;;20.01.2026;;
ПКНФ-000122;20.01.2026;Труба 20х20х2 ГОСТ 8639-82;Черные трубы, листы, круги (ПК КСС);12;51.8;;29.01.2024;20.01.2026;;
ПКНФ-000122;20.01.2026;Клапан обратный шаровый Ду80 Ру16 канализационный;Арматура (ПК КСС);2;7;;;20.01.2026;;
ПКНФ-000122;20.01.2026;Прокладка (паронит) 80;Полиэтелен, корсис, прагма, НПВХ (ПК КСС);7;23;;;20.01.2026;;
ПКНФ-000122;20.01.2026;Труба 40х20х1.5 ГОСТ 8645-68;Черные трубы, листы, круги (ПК КСС);84;84;;;20.01.2026;;
ПКНФ-000122;20.01.2026;Труба 40х40х2 ГОСТ 8639-82;Черные трубы, листы, круги (ПК КСС);24;118.7;;;20.01.2026;;
ПКНФ-000122;20.01.2026;Труба 40х40х3 ГОСТ 8639-82;Черные трубы, листы, круги (ПК КСС);30;43.4;;;20.01.2026;;
ПКНФ-000122;20.01.2026;Труба 100х50х3 ГОСТ 8645-68;Черные трубы, листы, круги (ПК КСС);8;8;;;20.01.2026;;
ПКНФ-000122;20.01.2026;Труба 40х20х2 ГОСТ 8639-82;Черные трубы, листы, круги (ПК КСС);17;64.5;;29.01.2024;20.01.2026;;
ПКНФ-000122;20.01.2026;Швеллер 20 ГОСТ 8240-97;Черные трубы, листы, круги (ПК КСС);11;63;;;20.01.2026;;
ПКНФ-000122;20.01.2026;Шпилька М10 L1000 (А2, DIN975);Нержавеющие метизы (ПК КСС);2;4;;02.02.2026;20.01.2026;;
ПКНФ-000122;20.01.2026;Болт М10*60 DIN 933 полная резьба  (А2, 10,0, 60,0, DIN 933);Нержавеющие метизы (ПК КСС);60;983;;;20.01.2026;;
ПКНФ-000122;20.01.2026;Болт М16*80 DIN 933 полная резьба  (А2, 16,0, 80,0, DIN 933);Нержавеющие метизы (ПК КСС);56;256;;;20.01.2026;;
ПКНФ-000122;20.01.2026;Гайка М10 DIN 934  (А2, 10,0, DIN 934);Нержавеющие метизы (ПК КСС);72;495;;19.06.2024;20.01.2026;;
ПКНФ-000122;20.01.2026;Гайка М14 DIN 934  (А2, 14,0, DIN 934);Нержавеющие метизы (ПК КСС);24;843;;;20.01.2026;;
ПКНФ-000122;20.01.2026;Гайка М16 DIN 934  (А2, 16,0, DIN 934);Нержавеющие метизы (ПК КСС);56;308;25.04.2024;25.04.2024;20.01.2026;;
ПКНФ-000122;20.01.2026;Грибок канализационный;Полиэтелен, корсис, прагма, НПВХ (ПК КСС);2;17;;27.01.2026;20.01.2026;;
ПКНФ-000122;20.01.2026;Карабин винтовой 4 мм;Крепеж и цепи, тали (ПК КСС);6;21;;;20.01.2026;;
ПКНФ-000122;20.01.2026;Карабин винтовой 6 мм;Водоподготовка (ПК КСС);6;99;;;20.01.2026;;
ПКНФ-000122;20.01.2026;Манжета резиновая переходная D 110/124 Уп., черн;Полиэтелен, корсис, прагма, НПВХ (ПК КСС);3;38;;;20.01.2026;;
ПКНФ-000122;20.01.2026;Манжета резиновая переходная D 50/72 Уп., черн;Полиэтелен, корсис, прагма, НПВХ (ПК КСС);1;143;;;20.01.2026;;
ПКНФ-000122;20.01.2026;Отвод 90 гр. НПВХ DN110;Полиэтелен, корсис, прагма, НПВХ (ПК КСС);4;21;;;20.01.2026;;
ПКНФ-000122;20.01.2026;Проушина прямая 30х70мм;Расходные материалы (ПК КСС);6;219;;;20.01.2026;;
ПКНФ-000122;20.01.2026;Рым-гайка DIN 582 М10;Крепеж и цепи, тали (ПК КСС);6;33;;;20.01.2026;;
ПКНФ-000122;20.01.2026;Рым-гайка DIN 582 М 6;Крепеж и цепи, тали (ПК КСС);0.006;0.049;;17.02.2025;20.01.2026;;
ПКНФ-000122;20.01.2026;Скоба такелажная М6;Крепеж и цепи, тали (ПК КСС);6;54.1;;03.07.2025;20.01.2026;;
ПКНФ-000122;20.01.2026;Труба 110/3,2/0560 наружная канализация;Полиэтелен, корсис, прагма, НПВХ (ПК КСС);4;111;;;20.01.2026;;
ПКНФ-000122;20.01.2026;Труба двустенная для электропроводки d110 с протяжкой(внутр. d94)/ДКС ;Полиэтелен, корсис, прагма, НПВХ (ПК КСС);3;158;;;20.01.2026;;
ПКНФ-000122;20.01.2026;Труба двустенная для электропроводки d50 с протяжкой(внутр. d41,5) [ДКС] (код 19735) 121950;Полиэтелен, корсис, прагма, НПВХ (ПК КСС);3;101;;;20.01.2026;;
ПКНФ-000122;20.01.2026;Футорка ник. латун. 1/2х 1/4;Арматура (ПК КСС);1;3;;;20.01.2026;;
ПКНФ-000122;20.01.2026;Цепь короткозвенная 4мм DIN766 оцинк;Крепеж и цепи, тали (ПК КСС);7.2;273.46;;05.07.2024;20.01.2026;;
ПКНФ-000122;20.01.2026;Цепь короткозвенная 6мм DIN766 оцинк;Крепеж и цепи, тали (ПК КСС);10;308.5;;;20.01.2026;;
ПКНФ-000122;20.01.2026;Шайба  гровер М14 DIN 127 (А2, DIN 127);Нержавеющие метизы (ПК КСС);24;1954;;;20.01.2026;;
ПКНФ-000122;20.01.2026;Шайба М10 DIN 125  (А2, DIN 125);Нержавеющие метизы (ПК КСС);54;46;;02.02.2026;20.01.2026;;
ПКНФ-000122;20.01.2026;Шайба М14 DIN 125  (А2, DIN 125);Нержавеющие метизы (ПК КСС);48;472;;;20.01.2026;;
ПКНФ-000122;20.01.2026;Шайба М16 DIN 125  (А2, DIN 125);Нержавеющие метизы (ПК КСС);112;811;;;20.01.2026;;
ПКНФ-000122;20.01.2026;Шайба гровер М16 DIN 127 (А2, DIN 127);Нержавеющие метизы (ПК КСС);56;1740;;;20.01.2026;;
ПКНФ-000122;20.01.2026;Шайба плоская оц. М6 DIN 125;Оцинкованные метизы (ПК КСС);0.006;0.596;;25.08.2025;20.01.2026;;
ПКНФ-000069;20.01.2026;Резервуар питьевой воды Samitech-ENP-5;Перекупные изделия ЕН;2;0;16.02.2026;16.02.2026;20.01.2026;;
ПКНФ-000091;21.01.2026;Карабин винтовой 5 мм;Крепеж и цепи, тали (ПК КСС);6;180;;;21.01.2026;;
ПКНФ-000091;21.01.2026;7024.2 КСС ШУК- 2/3 -7,5кВт +УХЛ1;Шкафы управления (ПК КСС);1;0;;;21.01.2026;;
ПКНФ-000091;21.01.2026;Насос 100WQ70-17-7.5ACW(I), 7.5кВт, без АТМ DN100, с реж.механизмом, 2-х полюс.;Насосы CNP (ПК КСС);2;0;09.02.2026;09.02.2026;21.01.2026;;
ПКНФ-000091;21.01.2026;7024.2 - Трубопровод;Составные части трубопровода (Пк КСС);1;0;29.01.2026;;21.01.2026;ПКНФ-001463;29.12.2025
ПКНФ-000091;21.01.2026;7024.2 - Рама под УПМ, Балка под крышку;Составные части трубопровода (Пк КСС);1;0;02.02.2026;;21.01.2026;ПКНФ-000157;23.01.2026
ПКНФ-000091;21.01.2026;7024.2 - Направляющие под корзину  Площадка Лестница Балка транспортировочная Корзина;Составные части трубопровода (Пк КСС);1;0;02.02.2026;;21.01.2026;ПКНФ-000107;22.01.2026
ПКНФ-000091;21.01.2026;Болт оцинк. М6х40 DIN 933;Оцинкованные метизы (ПК КСС);0.006;0.136;;;21.01.2026;;
ПКНФ-000091;21.01.2026;Автоматическая трубная муфта для насоса WQ DN100, TOS-100, мощность до 15кВт включительно (ПК);УПМ СNP (ПК КСС);2;2;;;21.01.2026;;
ПКНФ-000091;21.01.2026;Труба э/с 108*4,0 ГОСТ 10704-91;СНГ;0.092;0.18;;;21.01.2026;;
ПКНФ-000091;21.01.2026;Болт М12*40 DIN 933 полная резьба  (А2, 12,0, 45,0, DIN 933) ;Нержавеющие метизы (ПК КСС);4;206;;;21.01.2026;;
ПКНФ-000091;21.01.2026;Скоба такелажная М4;Крепеж и цепи, тали (ПК КСС);6;75;;;21.01.2026;;
ПКНФ-000091;21.01.2026;Труба 25х25х2  ГОСТ;Черные трубы, листы, круги (ПК КСС);85;214;;;21.01.2026;;
ПКНФ-000091;21.01.2026;Труба 60х30х2 ГОСТ 8639-82;Черные трубы, листы, круги (ПК КСС);103;121;;;21.01.2026;;
ПКНФ-000091;21.01.2026;Заглушка для трубы 40х40 мм пластик;Расходные материалы (ПК КСС);2;270;;;21.01.2026;;
ПКНФ-000091;21.01.2026;Болт оцинк. М20х60 DIN933;Оцинкованные метизы (ПК КСС);0.012;0.328;;;21.01.2026;;
ПКНФ-000091;21.01.2026;Гайка шестигр. оц. М20 DIN 934 тыс шт;Оцинкованные метизы (ПК КСС);0.012;1.199;;27.06.2024;21.01.2026;;
ПКНФ-000091;21.01.2026;Болт оцинк. М16х80  DIN933;Оцинкованные метизы (ПК КСС);0.048;0.355;;;21.01.2026;;
ПКНФ-000091;21.01.2026;Труба э/с 40х2 ГОСТ;Черные трубы, листы, круги (ПК КСС);37;108;;;21.01.2026;;
ПКНФ-000091;21.01.2026;Труба э/с 60х2,6 ГОСТ;Черные трубы, листы, круги (ПК КСС);75;87;;;21.01.2026;;
ПКНФ-000091;21.01.2026;Труба э/с 530х8 ГОСТ 10705-80;Черные трубы, листы, круги (ПК КСС);82;95;;;21.01.2026;;
ПКНФ-000091;21.01.2026;Труба э/с 325х7 ГОСТ 10705-80;Черные трубы, листы, круги (ПК КСС);100;114;;;21.01.2026;;
ПКНФ-000091;21.01.2026;Труба э/с 159х4,5 ГОСТ 10704-91;Черные трубы, листы, круги (ПК КСС);0.033;0.1;;;21.01.2026;;
ПКНФ-000091;21.01.2026;Труба 50х25х2  ГОСТ 8639-82;Черные трубы, листы, круги (ПК КСС);116;156;;;21.01.2026;;
ПКНФ-000091;21.01.2026;Труба 40х25х2 ГОСТ;Черные трубы, листы, круги (ПК КСС);85;173;;;21.01.2026;;
ПКНФ-000091;21.01.2026;Заглушка для трубы 25х25 мм пластик;Расходные материалы (ПК КСС);2;0;23.04.2024;03.02.2026;21.01.2026;;
ПКНФ-000091;21.01.2026;Шайба гроверная оц. Ф16 DIN 127;Оцинкованные метизы (ПК КСС);0.048;0.31;;27.06.2024;21.01.2026;;
ПКНФ-000091;21.01.2026;Труба 60х40х4  ГОСТ 8639-82;Черные трубы, листы, круги (ПК КСС);113;201;;;21.01.2026;;
ПКНФ-000091;21.01.2026;Навесной замок с ключом GPLK-50L;Оцинкованные метизы (ПК КСС);1;64;;20.01.2025;21.01.2026;;
ПКНФ-000091;21.01.2026;Труба 20х20х2 ГОСТ 8639-82;Черные трубы, листы, круги (ПК КСС);150;289.8;;29.01.2024;21.01.2026;;
ПКНФ-000091;21.01.2026;Гайка шестигр. оц М16  (тыс шт);Оцинкованные метизы (ПК КСС);0.048;0.087;;27.06.2024;21.01.2026;;
ПКНФ-000091;21.01.2026;Труба 40х20х1.5 ГОСТ 8645-68;Черные трубы, листы, круги (ПК КСС);82;111;;;21.01.2026;;
ПКНФ-000091;21.01.2026;Труба 40х40х2 ГОСТ 8639-82;Черные трубы, листы, круги (ПК КСС);100;194.7;;;21.01.2026;;
ПКНФ-000091;21.01.2026;Труба ВГП ОЦ 50х3,5  ГОСТ 3262-75 (м);Черные трубы, листы, круги (ПК КСС);19.2;103;11.11.2025;11.11.2025;21.01.2026;;
ПКНФ-000091;21.01.2026;Труба 40х40х3 ГОСТ 8639-82;Черные трубы, листы, круги (ПК КСС);85;204.4;;;21.01.2026;;
ПКНФ-000091;21.01.2026;Труба 40х20х2 ГОСТ 8639-82;Черные трубы, листы, круги (ПК КСС);71;136.5;;29.01.2024;21.01.2026;;
ПКНФ-000091;21.01.2026;Труба 60х40х2 ГОСТ 8645-68;Черные трубы, листы, круги (ПК КСС);87;87;;;21.01.2026;;
ПКНФ-000091;21.01.2026;Труба 60х60х2  ГОСТ 8639-82;Черные трубы, листы, круги (ПК КСС);131;207;;;21.01.2026;;
ПКНФ-000091;21.01.2026;Шпилька М10 L1000 (А2, DIN975);Нержавеющие метизы (ПК КСС);4;4;;02.02.2026;21.01.2026;;
ПКНФ-000091;21.01.2026;Анкерный болт с гайкой 16*180 HNM тыс;Оцинкованные метизы (ПК КСС);0.016;0.446;;10.06.2024;21.01.2026;;
ПКНФ-000091;21.01.2026;Болт М10*60 DIN 933 полная резьба  (А2, 10,0, 60,0, DIN 933);Нержавеющие метизы (ПК КСС);50;963;;;21.01.2026;;
ПКНФ-000091;21.01.2026;Болт М16*80 DIN 933 полная резьба  (А2, 16,0, 80,0, DIN 933);Нержавеющие метизы (ПК КСС);16;184;;;21.01.2026;;
ПКНФ-000091;21.01.2026;Гайка М10 DIN 934  (А2, 10,0, DIN 934);Нержавеющие метизы (ПК КСС);54;455;;19.06.2024;21.01.2026;;
ПКНФ-000091;21.01.2026;Гайка М12 DIN 934  (А2, 12,0, DIN 934);Нержавеющие метизы (ПК КСС);4;1007;;;21.01.2026;;
ПКНФ-000091;21.01.2026;Гайка М16 DIN 934  (А2, 16,0, DIN 934);Нержавеющие метизы (ПК КСС);16;236;25.04.2024;25.04.2024;21.01.2026;;
ПКНФ-000091;21.01.2026;Грибок канализационный;Полиэтелен, корсис, прагма, НПВХ (ПК КСС);1;15;;27.01.2026;21.01.2026;;
ПКНФ-000091;21.01.2026;Задвижка клиновая Ду100 Ру16 штурвал 30ч39р;Арматура (ПК КСС);2;8;;;21.01.2026;;
ПКНФ-000091;21.01.2026;Карабин винтовой 4 мм;Крепеж и цепи, тали (ПК КСС);6;25;;;21.01.2026;;
ПКНФ-000091;21.01.2026;Клапан обратный шаровой DN100 PN16 канализационный;Арматура (ПК КСС);2;6;;;21.01.2026;;
ПКНФ-000091;21.01.2026;Манжета резиновая переходная D 110/124 Уп., черн;Полиэтелен, корсис, прагма, НПВХ (ПК КСС);2;38;;;21.01.2026;;
ПКНФ-000091;21.01.2026;Манжета резиновая переходная D 50/72 Уп., черн;Полиэтелен, корсис, прагма, НПВХ (ПК КСС);1;143;;;21.01.2026;;
ПКНФ-000091;21.01.2026;Муфта Корсис DN200 (OD);Полиэтелен, корсис, прагма, НПВХ (ПК КСС);1;12;;;21.01.2026;;
ПКНФ-000091;21.01.2026;Отвод 90 гр. НПВХ DN110;Полиэтелен, корсис, прагма, НПВХ (ПК КСС);1;15;;;21.01.2026;;
ПКНФ-000091;21.01.2026;Поплавковый выключатель RL-1 10м;Датчики уровня, преобразователи, реле (ПК КСС);4;49;;05.02.2025;21.01.2026;;
ПКНФ-000091;21.01.2026;Прокладка (паронит) 100;Полиэтелен, корсис, прагма, НПВХ (ПК КСС);8;86;;;21.01.2026;;
ПКНФ-000091;21.01.2026;Проушина прямая 30х70мм;Расходные материалы (ПК КСС);2;213;;;21.01.2026;;
ПКНФ-000091;21.01.2026;Рым-гайка DIN 582 М10;Крепеж и цепи, тали (ПК КСС);6;33;;;21.01.2026;;
ПКНФ-000091;21.01.2026;Рым-гайка DIN 582 М 6;Крепеж и цепи, тали (ПК КСС);0.006;0.049;;17.02.2025;21.01.2026;;
ПКНФ-000091;21.01.2026;Скоба с вкручивающимся штифтом 0,33 т, 1/2т 1/4, тип G209, для насосов до 250 кг;Крепеж и цепи, тали (ПК КСС);6;17;;23.01.2026;21.01.2026;;
ПКНФ-000091;21.01.2026;Труба 110/3,2/0560 наружная канализация;Полиэтелен, корсис, прагма, НПВХ (ПК КСС);2;107;;;21.01.2026;;
ПКНФ-000091;21.01.2026;Труба 200/4,9/1200 наружная канализация;Полиэтелен, корсис, прагма, НПВХ (ПК КСС);0.5;9;;;21.01.2026;;
ПКНФ-000091;21.01.2026;Труба двустенная для электропроводки d110 с протяжкой(внутр. d94)/ДКС ;Полиэтелен, корсис, прагма, НПВХ (ПК КСС);3;158;;;21.01.2026;;
ПКНФ-000091;21.01.2026;Труба двустенная для электропроводки d50 с протяжкой(внутр. d41,5) [ДКС] (код 19735) 121950;Полиэтелен, корсис, прагма, НПВХ (ПК КСС);3;101;;;21.01.2026;;
ПКНФ-000091;21.01.2026;Цепь короткозвенная 4мм DIN766 оцинк;Крепеж и цепи, тали (ПК КСС);11.1;288.56;;05.07.2024;21.01.2026;;
ПКНФ-000091;21.01.2026;Цепь Т6-6х18 мм ГОСТ 30441-97 (покрытие хим.окс.);Крепеж и цепи, тали (ПК КСС);15.6;40.4;;;21.01.2026;;
ПКНФ-000091;21.01.2026;Шайба  гровер М12 DIN 127 (А2, DIN 127);Нержавеющие метизы (ПК КСС);8;877.964;;;21.01.2026;;
ПКНФ-000091;21.01.2026;Шайба гроверная оц.М20 DIN 127;Оцинкованные метизы (ПК КСС);0.012;1.188;;;21.01.2026;;
ПКНФ-000091;21.01.2026;Шайба М10 DIN 125  (А2, DIN 125);Нержавеющие метизы (ПК КСС);108;230;;02.02.2026;21.01.2026;;
ПКНФ-000091;21.01.2026;Шайба  гровер М10 DIN 127 (А2, DIN 127);Нержавеющие метизы (ПК КСС);54;0;;;21.01.2026;;
ПКНФ-000091;21.01.2026;Шайба М12 DIN 125  (А2, DIN 125);Нержавеющие метизы (ПК КСС);1;414;;;21.01.2026;;
ПКНФ-000091;21.01.2026;Шайба М16 DIN 125  (А2, DIN 125);Нержавеющие метизы (ПК КСС);32;667;;;21.01.2026;;
ПКНФ-000091;21.01.2026;Шайба гровер М16 DIN 127 (А2, DIN 127);Нержавеющие метизы (ПК КСС);16;1668;;;21.01.2026;;
ПКНФ-000091;21.01.2026;Шайба плоская оц. М6 DIN 125;Оцинкованные метизы (ПК КСС);0.006;0.596;;25.08.2025;21.01.2026;;
ПКНФ-000091;21.01.2026;Шайба плоская оц.М16  DIN 125;Оцинкованные метизы (ПК КСС);0.096;0.712;;27.06.2024;21.01.2026;;
ПКНФ-000091;21.01.2026;Шайба плоская оц.М20  DIN 125;Оцинкованные метизы (ПК КСС);0.024;0.558;;27.06.2024;21.01.2026;;
ПКНФ-000072;21.01.2026;Пуролат-Стандарт"" из антрацита фр.3,0-7,0 мм с учетом упаковки (полиэтиленовые мешки по 22,5кг (25 л;Засыпки и сорбенты для ЛОС, Водоподготовка;0.04;1.925;;;21.01.2026;;
ПКНФ-000072;21.01.2026;Песок кварцевый фр. 10,0-20,0;Засыпки и сорбенты для ЛОС, Водоподготовка;0.95;0;09.03.2026;30.01.2026;21.01.2026;;
ПКНФ-000072;21.01.2026;Коалесцентный модуль 3М-ОДГ-60/25/0,5;Засыпки и сорбенты для ЛОС, Водоподготовка;2;4;02.02.2026;02.02.2026;21.01.2026;;
ПКНФ-000072;21.01.2026;Сорбент Rx-Sorb, мешок гео ткань 62,5 л м3;Засыпки и сорбенты для ЛОС, Водоподготовка;0.04;1377.57;29.01.2026;29.01.2026;21.01.2026;;
ПКНФ-000007;22.01.2026;Фланец 60,3 (AISI304, 08*18H10, PN10) свободный;Нержавеющие фланцы и фиттинги (ПК КСС);4;7;;;22.01.2026;;
ПКНФ-000007;22.01.2026;Отбортовка 60,3х2,0 AISI304;Нержавеющие фланцы и фиттинги (ПК КСС);4;13;16.05.2025;;22.01.2026;;
ПКНФ-000007;22.01.2026;Тройник 60,3х2,0 AISI 304 приварной;Нержавеющие фланцы и фиттинги (ПК КСС);1;1;09.09.2025;09.09.2025;22.01.2026;;
ПКНФ-000007;22.01.2026;Труба СВ  33,7х3,0мм 08Х18Н10 (AISI 304);Нержавеющие трубы, листы, круги, сетки(ПК КСС);24;48;;;22.01.2026;;
ПКНФ-000007;22.01.2026;Труба СВ  60,3х2,0мм 08Х18Н10 (AISI 304);Нержавеющие трубы, листы, круги, сетки(ПК КСС);6;13.5;09.09.2025;09.09.2025;22.01.2026;;
ПКНФ-000007;22.01.2026;Отвод 60,3х2,0 мм AISI 304;Нержавеющие фланцы и фиттинги (ПК КСС);2;7;09.09.2025;09.09.2025;22.01.2026;;
ПКНФ-000007;22.01.2026;Переход  76,1/60,3х2,0 (DN 65/50) AISI 304/08Х18Н10;Нержавеющие фланцы и фиттинги (ПК КСС);1;1;;;22.01.2026;;
ПКНФ-000007;22.01.2026;Труба СВ  76,1х2,0мм 08Х18Н10 (AISI 304);Нержавеющие трубы, листы, круги, сетки(ПК КСС);0.1;5.2;27.12.2024;;22.01.2026;;
ПКНФ-000007;22.01.2026;Фланец 60,3 (AISI304, 08*18H10, PN6) плоский;Нержавеющие фланцы и фиттинги (ПК КСС);2;9;;;22.01.2026;;
ПКНФ-000007;22.01.2026;Фланец 76,1  (AISI304, 08*18H10, PN10/16) плоский;Нержавеющие фланцы и фиттинги (ПК КСС);1;1;09.09.2025;09.09.2025;22.01.2026;;
ПКНФ-000009;22.01.2026;Полоса 2,0x50,0 (AISI304, 08X18H10, 2B);Нержавеющие трубы, листы, круги, сетки(ПК КСС);0.4;0.4;;;22.01.2026;;
ПКНФ-000009;22.01.2026;Лист 2,0*1000*2000  AISI 304 (08х18Н10), х/к, мат (2В);Нержавеющие трубы, листы, круги, сетки(ПК КСС);1;0;17.09.2025;17.09.2025;22.01.2026;;
ПКНФ-000009;22.01.2026;Пластина 100х40 (AISI 304);Нержавеющие трубы, листы, круги, сетки(ПК КСС);18;18;;;22.01.2026;;
ПКНФ-000009;22.01.2026;Труба СВ  14,0х1,0мм 08Х18Н10 (AISI 304);Нержавеющие трубы, листы, круги, сетки(ПК КСС);1;3.5;;;22.01.2026;;
ПКНФ-000009;22.01.2026;Труба 20х20х2 (AISI 304);Нержавеющие трубы, листы, круги, сетки(ПК КСС);6;26.5;05.08.2025;05.08.2025;22.01.2026;;
ПКНФ-000009;22.01.2026;Труба 40х20х2 (AISI304);Нержавеющие трубы, листы, круги, сетки(ПК КСС);6.5;64.5;27.01.2026;09.09.2025;22.01.2026;;
ПКНФ-000009;22.01.2026;Лист 3,0*1000*2000  AISI 304 (42х22мм*3,0мм) ПВЛ;Нержавеющие трубы, листы, круги, сетки(ПК КСС);1;0;;02.02.2026;22.01.2026;;
ПКНФ-000009;22.01.2026;Круг 10,0 (AISI304, 08x18H10);Нержавеющие трубы, листы, круги, сетки(ПК КСС);1;9.6;;;22.01.2026;;
ПКНФ-000009;22.01.2026;Круг 6,0 (AISI304, 08x18H10);Нержавеющие трубы, листы, круги, сетки(ПК КСС);61;197.5;27.01.2026;05.08.2025;22.01.2026;;
ПКНФ-000009;22.01.2026;Труба 25х25х2 (AISI 304);Нержавеющие трубы, листы, круги, сетки(ПК КСС);12;53;05.08.2025;05.08.2025;22.01.2026;;
ПКНФ-000009;22.01.2026;Труба 40х40х2,0 (AISI 304);Нержавеющие трубы, листы, круги, сетки(ПК КСС);15;83.7;05.08.2025;05.08.2025;22.01.2026;;
ПКНФ-000009;22.01.2026;Уголок 50,0х50,0х5,0 (AISI304, 08X18H10);Нержавеющие трубы, листы, круги, сетки(ПК КСС);1;7.4;17.09.2025;17.09.2025;22.01.2026;;
ПКНФ-000010;22.01.2026;Клемма двухуровневая винтовой зажим 4 точки подключения 2.5кв.мм сер.;Электротовары КСС ШУ;38;456;;;22.01.2026;;
ПКНФ-000010;22.01.2026;Кабель КГ-ХЛ 4х1,5;Электротовары КСС ШУ;12;282;;;22.01.2026;;
ПКНФ-000010;22.01.2026;Частотный преобразователь ESQ-230-4T-22K 22кВт, 380В;Электротовары КСС ШУ;3;0;;27.01.2026;22.01.2026;;
ПКНФ-000010;22.01.2026;Светильник светодиодный 12W 6500К 800Лм IP54 200-240V;Электротовары КСС ШУ;3;3;;;22.01.2026;;
ПКНФ-000010;22.01.2026;Кабель-канал перфорированный 80х60 L2000 RL6 G DKC 01139RL;Электротовары КСС ШУ;1;0;;19.02.2025;22.01.2026;;
ПКНФ-000010;22.01.2026;Коробка монтажная ОП 100х100х50 с 6 вводами;Электротовары КСС ШУ;1;1;;;22.01.2026;;
ПКНФ-000010;22.01.2026;Щит настен. 12 мод. (200х255х97) IP41 белый (ЩРН-П-12)/GENERICA;Электротовары КСС ШУ;1;3;;;22.01.2026;;
ПКНФ-000010;22.01.2026;Коробка распределительная ОП безгалогенная (HF) 70х70х40 IP55 Промрукав 40-0200;Электротовары КСС ШУ;3;6;;;22.01.2026;;
ПКНФ-000010;22.01.2026;Кабель-канал перфорированный 40х60 L2000 RL6 G DKC 01163RL;Электротовары КСС ШУ;2.5;31.5;;;22.01.2026;;
ПКНФ-000010;22.01.2026;Матрица светодиодная AD16-22HS крас. EKF ledm-ad16-r;Электротовары КСС ШУ;2;0;;06.02.2026;22.01.2026;;
ПКНФ-000010;22.01.2026;Матрица светодиодная AD16-22HS 230В AC IP65 зел. PROxima EKF ledm-ad16-g-65;Электротовары КСС ШУ;2;150;;;22.01.2026;;
ПКНФ-000010;22.01.2026;Провод ПУГВнг(А)-LS 1х0,5 С;Электротовары КСС ШУ;38;1213;;;22.01.2026;;
ПКНФ-000010;22.01.2026;Наконечник штыревой втулочный изол. НШвИ(2) 0.5-8 (уп.50шт);Электротовары КСС ШУ;134;2462;;10.02.2026;22.01.2026;;
ПКНФ-000010;22.01.2026;Знак ""Земля"" круглый d20мм EKF an-1-04;Электротовары КСС ШУ;2;0;;10.02.2026;22.01.2026;;
ПКНФ-000010;22.01.2026;Наконечник кольцевой изол. НКИ 1.5-6 (уп.50шт);Электротовары КСС ШУ;12;0;;06.02.2026;22.01.2026;;
ПКНФ-000010;22.01.2026;Выключатель автоматический модульный 3п C 6А 4.5кА ВА 47-63;Электротовары КСС ШУ;2;44;;;22.01.2026;;
ПКНФ-000010;22.01.2026;Трубка термоусадочная ТТУ нг-LS 2/1 красн. 1м IEK UDRS-D2-1-K04;Электротовары КСС ШУ;1;78.25;;;22.01.2026;;
ПКНФ-000010;22.01.2026;Трубка термоусадочная ТТУ нг-LS 2/1 желт. 1м IEK UDRS-D2-1-K05;Электротовары КСС ШУ;1.5;68.5;;;22.01.2026;;
ПКНФ-000010;22.01.2026;Трубка термоусадочная ТТУ нг-LS 2/1 зел. 1м IEK UDRS-D2-1-K06;Электротовары КСС ШУ;1;168.25;;;22.01.2026;;
ПКНФ-000010;22.01.2026;Ограничитель на DIN-рейку 1 винт HDW-211;Электротовары КСС ШУ;30;0;;10.02.2026;22.01.2026;;
ПКНФ-000010;22.01.2026;Выключатель автоматический модульный 1п C 6А 4.5кА ВА 47-63;Электротовары КСС ШУ;4;88;;;22.01.2026;;
ПКНФ-000010;22.01.2026;Кабель-канал перфорированный 25х40 L2000 RL6 G DKC 01163RL;Электротовары КСС ШУ;1.5;1.5;;06.02.2026;22.01.2026;;
ПКНФ-000010;22.01.2026;Механизм блокировки для КМЭ (09А-32А);Электротовары КСС ШУ;2;65;;;22.01.2026;;
ПКНФ-000010;22.01.2026;Переключатель BG33 3P 2NO с замком (не возврат.);Электротовары КСС ШУ;1;38;;;22.01.2026;;
ПКНФ-000010;22.01.2026;Переключатель BD21 2P короткая ручка NO IP65 PROxima EKF xb2-bd21-65;Электротовары КСС ШУ;2;0;;06.02.2026;22.01.2026;;
ПКНФ-000010;22.01.2026;Оповещатель светозвуковой ED16-22BMS 230В;Электротовары КСС ШУ;1;103;;;22.01.2026;;
ПКНФ-000010;22.01.2026;Панель оператора PRO-Screen 7 EKF RSC-7;Электротовары КСС ШУ;1;9;;;22.01.2026;;
ПКНФ-000010;22.01.2026;Держатель маркировки LH 20х25мм;Электротовары КСС ШУ;16;295;;;22.01.2026;;
ПКНФ-000010;22.01.2026;Символ ""Молния"" (треугольник) 50х50х50мм;Электротовары КСС ШУ;1;37;;;22.01.2026;;
ПКНФ-000010;22.01.2026;Контактор КМЭ 9А кат. 220В AC 1НЗ;Электротовары КСС ШУ;4;32;;;22.01.2026;;
ПКНФ-000010;22.01.2026;Кнопка BA21 черн. NO;Электротовары КСС ШУ;2;86;;;22.01.2026;;
ПКНФ-000010;22.01.2026;Резистор углеродистый CF-50 (C1-4) 0.5 Вт, 4,7 кОм, 5%;Электротовары КСС ШУ;36;1572;;;22.01.2026;;
ПКНФ-000010;22.01.2026;Кабель гибкий КГ 4х1,5;Электротовары КСС ШУ;10;22;;;22.01.2026;;
ПКНФ-000010;22.01.2026;Кабель КГВВнг(А) 3х0,75;Электротовары КСС ШУ;16;291;;;22.01.2026;;
ПКНФ-000010;22.01.2026;Розетка 1-м ОП Эра Эксперт 11-2401-01 16А IP54 16AX 250В 2P+E бел. Эра Б0020712;Электротовары КСС ШУ;1;1;;;22.01.2026;;
ПКНФ-000010;22.01.2026;Держатель для труб d20 мм;Электротовары КСС ШУ;100;350;;;22.01.2026;;
ПКНФ-000010;22.01.2026;Саморез 4.2х25 металл-металл с прессшайбой сверло цинк (уп.200шт);Электротовары КСС ШУ;10;452;;;22.01.2026;;
ПКНФ-000010;22.01.2026;Переключатель BG33 3P 2NO короткая ручка;Электротовары КСС ШУ;2;0;;;22.01.2026;;
ПКНФ-000010;22.01.2026;Шайба гроверная оц.М6 DIN 127;Оцинкованные метизы (ПК КСС);0.002;0.047;;;22.01.2026;;
ПКНФ-000010;22.01.2026;Труба гофрированная d20 ПВХ серая с зондом н/г легкая;Электротовары КСС ШУ;50;50;;;22.01.2026;;
ПКНФ-000010;22.01.2026;Кнопка ""Грибок"" BS542 NC поворотн. красн.;Электротовары КСС ШУ;1;73;;;22.01.2026;;
ПКНФ-000010;22.01.2026;Выключатель автоматический для защиты двигателя 40-63А NS2-80B (R) CHINT 495088;Электротовары КСС ШУ;3;1;;;22.01.2026;;
ПКНФ-000010;22.01.2026;Контакт дополнительный NS2-AU11 для NS2-80B (длинный шток) (R) CHINT 495972;Электротовары КСС ШУ;3;8;;;22.01.2026;;
ПКНФ-000010;22.01.2026;Кабель КГВВнг(А)-LS 4х10;Электротовары КСС ШУ;20;55;;;22.01.2026;;
ПКНФ-000010;22.01.2026;Кабель КГВВнг(А) 3х1,5;Электротовары КСС ШУ;8;8;;;22.01.2026;;
ПКНФ-000010;22.01.2026;Выключатель автоматический для защиты двигателя 1.6-2.5А NS2-25 (R) CHINT;Электротовары КСС ШУ;2;0;;;22.01.2026;;
ПКНФ-000010;22.01.2026;Контакт дополнительный поперечный NS2-AE11 (R) CHINT 495968;Электротовары КСС ШУ;3;42;;;22.01.2026;;
ПКНФ-000010;22.01.2026;Рубильник 3п 80А с рукояткой управления для прямой установки;Электротовары КСС ШУ;2;6;;;22.01.2026;;
ПКНФ-000010;22.01.2026;Сальник PG 36 диаметр проводника 22-32 мм IP54;Электротовары КСС ШУ;2;15;;;22.01.2026;;
ПКНФ-000010;22.01.2026;Термостат NO (охлаждение) на DIN-рейку 10А 230В IP20;Электротовары КСС ШУ;1;10;;;22.01.2026;;
ПКНФ-000010;22.01.2026;Колодка клеммная JXB-2.5/35 серая;Электротовары КСС ШУ;13;0;;10.02.2026;22.01.2026;;
ПКНФ-000010;22.01.2026;Заглушка для JXB-2,5/35 серая;Электротовары КСС ШУ;3;0;;10.02.2026;22.01.2026;;
ПКНФ-000010;22.01.2026;Провод ПуГВнг(А)-LS 1х1,5 Б;Электротовары КСС ШУ;16;31;;06.02.2026;22.01.2026;;
ПКНФ-000010;22.01.2026;Сальник PG 29 (d проводника 18-24мм, D резьбовой 36мм) IP54;Электротовары КСС ШУ;2;0;;10.02.2026;22.01.2026;;
ПКНФ-000010;22.01.2026;Колодка клеммная JXB-2.5/35 синяя;Электротовары КСС ШУ;2;72;;10.02.2026;22.01.2026;;
ПКНФ-000010;22.01.2026;Механизм блокировки для КМЭ (40А-95А);Электротовары КСС ШУ;1;103;;;22.01.2026;;
ПКНФ-000010;22.01.2026;Приставка контактная ПКЭ-11 доп. контакы 1з+1р;Электротовары КСС ШУ;4;67;;;22.01.2026;;
ПКНФ-000010;22.01.2026;Колодка клеммная JXB-16/35 серая;Электротовары КСС ШУ;6;0;;;22.01.2026;;
ПКНФ-000010;22.01.2026;Кабель КПСЭнг(А)-FRLS 1х2х0.5;Электротовары КСС ШУ;240;2439;;15.01.2026;22.01.2026;;
ПКНФ-000010;22.01.2026;Изолятор торцевой для клемм KRUKB-3-5 DKC D-KRUKB-3-5;Электротовары КСС ШУ;6;190;;;22.01.2026;;
ПКНФ-000010;22.01.2026;Сальник PG 9;Электротовары КСС ШУ;100;100;;10.02.2026;22.01.2026;;
ПКНФ-000010;22.01.2026;Наконечник штыревой втулочный изол. НШвИ 16.0-12 (уп.50шт);Электротовары КСС ШУ;12;816;;;22.01.2026;;
ПКНФ-000010;22.01.2026;Наконечник штыревой втулочный изол. НШвИ(2) 16.0-14 (уп.50шт);Электротовары КСС ШУ;5;281;;;22.01.2026;;
ПКНФ-000010;22.01.2026;Хомут 2,5х150 нейл. (уп.100 шт);Электротовары КСС ШУ;100;0;;;22.01.2026;;
ПКНФ-000010;22.01.2026;Трубка термоус. ТУТ (HF)-4/2, красн. (уп.100м);Электротовары КСС ШУ;1.5;36.8;;;22.01.2026;;
ПКНФ-000010;22.01.2026;Трубка термоус. ТУТ (HF)-4/2, зел. (уп.100м);Электротовары КСС ШУ;1.5;36.6;;;22.01.2026;;
ПКНФ-000010;22.01.2026;Трубка термоус. ТУТ (HF)-4/2, желт. (уп.100м);Электротовары КСС ШУ;1.5;61.3;;;22.01.2026;;
ПКНФ-000010;22.01.2026;Трубка термоус. ТУТ (HF)-16/8, красн. (уп.50м);Электротовары КСС ШУ;1;34.5;;;22.01.2026;;
ПКНФ-000010;22.01.2026;Колодка клеммная JXB-16/35 син.;Электротовары КСС ШУ;2;75;;06.12.2024;22.01.2026;;
ПКНФ-000010;22.01.2026;Колодка клеммная ЕК-35/125 JXB земля;Электротовары КСС ШУ;2;34;;19.02.2025;22.01.2026;;
ПКНФ-000010;22.01.2026;Контактор КМЭ 65А 220В NO+NC;Электротовары КСС ШУ;2;1;;;22.01.2026;;
ПКНФ-000010;22.01.2026;Наконечник кабельный ТМЛ(DIN) 16-8;Электротовары КСС ШУ;24;13;;;22.01.2026;;
ПКНФ-000010;22.01.2026;Реле контроля наличия и чередования фаз CKF-318-1;Электротовары КСС ШУ;2;35;;;22.01.2026;;
ПКНФ-000010;22.01.2026;Наконечник штыревой втулочный изол. НШвИ 0.5-8 (уп.50шт);Электротовары КСС ШУ;268;11540;;;22.01.2026;;
ПКНФ-000010;22.01.2026;Наконечник штыревой втулочный изол. НШвИ 1.5-8 (уп.50шт);Электротовары КСС ШУ;32;1648;;10.02.2026;22.01.2026;;
ПКНФ-000010;22.01.2026;Саморез 4.2х13 металл-металл с прессшайбой сверло цинк (уп.200шт);Электротовары КСС ШУ;42;1054.91;;;22.01.2026;;
ПКНФ-000010;22.01.2026;Маркер для кабеля 0.5-1.5мм символ ""1"" (уп.200шт) ДКС;Электротовары КСС ШУ;52;9024;;;22.01.2026;;
ПКНФ-000010;22.01.2026;Маркер для кабеля 0.5-1.5мм символ ""2"" (уп.200шт) ДКС;Электротовары КСС ШУ;68;4464;;;22.01.2026;;
ПКНФ-000010;22.01.2026;Маркер для кабеля 0.5-1.5мм символ ""3"" (уп.200шт) ДКС;Электротовары КСС ШУ;69;4761;;;22.01.2026;;
ПКНФ-000010;22.01.2026;Маркер для JXB с нумерацией 1-50 (уп.100шт);Электротовары КСС ШУ;200;9097;;;22.01.2026;;
ПКНФ-000010;22.01.2026;MES 140.80.40 RAL3020, Шкаф компактный распределительный;Корпусы для ШУ;1;0;;10.02.2026;22.01.2026;;
ПКНФ-000010;22.01.2026;Сальник PG 16 10-14мм IP54;Электротовары КСС ШУ;3;155;;;22.01.2026;;
ПКНФ-000010;22.01.2026;Вентилятор с фильтром 52 м3/ч 124х124 мм;Электротовары КСС ШУ;1;1;;12.10.2025;22.01.2026;;
ПКНФ-000010;22.01.2026;Решетка вентиляционная с фильтром 124x124мм IP54;Электротовары КСС ШУ;1;0;;12.10.2025;22.01.2026;;
ПКНФ-000010;22.01.2026;HDR-60-24 MW (AC/DC ПРЕОБРАЗОВАТЕЛИ) 24B,2.5A,60Вт;Электротовары КСС ШУ;1;26;;;22.01.2026;;
ПКНФ-000010;22.01.2026;Болт оцинк. М6х20 DIN 933;Оцинкованные метизы (ПК КСС);0.002;0.003;;;22.01.2026;;
ПКНФ-000010;22.01.2026;Гайка оцинк. DIN 934 М6;Оцинкованные метизы (ПК КСС);0.002;0.047;;04.03.2025;22.01.2026;;
ПКНФ-000010;22.01.2026;Колодка клеммная ЕК-2.5/25 JXB земля;Электротовары КСС ШУ;3;41;;08.06.2024;22.01.2026;;
ПКНФ-000010;22.01.2026;Лампа AD-22DS(LED) матрица d22мм желтый 230В;Электротовары КСС ШУ;2;132;;;22.01.2026;;
ПКНФ-000010;22.01.2026;Маркер для кабеля 0.5-1.5мм символ ""0"" (уп.200шт) ДКС;Электротовары КСС ШУ;79;6406;;;22.01.2026;;
ПКНФ-000010;22.01.2026;Маркер для кабеля 0.5-1.5мм символ ""4"" (уп.200шт) ДКС;Электротовары КСС ШУ;58;768;;;22.01.2026;;
ПКНФ-000010;22.01.2026;Маркер для кабеля 0.5-1.5мм символ ""5"" (уп.200шт) ДКС;Электротовары КСС ШУ;54;5676;;;22.01.2026;;
ПКНФ-000010;22.01.2026;Маркер для кабеля 0.5-1.5мм символ ""6"" (уп.200шт) ДКС;Электротовары КСС ШУ;47;5593;;;22.01.2026;;
ПКНФ-000010;22.01.2026;Маркер для кабеля 0.5-1.5мм символ ""7"" (уп.200шт) ДКС;Электротовары КСС ШУ;56;1599;;;22.01.2026;;
ПКНФ-000010;22.01.2026;Маркер для кабеля 0.5-1.5мм символ ""8"" (уп.200шт) ДКС;Электротовары КСС ШУ;67;920;;;22.01.2026;;
ПКНФ-000010;22.01.2026;Маркер для кабеля 0.5-1.5мм символ ""9"" (уп.200шт) ДКС;Электротовары КСС ШУ;68;805;;;22.01.2026;;
ПКНФ-000010;22.01.2026;Маркер для JXB с нумерацией 1-10 (уп.100шт);Электротовары КСС ШУ;200;2781;;;22.01.2026;;
ПКНФ-000010;22.01.2026;Модуль расширения дискретного ввода/вывода ПРМ-24.1;Электротовары КСС ШУ;1;14;;;22.01.2026;;
ПКНФ-000010;22.01.2026;Наконечник штыревой НШВИ 10-12 КВТ;Электротовары КСС ШУ;42;0;;25.08.2025;22.01.2026;;
ПКНФ-000010;22.01.2026;Наконечник штыревой втулочный изол. НШвИ(2) 2.5-10 (уп.50шт);Электротовары КСС ШУ;12;2541;;;22.01.2026;;
ПКНФ-000010;22.01.2026;Провод ПУГВнг(А)-LS 1х0,5 Б;Электротовары КСС ШУ;215;2451;;;22.01.2026;;
ПКНФ-000010;22.01.2026;Провод ПУГВнг(А)-LS 1х0,5 К;Электротовары КСС ШУ;30;1163;;;22.01.2026;;
ПКНФ-000010;22.01.2026;Провод ПУГВнг(А)-LS 1х0,5 Ч;Электротовары КСС ШУ;34;1024;;;22.01.2026;;
ПКНФ-000010;22.01.2026;Провод ПУГВнг(А)-LS 1х1,5 ж/з;Электротовары КСС ШУ;1.5;427.3;;;22.01.2026;;
ПКНФ-000010;22.01.2026;Провод ПУГВнг(А)-LS 1х10 Б;Электротовары КСС ШУ;20;0;;;22.01.2026;;
ПКНФ-000010;22.01.2026;Провод ПуГВнг(А)-LS 1х16 Б;Электротовары КСС ШУ;12;0;;;22.01.2026;;
ПКНФ-000010;22.01.2026;Провод ПУГВнг(А)-LS 1х2,5 Б;Электротовары КСС ШУ;3.5;248.5;;;22.01.2026;;
ПКНФ-000010;22.01.2026;Провод ПУГВнг(А)-LS 1х2,5 С;Электротовары КСС ШУ;7;204;;;22.01.2026;;
ПКНФ-000010;22.01.2026;Программируемое реле ПР102-24.2416.03.2;Электротовары КСС ШУ;2;3;;03.02.2026;22.01.2026;;
ПКНФ-000010;22.01.2026;Блок распределительный КРОСС крепеж на панель и DIN КБР-160А;Электротовары КСС ШУ;5;49;;;22.01.2026;;
ПКНФ-000010;22.01.2026;Реле RFT2CO730LT, 2CO, 8A(250VAC/30VDC), 230VAC, LED, мех. инд., тест-кнопка;Электротовары КСС ШУ;11;29;;29.01.2026;22.01.2026;;
ПКНФ-000010;22.01.2026;Спираль монтажная СМ-06-04 (10м);Электротовары КСС ШУ;0.2;2.541;;06.02.2026;22.01.2026;;
ПКНФ-000010;22.01.2026;Термоусаживаемая трубка ТУТнг 25/12,5 желтая (50 м/ролл) TDM;Электротовары КСС ШУ;0.5;36.5;;;22.01.2026;;
ПКНФ-000010;22.01.2026;Термоусаживаемая трубка ТУТнг 25/12,5 зеленая (50 м/ролл) TDM;Электротовары КСС ШУ;0.5;36.5;;;22.01.2026;;
ПКНФ-000010;22.01.2026;Термоусаживаемая трубка ТУТнг 25/12,5 красная (50 м/ролл) TDM;Электротовары КСС ШУ;0.5;36.5;;;22.01.2026;;
ПКНФ-000010;22.01.2026;Трубка термоус. ТУТ (HF)-16/8, желт. (уп.50м) (КВТ);Электротовары КСС ШУ;1;34.5;;;22.01.2026;;
ПКНФ-000010;22.01.2026;Трубка термоус. ТУТ (HF)-16/8, зел. (уп.50м) КВТ;Электротовары КСС ШУ;1;84.5;;;22.01.2026;;
ПКНФ-000010;22.01.2026;Цоколь SRU08-E, 10A(300V), черный, на рейку DIN35/панель, для RFT2CO;Электротовары КСС ШУ;11;0;;02.02.2026;22.01.2026;;
ПКНФ-000010;22.01.2026;Выключатель 1-м ОП IP54 (белый) ГЕРМЕС PLUS/ИЭК;Электротовары КСС ШУ;1;2;;;22.01.2026;;
ПКНФ-000010;22.01.2026;Наконечник штыревой втулочный изол. НШвИ 2.5-8 (уп.50шт);Электротовары КСС ШУ;10;4009;;25.08.2025;22.01.2026;;
ПКНФ-000010;22.01.2026;Шайба плоская оц. М6 DIN 125;Оцинкованные метизы (ПК КСС);0.002;0.17;;25.08.2025;22.01.2026;;
ПКНФ-000010;22.01.2026;Наконечник НШвИ(2) 1.5-8 (уп.50шт);Электротовары КСС ШУ;34;4397;;;22.01.2026;;
ПКНФ-000011;22.01.2026;Клемма двухуровневая винтовой зажим 4 точки подключения 2.5кв.мм сер.;Электротовары КСС ШУ;38;456;;;22.01.2026;;
ПКНФ-000011;22.01.2026;Устройство плавного пуска INSTART SBIM-30/60-04 30кВт 380В;Электротовары КСС ШУ;2;2;;;22.01.2026;;
ПКНФ-000011;22.01.2026;Кабель-канал перфорированный 80х60 L2000 RL6 G DKC 01139RL;Электротовары КСС ШУ;1;0;;19.02.2025;22.01.2026;;
ПКНФ-000011;22.01.2026;Модуль расширения дискретного ввода/вывода ПРМ-24.6;Электротовары КСС ШУ;1;4;;03.02.2026;22.01.2026;;
ПКНФ-000011;22.01.2026;Кабель-канал перфорированный 40х60 L2000 RL6 G DKC 01163RL;Электротовары КСС ШУ;2.5;31.5;;;22.01.2026;;
ПКНФ-000011;22.01.2026;Матрица светодиодная AD16-22HS крас. EKF ledm-ad16-r;Электротовары КСС ШУ;2;1;;06.02.2026;22.01.2026;;
ПКНФ-000011;22.01.2026;Матрица светодиодная AD16-22HS 230В AC IP65 зел. PROxima EKF ledm-ad16-g-65;Электротовары КСС ШУ;2;150;;;22.01.2026;;
ПКНФ-000011;22.01.2026;Провод ПУГВнг(А)-LS 1х0,5 С;Электротовары КСС ШУ;38;1213;;;22.01.2026;;
ПКНФ-000011;22.01.2026;Наконечник штыревой втулочный изол. НШвИ(2) 0.5-8 (уп.50шт);Электротовары КСС ШУ;134;2462;;10.02.2026;22.01.2026;;
ПКНФ-000011;22.01.2026;Знак ""Земля"" круглый d20мм EKF an-1-04;Электротовары КСС ШУ;2;0;;10.02.2026;22.01.2026;;
ПКНФ-000011;22.01.2026;Наконечник кольцевой изол. НКИ 1.5-6 (уп.50шт);Электротовары КСС ШУ;12;0;;06.02.2026;22.01.2026;;
ПКНФ-000011;22.01.2026;Выключатель автоматический модульный 3п C 6А 4.5кА ВА 47-63;Электротовары КСС ШУ;2;44;;;22.01.2026;;
ПКНФ-000011;22.01.2026;Выключатель автоматический для защиты двигателя АПД-32 1.6-2.5А;Электротовары КСС ШУ;2;34;;;22.01.2026;;
ПКНФ-000011;22.01.2026;Трубка термоусадочная ТТУ нг-LS 2/1 красн. 1м IEK UDRS-D2-1-K04;Электротовары КСС ШУ;1;78.25;;;22.01.2026;;
ПКНФ-000011;22.01.2026;Трубка термоусадочная ТТУ нг-LS 2/1 желт. 1м IEK UDRS-D2-1-K05;Электротовары КСС ШУ;1.5;68.5;;;22.01.2026;;
ПКНФ-000011;22.01.2026;Трубка термоусадочная ТТУ нг-LS 2/1 зел. 1м IEK UDRS-D2-1-K06;Электротовары КСС ШУ;1;168.25;;;22.01.2026;;
ПКНФ-000011;22.01.2026;Ограничитель на DIN-рейку 1 винт HDW-211;Электротовары КСС ШУ;30;0;;10.02.2026;22.01.2026;;
ПКНФ-000011;22.01.2026;Выключатель автоматический модульный 1п C 6А 4.5кА ВА 47-63;Электротовары КСС ШУ;3;87;;;22.01.2026;;
ПКНФ-000011;22.01.2026;Кабель-канал перфорированный 25х40 L2000 RL6 G DKC 01163RL;Электротовары КСС ШУ;1.5;1.5;;06.02.2026;22.01.2026;;
ПКНФ-000011;22.01.2026;Механизм блокировки для КМЭ (09А-32А);Электротовары КСС ШУ;2;65;;;22.01.2026;;
ПКНФ-000011;22.01.2026;Переключатель BG33 3P 2NO с замком (не возврат.);Электротовары КСС ШУ;1;38;;;22.01.2026;;
ПКНФ-000011;22.01.2026;Переключатель BD21 2P короткая ручка NO IP65 PROxima EKF xb2-bd21-65;Электротовары КСС ШУ;2;0;;06.02.2026;22.01.2026;;
ПКНФ-000011;22.01.2026;Оповещатель светозвуковой ED16-22BMS 230В;Электротовары КСС ШУ;1;103;;;22.01.2026;;
ПКНФ-000011;22.01.2026;Панель оператора PRO-Screen 7 EKF RSC-7;Электротовары КСС ШУ;1;9;;;22.01.2026;;
ПКНФ-000011;22.01.2026;Держатель маркировки LH 20х25мм;Электротовары КСС ШУ;16;295;;;22.01.2026;;
ПКНФ-000011;22.01.2026;Символ ""Молния"" (треугольник) 50х50х50мм;Электротовары КСС ШУ;1;37;;;22.01.2026;;
ПКНФ-000011;22.01.2026;Контактор КМЭ 9А кат. 220В AC 1НЗ;Электротовары КСС ШУ;4;32;;;22.01.2026;;
ПКНФ-000011;22.01.2026;Кнопка BA21 черн. NO;Электротовары КСС ШУ;2;86;;;22.01.2026;;
ПКНФ-000011;22.01.2026;Резистор углеродистый CF-50 (C1-4) 0.5 Вт, 4,7 кОм, 5%;Электротовары КСС ШУ;36;1572;;;22.01.2026;;
ПКНФ-000011;22.01.2026;Модуль расширения дискретного ввода/вывода ПРМ-24.2;Электротовары КСС ШУ;1;10;;03.02.2026;22.01.2026;;
ПКНФ-000011;22.01.2026;Саморез 4.2х25 металл-металл с прессшайбой сверло цинк (уп.200шт);Электротовары КСС ШУ;10;452;;;22.01.2026;;
ПКНФ-000011;22.01.2026;Переключатель BG33 3P 2NO короткая ручка;Электротовары КСС ШУ;2;0;;;22.01.2026;;
ПКНФ-000011;22.01.2026;DIN-рейка перфорированная L2000 1мм 35х7,5;Электротовары КСС ШУ;2;0;;06.02.2026;22.01.2026;;
ПКНФ-000011;22.01.2026;Шайба гроверная оц.М6 DIN 127;Оцинкованные метизы (ПК КСС);0.001;0.047;;;22.01.2026;;
ПКНФ-000011;22.01.2026;Кнопка ""Грибок"" BS542 NC поворотн. красн.;Электротовары КСС ШУ;1;73;;;22.01.2026;;
ПКНФ-000011;22.01.2026;Выключатель автоматический для защиты двигателя 40-63А NS2-80B (R) CHINT 495088;Электротовары КСС ШУ;2;3;;;22.01.2026;;
ПКНФ-000011;22.01.2026;Контакт дополнительный NS2-AU11 для NS2-80B (длинный шток) (R) CHINT 495972;Электротовары КСС ШУ;2;7;;;22.01.2026;;
ПКНФ-000011;22.01.2026;Кабель КГВВнг(А)-LS 4х16;Электротовары КСС ШУ;24;131;;;22.01.2026;;
ПКНФ-000011;22.01.2026;Контакт дополнительный поперечный NS2-AE11 (R) CHINT 495968;Электротовары КСС ШУ;3;42;;;22.01.2026;;
ПКНФ-000011;22.01.2026;Рубильник 3п 80А с рукояткой управления для прямой установки;Электротовары КСС ШУ;2;6;;;22.01.2026;;
ПКНФ-000011;22.01.2026;Термостат NO (охлаждение) на DIN-рейку 10А 230В IP20;Электротовары КСС ШУ;1;10;;;22.01.2026;;
ПКНФ-000011;22.01.2026;Колодка клеммная JXB-2.5/35 серая;Электротовары КСС ШУ;13;0;;10.02.2026;22.01.2026;;
ПКНФ-000011;22.01.2026;Заглушка для JXB-2,5/35 серая;Электротовары КСС ШУ;3;0;;10.02.2026;22.01.2026;;
ПКНФ-000011;22.01.2026;Провод ПуГВнг(А)-LS 1х1,5 Б;Электротовары КСС ШУ;16;31;;06.02.2026;22.01.2026;;
ПКНФ-000011;22.01.2026;Колодка клеммная JXB-35/35 синяя;Электротовары КСС ШУ;2;76;;;22.01.2026;;
ПКНФ-000011;22.01.2026;Сальник PG 29 (d проводника 18-24мм, D резьбовой 36мм) IP54;Электротовары КСС ШУ;2;0;;10.02.2026;22.01.2026;;
ПКНФ-000011;22.01.2026;Колодка клеммная JXB-2.5/35 синяя;Электротовары КСС ШУ;2;72;;10.02.2026;22.01.2026;;
ПКНФ-000011;22.01.2026;Контактор КМЭ 95А 220В/АС3 1НО 1Н3;Электротовары КСС ШУ;2;3;;09.02.2026;22.01.2026;;
ПКНФ-000011;22.01.2026;Механизм блокировки для КМЭ (40А-95А);Электротовары КСС ШУ;1;103;;;22.01.2026;;
ПКНФ-000011;22.01.2026;Приставка контактная ПКЭ-11 доп. контакы 1з+1р;Электротовары КСС ШУ;4;67;;;22.01.2026;;
ПКНФ-000011;22.01.2026;Колодка клеммная JXB-16/35 серая;Электротовары КСС ШУ;6;0;;;22.01.2026;;
ПКНФ-000011;22.01.2026;Кабель КПСЭнг(А)-FRLS 1х2х0.5;Электротовары КСС ШУ;240;2479;;15.01.2026;22.01.2026;;
ПКНФ-000011;22.01.2026;Изолятор торцевой для клемм KRUKB-3-5 DKC D-KRUKB-3-5;Электротовары КСС ШУ;6;190;;;22.01.2026;;
ПКНФ-000011;22.01.2026;Сальник PG 9;Электротовары КСС ШУ;100;100;;10.02.2026;22.01.2026;;
ПКНФ-000011;22.01.2026;Наконечник штыревой втулочный изол. НШвИ 16.0-12 (уп.50шт);Электротовары КСС ШУ;42;846;;;22.01.2026;;
ПКНФ-000011;22.01.2026;Хомут 2,5х150 нейл. (уп.100 шт);Электротовары КСС ШУ;100;0;;;22.01.2026;;
ПКНФ-000011;22.01.2026;Трубка термоус. ТУТ (HF)-4/2, красн. (уп.100м);Электротовары КСС ШУ;1.5;36.8;;;22.01.2026;;
ПКНФ-000011;22.01.2026;Трубка термоус. ТУТ (HF)-4/2, зел. (уп.100м);Электротовары КСС ШУ;1.5;36.6;;;22.01.2026;;
ПКНФ-000011;22.01.2026;Трубка термоус. ТУТ (HF)-4/2, желт. (уп.100м);Электротовары КСС ШУ;1.5;61.3;;;22.01.2026;;
ПКНФ-000011;22.01.2026;Сальник PG 42 32-38мм IP54;Электротовары КСС ШУ;2;60;;;22.01.2026;;
ПКНФ-000011;22.01.2026;Колодка клеммная ЕК-35/125 JXB земля;Электротовары КСС ШУ;2;34;;19.02.2025;22.01.2026;;
ПКНФ-000011;22.01.2026;Реле контроля наличия и чередования фаз CKF-318-1;Электротовары КСС ШУ;2;35;;;22.01.2026;;
ПКНФ-000011;22.01.2026;Наконечник штыревой втулочный изол. НШвИ 0.5-8 (уп.50шт);Электротовары КСС ШУ;268;11540;;;22.01.2026;;
ПКНФ-000011;22.01.2026;Наконечник штыревой втулочный изол. НШвИ 1.5-8 (уп.50шт);Электротовары КСС ШУ;32;1648;;10.02.2026;22.01.2026;;
ПКНФ-000011;22.01.2026;Наконечник штыревой втулочный изол. НШвИ 25.0-16 (уп.50шт);Электротовары КСС ШУ;5;925;;;22.01.2026;;
ПКНФ-000011;22.01.2026;Саморез 4.2х13 металл-металл с прессшайбой сверло цинк (уп.200шт);Электротовары КСС ШУ;42;1054.91;;;22.01.2026;;
ПКНФ-000011;22.01.2026;Маркер для кабеля 0.5-1.5мм символ ""1"" (уп.200шт) ДКС;Электротовары КСС ШУ;52;9024;;;22.01.2026;;
ПКНФ-000011;22.01.2026;Маркер для кабеля 0.5-1.5мм символ ""2"" (уп.200шт) ДКС;Электротовары КСС ШУ;68;4464;;;22.01.2026;;
ПКНФ-000011;22.01.2026;Маркер для кабеля 0.5-1.5мм символ ""3"" (уп.200шт) ДКС;Электротовары КСС ШУ;69;4761;;;22.01.2026;;
ПКНФ-000011;22.01.2026;Маркер для JXB с нумерацией 1-50 (уп.100шт);Электротовары КСС ШУ;500;9397;;;22.01.2026;;
ПКНФ-000011;22.01.2026;MES 140.80.40 RAL3020, Шкаф компактный распределительный;Корпусы для ШУ;1;0;;10.02.2026;22.01.2026;;
ПКНФ-000011;22.01.2026;Сальник PG 16 10-14мм IP54;Электротовары КСС ШУ;2;154;;;22.01.2026;;
ПКНФ-000011;22.01.2026;Вентилятор с фильтром 52 м3/ч 124х124 мм;Электротовары КСС ШУ;1;1;;12.10.2025;22.01.2026;;
ПКНФ-000011;22.01.2026;Решетка вентиляционная с фильтром 124x124мм IP54;Электротовары КСС ШУ;1;0;;12.10.2025;22.01.2026;;
ПКНФ-000011;22.01.2026;HDR-60-24 MW (AC/DC ПРЕОБРАЗОВАТЕЛИ) 24B,2.5A,60Вт;Электротовары КСС ШУ;1;26;;;22.01.2026;;
ПКНФ-000011;22.01.2026;Болт оцинк. М6х20 DIN 933;Оцинкованные метизы (ПК КСС);0.001;0.002;;;22.01.2026;;
ПКНФ-000011;22.01.2026;Гайка оцинк. DIN 934 М6;Оцинкованные метизы (ПК КСС);0.001;0.047;;04.03.2025;22.01.2026;;
ПКНФ-000011;22.01.2026;ID 140.80, Дверь внутренняя для компактных шкафов;Корпусы для ШУ;1;2;18.04.2024;;22.01.2026;;
ПКНФ-000011;22.01.2026;Колодка клеммная ЕК-2.5/25 JXB земля;Электротовары КСС ШУ;3;41;;08.06.2024;22.01.2026;;
ПКНФ-000011;22.01.2026;Лампа AD-22DS(LED) матрица d22мм желтый 230В;Электротовары КСС ШУ;2;132;;;22.01.2026;;
ПКНФ-000011;22.01.2026;Маркер для кабеля 0.5-1.5мм символ ""0"" (уп.200шт) ДКС;Электротовары КСС ШУ;79;6406;;;22.01.2026;;
ПКНФ-000011;22.01.2026;Маркер для кабеля 0.5-1.5мм символ ""4"" (уп.200шт) ДКС;Электротовары КСС ШУ;58;768;;;22.01.2026;;
ПКНФ-000011;22.01.2026;Маркер для кабеля 0.5-1.5мм символ ""5"" (уп.200шт) ДКС;Электротовары КСС ШУ;54;5676;;;22.01.2026;;
ПКНФ-000011;22.01.2026;Маркер для кабеля 0.5-1.5мм символ ""6"" (уп.200шт) ДКС;Электротовары КСС ШУ;47;5593;;;22.01.2026;;
ПКНФ-000011;22.01.2026;Маркер для кабеля 0.5-1.5мм символ ""7"" (уп.200шт) ДКС;Электротовары КСС ШУ;56;1599;;;22.01.2026;;
ПКНФ-000011;22.01.2026;Маркер для кабеля 0.5-1.5мм символ ""8"" (уп.200шт) ДКС;Электротовары КСС ШУ;67;920;;;22.01.2026;;
ПКНФ-000011;22.01.2026;Маркер для кабеля 0.5-1.5мм символ ""9"" (уп.200шт) ДКС;Электротовары КСС ШУ;68;805;;;22.01.2026;;
ПКНФ-000011;22.01.2026;Маркер для JXB с нумерацией 1-10 (уп.100шт);Электротовары КСС ШУ;500;3081;;;22.01.2026;;
ПКНФ-000011;22.01.2026;Наконечник штыревой втулочный изол. НШвИ(2) 2.5-10 (уп.50шт);Электротовары КСС ШУ;12;2541;;;22.01.2026;;
ПКНФ-000011;22.01.2026;Провод ПУГВнг(А)-LS 1х0,5 Б;Электротовары КСС ШУ;215;2451;;;22.01.2026;;
ПКНФ-000011;22.01.2026;Провод ПУГВнг(А)-LS 1х0,5 К;Электротовары КСС ШУ;30;1163;;;22.01.2026;;
ПКНФ-000011;22.01.2026;Провод ПУГВнг(А)-LS 1х0,5 Ч;Электротовары КСС ШУ;34;1024;;;22.01.2026;;
ПКНФ-000011;22.01.2026;Провод ПУГВнг(А)-LS 1х1,5 ж/з;Электротовары КСС ШУ;1.5;427.3;;;22.01.2026;;
ПКНФ-000011;22.01.2026;Провод ПуГВнг(А)-LS 1х16 Б;Электротовары КСС ШУ;20;0;;;22.01.2026;;
ПКНФ-000011;22.01.2026;Провод ПУГВнг(А)-LS 1х2,5 С;Электротовары КСС ШУ;7;204;;;22.01.2026;;
ПКНФ-000011;22.01.2026;Провод ПУГВнг(А)-LS 1х25 Б;Электротовары КСС ШУ;12;106;;;22.01.2026;;
ПКНФ-000011;22.01.2026;Программируемое реле ПР102-24.2416.03.2;Электротовары КСС ШУ;1;2;;03.02.2026;22.01.2026;;
ПКНФ-000011;22.01.2026;Блок распределительный КРОСС крепеж на панель и DIN КБР-160А;Электротовары КСС ШУ;4;48;;;22.01.2026;;
ПКНФ-000011;22.01.2026;Реле RFT2CO730LT, 2CO, 8A(250VAC/30VDC), 230VAC, LED, мех. инд., тест-кнопка;Электротовары КСС ШУ;11;29;;29.01.2026;22.01.2026;;
ПКНФ-000011;22.01.2026;Спираль монтажная СМ-06-04 (10м);Электротовары КСС ШУ;0.2;2.541;;06.02.2026;22.01.2026;;
ПКНФ-000011;22.01.2026;Термоусаживаемая трубка ТУТнг 25/12,5 желтая (50 м/ролл) TDM;Электротовары КСС ШУ;2;38;;;22.01.2026;;
ПКНФ-000011;22.01.2026;Термоусаживаемая трубка ТУТнг 25/12,5 зеленая (50 м/ролл) TDM;Электротовары КСС ШУ;2;38;;;22.01.2026;;
ПКНФ-000011;22.01.2026;Термоусаживаемая трубка ТУТнг 25/12,5 красная (50 м/ролл) TDM;Электротовары КСС ШУ;2;38;;;22.01.2026;;
ПКНФ-000011;22.01.2026;Цоколь SRU08-E, 10A(300V), черный, на рейку DIN35/панель, для RFT2CO;Электротовары КСС ШУ;11;0;;02.02.2026;22.01.2026;;
ПКНФ-000011;22.01.2026;Наконечник штыревой втулочный изол. НШвИ 2.5-8 (уп.50шт);Электротовары КСС ШУ;10;4009;;25.08.2025;22.01.2026;;
ПКНФ-000011;22.01.2026;Шайба плоская оц. М6 DIN 125;Оцинкованные метизы (ПК КСС);0.002;0.17;;25.08.2025;22.01.2026;;
ПКНФ-000011;22.01.2026;Наконечник НШвИ(2) 1.5-8 (уп.50шт);Электротовары КСС ШУ;34;4397;;;22.01.2026;;
ПКНФ-000013;22.01.2026;Частотный преобразователь ESQ-230-4T-7.5K 7.5кВт, 380В;Электротовары КСС ШУ;3;0;27.01.2026;27.01.2026;22.01.2026;;
ПКНФ-000013;22.01.2026;Стяжка нейлоновая КСС 3х120 (б) (100шт);Электротовары КСС ШУ;20;0;;;22.01.2026;;
ПКНФ-000013;22.01.2026;Стяжка нейлоновая КСС 4х200 (б) (100шт);Электротовары КСС ШУ;15;0;;;22.01.2026;;
ПКНФ-000013;22.01.2026;Кабель КГВВнг(А)-LS 4х1.5;Электротовары КСС ШУ;9;163;;;22.01.2026;;
ПКНФ-000013;22.01.2026;Выключатель нагрузки NXHB-125 3P 20А(R) 193180CHINT;Электротовары КСС ШУ;1;57;;;22.01.2026;;
ПКНФ-000013;22.01.2026;Провод ПУГВнг(А)-LS 1х0,5 С;Электротовары КСС ШУ;11;1224;;;22.01.2026;;
ПКНФ-000013;22.01.2026;Наконечник штыревой втулочный изол. НШвИ(2) 0.5-8 (уп.50шт);Электротовары КСС ШУ;20;2482;;10.02.2026;22.01.2026;;
ПКНФ-000013;22.01.2026;Знак ""Земля"" круглый d20мм EKF an-1-04;Электротовары КСС ШУ;2;0;;10.02.2026;22.01.2026;;
ПКНФ-000013;22.01.2026;Наконечник кольцевой изол. НКИ 1.5-6 (уп.50шт);Электротовары КСС ШУ;18;0;;06.02.2026;22.01.2026;;
ПКНФ-000013;22.01.2026;Выключатель автоматический модульный 3п C 6А 4.5кА ВА 47-63;Электротовары КСС ШУ;3;47;;;22.01.2026;;
ПКНФ-000013;22.01.2026;Ограничитель на DIN-рейку 1 винт HDW-211;Электротовары КСС ШУ;24;0;;10.02.2026;22.01.2026;;
ПКНФ-000013;22.01.2026;Выключатель автоматический модульный 1п C 6А 4.5кА ВА 47-63;Электротовары КСС ШУ;2;89;;;22.01.2026;;
ПКНФ-000013;22.01.2026;Кабель-канал перфорированный 25х40 L2000 RL6 G DKC 01163RL;Электротовары КСС ШУ;1.5;3;;06.02.2026;22.01.2026;;
ПКНФ-000013;22.01.2026;Символ ""Молния"" (треугольник) 50х50х50мм;Электротовары КСС ШУ;1;38;;;22.01.2026;;
ПКНФ-000013;22.01.2026;DIN-рейка перфорированная L2000 1мм 35х7,5;Электротовары КСС ШУ;0.75;0;;06.02.2026;22.01.2026;;
ПКНФ-000013;22.01.2026;Термостат NO (охлаждение) на DIN-рейку 10А 230В IP20;Электротовары КСС ШУ;1;11;;;22.01.2026;;
ПКНФ-000013;22.01.2026;Колодка клеммная JXB-2.5/35 серая;Электротовары КСС ШУ;23;0;;10.02.2026;22.01.2026;;
ПКНФ-000013;22.01.2026;Заглушка для JXB-2,5/35 серая;Электротовары КСС ШУ;4;0;;10.02.2026;22.01.2026;;
ПКНФ-000013;22.01.2026;Провод ПуГВнг(А)-LS 1х1,5 Б;Электротовары КСС ШУ;25;56;;06.02.2026;22.01.2026;;
ПКНФ-000013;22.01.2026;Сальник PG21;Электротовары КСС ШУ;1;508;;;22.01.2026;;
ПКНФ-000013;22.01.2026;Колодка клеммная ЕК-16/80 JXB земля;Электротовары КСС ШУ;1;123;;06.12.2024;22.01.2026;;
ПКНФ-000013;22.01.2026;Крышка защитная на 8 модулей под вырез в шкафу MT-WPC8;Электротовары КСС ШУ;1;14;;29.01.2026;22.01.2026;;
ПКНФ-000013;22.01.2026;Программируемое реле ПР200-24.4.2.0;Электротовары КСС ШУ;1;7;;29.01.2026;22.01.2026;;
ПКНФ-000013;22.01.2026;Сальник PG 9;Электротовары КСС ШУ;100;200;;10.02.2026;22.01.2026;;
ПКНФ-000013;22.01.2026;Трубка термоус. ТУТ (HF)-4/2, красн. (уп.100м);Электротовары КСС ШУ;1.2;38;;;22.01.2026;;
ПКНФ-000013;22.01.2026;Трубка термоус. ТУТ (HF)-4/2, зел. (уп.100м);Электротовары КСС ШУ;1.2;37.8;;;22.01.2026;;
ПКНФ-000013;22.01.2026;Трубка термоус. ТУТ (HF)-4/2, желт. (уп.100м);Электротовары КСС ШУ;1.2;62.5;;;22.01.2026;;
ПКНФ-000013;22.01.2026;Колодка клеммная JXB-16/35 син.;Электротовары КСС ШУ;1;76;;06.12.2024;22.01.2026;;
ПКНФ-000013;22.01.2026;Наконечник штыревой втулочный изол. НШвИ 0.5-8 (уп.50шт);Электротовары КСС ШУ;54;11594;;;22.01.2026;;
ПКНФ-000013;22.01.2026;Наконечник штыревой втулочный изол. НШвИ 1.5-8 (уп.50шт);Электротовары КСС ШУ;58;1706;;10.02.2026;22.01.2026;;
ПКНФ-000013;22.01.2026;Саморез 4.2х13 металл-металл с прессшайбой сверло цинк (уп.200шт);Электротовары КСС ШУ;38;1092.91;;;22.01.2026;;
ПКНФ-000013;22.01.2026;Маркер для кабеля 0.5-1.5мм символ ""1"" (уп.200шт) ДКС;Электротовары КСС ШУ;18;9042;;;22.01.2026;;
ПКНФ-000013;22.01.2026;Маркер для кабеля 0.5-1.5мм символ ""2"" (уп.200шт) ДКС;Электротовары КСС ШУ;14;4478;;;22.01.2026;;
ПКНФ-000013;22.01.2026;Маркер для кабеля 0.5-1.5мм символ ""3"" (уп.200шт) ДКС;Электротовары КСС ШУ;6;4767;;;22.01.2026;;
ПКНФ-000013;22.01.2026;Сальник PG 16 10-14мм IP54;Электротовары КСС ШУ;3;157;;;22.01.2026;;
ПКНФ-000013;22.01.2026;Вентилятор с фильтром 52 м3/ч 124х124 мм;Электротовары КСС ШУ;1;2;;12.10.2025;22.01.2026;;
ПКНФ-000013;22.01.2026;Решетка вентиляционная с фильтром 124x124мм IP54;Электротовары КСС ШУ;1;0;;12.10.2025;22.01.2026;;
ПКНФ-000013;22.01.2026;ID 80.60, Дверь внутренняя для шкафов MEV;Корпусы для ШУ;1;1;;;22.01.2026;;
ПКНФ-000013;22.01.2026;MES 80.60.30, Шкаф компактный распределительный 800х600х300;Корпусы для ШУ;1;1;;02.01.2026;22.01.2026;;
ПКНФ-000013;22.01.2026;Кабель-канал перфорированный 15х30 L2000 RL75 G ДКС;Электротовары КСС ШУ;0.3;84.1;;;22.01.2026;;
ПКНФ-000013;22.01.2026;Колодка клеммная ЕК-2.5/25 JXB земля;Электротовары КСС ШУ;2;43;;08.06.2024;22.01.2026;;
ПКНФ-000013;22.01.2026;Маркер для кабеля 0.5-1.5мм символ ""0"" (уп.200шт) ДКС;Электротовары КСС ШУ;7;6413;;;22.01.2026;;
ПКНФ-000013;22.01.2026;Маркер для кабеля 0.5-1.5мм символ ""4"" (уп.200шт) ДКС;Электротовары КСС ШУ;14;782;;;22.01.2026;;
ПКНФ-000013;22.01.2026;Маркер для кабеля 0.5-1.5мм символ ""5"" (уп.200шт) ДКС;Электротовары КСС ШУ;6;5682;;;22.01.2026;;
ПКНФ-000013;22.01.2026;Маркер для кабеля 0.5-1.5мм символ ""6"" (уп.200шт) ДКС;Электротовары КСС ШУ;6;5599;;;22.01.2026;;
ПКНФ-000013;22.01.2026;Маркер для кабеля 0.5-1.5мм символ ""7"" (уп.200шт) ДКС;Электротовары КСС ШУ;6;1605;;;22.01.2026;;
ПКНФ-000013;22.01.2026;Маркер для кабеля 0.5-1.5мм символ ""8"" (уп.200шт) ДКС;Электротовары КСС ШУ;4;924;;;22.01.2026;;
ПКНФ-000013;22.01.2026;Маркер для кабеля 0.5-1.5мм символ ""9"" (уп.200шт) ДКС;Электротовары КСС ШУ;6;811;;;22.01.2026;;
ПКНФ-000013;22.01.2026;Маркер для JXB с нумерацией 1-10 (уп.100шт);Электротовары КСС ШУ;500;3281;;;22.01.2026;;
ПКНФ-000013;22.01.2026;Наконечник штыревой втулочный изол. НШвИ(2) 2.5-10 (уп.50шт);Электротовары КСС ШУ;18;2559;;;22.01.2026;;
ПКНФ-000013;22.01.2026;Провод ПУГВнг(А)-LS 1х0,5 Б;Электротовары КСС ШУ;33;2484;;;22.01.2026;;
ПКНФ-000013;22.01.2026;Провод ПУГВнг(А)-LS 1х0,5 К;Электротовары КСС ШУ;16;1179;;;22.01.2026;;
ПКНФ-000013;22.01.2026;Провод ПУГВнг(А)-LS 1х0,5 Ч;Электротовары КСС ШУ;16;1040;;;22.01.2026;;
ПКНФ-000013;22.01.2026;Провод ПУГВнг(А)-LS 1х1,5 ж/з;Электротовары КСС ШУ;8;435.3;;;22.01.2026;;
ПКНФ-000013;22.01.2026;Провод ПУГВнг(А)-LS 1х2,5 Б;Электротовары КСС ШУ;9;254;;;22.01.2026;;
ПКНФ-000013;22.01.2026;Спираль монтажная СМ-06-04 (10м);Электротовары КСС ШУ;0.1;2.641;;06.02.2026;22.01.2026;;
ПКНФ-000013;22.01.2026;Наконечник штыревой втулочный изол. НШвИ 2.5-8 (уп.50шт);Электротовары КСС ШУ;20;4029;;25.08.2025;22.01.2026;;
ПКНФ-000013;22.01.2026;Провод ШВВП 2х0,75 белый;Электротовары КСС ШУ;7;136;;;22.01.2026;;
ПКНФ-000013;22.01.2026;HDR-30-24 Блок питания, 24В,1.5А,36Вт;Электротовары КСС ШУ;1;4;;;22.01.2026;;
ПКНФ-000013;22.01.2026;Наконечник НШвИ(2) 1.5-8 (уп.50шт);Электротовары КСС ШУ;28;4425;;;22.01.2026;;
ПКНФ-000014;22.01.2026;Контакт вспомогательный для ВА-99С 100/1250А;Электротовары КСС ШУ;2;0;;09.02.2026;22.01.2026;;
ПКНФ-000014;22.01.2026;Клемма двухуровневая винтовой зажим 4 точки подключения 2.5кв.мм сер.;Электротовары КСС ШУ;38;456;;;22.01.2026;;
ПКНФ-000014;22.01.2026;Устройство плавного пуска INSTART SBIM-37/74-04 37кВт 380В;Электротовары КСС ШУ;2;2;;;22.01.2026;;
ПКНФ-000014;22.01.2026;Кабель-канал перфорированный 80х60 L2000 RL6 G DKC 01139RL;Электротовары КСС ШУ;1;0;;19.02.2025;22.01.2026;;
ПКНФ-000014;22.01.2026;Модуль расширения дискретного ввода/вывода ПРМ-24.6;Электротовары КСС ШУ;1;3;;03.02.2026;22.01.2026;;
ПКНФ-000014;22.01.2026;Кабель-канал перфорированный 40х60 L2000 RL6 G DKC 01163RL;Электротовары КСС ШУ;2.5;31.5;;;22.01.2026;;
ПКНФ-000014;22.01.2026;Матрица светодиодная AD16-22HS крас. EKF ledm-ad16-r;Электротовары КСС ШУ;2;0;;06.02.2026;22.01.2026;;
ПКНФ-000014;22.01.2026;Матрица светодиодная AD16-22HS 230В AC IP65 зел. PROxima EKF ledm-ad16-g-65;Электротовары КСС ШУ;2;150;;;22.01.2026;;
ПКНФ-000014;22.01.2026;Провод ПУГВнг(А)-LS 1х0,5 С;Электротовары КСС ШУ;38;1224;;;22.01.2026;;
ПКНФ-000014;22.01.2026;Наконечник штыревой втулочный изол. НШвИ(2) 0.5-8 (уп.50шт);Электротовары КСС ШУ;134;2482;;10.02.2026;22.01.2026;;
ПКНФ-000014;22.01.2026;Знак ""Земля"" круглый d20мм EKF an-1-04;Электротовары КСС ШУ;2;0;;10.02.2026;22.01.2026;;
ПКНФ-000014;22.01.2026;Наконечник кольцевой изол. НКИ 1.5-6 (уп.50шт);Электротовары КСС ШУ;12;0;;06.02.2026;22.01.2026;;
ПКНФ-000014;22.01.2026;Выключатель автоматический модульный 3п C 6А 4.5кА ВА 47-63;Электротовары КСС ШУ;2;47;;;22.01.2026;;
ПКНФ-000014;22.01.2026;Выключатель автоматический для защиты двигателя АПД-32 1.6-2.5А;Электротовары КСС ШУ;2;34;;;22.01.2026;;
ПКНФ-000014;22.01.2026;Трубка термоусадочная ТТУ нг-LS 2/1 красн. 1м IEK UDRS-D2-1-K04;Электротовары КСС ШУ;1;78.25;;;22.01.2026;;
ПКНФ-000014;22.01.2026;Трубка термоусадочная ТТУ нг-LS 2/1 желт. 1м IEK UDRS-D2-1-K05;Электротовары КСС ШУ;1.5;68.5;;;22.01.2026;;
ПКНФ-000014;22.01.2026;Трубка термоусадочная ТТУ нг-LS 2/1 зел. 1м IEK UDRS-D2-1-K06;Электротовары КСС ШУ;1;168.25;;;22.01.2026;;
ПКНФ-000014;22.01.2026;Ограничитель на DIN-рейку 1 винт HDW-211;Электротовары КСС ШУ;30;0;;10.02.2026;22.01.2026;;
ПКНФ-000014;22.01.2026;Выключатель автоматический модульный 1п C 6А 4.5кА ВА 47-63;Электротовары КСС ШУ;3;89;;;22.01.2026;;
ПКНФ-000014;22.01.2026;Кабель-канал перфорированный 25х40 L2000 RL6 G DKC 01163RL;Электротовары КСС ШУ;1.5;3;;06.02.2026;22.01.2026;;
ПКНФ-000014;22.01.2026;Механизм блокировки для КМЭ (09А-32А);Электротовары КСС ШУ;2;65;;;22.01.2026;;
ПКНФ-000014;22.01.2026;Переключатель BG33 3P 2NO с замком (не возврат.);Электротовары КСС ШУ;1;38;;;22.01.2026;;
ПКНФ-000014;22.01.2026;Переключатель BD21 2P короткая ручка NO IP65 PROxima EKF xb2-bd21-65;Электротовары КСС ШУ;2;0;;06.02.2026;22.01.2026;;
ПКНФ-000014;22.01.2026;Оповещатель светозвуковой ED16-22BMS 230В;Электротовары КСС ШУ;1;103;;;22.01.2026;;
ПКНФ-000014;22.01.2026;Панель оператора PRO-Screen 7 EKF RSC-7;Электротовары КСС ШУ;1;9;;;22.01.2026;;
ПКНФ-000014;22.01.2026;Держатель маркировки LH 20х25мм;Электротовары КСС ШУ;16;295;;;22.01.2026;;
ПКНФ-000014;22.01.2026;Символ ""Молния"" (треугольник) 50х50х50мм;Электротовары КСС ШУ;1;38;;;22.01.2026;;
ПКНФ-000014;22.01.2026;Контактор КМЭ 9А кат. 220В AC 1НЗ;Электротовары КСС ШУ;4;32;;;22.01.2026;;
ПКНФ-000014;22.01.2026;Кнопка BA21 черн. NO;Электротовары КСС ШУ;2;86;;;22.01.2026;;
ПКНФ-000014;22.01.2026;Резистор углеродистый CF-50 (C1-4) 0.5 Вт, 4,7 кОм, 5%;Электротовары КСС ШУ;36;1572;;;22.01.2026;;
ПКНФ-000014;22.01.2026;Модуль расширения дискретного ввода/вывода ПРМ-24.2;Электротовары КСС ШУ;1;9;;03.02.2026;22.01.2026;;
ПКНФ-000014;22.01.2026;Саморез 4.2х25 металл-металл с прессшайбой сверло цинк (уп.200шт);Электротовары КСС ШУ;10;452;;;22.01.2026;;
ПКНФ-000014;22.01.2026;Переключатель BG33 3P 2NO короткая ручка;Электротовары КСС ШУ;2;0;;;22.01.2026;;
ПКНФ-000014;22.01.2026;DIN-рейка перфорированная L2000 1мм 35х7,5;Электротовары КСС ШУ;2;0;;06.02.2026;22.01.2026;;
ПКНФ-000014;22.01.2026;Шайба гроверная оц.М6 DIN 127;Оцинкованные метизы (ПК КСС);0.001;0.048;;;22.01.2026;;
ПКНФ-000014;22.01.2026;Кнопка ""Грибок"" BS542 NC поворотн. красн.;Электротовары КСС ШУ;1;73;;;22.01.2026;;
ПКНФ-000014;22.01.2026;Кабель КГВВнг(А)-LS 4х16;Электротовары КСС ШУ;24;131;;;22.01.2026;;
ПКНФ-000014;22.01.2026;Контакт дополнительный поперечный NS2-AE11 (R) CHINT 495968;Электротовары КСС ШУ;3;42;;;22.01.2026;;
ПКНФ-000014;22.01.2026;Рубильник 3п 80А с рукояткой управления для прямой установки;Электротовары КСС ШУ;2;6;;;22.01.2026;;
ПКНФ-000014;22.01.2026;Термостат NO (охлаждение) на DIN-рейку 10А 230В IP20;Электротовары КСС ШУ;1;11;;;22.01.2026;;
ПКНФ-000014;22.01.2026;Колодка клеммная JXB-2.5/35 серая;Электротовары КСС ШУ;13;0;;10.02.2026;22.01.2026;;
ПКНФ-000014;22.01.2026;Заглушка для JXB-2,5/35 серая;Электротовары КСС ШУ;3;0;;10.02.2026;22.01.2026;;
ПКНФ-000014;22.01.2026;Провод ПуГВнг(А)-LS 1х1,5 Б;Электротовары КСС ШУ;16;56;;06.02.2026;22.01.2026;;
ПКНФ-000014;22.01.2026;Сальник PG 29 (d проводника 18-24мм, D резьбовой 36мм) IP54;Электротовары КСС ШУ;2;0;;10.02.2026;22.01.2026;;
ПКНФ-000014;22.01.2026;Колодка клеммная JXB-2.5/35 синяя;Электротовары КСС ШУ;2;72;;10.02.2026;22.01.2026;;
ПКНФ-000014;22.01.2026;Контактор КМЭ 95А 220В/АС3 1НО 1Н3;Электротовары КСС ШУ;2;1;;09.02.2026;22.01.2026;;
ПКНФ-000014;22.01.2026;Механизм блокировки для КМЭ (40А-95А);Электротовары КСС ШУ;1;103;;;22.01.2026;;
ПКНФ-000014;22.01.2026;Приставка контактная ПКЭ-11 доп. контакы 1з+1р;Электротовары КСС ШУ;4;67;;;22.01.2026;;
ПКНФ-000014;22.01.2026;Колодка клеммная JXB-16/35 серая;Электротовары КСС ШУ;6;0;;;22.01.2026;;
ПКНФ-000014;22.01.2026;Кабель КПСЭнг(А)-FRLS 1х2х0.5;Электротовары КСС ШУ;240;2479;;15.01.2026;22.01.2026;;
ПКНФ-000014;22.01.2026;Изолятор торцевой для клемм KRUKB-3-5 DKC D-KRUKB-3-5;Электротовары КСС ШУ;6;190;;;22.01.2026;;
ПКНФ-000014;22.01.2026;Сальник PG 9;Электротовары КСС ШУ;100;200;;10.02.2026;22.01.2026;;
ПКНФ-000014;22.01.2026;Выключатель автоматический 3п 100/100А 35кА ВА-99М PROxima EKF mccb99-100-100m;Электротовары КСС ШУ;2;2;;;22.01.2026;;
ПКНФ-000014;22.01.2026;Наконечник штыревой втулочный изол. НШвИ 16.0-12 (уп.50шт);Электротовары КСС ШУ;42;846;;;22.01.2026;;
ПКНФ-000014;22.01.2026;Хомут 2,5х150 нейл. (уп.100 шт);Электротовары КСС ШУ;100;0;;;22.01.2026;;
ПКНФ-000014;22.01.2026;Трубка термоус. ТУТ (HF)-4/2, красн. (уп.100м);Электротовары КСС ШУ;1.5;38;;;22.01.2026;;
ПКНФ-000014;22.01.2026;Трубка термоус. ТУТ (HF)-4/2, зел. (уп.100м);Электротовары КСС ШУ;1.5;37.8;;;22.01.2026;;
ПКНФ-000014;22.01.2026;Трубка термоус. ТУТ (HF)-4/2, желт. (уп.100м);Электротовары КСС ШУ;1.5;62.5;;;22.01.2026;;
ПКНФ-000014;22.01.2026;Сальник PG 42 32-38мм IP54;Электротовары КСС ШУ;2;60;;;22.01.2026;;
ПКНФ-000014;22.01.2026;Колодка клеммная JXB-16/35 син.;Электротовары КСС ШУ;2;76;;06.12.2024;22.01.2026;;
ПКНФ-000014;22.01.2026;Колодка клеммная ЕК-35/125 JXB земля;Электротовары КСС ШУ;2;34;;19.02.2025;22.01.2026;;
ПКНФ-000014;22.01.2026;Наконечник кабельный ТМЛ(DIN) 16-8;Электротовары КСС ШУ;24;13;;;22.01.2026;;
ПКНФ-000014;22.01.2026;Реле контроля наличия и чередования фаз CKF-318-1;Электротовары КСС ШУ;2;35;;;22.01.2026;;
ПКНФ-000014;22.01.2026;Наконечник штыревой втулочный изол. НШвИ 0.5-8 (уп.50шт);Электротовары КСС ШУ;268;11594;;;22.01.2026;;
ПКНФ-000014;22.01.2026;Наконечник штыревой втулочный изол. НШвИ 1.5-8 (уп.50шт);Электротовары КСС ШУ;32;1706;;10.02.2026;22.01.2026;;
ПКНФ-000014;22.01.2026;Наконечник штыревой втулочный изол. НШвИ 25.0-16 (уп.50шт);Электротовары КСС ШУ;5;925;;;22.01.2026;;
ПКНФ-000014;22.01.2026;Саморез 4.2х13 металл-металл с прессшайбой сверло цинк (уп.200шт);Электротовары КСС ШУ;42;1092.91;;;22.01.2026;;
ПКНФ-000014;22.01.2026;Маркер для кабеля 0.5-1.5мм символ ""1"" (уп.200шт) ДКС;Электротовары КСС ШУ;52;9042;;;22.01.2026;;
ПКНФ-000014;22.01.2026;Маркер для кабеля 0.5-1.5мм символ ""2"" (уп.200шт) ДКС;Электротовары КСС ШУ;68;4478;;;22.01.2026;;
ПКНФ-000014;22.01.2026;Маркер для кабеля 0.5-1.5мм символ ""3"" (уп.200шт) ДКС;Электротовары КСС ШУ;69;4767;;;22.01.2026;;
ПКНФ-000014;22.01.2026;Маркер для JXB с нумерацией 1-50 (уп.100шт);Электротовары КСС ШУ;200;9097;;;22.01.2026;;
ПКНФ-000014;22.01.2026;MES 140.80.40 RAL3020, Шкаф компактный распределительный;Корпусы для ШУ;1;0;;10.02.2026;22.01.2026;;
ПКНФ-000014;22.01.2026;Сальник PG 16 10-14мм IP54;Электротовары КСС ШУ;2;157;;;22.01.2026;;
ПКНФ-000014;22.01.2026;Вентилятор с фильтром 52 м3/ч 124х124 мм;Электротовары КСС ШУ;1;2;;12.10.2025;22.01.2026;;
ПКНФ-000014;22.01.2026;Решетка вентиляционная с фильтром 124x124мм IP54;Электротовары КСС ШУ;1;0;;12.10.2025;22.01.2026;;
ПКНФ-000014;22.01.2026;HDR-60-24 MW (AC/DC ПРЕОБРАЗОВАТЕЛИ) 24B,2.5A,60Вт;Электротовары КСС ШУ;1;26;;;22.01.2026;;
ПКНФ-000014;22.01.2026;Болт оцинк. М6х20 DIN 933;Оцинкованные метизы (ПК КСС);0.001;0.002;;;22.01.2026;;
ПКНФ-000014;22.01.2026;Гайка оцинк. DIN 934 М6;Оцинкованные метизы (ПК КСС);0.001;0.048;;04.03.2025;22.01.2026;;
ПКНФ-000014;22.01.2026;ID 140.80, Дверь внутренняя для компактных шкафов;Корпусы для ШУ;1;1;18.04.2024;;22.01.2026;;
ПКНФ-000014;22.01.2026;Колодка клеммная ЕК-2.5/25 JXB земля;Электротовары КСС ШУ;3;43;;08.06.2024;22.01.2026;;
ПКНФ-000014;22.01.2026;Лампа AD-22DS(LED) матрица d22мм желтый 230В;Электротовары КСС ШУ;2;132;;;22.01.2026;;
ПКНФ-000014;22.01.2026;Маркер для кабеля 0.5-1.5мм символ ""0"" (уп.200шт) ДКС;Электротовары КСС ШУ;79;6413;;;22.01.2026;;
ПКНФ-000014;22.01.2026;Маркер для кабеля 0.5-1.5мм символ ""4"" (уп.200шт) ДКС;Электротовары КСС ШУ;58;782;;;22.01.2026;;
ПКНФ-000014;22.01.2026;Маркер для кабеля 0.5-1.5мм символ ""5"" (уп.200шт) ДКС;Электротовары КСС ШУ;54;5682;;;22.01.2026;;
ПКНФ-000014;22.01.2026;Маркер для кабеля 0.5-1.5мм символ ""6"" (уп.200шт) ДКС;Электротовары КСС ШУ;47;5599;;;22.01.2026;;
ПКНФ-000014;22.01.2026;Маркер для кабеля 0.5-1.5мм символ ""7"" (уп.200шт) ДКС;Электротовары КСС ШУ;56;1605;;;22.01.2026;;
ПКНФ-000014;22.01.2026;Маркер для кабеля 0.5-1.5мм символ ""8"" (уп.200шт) ДКС;Электротовары КСС ШУ;67;924;;;22.01.2026;;
ПКНФ-000014;22.01.2026;Маркер для кабеля 0.5-1.5мм символ ""9"" (уп.200шт) ДКС;Электротовары КСС ШУ;68;811;;;22.01.2026;;
ПКНФ-000014;22.01.2026;Маркер для JXB с нумерацией 1-10 (уп.100шт);Электротовары КСС ШУ;200;3281;;;22.01.2026;;
ПКНФ-000014;22.01.2026;Наконечник штыревой втулочный изол. НШвИ(2) 2.5-10 (уп.50шт);Электротовары КСС ШУ;12;2559;;;22.01.2026;;
ПКНФ-000014;22.01.2026;Провод ПУГВнг(А)-LS 1х0,5 Б;Электротовары КСС ШУ;215;2484;;;22.01.2026;;
ПКНФ-000014;22.01.2026;Провод ПУГВнг(А)-LS 1х0,5 К;Электротовары КСС ШУ;30;1179;;;22.01.2026;;
ПКНФ-000014;22.01.2026;Провод ПУГВнг(А)-LS 1х0,5 Ч;Электротовары КСС ШУ;34;1040;;;22.01.2026;;
ПКНФ-000014;22.01.2026;Провод ПУГВнг(А)-LS 1х1,5 ж/з;Электротовары КСС ШУ;1.5;435.3;;;22.01.2026;;
ПКНФ-000014;22.01.2026;Провод ПуГВнг(А)-LS 1х16 Б;Электротовары КСС ШУ;20;0;;;22.01.2026;;
ПКНФ-000014;22.01.2026;Провод ПУГВнг(А)-LS 1х2,5 С;Электротовары КСС ШУ;7;204;;;22.01.2026;;
ПКНФ-000014;22.01.2026;Провод ПУГВнг(А)-LS 1х25 Б;Электротовары КСС ШУ;12;106;;;22.01.2026;;
ПКНФ-000014;22.01.2026;Блок распределительный КРОСС крепеж на панель и DIN КБР-160А;Электротовары КСС ШУ;4;48;;;22.01.2026;;
ПКНФ-000014;22.01.2026;Реле RFT2CO730LT, 2CO, 8A(250VAC/30VDC), 230VAC, LED, мех. инд., тест-кнопка;Электротовары КСС ШУ;11;29;;29.01.2026;22.01.2026;;
ПКНФ-000014;22.01.2026;Спираль монтажная СМ-06-04 (10м);Электротовары КСС ШУ;0.2;2.641;;06.02.2026;22.01.2026;;
ПКНФ-000014;22.01.2026;Термоусаживаемая трубка ТУТнг 25/12,5 желтая (50 м/ролл) TDM;Электротовары КСС ШУ;2;38;;;22.01.2026;;
ПКНФ-000014;22.01.2026;Термоусаживаемая трубка ТУТнг 25/12,5 зеленая (50 м/ролл) TDM;Электротовары КСС ШУ;2;38;;;22.01.2026;;
ПКНФ-000014;22.01.2026;Термоусаживаемая трубка ТУТнг 25/12,5 красная (50 м/ролл) TDM;Электротовары КСС ШУ;2;38;;;22.01.2026;;
ПКНФ-000014;22.01.2026;Цоколь SRU08-E, 10A(300V), черный, на рейку DIN35/панель, для RFT2CO;Электротовары КСС ШУ;11;0;;02.02.2026;22.01.2026;;
ПКНФ-000014;22.01.2026;Наконечник штыревой втулочный изол. НШвИ 2.5-8 (уп.50шт);Электротовары КСС ШУ;10;4029;;25.08.2025;22.01.2026;;
ПКНФ-000014;22.01.2026;Шайба плоская оц. М6 DIN 125;Оцинкованные метизы (ПК КСС);0.002;0.17;;25.08.2025;22.01.2026;;
ПКНФ-000014;22.01.2026;Наконечник НШвИ(2) 1.5-8 (уп.50шт);Электротовары КСС ШУ;34;4425;;;22.01.2026;;
ПКНФ-000025;22.01.2026;7634.2У - Трубопровод;Составные части трубопровода (Пк КСС);1;0;20.01.2026;;22.01.2026;ПКНФ-000028;22.01.2026
ПКНФ-000025;22.01.2026;7634.2У - Рама, стойка;Составные части трубопровода (Пк КСС);1;0;20.01.2026;;22.01.2026;ПКНФ-001451;29.12.2025
ПКНФ-000025;22.01.2026;Болт оцинк. М12х60 DIN933;Оцинкованные метизы (ПК КСС);0.012;0.294;;03.06.2024;22.01.2026;;
ПКНФ-000025;22.01.2026;Болт оцинк. М12х40 DIN 933;Оцинкованные метизы (ПК КСС);0.004;0.012;;27.06.2024;22.01.2026;;
ПКНФ-000025;22.01.2026;Шайба плоская оц. М12  DIN 125;Оцинкованные метизы (ПК КСС);0.04;1.609;;03.06.2024;22.01.2026;;
ПКНФ-000025;22.01.2026;Мембранный бак для водоснабжения вертикальный, 8л, WAV8 10 бар/110С, Westert WAV8;Арматура (ПК КСС);1;5;;;22.01.2026;;
ПКНФ-000025;22.01.2026;Насос CDM15-6FSWPC, 5.5кВт, станд. фланец, 3х380В,50Гц, чугун, 70 С;Насосы CNP (ПК КСС);3;6;23.01.2026;23.01.2026;22.01.2026;;
ПКНФ-000025;22.01.2026;Болт оцинк. М16х120 DIN933;Оцинкованные метизы (ПК КСС);0.036;0.416;;27.06.2024;22.01.2026;;
ПКНФ-000025;22.01.2026;Реле избыточного давления RVG-20-0.6 (0.6МПа) EKF RVG-20-0.6  (ПК);Датчики уровня, преобразователи, реле (ПК КСС);1;5;;;22.01.2026;;
ПКНФ-000025;22.01.2026;Шайба плоская оц. М8  DIN 125;Оцинкованные метизы (ПК КСС);0.004;1.237;;;22.01.2026;;
ПКНФ-000025;22.01.2026;Гайка шестигр. оц М8 DIN934;Оцинкованные метизы (ПК КСС);0.004;0.739;;;22.01.2026;;
ПКНФ-000025;22.01.2026;Шайба гроверная оц. Ф8 DIN 127;Оцинкованные метизы (ПК КСС);0.004;0.834;;;22.01.2026;;
ПКНФ-000025;22.01.2026;Болт оцинк. М16х80  DIN933;Оцинкованные метизы (ПК КСС);0.02;0.056;;;22.01.2026;;
ПКНФ-000025;22.01.2026;7634 КСС-ШУПЧ2  3-3 -5.5кВт+СХ;Шкафы управления (ПК КСС);1;0;;;22.01.2026;;
ПКНФ-000025;22.01.2026;Виброопора PDH106/38/143 M16 NR60;Расходные материалы (ПК КСС);6;12;;;22.01.2026;;
ПКНФ-000025;22.01.2026;Шаровой кран латунный 1/2"" ВР, с дренажем и воздухоотводчиком, ручка-бабочка, Pride LD 44.344.15;Арматура (ПК КСС);2;33;;;22.01.2026;;
ПКНФ-000025;22.01.2026;Ниппель прямой никелированный 1/2"" НР. LD Pride LD.67.501.15;Арматура (ПК КСС);2;31;;;22.01.2026;;
ПКНФ-000025;22.01.2026;Манометр с поверкой тип ТМ-310Т.00, 0..1,6 МПа, 63 мм, G1/4""(сзади), кл.1,5, корпус-сталь, Росма 000;Расходомеры, манометры (ПК КСС);2;25;;21.01.2026;22.01.2026;;
ПКНФ-000025;22.01.2026;Муфта никелированная 1/2"" ВР, LD Pride LD.67.502.15;Арматура (ПК КСС);2;22;;;22.01.2026;;
ПКНФ-000025;22.01.2026;Рым-болт DIN 580 М 12;Оцинкованные метизы (ПК КСС);4;15.992;;;22.01.2026;;
ПКНФ-000025;22.01.2026;Преобразователь давления EKF PRT-100-1.6-1.0-G2;Датчики уровня, преобразователи, реле (ПК КСС);1;35;;;22.01.2026;;
ПКНФ-000025;22.01.2026;Кран шаровой латунный 3/4"" ВР, ручка-бабочка, LD Pride 47.20.В-В.Б;Арматура (ПК КСС);1;17;;;22.01.2026;;
ПКНФ-000025;22.01.2026;Шайба оцинк гровер М12 DIN 127;Оцинкованные метизы (ПК КСС);0.02;0.978;;03.06.2024;22.01.2026;;
ПКНФ-000025;22.01.2026;Шайба гроверная оц. Ф16 DIN 127;Оцинкованные метизы (ПК КСС);0.048;0.921;;27.06.2024;22.01.2026;;
ПКНФ-000025;22.01.2026;Затвор Ridval тип RVB 01 DN50 PN16 рукоятка, синий;Арматура (ПК КСС);6;14;;;22.01.2026;;
ПКНФ-000025;22.01.2026;Клапан Ridval тип RVC 20 DN50 PN16, синий;Арматура (ПК КСС);3;13;;;22.01.2026;;
ПКНФ-000025;22.01.2026;Болт оцинк. М8х30 DIN 933;Оцинкованные метизы (ПК КСС);0.004;0.622;;;22.01.2026;;
ПКНФ-000025;22.01.2026;Гайка шестигр. оц М12 DIN934;Оцинкованные метизы (ПК КСС);0.02;1.217;;03.06.2024;22.01.2026;;
ПКНФ-000025;22.01.2026;Гайка шестигр. оц М16  (тыс шт);Оцинкованные метизы (ПК КСС);0.048;0.736;;27.06.2024;22.01.2026;;
ПКНФ-000025;22.01.2026;Прокладка (паронит) 50;Полиэтелен, корсис, прагма, НПВХ (ПК КСС);9;79.994;;;22.01.2026;;
ПКНФ-000025;22.01.2026;Футорка ник. латун. 1/2х 1/4;Арматура (ПК КСС);1;43;;;22.01.2026;;
ПКНФ-000025;22.01.2026;Шайба плоская оц.М16  DIN 125;Оцинкованные метизы (ПК КСС);0.096;1.625;;27.06.2024;22.01.2026;;
ПКНФ-000028;22.01.2026;Отбортовка 60,3х2,0 AISI304;Нержавеющие фланцы и фиттинги (ПК КСС);18;27;16.05.2025;;22.01.2026;;
ПКНФ-000028;22.01.2026;Пресс-фланец ст.20 Ду125 Ру 16 ПФСР 100х16 (145 мм);Черные фланцы и фиттинги (ПК КСС);1;29;;;22.01.2026;;
ПКНФ-000028;22.01.2026;Пресс-фланец ст.20 Ду50 Ру 16 ПФСР 050х16 (65 мм) ;Черные фланцы и фиттинги (ПК КСС);18;43;;;22.01.2026;;
ПКНФ-000028;22.01.2026;Пресс-фланец ст.20 Ду100 Ру 16 ПФСР 100х16 (119 мм);Черные фланцы и фиттинги (ПК КСС);4;42;;;22.01.2026;;
ПКНФ-000028;22.01.2026;Труба СВ  21,3х2,0мм 08Х18Н10 (AISI 304);Нержавеющие трубы, листы, круги, сетки(ПК КСС);0.1;77.2;;;22.01.2026;;
ПКНФ-000028;22.01.2026;Труба СВ  26,9х2,0мм 08Х18Н10 (AISI 304);Нержавеющие трубы, листы, круги, сетки(ПК КСС);0.1;28.7;;;22.01.2026;;
ПКНФ-000028;22.01.2026;Труба СВ  60,3х2,0мм 08Х18Н10 (AISI 304);Нержавеющие трубы, листы, круги, сетки(ПК КСС);2;11.5;09.09.2025;09.09.2025;22.01.2026;;
ПКНФ-000028;22.01.2026;Труба СВ 139,7х2,0мм 08Х18Н10 (AISI 304);Нержавеющие трубы, листы, круги, сетки(ПК КСС);1;3.6;;;22.01.2026;;
ПКНФ-000028;22.01.2026;Переход 139,7/114,3х2,0 (DN 125/100) AISI 304/08Х18Н10;Нержавеющие фланцы и фиттинги (ПК КСС);1;3;;;22.01.2026;;
ПКНФ-000028;22.01.2026;Отбортовка 139,7х2,0 AISI304;Нержавеющие фланцы и фиттинги (ПК КСС);1;41;;;22.01.2026;;
ПКНФ-000028;22.01.2026;Заглушка фланцевая  DN100 (114,3) PN10/16;Нержавеющие фланцы и фиттинги (ПК КСС);3;0;28.01.2026;28.01.2026;22.01.2026;;
ПКНФ-000028;22.01.2026;Ниппель приварной DN15  1/2"" (AISI304, 08Х18H10);Нержавеющие фланцы и фиттинги (ПК КСС);2;33;;03.06.2024;22.01.2026;;
ПКНФ-000028;22.01.2026;Ниппель приварной DN20  3/4"" (26,9мм) ( AISI304 08Х18H10);Нержавеющие фланцы и фиттинги (ПК КСС);1;35;;;22.01.2026;;
ПКНФ-000028;22.01.2026;Отбортовка 114,3х2,0 AISI304;Нержавеющие фланцы и фиттинги (ПК КСС);4;112;;;22.01.2026;;
ПКНФ-000028;22.01.2026;Труба СВ 114,3х2,0мм 08Х18Н10 (AISI 304);Нержавеющие трубы, листы, круги, сетки(ПК КСС);3.5;49.2;;22.10.2024;22.01.2026;;
ПКНФ-000049;22.01.2026;Полоса 2,0x50,0 (AISI304, 08X18H10, 2B);Нержавеющие трубы, листы, круги, сетки(ПК КСС);1;0.4;;;22.01.2026;;
ПКНФ-000049;22.01.2026;Лист 2,0*1000*2000  AISI 304 (08х18Н10), х/к, мат (2В);Нержавеющие трубы, листы, круги, сетки(ПК КСС);0.5;0;17.09.2025;17.09.2025;22.01.2026;;
ПКНФ-000049;22.01.2026;Пластина 100х40 (AISI 304);Нержавеющие трубы, листы, круги, сетки(ПК КСС);22;18;;;22.01.2026;;
ПКНФ-000049;22.01.2026;Труба СВ  14,0х1,0мм 08Х18Н10 (AISI 304);Нержавеющие трубы, листы, круги, сетки(ПК КСС);1;3.5;;;22.01.2026;;
ПКНФ-000049;22.01.2026;Труба 20х20х2 (AISI 304);Нержавеющие трубы, листы, круги, сетки(ПК КСС);8;26.5;05.08.2025;05.08.2025;22.01.2026;;
ПКНФ-000049;22.01.2026;Труба 40х20х2 (AISI304);Нержавеющие трубы, листы, круги, сетки(ПК КСС);10;64.5;09.09.2025;09.09.2025;22.01.2026;;
ПКНФ-000049;22.01.2026;Лист 3,0*1000*2000  AISI 304 (42х22мм*3,0мм) ПВЛ;Нержавеющие трубы, листы, круги, сетки(ПК КСС);1;0;;02.02.2026;22.01.2026;;
ПКНФ-000049;22.01.2026;Круг 10,0 (AISI304, 08x18H10);Нержавеющие трубы, листы, круги, сетки(ПК КСС);1;9.6;;;22.01.2026;;
ПКНФ-000049;22.01.2026;Круг 6,0 (AISI304, 08x18H10);Нержавеющие трубы, листы, круги, сетки(ПК КСС);61;197.5;09.09.2025;05.08.2025;22.01.2026;;
ПКНФ-000049;22.01.2026;Труба 25х25х2 (AISI 304);Нержавеющие трубы, листы, круги, сетки(ПК КСС);18.5;53;27.01.2026;05.08.2025;22.01.2026;;
ПКНФ-000049;22.01.2026;Труба 40х40х2,0 (AISI 304);Нержавеющие трубы, листы, круги, сетки(ПК КСС);32;83.7;23.01.2026;05.08.2025;22.01.2026;;
ПКНФ-000049;22.01.2026;Уголок 50,0х50,0х5,0 (AISI304, 08X18H10);Нержавеющие трубы, листы, круги, сетки(ПК КСС);2;7.4;17.09.2025;17.09.2025;22.01.2026;;
ПКНФ-000052;22.01.2026;Затвор Ridval тип RVB 01 DN100 PN16 рукоятка, синий;Арматура (ПК КСС);3;3;;;22.01.2026;;
ПКНФ-000052;22.01.2026;Фланец 139,7  (AISI304, 08*18H10, PN10) плоский;Нержавеющие фланцы и фиттинги (ПК КСС);3;7;;;22.01.2026;;
ПКНФ-000052;22.01.2026;Пресс-фланец ст.20 Ду125 Ру 16 ПФСР 100х16 (145 мм);Черные фланцы и фиттинги (ПК КСС);2;29;;;22.01.2026;;
ПКНФ-000052;22.01.2026;Пресс-фланец ст.20 Ду100 Ру 16 ПФСР 100х16 (119 мм);Черные фланцы и фиттинги (ПК КСС);10;42;;;22.01.2026;;
ПКНФ-000052;22.01.2026;Труба СВ 139,7х2,0мм 08Х18Н10 (AISI 304);Нержавеющие трубы, листы, круги, сетки(ПК КСС);2;3.6;;;22.01.2026;;
ПКНФ-000052;22.01.2026;Переход 139,7/114,3х2,0 (DN 125/100) AISI 304/08Х18Н10;Нержавеющие фланцы и фиттинги (ПК КСС);1;3;;;22.01.2026;;
ПКНФ-000052;22.01.2026;Фланец 114,3  (AISI304, 08*18H10, PN10/16) плоский;Нержавеющие фланцы и фиттинги (ПК КСС);2;15;05.08.2025;26.05.2025;22.01.2026;;
ПКНФ-000052;22.01.2026;Отбортовка 139,7х2,0 AISI304;Нержавеющие фланцы и фиттинги (ПК КСС);2;41;;;22.01.2026;;
ПКНФ-000052;22.01.2026;Отбортовка 114,3х2,0 AISI304;Нержавеющие фланцы и фиттинги (ПК КСС);10;112;;;22.01.2026;;
ПКНФ-000052;22.01.2026;Отвод 114,3х2,0 мм AISI 304;Нержавеющие фланцы и фиттинги (ПК КСС);4;8;;;22.01.2026;;
ПКНФ-000052;22.01.2026;Тройник 114,3х2,0 AISI 304 короткий;Нержавеющие фланцы и фиттинги (ПК КСС);3;3;;;22.01.2026;;
ПКНФ-000052;22.01.2026;Труба СВ 114,3х2,0мм 08Х18Н10 (AISI 304);Нержавеющие трубы, листы, круги, сетки(ПК КСС);3.6;49.2;;22.10.2024;22.01.2026;;
ПКНФ-000073;22.01.2026;Лист 5,0*1500*6000 ст3 (шт);Черные трубы, листы, круги (ПК КСС);0.04;0.002;;;22.01.2026;;
ПКНФ-000073;22.01.2026;Лист 2,0*1000*2000 ст3 т;Черные трубы, листы, круги (ПК КСС);4;9;;;22.01.2026;;
ПКНФ-000073;22.01.2026;Арматура А-1 6 мм;Черные трубы, листы, круги (ПК КСС);0.6;23.3;;;22.01.2026;;
ПКНФ-000073;22.01.2026;Швеллер 10П ГОСТ 8240-97;Черные трубы, листы, круги (ПК КСС);9.5;48.1;11.09.2025;11.09.2025;22.01.2026;;
ПКНФ-000073;22.01.2026;Труба 40х40х3 ГОСТ 8639-82;Черные трубы, листы, круги (ПК КСС);1.3;39.7;;;22.01.2026;;
ПКНФ-000073;22.01.2026;Арматура ф 16 А-1 ГОСТ 5781-82 (м);Черные трубы, листы, круги (ПК КСС);4;4.3;;24.01.2024;22.01.2026;;
ПКНФ-000073;22.01.2026;Труба 50х50х3 ГОСТ 8639-82, м.д;Черные трубы, листы, круги (ПК КСС);3;67.8;;;22.01.2026;;
ПКНФ-000075;22.01.2026;Лист АМГ2Н2Р 3,0х1200х3000мм;Черные трубы, листы, круги (ПК КСС);1;0;23.01.2026;23.01.2026;22.01.2026;;
ПКНФ-000075;22.01.2026;Полоса 2,0x50,0 (AISI304, 08X18H10, 2B);Нержавеющие трубы, листы, круги, сетки(ПК КСС);1.6;1.6;;;22.01.2026;;
ПКНФ-000075;22.01.2026;Лист 2,0*1000*2000  AISI 304 (08х18Н10), х/к, мат (2В);Нержавеющие трубы, листы, круги, сетки(ПК КСС);1;1;17.09.2025;17.09.2025;22.01.2026;;
ПКНФ-000075;22.01.2026;Пластина 100х40 (AISI 304);Нержавеющие трубы, листы, круги, сетки(ПК КСС);26;38;;;22.01.2026;;
ПКНФ-000075;22.01.2026;Лист 5,0*1000*2000 AISI 304;Нержавеющие трубы, листы, круги, сетки(ПК КСС);1;2.55;;;22.01.2026;;
ПКНФ-000075;22.01.2026;Труба 20х20х2 (AISI 304);Нержавеющие трубы, листы, круги, сетки(ПК КСС);8;12.5;23.01.2026;05.08.2025;22.01.2026;;
ПКНФ-000075;22.01.2026;Труба СВ  14,0х1,5мм 08Х18Н10 (AISI 304);Нержавеющие трубы, листы, круги, сетки(ПК КСС);1;3.8;;;22.01.2026;;
ПКНФ-000075;22.01.2026;Труба 40х20х2 (AISI304);Нержавеющие трубы, листы, круги, сетки(ПК КСС);12;60;09.09.2025;09.09.2025;22.01.2026;;
ПКНФ-000075;22.01.2026;Лист 3,0*1000*2000  AISI 304 (42х22мм*3,0мм) ПВЛ;Нержавеющие трубы, листы, круги, сетки(ПК КСС);1;1;;02.02.2026;22.01.2026;;
ПКНФ-000075;22.01.2026;Круг 10,0 (AISI304, 08x18H10);Нержавеющие трубы, листы, круги, сетки(ПК КСС);1;8.6;;;22.01.2026;;
ПКНФ-000075;22.01.2026;Круг 6,0 (AISI304, 08x18H10);Нержавеющие трубы, листы, круги, сетки(ПК КСС);61;136.5;05.08.2025;05.08.2025;22.01.2026;;
ПКНФ-000075;22.01.2026;Труба 25х25х2 (AISI 304);Нержавеющие трубы, листы, круги, сетки(ПК КСС);21;44;17.09.2025;05.08.2025;22.01.2026;;
ПКНФ-000075;22.01.2026;Труба 40х40х2,0 (AISI 304);Нержавеющие трубы, листы, круги, сетки(ПК КСС);21;36.7;23.01.2026;05.08.2025;22.01.2026;;
ПКНФ-000075;22.01.2026;Уголок 50,0х50,0х5,0 (AISI304, 08X18H10);Нержавеющие трубы, листы, круги, сетки(ПК КСС);1.5;5.9;17.09.2025;17.09.2025;22.01.2026;;
ПКНФ-000076;22.01.2026;Выключатель нагрузки 3п 20А ВН-32N;Электротовары КСС ШУ;1;9;;;22.01.2026;;
ПКНФ-000076;22.01.2026;Частотный преобразователь ESQ-230-4T-5.5K 5.5кВт, 380В;Электротовары КСС ШУ;3;0;;23.01.2026;22.01.2026;;
ПКНФ-000076;22.01.2026;Стяжка нейлоновая КСС 3х120 (б) (100шт);Электротовары КСС ШУ;20;0;;;22.01.2026;;
ПКНФ-000076;22.01.2026;Стяжка нейлоновая КСС 4х200 (б) (100шт);Электротовары КСС ШУ;15;0;;;22.01.2026;;
ПКНФ-000076;22.01.2026;Кабель КГВВнг(А)-LS 4х1.5;Электротовары КСС ШУ;13;180;;;22.01.2026;;
ПКНФ-000076;22.01.2026;Провод ПУГВнг(А)-LS 1х0,5 С;Электротовары КСС ШУ;11;1197;;;22.01.2026;;
ПКНФ-000076;22.01.2026;Наконечник штыревой втулочный изол. НШвИ(2) 0.5-8 (уп.50шт);Электротовары КСС ШУ;41;2410;;10.02.2026;22.01.2026;;
ПКНФ-000076;22.01.2026;Знак ""Земля"" круглый d20мм EKF an-1-04;Электротовары КСС ШУ;2;0;;10.02.2026;22.01.2026;;
ПКНФ-000076;22.01.2026;Наконечник кольцевой изол. НКИ 1.5-6 (уп.50шт);Электротовары КСС ШУ;18;0;;06.02.2026;22.01.2026;;
ПКНФ-000076;22.01.2026;Выключатель автоматический модульный 3п C 6А 4.5кА ВА 47-63;Электротовары КСС ШУ;3;48;;;22.01.2026;;
ПКНФ-000076;22.01.2026;Ограничитель на DIN-рейку 1 винт HDW-211;Электротовары КСС ШУ;24;0;;10.02.2026;22.01.2026;;
ПКНФ-000076;22.01.2026;Выключатель автоматический модульный 1п C 6А 4.5кА ВА 47-63;Электротовары КСС ШУ;2;88;;;22.01.2026;;
ПКНФ-000076;22.01.2026;Кабель-канал перфорированный 25х40 L2000 RL6 G DKC 01163RL;Электротовары КСС ШУ;1.5;3;;06.02.2026;22.01.2026;;
ПКНФ-000076;22.01.2026;DIN-рейка перфорированная L2000 1мм 35х7,5;Электротовары КСС ШУ;0.6;0;;06.02.2026;22.01.2026;;
ПКНФ-000076;22.01.2026;Термостат NO (охлаждение) на DIN-рейку 10А 230В IP20;Электротовары КСС ШУ;1;11;;;22.01.2026;;
ПКНФ-000076;22.01.2026;Колодка клеммная JXB-2.5/35 серая;Электротовары КСС ШУ;23;0;;10.02.2026;22.01.2026;;
ПКНФ-000076;22.01.2026;Заглушка для JXB-2,5/35 серая;Электротовары КСС ШУ;5;0;;10.02.2026;22.01.2026;;
ПКНФ-000076;22.01.2026;Провод ПуГВнг(А)-LS 1х1,5 Б;Электротовары КСС ШУ;34;15;;06.02.2026;22.01.2026;;
ПКНФ-000076;22.01.2026;Сальник PG21;Электротовары КСС ШУ;1;509;;;22.01.2026;;
ПКНФ-000076;22.01.2026;Колодка клеммная ЕК-16/80 JXB земля;Электротовары КСС ШУ;1;124;;06.12.2024;22.01.2026;;
ПКНФ-000076;22.01.2026;Крышка защитная на 8 модулей под вырез в шкафу MT-WPC8;Электротовары КСС ШУ;1;14;;29.01.2026;22.01.2026;;
ПКНФ-000076;22.01.2026;Программируемое реле ПР200-24.4.2.0;Электротовары КСС ШУ;1;7;;29.01.2026;22.01.2026;;
ПКНФ-000076;22.01.2026;Сальник PG 9;Электротовары КСС ШУ;16;116;;10.02.2026;22.01.2026;;
ПКНФ-000076;22.01.2026;Трубка термоус. ТУТ (HF)-4/2, красн. (уп.100м);Электротовары КСС ШУ;1.2;37.7;;;22.01.2026;;
ПКНФ-000076;22.01.2026;Трубка термоус. ТУТ (HF)-4/2, зел. (уп.100м);Электротовары КСС ШУ;1.2;37.5;;;22.01.2026;;
ПКНФ-000076;22.01.2026;Трубка термоус. ТУТ (HF)-4/2, желт. (уп.100м);Электротовары КСС ШУ;1.2;62.2;;;22.01.2026;;
ПКНФ-000076;22.01.2026;Колодка клеммная JXB-16/35 син.;Электротовары КСС ШУ;1;75;;06.12.2024;22.01.2026;;
ПКНФ-000076;22.01.2026;Наконечник штыревой втулочный изол. НШвИ 0.5-8 (уп.50шт);Электротовары КСС ШУ;72;11416;;;22.01.2026;;
ПКНФ-000076;22.01.2026;Наконечник штыревой втулочный изол. НШвИ 1.5-8 (уп.50шт);Электротовары КСС ШУ;58;1732;;10.02.2026;22.01.2026;;
ПКНФ-000076;22.01.2026;Саморез 4.2х13 металл-металл с прессшайбой сверло цинк (уп.200шт);Электротовары КСС ШУ;54;1120.91;;;22.01.2026;;
ПКНФ-000076;22.01.2026;Маркер для кабеля 0.5-1.5мм символ ""1"" (уп.200шт) ДКС;Электротовары КСС ШУ;18;9008;;;22.01.2026;;
ПКНФ-000076;22.01.2026;Маркер для кабеля 0.5-1.5мм символ ""2"" (уп.200шт) ДКС;Электротовары КСС ШУ;14;4424;;;22.01.2026;;
ПКНФ-000076;22.01.2026;Маркер для кабеля 0.5-1.5мм символ ""3"" (уп.200шт) ДКС;Электротовары КСС ШУ;6;4704;;;22.01.2026;;
ПКНФ-000076;22.01.2026;Сальник PG 16 10-14мм IP54;Электротовары КСС ШУ;3;158;;;22.01.2026;;
ПКНФ-000076;22.01.2026;Вентилятор с фильтром 52 м3/ч 124х124 мм;Электротовары КСС ШУ;1;1;;12.10.2025;22.01.2026;;
ПКНФ-000076;22.01.2026;Решетка вентиляционная с фильтром 124x124мм IP54;Электротовары КСС ШУ;1;0;;12.10.2025;22.01.2026;;
ПКНФ-000076;22.01.2026;MES 80.60.30, Шкаф компактный распределительный 800х600х300;Корпусы для ШУ;1;0;;02.01.2026;22.01.2026;;
ПКНФ-000076;22.01.2026;Кабель-канал перфорированный 15х30 L2000 RL75 G ДКС;Электротовары КСС ШУ;0.4;84.6;;;22.01.2026;;
ПКНФ-000076;22.01.2026;Колодка клеммная ЕК-2.5/25 JXB земля;Электротовары КСС ШУ;3;44;;08.06.2024;22.01.2026;;
ПКНФ-000076;22.01.2026;Маркер для кабеля 0.5-1.5мм символ ""0"" (уп.200шт) ДКС;Электротовары КСС ШУ;7;6341;;;22.01.2026;;
ПКНФ-000076;22.01.2026;Маркер для кабеля 0.5-1.5мм символ ""4"" (уп.200шт) ДКС;Электротовары КСС ШУ;14;738;;;22.01.2026;;
ПКНФ-000076;22.01.2026;Маркер для кабеля 0.5-1.5мм символ ""5"" (уп.200шт) ДКС;Электротовары КСС ШУ;6;5634;;;22.01.2026;;
ПКНФ-000076;22.01.2026;Маркер для кабеля 0.5-1.5мм символ ""6"" (уп.200шт) ДКС;Электротовары КСС ШУ;6;5558;;;22.01.2026;;
ПКНФ-000076;22.01.2026;Маркер для кабеля 0.5-1.5мм символ ""7"" (уп.200шт) ДКС;Электротовары КСС ШУ;6;1555;;;22.01.2026;;
ПКНФ-000076;22.01.2026;Маркер для кабеля 0.5-1.5мм символ ""8"" (уп.200шт) ДКС;Электротовары КСС ШУ;4;861;;;22.01.2026;;
ПКНФ-000076;22.01.2026;Маркер для кабеля 0.5-1.5мм символ ""9"" (уп.200шт) ДКС;Электротовары КСС ШУ;6;749;;;22.01.2026;;
ПКНФ-000076;22.01.2026;Маркер для JXB с нумерацией 1-10 (уп.100шт);Электротовары КСС ШУ;30;2641;;;22.01.2026;;
ПКНФ-000076;22.01.2026;Провод ПУГВнг(А)-LS 1х0,5 Б;Электротовары КСС ШУ;33;2302;;;22.01.2026;;
ПКНФ-000076;22.01.2026;Провод ПУГВнг(А)-LS 1х0,5 К;Электротовары КСС ШУ;16;1165;;;22.01.2026;;
ПКНФ-000076;22.01.2026;Провод ПУГВнг(А)-LS 1х0,5 Ч;Электротовары КСС ШУ;16;1022;;;22.01.2026;;
ПКНФ-000076;22.01.2026;Провод ПУГВнг(А)-LS 1х1,5 ж/з;Электротовары КСС ШУ;8;441.8;;;22.01.2026;;
ПКНФ-000076;22.01.2026;Спираль монтажная СМ-06-04 (10м);Электротовары КСС ШУ;0.1;2.541;;06.02.2026;22.01.2026;;
ПКНФ-000076;22.01.2026;Провод ШВВП 2х0,75 белый;Электротовары КСС ШУ;9;147;;;22.01.2026;;
ПКНФ-000076;22.01.2026;HDR-30-24 Блок питания, 24В,1.5А,36Вт;Электротовары КСС ШУ;1;5;;;22.01.2026;;
ПКНФ-000076;22.01.2026;Наконечник НШвИ(2) 1.5-8 (уп.50шт);Электротовары КСС ШУ;52;4467;;;22.01.2026;;
ПКНФ-000076;22.01.2026;Символ ""Молния"" (треугольник) 100х100х100мм;Электротовары КСС ШУ;1;0;;06.02.2026;22.01.2026;;
ПКНФ-000077;22.01.2026;Выключатель нагрузки 3п 20А ВН-32N;Электротовары КСС ШУ;1;9;;;22.01.2026;;
ПКНФ-000077;22.01.2026;Частотный преобразователь ESQ-230-4T-1.5K 1.5кВт, 380В;Электротовары КСС ШУ;3;0;;23.01.2026;22.01.2026;;
ПКНФ-000077;22.01.2026;Стяжка нейлоновая КСС 3х120 (б) (100шт);Электротовары КСС ШУ;20;0;;;22.01.2026;;
ПКНФ-000077;22.01.2026;Стяжка нейлоновая КСС 4х200 (б) (100шт);Электротовары КСС ШУ;15;0;;;22.01.2026;;
ПКНФ-000077;22.01.2026;Кабель КГВВнг(А)-LS 4х1.5;Электротовары КСС ШУ;13;180;;;22.01.2026;;
ПКНФ-000077;22.01.2026;Провод ПУГВнг(А)-LS 1х0,5 С;Электротовары КСС ШУ;11;1197;;;22.01.2026;;
ПКНФ-000077;22.01.2026;Наконечник штыревой втулочный изол. НШвИ(2) 0.5-8 (уп.50шт);Электротовары КСС ШУ;41;2410;;10.02.2026;22.01.2026;;
ПКНФ-000077;22.01.2026;Знак ""Земля"" круглый d20мм EKF an-1-04;Электротовары КСС ШУ;2;0;;10.02.2026;22.01.2026;;
ПКНФ-000077;22.01.2026;Наконечник кольцевой изол. НКИ 1.5-6 (уп.50шт);Электротовары КСС ШУ;18;0;;06.02.2026;22.01.2026;;
ПКНФ-000077;22.01.2026;Выключатель автоматический модульный 3п C 6А 4.5кА ВА 47-63;Электротовары КСС ШУ;3;48;;;22.01.2026;;
ПКНФ-000077;22.01.2026;Ограничитель на DIN-рейку 1 винт HDW-211;Электротовары КСС ШУ;24;0;;10.02.2026;22.01.2026;;
ПКНФ-000077;22.01.2026;Выключатель автоматический модульный 1п C 6А 4.5кА ВА 47-63;Электротовары КСС ШУ;2;88;;;22.01.2026;;
ПКНФ-000077;22.01.2026;Кабель-канал перфорированный 25х40 L2000 RL6 G DKC 01163RL;Электротовары КСС ШУ;1.5;3;;06.02.2026;22.01.2026;;
ПКНФ-000077;22.01.2026;DIN-рейка перфорированная L2000 1мм 35х7,5;Электротовары КСС ШУ;0.6;0;;06.02.2026;22.01.2026;;
ПКНФ-000077;22.01.2026;Термостат NO (охлаждение) на DIN-рейку 10А 230В IP20;Электротовары КСС ШУ;1;11;;;22.01.2026;;
ПКНФ-000077;22.01.2026;Колодка клеммная JXB-2.5/35 серая;Электротовары КСС ШУ;23;0;;10.02.2026;22.01.2026;;
ПКНФ-000077;22.01.2026;Заглушка для JXB-2,5/35 серая;Электротовары КСС ШУ;5;0;;10.02.2026;22.01.2026;;
ПКНФ-000077;22.01.2026;Провод ПуГВнг(А)-LS 1х1,5 Б;Электротовары КСС ШУ;34;15;;06.02.2026;22.01.2026;;
ПКНФ-000077;22.01.2026;Сальник PG21;Электротовары КСС ШУ;1;509;;;22.01.2026;;
ПКНФ-000077;22.01.2026;Колодка клеммная ЕК-16/80 JXB земля;Электротовары КСС ШУ;1;124;;06.12.2024;22.01.2026;;
ПКНФ-000077;22.01.2026;Крышка защитная на 8 модулей под вырез в шкафу MT-WPC8;Электротовары КСС ШУ;1;14;;29.01.2026;22.01.2026;;
ПКНФ-000077;22.01.2026;Программируемое реле ПР200-24.4.2.0;Электротовары КСС ШУ;1;7;;29.01.2026;22.01.2026;;
ПКНФ-000077;22.01.2026;Сальник PG 9;Электротовары КСС ШУ;100;116;;10.02.2026;22.01.2026;;
ПКНФ-000077;22.01.2026;Трубка термоус. ТУТ (HF)-4/2, красн. (уп.100м);Электротовары КСС ШУ;1.2;37.7;;;22.01.2026;;
ПКНФ-000077;22.01.2026;Трубка термоус. ТУТ (HF)-4/2, зел. (уп.100м);Электротовары КСС ШУ;1.2;37.5;;;22.01.2026;;
ПКНФ-000077;22.01.2026;Трубка термоус. ТУТ (HF)-4/2, желт. (уп.100м);Электротовары КСС ШУ;1.2;62.2;;;22.01.2026;;
ПКНФ-000077;22.01.2026;Колодка клеммная JXB-16/35 син.;Электротовары КСС ШУ;1;75;;06.12.2024;22.01.2026;;
ПКНФ-000077;22.01.2026;Наконечник штыревой втулочный изол. НШвИ 0.5-8 (уп.50шт);Электротовары КСС ШУ;72;11416;;;22.01.2026;;
ПКНФ-000077;22.01.2026;Наконечник штыревой втулочный изол. НШвИ 1.5-8 (уп.50шт);Электротовары КСС ШУ;58;1732;;10.02.2026;22.01.2026;;
ПКНФ-000077;22.01.2026;Саморез 4.2х13 металл-металл с прессшайбой сверло цинк (уп.200шт);Электротовары КСС ШУ;54;1120.91;;;22.01.2026;;
ПКНФ-000077;22.01.2026;Маркер для кабеля 0.5-1.5мм символ ""1"" (уп.200шт) ДКС;Электротовары КСС ШУ;18;9008;;;22.01.2026;;
ПКНФ-000077;22.01.2026;Маркер для кабеля 0.5-1.5мм символ ""2"" (уп.200шт) ДКС;Электротовары КСС ШУ;14;4424;;;22.01.2026;;
ПКНФ-000077;22.01.2026;Маркер для кабеля 0.5-1.5мм символ ""3"" (уп.200шт) ДКС;Электротовары КСС ШУ;6;4704;;;22.01.2026;;
ПКНФ-000077;22.01.2026;Сальник PG 16 10-14мм IP54;Электротовары КСС ШУ;3;158;;;22.01.2026;;
ПКНФ-000077;22.01.2026;Вентилятор с фильтром 52 м3/ч 124х124 мм;Электротовары КСС ШУ;1;1;;12.10.2025;22.01.2026;;
ПКНФ-000077;22.01.2026;Решетка вентиляционная с фильтром 124x124мм IP54;Электротовары КСС ШУ;1;0;;12.10.2025;22.01.2026;;
ПКНФ-000077;22.01.2026;MES 70.50.25, Шкаф компактный распределительный 700х500х250;Корпусы для ШУ;1;0;;28.01.2026;22.01.2026;;
ПКНФ-000077;22.01.2026;Кабель-канал перфорированный 15х30 L2000 RL75 G ДКС;Электротовары КСС ШУ;0.4;84.6;;;22.01.2026;;
ПКНФ-000077;22.01.2026;Колодка клеммная ЕК-2.5/25 JXB земля;Электротовары КСС ШУ;3;44;;08.06.2024;22.01.2026;;
ПКНФ-000077;22.01.2026;Маркер для кабеля 0.5-1.5мм символ ""0"" (уп.200шт) ДКС;Электротовары КСС ШУ;7;6341;;;22.01.2026;;
ПКНФ-000077;22.01.2026;Маркер для кабеля 0.5-1.5мм символ ""4"" (уп.200шт) ДКС;Электротовары КСС ШУ;14;738;;;22.01.2026;;
ПКНФ-000077;22.01.2026;Маркер для кабеля 0.5-1.5мм символ ""5"" (уп.200шт) ДКС;Электротовары КСС ШУ;6;5634;;;22.01.2026;;
ПКНФ-000077;22.01.2026;Маркер для кабеля 0.5-1.5мм символ ""6"" (уп.200шт) ДКС;Электротовары КСС ШУ;6;5558;;;22.01.2026;;
ПКНФ-000077;22.01.2026;Маркер для кабеля 0.5-1.5мм символ ""7"" (уп.200шт) ДКС;Электротовары КСС ШУ;6;1555;;;22.01.2026;;
ПКНФ-000077;22.01.2026;Маркер для кабеля 0.5-1.5мм символ ""8"" (уп.200шт) ДКС;Электротовары КСС ШУ;4;861;;;22.01.2026;;
ПКНФ-000077;22.01.2026;Маркер для кабеля 0.5-1.5мм символ ""9"" (уп.200шт) ДКС;Электротовары КСС ШУ;6;749;;;22.01.2026;;
ПКНФ-000077;22.01.2026;Маркер для JXB с нумерацией 1-10 (уп.100шт);Электротовары КСС ШУ;30;2641;;;22.01.2026;;
ПКНФ-000077;22.01.2026;Провод ПУГВнг(А)-LS 1х0,5 Б;Электротовары КСС ШУ;33;2302;;;22.01.2026;;
ПКНФ-000077;22.01.2026;Провод ПУГВнг(А)-LS 1х0,5 К;Электротовары КСС ШУ;16;1165;;;22.01.2026;;
ПКНФ-000077;22.01.2026;Провод ПУГВнг(А)-LS 1х0,5 Ч;Электротовары КСС ШУ;16;1022;;;22.01.2026;;
ПКНФ-000077;22.01.2026;Провод ПУГВнг(А)-LS 1х1,5 ж/з;Электротовары КСС ШУ;8;441.8;;;22.01.2026;;
ПКНФ-000077;22.01.2026;Спираль монтажная СМ-06-04 (10м);Электротовары КСС ШУ;0.1;2.541;;06.02.2026;22.01.2026;;
ПКНФ-000077;22.01.2026;Провод ШВВП 2х0,75 белый;Электротовары КСС ШУ;9;147;;;22.01.2026;;
ПКНФ-000077;22.01.2026;HDR-30-24 Блок питания, 24В,1.5А,36Вт;Электротовары КСС ШУ;1;5;;;22.01.2026;;
ПКНФ-000077;22.01.2026;Наконечник НШвИ(2) 1.5-8 (уп.50шт);Электротовары КСС ШУ;52;4467;;;22.01.2026;;
ПКНФ-000077;22.01.2026;Символ ""Молния"" (треугольник) 100х100х100мм;Электротовары КСС ШУ;1;0;;06.02.2026;22.01.2026;;
ПКНФ-000095;22.01.2026;7719.4- Рама под установку;Составные части трубопровода (Пк КСС);1;0;23.01.2025;;22.01.2026;ПКНФ-001429;23.12.2025
ПКНФ-000095;22.01.2026;7719.4-Коллекторы,патрубки;Составные части трубопровода (Пк КСС);1;0;23.01.2025;;22.01.2026;ПКНФ-001430;23.12.2025
ПКНФ-000095;22.01.2026;Кран шаровой полнопроходной, ВР/НР, Stout ручка бабочка 1, ГОСТ Р 59553-2021;Арматура (ПК КСС);3;14;;;22.01.2026;;
ПКНФ-000095;22.01.2026;Кран шаровой полнопроходной, ВР/ВР, ручка бабочка 1"", Stout SVB-0002-200025;Арматура (ПК КСС);3;12;26.01.2026;26.01.2026;22.01.2026;;
ПКНФ-000095;22.01.2026;Болт оцинк. М12х60 DIN933;Оцинкованные метизы (ПК КСС);0.036;0.306;;03.06.2024;22.01.2026;;
ПКНФ-000095;22.01.2026;Болт оцинк. М12х40 DIN 933;Оцинкованные метизы (ПК КСС);0.004;0.008;;27.06.2024;22.01.2026;;
ПКНФ-000095;22.01.2026;Шайба плоская оц. М12  DIN 125;Оцинкованные метизы (ПК КСС);0.088;1.649;;03.06.2024;22.01.2026;;
ПКНФ-000095;22.01.2026;Реле избыточного давления RVG-20-0.6 (0.6МПа) EKF RVG-20-0.6  (ПК);Датчики уровня, преобразователи, реле (ПК КСС);1;4;;;22.01.2026;;
ПКНФ-000095;22.01.2026;Шайба плоская оц. М8  DIN 125;Оцинкованные метизы (ПК КСС);0.012;1.241;;;22.01.2026;;
ПКНФ-000095;22.01.2026;Гайка шестигр. оц М8 DIN934;Оцинкованные метизы (ПК КСС);0.012;0.743;;;22.01.2026;;
ПКНФ-000095;22.01.2026;Шайба гроверная оц. Ф8 DIN 127;Оцинкованные метизы (ПК КСС);0.012;0.838;;;22.01.2026;;
ПКНФ-000095;22.01.2026;Шаровой кран латунный 1/2"" ВР, с дренажем и воздухоотводчиком, ручка-бабочка, Pride LD 44.344.15;Арматура (ПК КСС);2;35;;;22.01.2026;;
ПКНФ-000095;22.01.2026;Ниппель прямой никелированный 1/2"" НР. LD Pride LD.67.501.15;Арматура (ПК КСС);2;33;;;22.01.2026;;
ПКНФ-000095;22.01.2026;Манометр с поверкой тип ТМ-310Т, 0...0,6МПа, 63 мм, G1/4""(сзади), кл.1,5, корпус-сталь, Росма 000000;Расходомеры, манометры (ПК КСС);1;24;;;22.01.2026;;
ПКНФ-000095;22.01.2026;Манометр с поверкой тип ТМ-310Т.00, 0..1,6 МПа, 63 мм, G1/4""(сзади), кл.1,5, корпус-сталь, Росма 000;Расходомеры, манометры (ПК КСС);1;24;;21.01.2026;22.01.2026;;
ПКНФ-000095;22.01.2026;Муфта никелированная 1/2"" ВР, LD Pride LD.67.502.15;Арматура (ПК КСС);2;24;;;22.01.2026;;
ПКНФ-000095;22.01.2026;Насос CDM1-8FSWPC, 0.55кВт, станд. фланец, 3х220В/3х380В, 50Гц, чугун, 70 С;Насосы CNP (ПК КСС);3;3;;;22.01.2026;;
ПКНФ-000095;22.01.2026;Рым-болт DIN 580 М 12;Оцинкованные метизы (ПК КСС);4;11.992;;;22.01.2026;;
ПКНФ-000095;22.01.2026;Преобразователь давления EKF PRT-100-1.6-1.0-G2;Датчики уровня, преобразователи, реле (ПК КСС);1;34;;;22.01.2026;;
ПКНФ-000095;22.01.2026;Кран шаровой латунный 3/4"" ВР, ручка-бабочка, LD Pride 47.20.В-В.Б;Арматура (ПК КСС);1;16;;;22.01.2026;;
ПКНФ-000095;22.01.2026;Шайба оцинк гровер М12 DIN 127;Оцинкованные метизы (ПК КСС);0.044;0.998;;03.06.2024;22.01.2026;;
ПКНФ-000095;22.01.2026;Прокладка (паронит) 25;Полиэтелен, корсис, прагма, НПВХ (ПК КСС);6;127;;;22.01.2026;;
ПКНФ-000095;22.01.2026;Обратный клапан с латунным сердечником 1"", MVI CV.320.06;Арматура (ПК КСС);3;40;;;22.01.2026;;
ПКНФ-000095;22.01.2026;Болт оцинк. М8х30 DIN 933;Оцинкованные метизы (ПК КСС);0.004;0.618;;;22.01.2026;;
ПКНФ-000095;22.01.2026;Гайка шестигр. оц М12 DIN934;Оцинкованные метизы (ПК КСС);0.044;1.237;;03.06.2024;22.01.2026;;
ПКНФ-000095;22.01.2026;Футорка ник. латун. 1/2х 1/4;Арматура (ПК КСС);1;45;;;22.01.2026;;
ПКНФ-000102;22.01.2026;7634.1У - Трубопровод;Составные части трубопровода (Пк КСС);1;0;20.01.2026;;22.01.2026;ПКНФ-001460;29.12.2025
ПКНФ-000102;22.01.2026;7634.1У - Рама, стойка;;1;0;20.01.2026;;22.01.2026;ПКНФ-001461;29.12.2025
ПКНФ-000102;22.01.2026;Болт оцинк. М12х60 DIN933;Оцинкованные метизы (ПК КСС);0.012;0.294;;03.06.2024;22.01.2026;;
ПКНФ-000102;22.01.2026;Болт оцинк. М12х40 DIN 933;Оцинкованные метизы (ПК КСС);0.004;0.012;;27.06.2024;22.01.2026;;
ПКНФ-000102;22.01.2026;Шайба плоская оц. М12  DIN 125;Оцинкованные метизы (ПК КСС);0.04;1.609;;03.06.2024;22.01.2026;;
ПКНФ-000102;22.01.2026;Мембранный бак для водоснабжения вертикальный, 8л, WAV8 10 бар/110С, Westert WAV8;Арматура (ПК КСС);1;5;;;22.01.2026;;
ПКНФ-000102;22.01.2026;Насос CDM15-6FSWPC, 5.5кВт, станд. фланец, 3х380В,50Гц, чугун, 70 С;Насосы CNP (ПК КСС);3;6;23.01.2026;23.01.2026;22.01.2026;;
ПКНФ-000102;22.01.2026;Болт оцинк. М16х120 DIN933;Оцинкованные метизы (ПК КСС);0.036;0.416;;27.06.2024;22.01.2026;;
ПКНФ-000102;22.01.2026;Реле избыточного давления RVG-20-0.6 (0.6МПа) EKF RVG-20-0.6  (ПК);Датчики уровня, преобразователи, реле (ПК КСС);1;5;;;22.01.2026;;
ПКНФ-000102;22.01.2026;Шайба плоская оц. М8  DIN 125;Оцинкованные метизы (ПК КСС);0.004;1.237;;;22.01.2026;;
ПКНФ-000102;22.01.2026;Гайка шестигр. оц М8 DIN934;Оцинкованные метизы (ПК КСС);0.004;0.739;;;22.01.2026;;
ПКНФ-000102;22.01.2026;Шайба гроверная оц. Ф8 DIN 127;Оцинкованные метизы (ПК КСС);0.004;0.834;;;22.01.2026;;
ПКНФ-000102;22.01.2026;Болт оцинк. М16х80  DIN933;Оцинкованные метизы (ПК КСС);0.02;0.056;;;22.01.2026;;
ПКНФ-000102;22.01.2026;7634 КСС-ШУПЧ2  3-3 -5.5кВт+СХ;Шкафы управления (ПК КСС);1;0;;;22.01.2026;;
ПКНФ-000102;22.01.2026;Виброопора PDH106/38/143 M16 NR60;Расходные материалы (ПК КСС);6;12;;;22.01.2026;;
ПКНФ-000102;22.01.2026;Шаровой кран латунный 1/2"" ВР, с дренажем и воздухоотводчиком, ручка-бабочка, Pride LD 44.344.15;Арматура (ПК КСС);2;33;;;22.01.2026;;
ПКНФ-000102;22.01.2026;Ниппель прямой никелированный 1/2"" НР. LD Pride LD.67.501.15;Арматура (ПК КСС);2;31;;;22.01.2026;;
ПКНФ-000102;22.01.2026;Манометр с поверкой тип ТМ-310Т.00, 0..1,6 МПа, 63 мм, G1/4""(сзади), кл.1,5, корпус-сталь, Росма 000;Расходомеры, манометры (ПК КСС);2;25;;21.01.2026;22.01.2026;;
ПКНФ-000102;22.01.2026;Муфта никелированная 1/2"" ВР, LD Pride LD.67.502.15;Арматура (ПК КСС);2;22;;;22.01.2026;;
ПКНФ-000102;22.01.2026;Рым-болт DIN 580 М 12;Оцинкованные метизы (ПК КСС);4;15.992;;;22.01.2026;;
ПКНФ-000102;22.01.2026;Преобразователь давления EKF PRT-100-1.6-1.0-G2;Датчики уровня, преобразователи, реле (ПК КСС);1;35;;;22.01.2026;;
ПКНФ-000102;22.01.2026;Кран шаровой латунный 3/4"" ВР, ручка-бабочка, LD Pride 47.20.В-В.Б;Арматура (ПК КСС);1;17;;;22.01.2026;;
ПКНФ-000102;22.01.2026;Шайба оцинк гровер М12 DIN 127;Оцинкованные метизы (ПК КСС);0.02;0.978;;03.06.2024;22.01.2026;;
ПКНФ-000102;22.01.2026;Шайба гроверная оц. Ф16 DIN 127;Оцинкованные метизы (ПК КСС);0.048;0.921;;27.06.2024;22.01.2026;;
ПКНФ-000102;22.01.2026;Затвор Ridval тип RVB 01 DN50 PN16 рукоятка, синий;Арматура (ПК КСС);6;14;;;22.01.2026;;
ПКНФ-000102;22.01.2026;Клапан Ridval тип RVC 20 DN50 PN16, синий;Арматура (ПК КСС);3;13;;;22.01.2026;;
ПКНФ-000102;22.01.2026;Болт оцинк. М8х30 DIN 933;Оцинкованные метизы (ПК КСС);0.004;0.622;;;22.01.2026;;
ПКНФ-000102;22.01.2026;Гайка шестигр. оц М12 DIN934;Оцинкованные метизы (ПК КСС);0.02;1.217;;03.06.2024;22.01.2026;;
ПКНФ-000102;22.01.2026;Гайка шестигр. оц М16  (тыс шт);Оцинкованные метизы (ПК КСС);0.048;0.736;;27.06.2024;22.01.2026;;
ПКНФ-000102;22.01.2026;Прокладка (паронит) 50;Полиэтелен, корсис, прагма, НПВХ (ПК КСС);9;79.994;;;22.01.2026;;
ПКНФ-000102;22.01.2026;Футорка ник. латун. 1/2х 1/4;Арматура (ПК КСС);1;43;;;22.01.2026;;
ПКНФ-000102;22.01.2026;Шайба плоская оц.М16  DIN 125;Оцинкованные метизы (ПК КСС);0.096;1.625;;27.06.2024;22.01.2026;;
ПКНФ-000103;22.01.2026;Пластина 100х40 (AISI 304);Нержавеющие трубы, листы, круги, сетки(ПК КСС);28;40;;;22.01.2026;;
ПКНФ-000103;22.01.2026;Труба 40х20х2 (AISI304);Нержавеющие трубы, листы, круги, сетки(ПК КСС);17.1;65.1;17.09.2025;09.09.2025;22.01.2026;;
ПКНФ-000103;22.01.2026;Труба 25х25х2 (AISI 304);Нержавеющие трубы, листы, круги, сетки(ПК КСС);28;51;23.01.2026;05.08.2025;22.01.2026;;
ПКНФ-000103;22.01.2026;Труба 50х50х3,0 AISI 304;Нержавеющие трубы, листы, круги, сетки(ПК КСС);0.2;27.8;;05.08.2025;22.01.2026;;
ПКНФ-000104;22.01.2026;Пластина 100х40 (AISI 304);Нержавеющие трубы, листы, круги, сетки(ПК КСС);8;20;;;22.01.2026;;
ПКНФ-000104;22.01.2026;Труба 30х30х2 (AISI 304);Нержавеющие трубы, листы, круги, сетки(ПК КСС);0.2;103.8;09.09.2025;09.09.2025;22.01.2026;;
ПКНФ-000104;22.01.2026;Труба 40х20х2 (AISI304);Нержавеющие трубы, листы, круги, сетки(ПК КСС);0.4;48.4;09.09.2025;09.09.2025;22.01.2026;;
ПКНФ-000104;22.01.2026;Труба 25х25х2 (AISI 304);Нержавеющие трубы, листы, круги, сетки(ПК КСС);25.5;48.5;23.01.2026;05.08.2025;22.01.2026;;
ПКНФ-000106;22.01.2026;Полоса 2,0x50,0 (AISI304, 08X18H10, 2B);Нержавеющие трубы, листы, круги, сетки(ПК КСС);3;3;;;22.01.2026;;
ПКНФ-000106;22.01.2026;Лист 3,0*1000*2000  AISI 304 (42х22мм*3,0мм) Перфориррованный;Нержавеющие трубы, листы, круги, сетки(ПК КСС);3;4;23.01.2026;23.01.2026;22.01.2026;;
ПКНФ-000106;22.01.2026;Лист 2,0*1000*2000  AISI 304 (08х18Н10), х/к, мат (2В);Нержавеющие трубы, листы, круги, сетки(ПК КСС);0.5;1;17.09.2025;17.09.2025;22.01.2026;;
ПКНФ-000106;22.01.2026;Пластина 100х40 (AISI 304);Нержавеющие трубы, листы, круги, сетки(ПК КСС);26;60;;;22.01.2026;;
ПКНФ-000106;22.01.2026;Труба 30х30х2 (AISI 304);Нержавеющие трубы, листы, круги, сетки(ПК КСС);12;115.6;09.09.2025;09.09.2025;22.01.2026;;
ПКНФ-000106;22.01.2026;Труба СВ  14,0х1,5мм 08Х18Н10 (AISI 304);Нержавеющие трубы, листы, круги, сетки(ПК КСС);1;4.8;;;22.01.2026;;
ПКНФ-000106;22.01.2026;Труба 40х20х2 (AISI304);Нержавеющие трубы, листы, круги, сетки(ПК КСС);17.5;72.7;27.01.2026;09.09.2025;22.01.2026;;
ПКНФ-000106;22.01.2026;Круг 10,0 (AISI304, 08x18H10);Нержавеющие трубы, листы, круги, сетки(ПК КСС);1;9.6;;;22.01.2026;;
ПКНФ-000106;22.01.2026;Круг 6,0 (AISI304, 08x18H10);Нержавеющие трубы, листы, круги, сетки(ПК КСС);160;296.5;17.09.2025;05.08.2025;22.01.2026;;
ПКНФ-000106;22.01.2026;Труба 25х25х2 (AISI 304);Нержавеющие трубы, листы, круги, сетки(ПК КСС);19.5;42.5;17.09.2025;05.08.2025;22.01.2026;;
ПКНФ-000106;22.01.2026;Труба 40х40х2,0 (AISI 304);Нержавеющие трубы, листы, круги, сетки(ПК КСС);16;71;09.09.2025;05.08.2025;22.01.2026;;
ПКНФ-000106;22.01.2026;Труба 50х50х3,0 AISI 304;Нержавеющие трубы, листы, круги, сетки(ПК КСС);27.5;55.1;05.08.2025;05.08.2025;22.01.2026;;
ПКНФ-000106;22.01.2026;Уголок 50,0х50,0х5,0 (AISI304, 08X18H10);Нержавеющие трубы, листы, круги, сетки(ПК КСС);1.5;7.9;17.09.2025;17.09.2025;22.01.2026;;
ПКНФ-000107;22.01.2026;Полоса 2,0x50,0 (AISI304, 08X18H10, 2B);Нержавеющие трубы, листы, круги, сетки(ПК КСС);1;3;;;22.01.2026;;
ПКНФ-000107;22.01.2026;Лист 3,0*1000*2000  AISI 304 (42х22мм*3,0мм) Перфориррованный;Нержавеющие трубы, листы, круги, сетки(ПК КСС);2;4;23.01.2026;23.01.2026;22.01.2026;;
ПКНФ-000107;22.01.2026;Лист 2,0*1000*2000  AISI 304 (08х18Н10), х/к, мат (2В);Нержавеющие трубы, листы, круги, сетки(ПК КСС);1;1;17.09.2025;17.09.2025;22.01.2026;;
ПКНФ-000107;22.01.2026;Пластина 100х40 (AISI 304);Нержавеющие трубы, листы, круги, сетки(ПК КСС);22;60;;;22.01.2026;;
ПКНФ-000107;22.01.2026;Труба 20х20х2 (AISI 304);Нержавеющие трубы, листы, круги, сетки(ПК КСС);6;18.5;23.01.2026;05.08.2025;22.01.2026;;
ПКНФ-000107;22.01.2026;Труба СВ  14,0х1,5мм 08Х18Н10 (AISI 304);Нержавеющие трубы, листы, круги, сетки(ПК КСС);1;4.8;;;22.01.2026;;
ПКНФ-000107;22.01.2026;Труба 40х20х2 (AISI304);Нержавеющие трубы, листы, круги, сетки(ПК КСС);7.2;72.7;09.09.2025;09.09.2025;22.01.2026;;
ПКНФ-000107;22.01.2026;Круг 10,0 (AISI304, 08x18H10);Нержавеющие трубы, листы, круги, сетки(ПК КСС);1;9.6;;;22.01.2026;;
ПКНФ-000107;22.01.2026;Круг 6,0 (AISI304, 08x18H10);Нержавеющие трубы, листы, круги, сетки(ПК КСС);61;296.5;05.08.2025;05.08.2025;22.01.2026;;
ПКНФ-000107;22.01.2026;Труба 25х25х2 (AISI 304);Нержавеющие трубы, листы, круги, сетки(ПК КСС);15.5;42.5;27.01.2026;05.08.2025;22.01.2026;;
ПКНФ-000107;22.01.2026;Труба 40х40х2,0 (AISI 304);Нержавеющие трубы, листы, круги, сетки(ПК КСС);18.3;71;09.09.2025;05.08.2025;22.01.2026;;
ПКНФ-000107;22.01.2026;Уголок 50,0х50,0х5,0 (AISI304, 08X18H10);Нержавеющие трубы, листы, круги, сетки(ПК КСС);2;7.9;17.09.2025;17.09.2025;22.01.2026;;
ПКНФ-000108;22.01.2026;ZA 80.00 H v.2, Передние и задние элементы цоколя, 200х800 мм (комплект из 2 шт);Корпусы для ШУ;1;1;;;22.01.2026;;
ПКНФ-000108;22.01.2026;ZA 00.60 H v.2, Боковые элементы цоколя 200х600 мм (комплект из 2 шт);Корпусы для ШУ;2;3;;;22.01.2026;;
ПКНФ-000108;22.01.2026;Рубильник 3п 315А без рукоятки управления;Электротовары КСС ШУ;2;2;;;22.01.2026;;
ПКНФ-000108;22.01.2026;Клемма двухуровневая винтовой зажим 4 точки подключения 2.5кв.мм сер.;Электротовары КСС ШУ;58;476;;;22.01.2026;;
ПКНФ-000108;22.01.2026;ZA 120.00 H v.2, Передние и задние элементы цоколя 200х1200, сплошной;Корпусы для ШУ;1;1;;;22.01.2026;;
ПКНФ-000108;22.01.2026;Z 200, Угловой элемент цоколя, 4шт.;Корпусы для ШУ;2;2;;;22.01.2026;;
ПКНФ-000108;22.01.2026;Устройство блокировочное КТЭ 265-500;Электротовары КСС ШУ;1;0;05.02.2026;05.02.2026;22.01.2026;;
ПКНФ-000108;22.01.2026;Рукоятка управления для прямой установки на рубильники 315-400А;Электротовары КСС ШУ;2;2;;14.02.2025;22.01.2026;;
ПКНФ-000108;22.01.2026;Решетка вентиляционная с фильтром 176x176мм IP54;Электротовары КСС ШУ;2;1;;06.02.2026;22.01.2026;;
ПКНФ-000108;22.01.2026;Контактор КТЭ 330А 230В NO;Электротовары КСС ШУ;2;0;05.02.2026;05.02.2026;22.01.2026;;
ПКНФ-000108;22.01.2026;Коробка монтажная ОП 100х100х50 с 6 вводами;Электротовары КСС ШУ;1;2;;;22.01.2026;;
ПКНФ-000108;22.01.2026;Щит настен. 12 мод. (200х255х97) IP41 белый (ЩРН-П-12)/GENERICA;Электротовары КСС ШУ;1;4;;;22.01.2026;;
ПКНФ-000108;22.01.2026;Коробка распределительная ОП безгалогенная (HF) 70х70х40 IP55 Промрукав 40-0200;Электротовары КСС ШУ;12;18;;;22.01.2026;;
ПКНФ-000108;22.01.2026;Изолятор SM-51 680А 15кВ EKF PROxima;Электротовары КСС ШУ;18;18;;;22.01.2026;;
ПКНФ-000108;22.01.2026;Кабель КГтп-ХЛ 4х50;Электротовары КСС ШУ;30;30;;;22.01.2026;;
ПКНФ-000108;22.01.2026;Выключатель 1-кл. ОП Мурманск 10А IP54 сер. EKF EFV10-021-30-54;;1;2;;;22.01.2026;;
ПКНФ-000108;22.01.2026;Шина М1Т 3х15х4000 мм;Электротовары КСС ШУ;4.5;5;;;22.01.2026;;
ПКНФ-000108;22.01.2026;Шина М1Т 3х30х4000 мм;Электротовары КСС ШУ;4.5;5;;;22.01.2026;;
ПКНФ-000108;22.01.2026;Модуль расширения дискретного ввода/вывода ПРМ-24.6;Электротовары КСС ШУ;1;4;;03.02.2026;22.01.2026;;
ПКНФ-000108;22.01.2026;Изолятор SM-40 (M8) силовой с болтом;Электротовары КСС ШУ;12;12;;;22.01.2026;;
ПКНФ-000108;22.01.2026;Кабель-канал перфорированный 40х60 L2000 RL6 G DKC 01163RL;Электротовары КСС ШУ;3.5;32.5;;;22.01.2026;;
ПКНФ-000108;22.01.2026;Матрица светодиодная AD16-22HS крас. EKF ledm-ad16-r;Электротовары КСС ШУ;2;0;;06.02.2026;22.01.2026;;
ПКНФ-000108;22.01.2026;Провод ПУГВнг(А)-LS 1х0,5 С;Электротовары КСС ШУ;42;1228;;;22.01.2026;;
ПКНФ-000108;22.01.2026;Наконечник штыревой втулочный изол. НШвИ(2) 0.5-8 (уп.50шт);Электротовары КСС ШУ;134;2482;;10.02.2026;22.01.2026;;
ПКНФ-000108;22.01.2026;Шайба плоская оц. М8  DIN 125;Оцинкованные метизы (ПК КСС);0.056;0.336;;;22.01.2026;;
ПКНФ-000108;22.01.2026;Знак ""Земля"" круглый d20мм EKF an-1-04;Электротовары КСС ШУ;2;0;;10.02.2026;22.01.2026;;
ПКНФ-000108;22.01.2026;Наконечник кольцевой изол. НКИ 1.5-6 (уп.50шт);Электротовары КСС ШУ;12;0;;06.02.2026;22.01.2026;;
ПКНФ-000108;22.01.2026;Выключатель автоматический модульный 3п C 6А 4.5кА ВА 47-63;Электротовары КСС ШУ;2;44;;;22.01.2026;;
ПКНФ-000108;22.01.2026;Трубка термоусадочная ТТУ нг-LS 2/1 красн. 1м IEK UDRS-D2-1-K04;Электротовары КСС ШУ;1;78.25;;;22.01.2026;;
ПКНФ-000108;22.01.2026;Трубка термоусадочная ТТУ нг-LS 2/1 желт. 1м IEK UDRS-D2-1-K05;Электротовары КСС ШУ;1.5;68.5;;;22.01.2026;;
ПКНФ-000108;22.01.2026;Трубка термоусадочная ТТУ нг-LS 2/1 зел. 1м IEK UDRS-D2-1-K06;Электротовары КСС ШУ;1;168.25;;;22.01.2026;;
ПКНФ-000108;22.01.2026;Ограничитель на DIN-рейку 1 винт HDW-211;Электротовары КСС ШУ;28;0;;10.02.2026;22.01.2026;;
ПКНФ-000108;22.01.2026;Выключатель автоматический модульный 1п C 6А 4.5кА ВА 47-63;Электротовары КСС ШУ;7;93;;;22.01.2026;;
ПКНФ-000108;22.01.2026;Кабель-канал перфорированный 25х40 L2000 RL6 G DKC 01163RL;Электротовары КСС ШУ;1.5;3;;06.02.2026;22.01.2026;;
ПКНФ-000108;22.01.2026;Механизм блокировки для КМЭ (09А-32А);Электротовары КСС ШУ;2;65;;;22.01.2026;;
ПКНФ-000108;22.01.2026;Переключатель BG33 3P 2NO с замком (не возврат.);Электротовары КСС ШУ;1;38;;;22.01.2026;;
ПКНФ-000108;22.01.2026;Переключатель BD21 2P короткая ручка NO IP65 PROxima EKF xb2-bd21-65;Электротовары КСС ШУ;4;0;;06.02.2026;22.01.2026;;
ПКНФ-000108;22.01.2026;Оповещатель светозвуковой ED16-22BMS 230В;Электротовары КСС ШУ;1;103;;;22.01.2026;;
ПКНФ-000108;22.01.2026;Панель оператора PRO-Screen 7 EKF RSC-7;Электротовары КСС ШУ;1;9;;;22.01.2026;;
ПКНФ-000108;22.01.2026;Держатель маркировки LH 20х25мм;Электротовары КСС ШУ;18;297;;;22.01.2026;;
ПКНФ-000108;22.01.2026;Символ ""Молния"" (треугольник) 50х50х50мм;Электротовары КСС ШУ;1;38;;;22.01.2026;;
ПКНФ-000108;22.01.2026;Контактор КМЭ 9А кат. 220В AC 1НЗ;Электротовары КСС ШУ;4;32;;;22.01.2026;;
ПКНФ-000108;22.01.2026;Кнопка BA21 черн. NO;Электротовары КСС ШУ;2;86;;;22.01.2026;;
ПКНФ-000108;22.01.2026;Резистор углеродистый CF-50 (C1-4) 0.5 Вт, 4,7 кОм, 5%;Электротовары КСС ШУ;48;1584;;;22.01.2026;;
ПКНФ-000108;22.01.2026;Модуль расширения дискретного ввода/вывода ПРМ-24.2;Электротовары КСС ШУ;1;10;;03.02.2026;22.01.2026;;
ПКНФ-000108;22.01.2026;Розетка 1-м ОП Эра Эксперт 11-2401-01 16А IP54 16AX 250В 2P+E бел. Эра Б0020712;Электротовары КСС ШУ;3;4;;;22.01.2026;;
ПКНФ-000108;22.01.2026;Вентилятор с фильтром 102 куб.м/ч 176х176мм 220В IP54;Электротовары КСС ШУ;2;1;;06.02.2026;22.01.2026;;
ПКНФ-000108;22.01.2026;Держатель для труб d20 мм;Электротовары КСС ШУ;300;550;;;22.01.2026;;
ПКНФ-000108;22.01.2026;Вентилятор бытовой Эвент Волна 150Сок;Электротовары КСС ШУ;1;2;;;22.01.2026;;
ПКНФ-000108;22.01.2026;Переключатель BG33 3P 2NO короткая ручка;Электротовары КСС ШУ;2;0;;;22.01.2026;;
ПКНФ-000108;22.01.2026;DIN-рейка перфорированная L2000 1мм 35х7,5;Электротовары КСС ШУ;2;0.75;;06.02.2026;22.01.2026;;
ПКНФ-000108;22.01.2026;Гайка оцинк. DIN 934 М8;Оцинкованные метизы (ПК КСС);0.028;0.1;;;22.01.2026;;
ПКНФ-000108;22.01.2026;Шайба гроверная оц.М6 DIN 127;Оцинкованные метизы (ПК КСС);0.042;0.047;;;22.01.2026;;
ПКНФ-000108;22.01.2026;Кабель-канал перфорированный 25х60 L2000 RL6 G DKC 01166RL;Электротовары КСС ШУ;2;172.975;;;22.01.2026;;
ПКНФ-000108;22.01.2026;MPS 200.120.60 RAL3020 Шкаф распределительный 2000х1200х600 мм;Корпусы для ШУ;1;0;;;22.01.2026;;
ПКНФ-000108;22.01.2026;Контакт дополнительный к ВА-99 250-400А EKF PROxima;Электротовары КСС ШУ;3;3;;;22.01.2026;;
ПКНФ-000108;22.01.2026;Выключатель автоматический 3п 250/160А 45кА ВА-99C;Электротовары КСС ШУ;3;3;;;22.01.2026;;
ПКНФ-000108;22.01.2026;Труба гофрированная d20 ПВХ серая с зондом н/г легкая;Электротовары КСС ШУ;100;150;;;22.01.2026;;
ПКНФ-000108;22.01.2026;Кабель КГВВнг(А) 3х2,5;Электротовары КСС ШУ;20;20;;25.08.2025;22.01.2026;;
ПКНФ-000108;22.01.2026;Кнопка ""Грибок"" BS542 NC поворотн. красн.;Электротовары КСС ШУ;1;73;;;22.01.2026;;
ПКНФ-000108;22.01.2026;Устройство плавного пуска ESQ-GS9-075 (150А, 380В, 75кВт, встроенный шунтирующий контактор);Электротовары КСС ШУ;3;4;;;22.01.2026;;
ПКНФ-000108;22.01.2026;Кабель КГВВнг(А) 3х1,5;Электротовары КСС ШУ;40;47;;;22.01.2026;;
ПКНФ-000108;22.01.2026;Кабель КГВВнг(А)-LS 3х0.75;Электротовары КСС ШУ;26;0;;;22.01.2026;;
ПКНФ-000108;22.01.2026;Выключатель автоматический для защиты двигателя 1.6-2.5А NS2-25 (R) CHINT;Электротовары КСС ШУ;3;0;;;22.01.2026;;
ПКНФ-000108;22.01.2026;Контакт дополнительный поперечный NS2-AE11 (R) CHINT 495968;Электротовары КСС ШУ;3;42;;;22.01.2026;;
ПКНФ-000108;22.01.2026;Термостат NO (охлаждение) на DIN-рейку 10А 230В IP20;Электротовары КСС ШУ;1;11;;;22.01.2026;;
ПКНФ-000108;22.01.2026;Колодка клеммная JXB-2.5/35 серая;Электротовары КСС ШУ;22;0;;10.02.2026;22.01.2026;;
ПКНФ-000108;22.01.2026;Заглушка для JXB-2,5/35 серая;Электротовары КСС ШУ;3;0;;10.02.2026;22.01.2026;;
ПКНФ-000108;22.01.2026;Провод ПуГВнг(А)-LS 1х1,5 Б;Электротовары КСС ШУ;16;56;;06.02.2026;22.01.2026;;
ПКНФ-000108;22.01.2026;Контактор КМЭ 9А 220В/АС3 1НО;Электротовары КСС ШУ;1;60;;;22.01.2026;;
ПКНФ-000108;22.01.2026;Колодка клеммная JXB-2.5/35 синяя;Электротовары КСС ШУ;4;75;;10.02.2026;22.01.2026;;
ПКНФ-000108;22.01.2026;Приставка контактная ПКЭ-11 доп. контакы 1з+1р;Электротовары КСС ШУ;4;67;;;22.01.2026;;
ПКНФ-000108;22.01.2026;MPS 200.80.60 RAL3020 Шкаф распределительный 2000х800х600 мм;Корпусы для ШУ;1;1;;;22.01.2026;;
ПКНФ-000108;22.01.2026;SP 200.60 RAL3020, Панель боковая 2000х600 (комплект из 2шт.);Корпусы для ШУ;1;0;;10.02.2026;22.01.2026;;
ПКНФ-000108;22.01.2026;Кабель КПСЭнг(А)-FRLS 1х2х0.5;Электротовары КСС ШУ;600;2839;;15.01.2026;22.01.2026;;
ПКНФ-000108;22.01.2026;Светильник светодиодный ДПО-108 36Вт 6500К IP40 3600лм 230В 1200мм бел. NEOX 4690612039190;Электротовары КСС ШУ;4;4;;;22.01.2026;;
ПКНФ-000108;22.01.2026;Изолятор торцевой для клемм KRUKB-3-5 DKC D-KRUKB-3-5;Электротовары КСС ШУ;10;194;;;22.01.2026;;
ПКНФ-000108;22.01.2026;Шайба плоская оц. М10  DIN 125;Оцинкованные метизы (ПК КСС);0.032;0.264;;25.08.2025;22.01.2026;;
ПКНФ-000108;22.01.2026;Выключатель автоматический модульный 1п C 25А 4.5кА ВА 47-63;Электротовары КСС ШУ;1;43;;;22.01.2026;;
ПКНФ-000108;22.01.2026;Хомут 2,5х150 нейл. (уп.100 шт);Электротовары КСС ШУ;100;0;;;22.01.2026;;
ПКНФ-000108;22.01.2026;Трубка термоус. ТУТ (HF)-4/2, красн. (уп.100м);Электротовары КСС ШУ;1.5;38;;;22.01.2026;;
ПКНФ-000108;22.01.2026;Трубка термоус. ТУТ (HF)-4/2, зел. (уп.100м);Электротовары КСС ШУ;1.5;37.8;;;22.01.2026;;
ПКНФ-000108;22.01.2026;Трубка термоус. ТУТ (HF)-4/2, желт. (уп.100м);Электротовары КСС ШУ;1.5;62.5;;;22.01.2026;;
ПКНФ-000108;22.01.2026;Лента двусторонняя клейкая (скотч), 20 ммх5 м, прозрачная;Электротовары КСС ШУ;4;20;;;22.01.2026;;
ПКНФ-000108;22.01.2026;Лента двусторонняя клейкая (скотч), 12 ммх5 м, прозрачная;Электротовары КСС ШУ;2;30;;;22.01.2026;;
ПКНФ-000108;22.01.2026;Реле контроля наличия и чередования фаз CKF-318-1;Электротовары КСС ШУ;2;35;;;22.01.2026;;
ПКНФ-000108;22.01.2026;Наконечник штыревой втулочный изол. НШвИ 0.5-8 (уп.50шт);Электротовары КСС ШУ;268;11594;;;22.01.2026;;
ПКНФ-000108;22.01.2026;Саморез 4.2х13 металл-металл с прессшайбой сверло цинк (уп.200шт);Электротовары КСС ШУ;42;1092.91;;;22.01.2026;;
ПКНФ-000108;22.01.2026;Маркер для кабеля 0.5-1.5мм символ ""1"" (уп.200шт) ДКС;Электротовары КСС ШУ;52;9042;;;22.01.2026;;
ПКНФ-000108;22.01.2026;Маркер для кабеля 0.5-1.5мм символ ""2"" (уп.200шт) ДКС;Электротовары КСС ШУ;68;4478;;;22.01.2026;;
ПКНФ-000108;22.01.2026;Маркер для кабеля 0.5-1.5мм символ ""3"" (уп.200шт) ДКС;Электротовары КСС ШУ;69;4767;;;22.01.2026;;
ПКНФ-000108;22.01.2026;Маркер для JXB с нумерацией 1-50 (уп.100шт);Электротовары КСС ШУ;200;9097;;;22.01.2026;;
ПКНФ-000108;22.01.2026;Изолятор шинный ""Лесенка"" 600А 12кВ/EKF;Электротовары КСС ШУ;4;4;;04.03.2024;22.01.2026;;
ПКНФ-000108;22.01.2026;Гайка оц М10;Загружены, т.к. есть остатки из УТ (бит);16;0;;;22.01.2026;;
ПКНФ-000108;22.01.2026;Конвектор электрический  BEC/EZMR-1500 НС-1055666 Ballu;Электротовары КСС ШУ;3;3;;;22.01.2026;;
ПКНФ-000108;22.01.2026;Болт оцинк. М10х25 DIN933;Оцинкованные метизы (ПК КСС);0.016;0.1;;25.08.2025;22.01.2026;;
ПКНФ-000108;22.01.2026;HDR-60-24 MW (AC/DC ПРЕОБРАЗОВАТЕЛИ) 24B,2.5A,60Вт;Электротовары КСС ШУ;1;26;;;22.01.2026;;
ПКНФ-000108;22.01.2026;Болт оцинк. М6х20 DIN 933;Оцинкованные метизы (ПК КСС);0.054;0.055;;;22.01.2026;;
ПКНФ-000108;22.01.2026;Гайка оцинк. DIN 934 М6;Оцинкованные метизы (ПК КСС);0.026;0.047;;04.03.2025;22.01.2026;;
ПКНФ-000108;22.01.2026;Кабель-канал перфорированный 15х30 L2000 RL75 G ДКС;Электротовары КСС ШУ;3;87.1;;;22.01.2026;;
ПКНФ-000108;22.01.2026;Колодка клеммная ЕК-2.5/25 JXB земля;Электротовары КСС ШУ;5;47;;08.06.2024;22.01.2026;;
ПКНФ-000108;22.01.2026;Лампа AD-22DS(LED) матрица d22мм желтый 230В;Электротовары КСС ШУ;2;132;;;22.01.2026;;
ПКНФ-000108;22.01.2026;Лампа AD-22DS(LED) матрица d22мм зеленый 230В;Электротовары КСС ШУ;2;23;;;22.01.2026;;
ПКНФ-000108;22.01.2026;Маркер для кабеля 0.5-1.5мм символ ""0"" (уп.200шт) ДКС;Электротовары КСС ШУ;79;6413;;;22.01.2026;;
ПКНФ-000108;22.01.2026;Маркер для кабеля 0.5-1.5мм символ ""4"" (уп.200шт) ДКС;Электротовары КСС ШУ;58;782;;;22.01.2026;;
ПКНФ-000108;22.01.2026;Маркер для кабеля 0.5-1.5мм символ ""5"" (уп.200шт) ДКС;Электротовары КСС ШУ;54;5682;;;22.01.2026;;
ПКНФ-000108;22.01.2026;Маркер для кабеля 0.5-1.5мм символ ""6"" (уп.200шт) ДКС;Электротовары КСС ШУ;47;5599;;;22.01.2026;;
ПКНФ-000108;22.01.2026;Маркер для кабеля 0.5-1.5мм символ ""7"" (уп.200шт) ДКС;Электротовары КСС ШУ;56;1605;;;22.01.2026;;
ПКНФ-000108;22.01.2026;Маркер для кабеля 0.5-1.5мм символ ""8"" (уп.200шт) ДКС;Электротовары КСС ШУ;67;924;;;22.01.2026;;
ПКНФ-000108;22.01.2026;Маркер для кабеля 0.5-1.5мм символ ""9"" (уп.200шт) ДКС;Электротовары КСС ШУ;68;811;;;22.01.2026;;
ПКНФ-000108;22.01.2026;Маркер для JXB с нумерацией 1-10 (уп.100шт);Электротовары КСС ШУ;200;2881;;;22.01.2026;;
ПКНФ-000108;22.01.2026;Наконечник кольцевой НКИ 2.5-6;Электротовары КСС ШУ;8;277;;;22.01.2026;;
ПКНФ-000108;22.01.2026;Наконечник штыревой втулочный НШвИ 1,5-8 (100шт);Электротовары КСС ШУ;32;734;;;22.01.2026;;
ПКНФ-000108;22.01.2026;Провод ПУГВнг(А)-LS 1х0,5 Б;Электротовары КСС ШУ;268;2537;;;22.01.2026;;
ПКНФ-000108;22.01.2026;Провод ПУГВнг(А)-LS 1х0,5 К;Электротовары КСС ШУ;45;1194;;;22.01.2026;;
ПКНФ-000108;22.01.2026;Провод ПУГВнг(А)-LS 1х0,5 Ч;Электротовары КСС ШУ;46;1052;;;22.01.2026;;
ПКНФ-000108;22.01.2026;Провод ПУГВнг(А)-LS 1х1,5 ж/з;Электротовары КСС ШУ;3;436.8;;;22.01.2026;;
ПКНФ-000108;22.01.2026;Провод ПУГВнг(А)-LS 1х2,5 Б;Электротовары КСС ШУ;8;265;;;22.01.2026;;
ПКНФ-000108;22.01.2026;Провод ПУГВнг(А)-LS 1х2,5 С;Электротовары КСС ШУ;7;207;;;22.01.2026;;
ПКНФ-000108;22.01.2026;Программируемое реле ПР102-24.2416.03.2;Электротовары КСС ШУ;2;3;;03.02.2026;22.01.2026;;
ПКНФ-000108;22.01.2026;Реле RFT2CO730LT, 2CO, 8A(250VAC/30VDC), 230VAC, LED, мех. инд., тест-кнопка;Электротовары КСС ШУ;11;29;;29.01.2026;22.01.2026;;
ПКНФ-000108;22.01.2026;Спираль монтажная СМ-06-04 (10м);Электротовары КСС ШУ;0.4;2.841;;06.02.2026;22.01.2026;;
ПКНФ-000108;22.01.2026;Термоусаживаемая трубка ТУТнг 25/12,5 желтая (50 м/ролл) TDM;Электротовары КСС ШУ;6;42;;;22.01.2026;;
ПКНФ-000108;22.01.2026;Термоусаживаемая трубка ТУТнг 25/12,5 зеленая (50 м/ролл) TDM;Электротовары КСС ШУ;6;42;;;22.01.2026;;
ПКНФ-000108;22.01.2026;Термоусаживаемая трубка ТУТнг 25/12,5 красная (50 м/ролл) TDM;Электротовары КСС ШУ;6;42;;;22.01.2026;;
ПКНФ-000108;22.01.2026;Цоколь SRU08-E, 10A(300V), черный, на рейку DIN35/панель, для RFT2CO;Электротовары КСС ШУ;11;0;;02.02.2026;22.01.2026;;
ПКНФ-000108;22.01.2026;Кабель КГ 4х1,5;Расходные материалы (ПК КСС);10;25;;;22.01.2026;;
ПКНФ-000108;22.01.2026;Наконечник медный луженый ТМЛ 50-8-11 /КВТ;Электротовары КСС ШУ;28;78;;;22.01.2026;;
ПКНФ-000108;22.01.2026;Наконечник штыревой втулочный изол. НШвИ 2.5-8 (уп.50шт);Электротовары КСС ШУ;10;4021;;25.08.2025;22.01.2026;;
ПКНФ-000108;22.01.2026;Светильник светодиодный 12W/110-240V 4500К 690Лм IP54;Электротовары КСС ШУ;3;0;;;22.01.2026;;
ПКНФ-000108;22.01.2026;Шайба  гровер М8 DIN 127 (А2, DIN 127);Нержавеющие метизы (ПК КСС);0.028;0;;;22.01.2026;;
ПКНФ-000108;22.01.2026;Шайба плоская оц. М6 DIN 125;Оцинкованные метизы (ПК КСС);0.052;0.22;;25.08.2025;22.01.2026;;
ПКНФ-000108;22.01.2026;Наконечник НШвИ(2) 1.5-8 (уп.50шт);Электротовары КСС ШУ;34;4425;;;22.01.2026;;
ПКНФ-000127;22.01.2026;Заглушка ПП 110 524007.R;Полиэтелен, корсис, прагма, НПВХ (ПК КСС);1;1;;;22.01.2026;;
ПКНФ-000127;22.01.2026;Заглушка ПП 40 524001.R;Полиэтелен, корсис, прагма, НПВХ (ПК КСС);2;2;;;22.01.2026;;
ПКНФ-000127;22.01.2026;Кран водоразборный 1/2;Арматура (ПК КСС);3;3;;;22.01.2026;;
ПКНФ-000127;22.01.2026;Манометр ТМ-210Т 50 мм (1/4, 0-10 бар) осевое КТ 2,5 РОСМА;Расходомеры, манометры (ПК КСС);2;2;;;22.01.2026;;
ПКНФ-000127;22.01.2026;Отвод литой 90° ПЭ 100 DN/OD 160 SDR 17;Полиэтелен, корсис, прагма, НПВХ (ПК КСС);6;6;;;22.01.2026;;
ПКНФ-000127;22.01.2026;Отвод оц.90 40х3 ГОСТ 17375-2001;Черные фланцы и фиттинги (ПК КСС);2;2;;;22.01.2026;;
ПКНФ-000127;22.01.2026;Отвод ПП 40х45;Полиэтелен, корсис, прагма, НПВХ (ПК КСС);8;8;;;22.01.2026;;
ПКНФ-000127;22.01.2026;Отвод ПП 40х87;Полиэтелен, корсис, прагма, НПВХ (ПК КСС);1;1;;;22.01.2026;;
ПКНФ-000127;22.01.2026;Отвод ПП 50х45;Полиэтелен, корсис, прагма, НПВХ (ПК КСС);4;4;;;22.01.2026;;
ПКНФ-000127;22.01.2026;Отвод ПП 50х87;Полиэтелен, корсис, прагма, НПВХ (ПК КСС);3;3;;;22.01.2026;;
ПКНФ-000127;22.01.2026;Переход 125*110 SDR 11 РЕ 100;Полиэтелен, корсис, прагма, НПВХ (ПК КСС);13;13;;;22.01.2026;;
ПКНФ-000127;22.01.2026;Переход 377/219 ППУ (П) с ОДК;Полиэтелен, корсис, прагма, НПВХ (ПК КСС);2;2;;;22.01.2026;;
ПКНФ-000127;22.01.2026;Переход ПЭ100 200х160 SDR 17;Полиэтелен, корсис, прагма, НПВХ (ПК КСС);2;2;;;22.01.2026;;
ПКНФ-000127;22.01.2026;Переход редукционный 160х110 SDR 11;Полиэтелен, корсис, прагма, НПВХ (ПК КСС);5;5;;;22.01.2026;;
ПКНФ-000127;22.01.2026;Переход редукционный 75х63 SDR 11;Полиэтелен, корсис, прагма, НПВХ (ПК КСС);2;2;;;22.01.2026;;
ПКНФ-000127;22.01.2026;Арматура А-1 8 мм;Черные трубы, листы, круги (ПК КСС);45.7;51.7;;04.12.2025;22.01.2026;;
ПКНФ-000127;22.01.2026;Отвод ПП D110*45 СИНИКОН;Полиэтелен, корсис, прагма, НПВХ (ПК КСС);2;2;;;22.01.2026;;
ПКНФ-000127;22.01.2026;Болт оцинк. М6х40 DIN 933;Оцинкованные метизы (ПК КСС);0.006;0.136;;;22.01.2026;;
ПКНФ-000127;22.01.2026;7209.1.2- Трубопровод;Составные части трубопровода (Пк КСС);1;1;;;22.01.2026;ПКНФ-001240;04.12.2025
ПКНФ-000127;22.01.2026;7209.1.2 -Рама для насосов Балка транспортировочнаяПлощадка для обслуживания Балка для кабеляЛес;Составные части трубопровода (Пк КСС);1;1;;;22.01.2026;ПКНФ-001241;04.12.2025
ПКНФ-000127;22.01.2026;Шайба гроверная оц.Ф10 DIN 127;Оцинкованные метизы (ПК КСС);0.02;0.04;;;22.01.2026;;
ПКНФ-000127;22.01.2026;Гайка шестигр.М10 оц. DIN934;Оцинкованные метизы (ПК КСС);0.02;0.402;07.10.2024;07.10.2024;22.01.2026;;
ПКНФ-000127;22.01.2026;Скоба такелажная М4;Крепеж и цепи, тали (ПК КСС);6;71;;;22.01.2026;;
ПКНФ-000127;22.01.2026;7209.1.2 Установка подачи воды для пожаротушения;Установки ВНС и ПНС (ПК КСС);1;0;13.01.2026;;22.01.2026;ПКНФ-001136;11.11.2025
ПКНФ-000127;22.01.2026;Кран шаровой полнопроходной, ВР/ВР, ручка бабочка 3/4"", Stout SVB-0002-200020;Арматура (ПК КСС);1;1;;;22.01.2026;;
ПКНФ-000127;22.01.2026;Кран шаровой латунный 1"" ВР-НР, ручка-бабочка, LD Pride 47.25.В-Н.Б;Арматура (ПК КСС);2;2;;;22.01.2026;;
ПКНФ-000127;22.01.2026;Кран шаровой латунный 1/2"" ВР ручка-бабочка;Арматура (ПК КСС);1;1;;;22.01.2026;;
ПКНФ-000127;22.01.2026;Болт оцинк. 10х40 DIN933;Оцинкованные метизы (ПК КСС);0.02;0.029;;26.01.2026;22.01.2026;;
ПКНФ-000127;22.01.2026;Реле давления РД-2Р 0,5..1,6МПа, G1/4"" ;Датчики уровня, преобразователи, реле (ПК КСС);1;1;;;22.01.2026;;
ПКНФ-000127;22.01.2026;Шаровой кран латунный 1/2"" ВР, с дренажем и воздухоотводчиком, ручка-бабочка, Pride LD 44.344.15;Арматура (ПК КСС);1;2;;;22.01.2026;;
ПКНФ-000127;22.01.2026;Ниппель прямой никелированный 1/2"" НР. LD Pride LD.67.501.15;Арматура (ПК КСС);1;2;;;22.01.2026;;
ПКНФ-000127;22.01.2026;Муфта никелированная 1/2"" ВР, LD Pride LD.67.502.15;Арматура (ПК КСС);1;5;;;22.01.2026;;
ПКНФ-000127;22.01.2026;Арматура А-3 10 мм;Черные трубы, листы, круги (ПК КСС);60.58;60.58;;;22.01.2026;;
ПКНФ-000127;22.01.2026;Арматура А-3 12 мм;Черные трубы, листы, круги (ПК КСС);57.4;57.4;;04.12.2025;22.01.2026;;
ПКНФ-000127;22.01.2026;Арматура А-3 8 мм;Черные трубы, листы, круги (ПК КСС);93;93;;;22.01.2026;;
ПКНФ-000127;22.01.2026;Профилированный лист МП-20х1100 (ВикингМП-01-RAL-0,45);;12;12;;;22.01.2026;;
ПКНФ-000127;22.01.2026;Заглушка для трубы 25х25 мм пластик;Расходные материалы (ПК КСС);2;0;23.04.2024;03.02.2026;22.01.2026;;
ПКНФ-000127;22.01.2026;Провод ПВС 3*0,75 белый;Электротовары КСС ШУ;40;40;;30.05.2024;22.01.2026;;
ПКНФ-000127;22.01.2026;Болт М14*060 DIN 933 полная резьба  (А2, 14,0, 100,0, DIN 933);Нержавеющие метизы (ПК КСС);24;4;25.04.2024;02.02.2026;22.01.2026;;
ПКНФ-000127;22.01.2026;Ниппель 1"" латунь НP, Stout-0003-000011;Арматура (ПК КСС);3;3;;;22.01.2026;;
ПКНФ-000127;22.01.2026;Арматура А-1 6 мм;Черные трубы, листы, круги (ПК КСС);842;864.7;;;22.01.2026;;
ПКНФ-000127;22.01.2026;Шайба плоская оц. М10  DIN 125;Оцинкованные метизы (ПК КСС);0.04;0.334;;25.08.2025;22.01.2026;;
ПКНФ-000127;22.01.2026;Навесной замок с ключом GPLK-50L;Оцинкованные метизы (ПК КСС);4;69;;20.01.2025;22.01.2026;;
ПКНФ-000127;22.01.2026;Дюбель гвоздь 6х40;Разное;990;990;;;22.01.2026;;
ПКНФ-000127;22.01.2026;Ремень стяжной 7,0/14,0/10000 75мм;Крепеж и цепи, тали (ПК КСС);13;78;;;22.01.2026;;
ПКНФ-000127;22.01.2026;Клапан обратный шаровый Ду80 Ру16 канализационный;Арматура (ПК КСС);2;7;;;22.01.2026;;
ПКНФ-000127;22.01.2026;Прокладка (паронит) 80;Полиэтелен, корсис, прагма, НПВХ (ПК КСС);7;23;;;22.01.2026;;
ПКНФ-000127;22.01.2026;Шпилька М10 L1000 (А2, DIN975);Нержавеющие метизы (ПК КСС);2;4;;02.02.2026;22.01.2026;;
ПКНФ-000127;22.01.2026;Болт М10*60 DIN 933 полная резьба  (А2, 10,0, 60,0, DIN 933);Нержавеющие метизы (ПК КСС);60;983;;;22.01.2026;;
ПКНФ-000127;22.01.2026;Болт М16*80 DIN 933 полная резьба  (А2, 16,0, 80,0, DIN 933);Нержавеющие метизы (ПК КСС);56;256;;;22.01.2026;;
ПКНФ-000127;22.01.2026;Гайка М10 DIN 934  (А2, 10,0, DIN 934);Нержавеющие метизы (ПК КСС);72;495;;19.06.2024;22.01.2026;;
ПКНФ-000127;22.01.2026;Гайка М14 DIN 934  (А2, 14,0, DIN 934);Нержавеющие метизы (ПК КСС);24;843;;;22.01.2026;;
ПКНФ-000127;22.01.2026;Гайка М16 DIN 934  (А2, 16,0, DIN 934);Нержавеющие метизы (ПК КСС);56;308;25.04.2024;25.04.2024;22.01.2026;;
ПКНФ-000127;22.01.2026;Грибок канализационный;Полиэтелен, корсис, прагма, НПВХ (ПК КСС);2;17;;27.01.2026;22.01.2026;;
ПКНФ-000127;22.01.2026;Карабин винтовой 4 мм;Крепеж и цепи, тали (ПК КСС);6;21;;;22.01.2026;;
ПКНФ-000127;22.01.2026;Карабин винтовой 6 мм;Водоподготовка (ПК КСС);6;99;;;22.01.2026;;
ПКНФ-000127;22.01.2026;Манжета резиновая переходная D 110/124 Уп., черн;Полиэтелен, корсис, прагма, НПВХ (ПК КСС);3;38;;;22.01.2026;;
ПКНФ-000127;22.01.2026;Манжета резиновая переходная D 50/72 Уп., черн;Полиэтелен, корсис, прагма, НПВХ (ПК КСС);1;143;;;22.01.2026;;
ПКНФ-000127;22.01.2026;Отвод 90 гр. НПВХ DN110;Полиэтелен, корсис, прагма, НПВХ (ПК КСС);4;21;;;22.01.2026;;
ПКНФ-000127;22.01.2026;Провод ПВС 3*1,5 белый;Электротовары КСС ШУ;30;30;;30.05.2024;22.01.2026;;
ПКНФ-000127;22.01.2026;Проушина прямая 30х70мм;Расходные материалы (ПК КСС);6;219;;;22.01.2026;;
ПКНФ-000127;22.01.2026;Рым-гайка DIN 582 М10;Крепеж и цепи, тали (ПК КСС);6;33;;;22.01.2026;;
ПКНФ-000127;22.01.2026;Рым-гайка DIN 582 М 6;Крепеж и цепи, тали (ПК КСС);0.006;0.049;;17.02.2025;22.01.2026;;
ПКНФ-000127;22.01.2026;Скоба такелажная М6;Крепеж и цепи, тали (ПК КСС);6;54.1;;03.07.2025;22.01.2026;;
ПКНФ-000127;22.01.2026;Труба 110/3,2/0560 наружная канализация;Полиэтелен, корсис, прагма, НПВХ (ПК КСС);4;111;;;22.01.2026;;
ПКНФ-000127;22.01.2026;Труба двустенная для электропроводки d110 с протяжкой(внутр. d94)/ДКС ;Полиэтелен, корсис, прагма, НПВХ (ПК КСС);3;158;;;22.01.2026;;
ПКНФ-000127;22.01.2026;Труба двустенная для электропроводки d50 с протяжкой(внутр. d41,5) [ДКС] (код 19735) 121950;Полиэтелен, корсис, прагма, НПВХ (ПК КСС);3;101;;;22.01.2026;;
ПКНФ-000127;22.01.2026;Футорка ник. латун. 1/2х 1/4;Арматура (ПК КСС);1;3;;;22.01.2026;;
ПКНФ-000127;22.01.2026;Цепь короткозвенная 4мм DIN766 оцинк;Крепеж и цепи, тали (ПК КСС);7.2;273.46;;05.07.2024;22.01.2026;;
ПКНФ-000127;22.01.2026;Цепь короткозвенная 6мм DIN766 оцинк;Крепеж и цепи, тали (ПК КСС);10;308.5;;;22.01.2026;;
ПКНФ-000127;22.01.2026;Шайба  гровер М14 DIN 127 (А2, DIN 127);Нержавеющие метизы (ПК КСС);24;1954;;;22.01.2026;;
ПКНФ-000127;22.01.2026;Шайба М10 DIN 125  (А2, DIN 125);Нержавеющие метизы (ПК КСС);144;46;;02.02.2026;22.01.2026;;
ПКНФ-000127;22.01.2026;Шайба  гровер М10 DIN 127 (А2, DIN 127);Нержавеющие метизы (ПК КСС);72;0;;;22.01.2026;;
ПКНФ-000127;22.01.2026;Шайба М14 DIN 125  (А2, DIN 125);Нержавеющие метизы (ПК КСС);48;472;;;22.01.2026;;
ПКНФ-000127;22.01.2026;Шайба М16 DIN 125  (А2, DIN 125);Нержавеющие метизы (ПК КСС);112;811;;;22.01.2026;;
ПКНФ-000127;22.01.2026;Шайба гровер М16 DIN 127 (А2, DIN 127);Нержавеющие метизы (ПК КСС);56;1740;;;22.01.2026;;
ПКНФ-000127;22.01.2026;Шайба плоская оц. М6 DIN 125;Оцинкованные метизы (ПК КСС);0.006;0.596;;25.08.2025;22.01.2026;;
ПКНФ-000128;22.01.2026;Труба профильная 180х100х5;Черные трубы, листы, круги (ПК КСС);15;15;;;22.01.2026;;
ПКНФ-000128;22.01.2026;Труба профильная 200х200х6;Черные трубы, листы, круги (ПК КСС);24;24;;;22.01.2026;;
ПКНФ-000128;22.01.2026;Труба ПЭ100 для газоснабжения DN/OD 75 SDR 11;Полиэтелен, корсис, прагма, НПВХ (ПК КСС);15;15;;;22.01.2026;;
ПКНФ-000128;22.01.2026;Арматура А-1 8 мм;Черные трубы, листы, круги (ПК КСС);6;12;;04.12.2025;22.01.2026;;
ПКНФ-000128;22.01.2026;Карабин винтовой D6, нерж. сталь А4 (уп. 1 шт) длинный;Крепеж и цепи, тали (ПК КСС);6;6;;;22.01.2026;;
ПКНФ-000128;22.01.2026;Скоба нержавеющая такелажная 6мм;Крепеж и цепи, тали (ПК КСС);6;6;;;22.01.2026;;
ПКНФ-000128;22.01.2026;Болт оцинк. М6х40 DIN 933;Оцинкованные метизы (ПК КСС);0.006;0.13;;;22.01.2026;;
ПКНФ-000128;22.01.2026;Насос 65WQ20-25-4AC(II)-CBLWQ4, 4кВт, без АТМ DN65, 2-х полюс., кабель 24м;Насосы CNP (ПК КСС);3;0;;01.02.2026;22.01.2026;;
ПКНФ-000128;22.01.2026;Штанга двух-составная с креплением на маховик L-4778 мм (управление маховик), для шиберной задвижки;Арматура (ПК КСС);1;1;;;22.01.2026;;
ПКНФ-000128;22.01.2026;Кронштейн ""телескопический"" для крепления к стенке колодца L=400-600 мм;Арматура (ПК КСС);2;5;;;22.01.2026;;
ПКНФ-000128;22.01.2026;Расходомер-счетчик ультразвуковой ВЗЛЕТ МР исполнение УРСВ-310 Ду 80 мм /3,6 В /RS485) - 24 м Кабель;Расходомеры, манометры (ПК КСС);3;3;;;22.01.2026;;
ПКНФ-000128;22.01.2026;Труба э/с 108*4,0 ГОСТ 10704-91;СНГ;0.015;0.015;;;22.01.2026;;
ПКНФ-000128;22.01.2026;Арматура ф 20 А1 (11,7м) м;Черные трубы, листы, круги (ПК КСС);50;105.3;;;22.01.2026;;
ПКНФ-000128;22.01.2026;Автоматическая трубная муфта для насоса WQ DN65,TOS-65, мощность 0.55кВт и выше;УПМ СNP (ПК КСС);3;3;;;22.01.2026;;
ПКНФ-000128;22.01.2026;Болт М12*40 DIN 933 полная резьба  (А2, 12,0, 45,0, DIN 933) ;Нержавеющие метизы (ПК КСС);6;199;;;22.01.2026;;
ПКНФ-000128;22.01.2026;7211 - Трубопровод, патрубки;Составные части трубопровода (Пк КСС);1;1;;;22.01.2026;ПКНФ-001255;08.12.2025
ПКНФ-000128;22.01.2026;7211 - Балка под крышку, рама под УПМ;Составные части трубопровода (Пк КСС);1;1;;;22.01.2026;ПКНФ-001256;08.12.2025
ПКНФ-000128;22.01.2026;7211 - Направляющие корзины Корзина сороудерж. Площадка Лестница Балка транспортная Упор под ши;Составные части трубопровода (Пк КСС);1;1;;;22.01.2026;ПКНФ-001257;08.12.2025
ПКНФ-000128;22.01.2026;Трубная изоляция 89/9 (15);Расходные материалы (ПК КСС);500;501;;;22.01.2026;;
ПКНФ-000128;22.01.2026;Труба 60х30х2 ГОСТ 8639-82;Черные трубы, листы, круги (ПК КСС);20;20;;;22.01.2026;;
ПКНФ-000128;22.01.2026;Заглушка для трубы 40х40 мм пластик;Расходные материалы (ПК КСС);2;268;;;22.01.2026;;
ПКНФ-000128;22.01.2026;Болт оцинк. М20х60 DIN933;Оцинкованные метизы (ПК КСС);0.012;0.316;;;22.01.2026;;
ПКНФ-000128;22.01.2026;Задвижка шиб. двухстор. Ду150 Ру10 нев. шток;Арматура (ПК КСС);1;2;;;22.01.2026;;
ПКНФ-000128;22.01.2026;Гайка шестигр. оц. М20 DIN 934 тыс шт;Оцинкованные метизы (ПК КСС);0.012;1.115;;27.06.2024;22.01.2026;;
ПКНФ-000128;22.01.2026;Болт оцинк. М16х80  DIN933;Оцинкованные метизы (ПК КСС);0.172;0.457;;;22.01.2026;;
ПКНФ-000128;22.01.2026;Труба э/с 60х2,6 ГОСТ;Черные трубы, листы, круги (ПК КСС);17;17;;;22.01.2026;;
ПКНФ-000128;22.01.2026;Уголок 90х6 чермет;Черные трубы, листы, круги (ПК КСС);12;12;;;22.01.2026;;
ПКНФ-000128;22.01.2026;Уголок 75х5 чермет;Черные трубы, листы, круги (ПК КСС);40;40;;;22.01.2026;;
ПКНФ-000128;22.01.2026;Уголок 50х4 чермет;Черные трубы, листы, круги (ПК КСС);80;80;;;22.01.2026;;
ПКНФ-000128;22.01.2026;Скоба нержавеющая такелажная 4мм;Крепеж и цепи, тали (ПК КСС);10;10;;;22.01.2026;;
ПКНФ-000128;22.01.2026;Труба 80х40х4 ГОСТ 8639-82;Черные трубы, листы, круги (ПК КСС);70;77;;;22.01.2026;;
ПКНФ-000128;22.01.2026;Труба э/с 530х8 ГОСТ 10705-80;Черные трубы, листы, круги (ПК КСС);10;10;;;22.01.2026;;
ПКНФ-000128;22.01.2026;Труба 50х25х2  ГОСТ 8639-82;Черные трубы, листы, круги (ПК КСС);50;77;;;22.01.2026;;
ПКНФ-000128;22.01.2026;Уголок 75х5;Черные трубы, листы, круги (ПК КСС);340;350;;;22.01.2026;;
ПКНФ-000128;22.01.2026;Труба АД31Т1 д.20х2х6000мм;Черные трубы, листы, круги (ПК КСС);49;49;;;22.01.2026;;
ПКНФ-000128;22.01.2026;Стеклоровинг ECR24-2400D-601 (Шандон) намотка Китай;Сырье стеклопластиковое;1505;62973.5;;12.01.2025;22.01.2026;;
ПКНФ-000128;22.01.2026;Заглушка для трубы 25х25 мм пластик;Расходные материалы (ПК КСС);2;0;23.04.2024;03.02.2026;22.01.2026;;
ПКНФ-000128;22.01.2026;Шайба гроверная оц. Ф16 DIN 127;Оцинкованные метизы (ПК КСС);0.172;0.412;;27.06.2024;22.01.2026;;
ПКНФ-000128;22.01.2026;Труба 60х40х4  ГОСТ 8639-82;Черные трубы, листы, круги (ПК КСС);14;18;;;22.01.2026;;
ПКНФ-000128;22.01.2026;Шаровой кран латунный 3/4"" ВР, ручка-рычаг, LD Pride 47.20.В-В.P;Арматура (ПК КСС);23;24;;;22.01.2026;;
ПКНФ-000128;22.01.2026;Цепь 4х32,0 сварная длиннозвенная DIN 766 A2;Водоподготовка (ПК КСС);26.9;27.9;;;22.01.2026;;
ПКНФ-000128;22.01.2026;Карабин винтовой D4, нерж. сталь А4 (уп. 1 шт) длинный;Крепеж и цепи, тали (ПК КСС);10;10;;;22.01.2026;;
ПКНФ-000128;22.01.2026;Арматура А-1 6 мм;Черные трубы, листы, круги (ПК КСС);50;72.7;;;22.01.2026;;
ПКНФ-000128;22.01.2026;Навесной замок с ключом GPLK-50L;Оцинкованные метизы (ПК КСС);6;67;;20.01.2025;22.01.2026;;
ПКНФ-000128;22.01.2026;Клапан обратный шаровый Ду80 Ру16 канализационный;Арматура (ПК КСС);3;6;;;22.01.2026;;
ПКНФ-000128;22.01.2026;Задвижка 30ч39р Ду80 Pу16 штурвал;Арматура (ПК КСС);5;5;;;22.01.2026;;
ПКНФ-000128;22.01.2026;Прокладка (паронит) 80;Полиэтелен, корсис, прагма, НПВХ (ПК КСС);19;28;;;22.01.2026;;
ПКНФ-000128;22.01.2026;Гайка шестигр. оц М16  (тыс шт);Оцинкованные метизы (ПК КСС);0.172;0.017;;27.06.2024;22.01.2026;;
ПКНФ-000128;22.01.2026;Труба 80х60х3 ГОСТ 8639-82;Черные трубы, листы, круги (ПК КСС);13;13;;;22.01.2026;;
ПКНФ-000128;22.01.2026;Труба 40х40х3 ГОСТ 8639-82;Черные трубы, листы, круги (ПК КСС);40;53.4;;;22.01.2026;;
ПКНФ-000128;22.01.2026;Труба 60х40х2 ГОСТ 8645-68;Черные трубы, листы, круги (ПК КСС);20;20;;;22.01.2026;;
ПКНФ-000128;22.01.2026;Труба 60х40х3  ГОСТ 8645-68;Черные трубы, листы, круги (ПК КСС);18;50;;;22.01.2026;;
ПКНФ-000128;22.01.2026;Труба 60х60х2  ГОСТ 8639-82;Черные трубы, листы, круги (ПК КСС);30;30;;;22.01.2026;;
ПКНФ-000128;22.01.2026;Швеллер 20 ГОСТ 8240-97;Черные трубы, листы, круги (ПК КСС);50;102;;;22.01.2026;;
ПКНФ-000128;22.01.2026;Шпилька М10 L1000 (А2, DIN975);Нержавеющие метизы (ПК КСС);2;0;;02.02.2026;22.01.2026;;
ПКНФ-000128;22.01.2026;Анкерный болт с гайкой 16*180 HNM тыс;Оцинкованные метизы (ПК КСС);0.02;0.43;;10.06.2024;22.01.2026;;
ПКНФ-000128;22.01.2026;Болт М10*60 DIN 933 полная резьба  (А2, 10,0, 60,0, DIN 933);Нержавеющие метизы (ПК КСС);50;913;;;22.01.2026;;
ПКНФ-000128;22.01.2026;Болт М12*80 DIN 933 полная резьба  (А2, 12,0, 80,0, DIN 933);Нержавеющие метизы (ПК КСС);12;72;;;22.01.2026;;
ПКНФ-000128;22.01.2026;Болт М16*80 DIN 933 полная резьба  (А2, 16,0, 80,0, DIN 933);Нержавеющие метизы (ПК КСС);12;156;;;22.01.2026;;
ПКНФ-000128;22.01.2026;Гайка М10 DIN 934  (А2, 10,0, DIN 934);Нержавеющие метизы (ПК КСС);60;411;;19.06.2024;22.01.2026;;
ПКНФ-000128;22.01.2026;Гайка М12 DIN 934  (А2, 12,0, DIN 934);Нержавеющие метизы (ПК КСС);18;1000;;;22.01.2026;;
ПКНФ-000128;22.01.2026;Гайка М16 DIN 934  (А2, 16,0, DIN 934);Нержавеющие метизы (ПК КСС);12;208;15.05.2024;25.04.2024;22.01.2026;;
ПКНФ-000128;22.01.2026;Грибок канализационный;Полиэтелен, корсис, прагма, НПВХ (ПК КСС);1;14;;27.01.2026;22.01.2026;;
ПКНФ-000128;22.01.2026;Лента стеклянная 400, 250 мм, кг;Сырье стеклопластиковое;108;4107.5;;12.01.2025;22.01.2026;;
ПКНФ-000128;22.01.2026;Манжета резиновая переходная D 110/124 Уп., черн;Полиэтелен, корсис, прагма, НПВХ (ПК КСС);2;34;;;22.01.2026;;
ПКНФ-000128;22.01.2026;Манжета резиновая переходная D 50/72 Уп., черн;Полиэтелен, корсис, прагма, НПВХ (ПК КСС);2;143;;;22.01.2026;;
ПКНФ-000128;22.01.2026;Отвердитель Akperox А60 (30кг);Сырье стеклопластиковое;9.5;200.85;;;22.01.2026;;
ПКНФ-000128;22.01.2026;Отвод 90 гр. НПВХ DN110;Полиэтелен, корсис, прагма, НПВХ (ПК КСС);1;14;;;22.01.2026;;
ПКНФ-000128;22.01.2026;Пигмент железооксидный зеленый Green ТС 5605. Производство Китай.;Сырье стеклопластиковое;1;98.1;;;22.01.2026;;
ПКНФ-000128;22.01.2026;Поплавковый выключатель RL-1 20м;Водоподготовка (ПК КСС);5;73;;;22.01.2026;;
ПКНФ-000128;22.01.2026;Проушина прямая 30х70мм;Расходные материалы (ПК КСС);12;219;;;22.01.2026;;
ПКНФ-000128;22.01.2026;Рым-гайка DIN 582 М10;Крепеж и цепи, тали (ПК КСС);6;27;;;22.01.2026;;
ПКНФ-000128;22.01.2026;Рым-гайка DIN 582 М 6;Крепеж и цепи, тали (ПК КСС);0.006;0.043;;17.02.2025;22.01.2026;;
ПКНФ-000128;22.01.2026;Смола полимер 3401 А (1000кг);Сырье стеклопластиковое;575;1092.2;;12.01.2026;22.01.2026;;
ПКНФ-000128;22.01.2026;Смола полимер 3401 ТА (1000кг);Сырье стеклопластиковое;404;32925.6;;12.01.2026;22.01.2026;;
ПКНФ-000128;22.01.2026;Стекломат  E6CRMC600-1250-Е (45кг) Джуши Китай;Сырье стеклопластиковое;143;26579.7;;12.01.2025;22.01.2026;;
ПКНФ-000128;22.01.2026;Стеклорогожа EWR 560;Сырье стеклопластиковое;31;5528.6;;;22.01.2026;;
ПКНФ-000128;22.01.2026;Труба 110/3,2/0560 наружная канализация;Полиэтелен, корсис, прагма, НПВХ (ПК КСС);2;105;;;22.01.2026;;
ПКНФ-000128;22.01.2026;Труба двустенная для электропроводки d110 с протяжкой(внутр. d94)/ДКС ;Полиэтелен, корсис, прагма, НПВХ (ПК КСС);3;155;;;22.01.2026;;
ПКНФ-000128;22.01.2026;Труба двустенная для электропроводки d50 с протяжкой(внутр. d41,5) [ДКС] (код 19735) 121950;Полиэтелен, корсис, прагма, НПВХ (ПК КСС);3;98;;;22.01.2026;;
ПКНФ-000128;22.01.2026;Цепь 6х18,5 сварная короткозвенная DIN 766 A2;Крепеж и цепи, тали (ПК КСС);30.6;56;28.03.2024;;22.01.2026;;
ПКНФ-000128;22.01.2026;Шайба  гровер М12 DIN 127 (А2, DIN 127);Нержавеющие метизы (ПК КСС);18;866.964;;;22.01.2026;;
ПКНФ-000128;22.01.2026;Шайба гроверная оц.М20 DIN 127;Оцинкованные метизы (ПК КСС);0.012;1.104;;;22.01.2026;;
ПКНФ-000128;22.01.2026;Шайба М10 DIN 125  (А2, DIN 125);Нержавеющие метизы (ПК КСС);120;22;;02.02.2026;22.01.2026;;
ПКНФ-000128;22.01.2026;Шайба М12 DIN 125  (А2, DIN 125);Нержавеющие метизы (ПК КСС);36;407;;;22.01.2026;;
ПКНФ-000128;22.01.2026;Шайба М16 DIN 125  (А2, DIN 125);Нержавеющие метизы (ПК КСС);24;611;;;22.01.2026;;
ПКНФ-000128;22.01.2026;Шайба гровер М16 DIN 127 (А2, DIN 127);Нержавеющие метизы (ПК КСС);12;1640;;;22.01.2026;;
ПКНФ-000128;22.01.2026;Шайба плоская оц. М6 DIN 125;Оцинкованные метизы (ПК КСС);0.006;0.59;;25.08.2025;22.01.2026;;
ПКНФ-000128;22.01.2026;Шайба плоская оц.М16  DIN 125;Оцинкованные метизы (ПК КСС);0.344;0.916;;27.06.2024;22.01.2026;;
ПКНФ-000128;22.01.2026;Шайба плоская оц.М20  DIN 125;Оцинкованные метизы (ПК КСС);0.024;0.39;;27.06.2024;22.01.2026;;
ПКНФ-000129;22.01.2026;Карабин винтовой 5 мм;Крепеж и цепи, тали (ПК КСС);6;174;;;22.01.2026;;
ПКНФ-000129;22.01.2026;7920 КСС ШУЗ-1,1 кВт+УХЛ1;Шкафы управления (ПК КСС);1;0;;;22.01.2026;;
ПКНФ-000129;22.01.2026;Болт оцинк. М6х40 DIN 933;Оцинкованные метизы (ПК КСС);0.002;0.126;;;22.01.2026;;
ПКНФ-000129;22.01.2026;Шайба гроверная оц.Ф10 DIN 127;Оцинкованные метизы (ПК КСС);0.03;0.03;;;22.01.2026;;
ПКНФ-000129;22.01.2026;Гайка шестигр.М10 оц. DIN934;Оцинкованные метизы (ПК КСС);0.03;0.392;07.10.2024;07.10.2024;22.01.2026;;
ПКНФ-000129;22.01.2026;Скоба такелажная М4;Крепеж и цепи, тали (ПК КСС);8;67;;;22.01.2026;;
ПКНФ-000129;22.01.2026;Болт оцинк. М10х60 DIN933;Оцинкованные метизы (ПК КСС);0.03;0.52;;;22.01.2026;;
ПКНФ-000129;22.01.2026;Болт оцинк. М12х60 DIN933;Оцинкованные метизы (ПК КСС);0.004;0.404;;03.06.2024;22.01.2026;;
ПКНФ-000129;22.01.2026;Шайба плоская оц. М12  DIN 125;Оцинкованные метизы (ПК КСС);0.004;0.707;;03.06.2024;22.01.2026;;
ПКНФ-000129;22.01.2026;Болт оцинк. М16х60 DIN933;Оцинкованные метизы (ПК КСС);0.024;0.772;;;22.01.2026;;
ПКНФ-000129;22.01.2026;Клапан обратный шаровый Ду65 Ру16 канализационный;Арматура (ПК КСС);2;2;;;22.01.2026;;
ПКНФ-000129;22.01.2026;Заглушка для трубы 40х40 мм пластик;Расходные материалы (ПК КСС);2;268;;;22.01.2026;;
ПКНФ-000129;22.01.2026;Задвижка 30ч39р Ду50 Pу16 штурвал;Арматура (ПК КСС);2;8;02.02.2026;02.02.2026;22.01.2026;;
ПКНФ-000129;22.01.2026;Болт М16*60 DIN 933 полная резьба  (А2, 16,0, 60,0, DIN 933);Нержавеющие метизы (ПК КСС);24;117;;;22.01.2026;;
ПКНФ-000129;22.01.2026;7399 КСС ШУК-2/3-3кВт+УХЛ1;Шкафы управления (ПК КСС);1;0;;;22.01.2026;;
ПКНФ-000129;22.01.2026;Насос 50WQ15-25-3ACW(I), 3кВт, без АТМ DN50, с реж.механизмом, 2-х полюс. (ПК);Насосы CNP (ПК КСС);2;0;;;22.01.2026;;
ПКНФ-000129;22.01.2026;Прокладка (паронит) 65;Завертяев;6;0;;;22.01.2026;;
ПКНФ-000129;22.01.2026;7399 - Трубопровод ;Составные части трубопровода (Пк КСС);1;1;;;22.01.2026;ПКНФ-001350;16.12.2025
ПКНФ-000129;22.01.2026;7399 - Рама под УПМ, балка под крышку;Составные части трубопровода (Пк КСС);1;1;;;22.01.2026;ПКНФ-001346;16.12.2025
ПКНФ-000129;22.01.2026;7399 - Площадка Лестница Корзина и ее направляющие Транспортировочная балка;Составные части трубопровода (Пк КСС);1;1;;;22.01.2026;ПКНФ-001347;16.12.2025
ПКНФ-000129;22.01.2026;Клапан обратный шаровой Ду50 Ру16 канализационный;Арматура (ПК КСС);2;4;;;22.01.2026;;
ПКНФ-000129;22.01.2026;Автоматическая трубная муфта для насоса WQ DN50,TOS-50, мощность 0.55кВт и выше (ПК);УПМ СNP (ПК КСС);2;2;;15.01.2026;22.01.2026;;
ПКНФ-000129;22.01.2026;Заглушка для трубы 25х25 мм пластик;Расходные материалы (ПК КСС);2;0;23.04.2024;03.02.2026;22.01.2026;;
ПКНФ-000129;22.01.2026;Шайба оцинк гровер М12 DIN 127;Оцинкованные метизы (ПК КСС);0.004;0.722;;03.06.2024;22.01.2026;;
ПКНФ-000129;22.01.2026;Шайба гроверная оц. Ф16 DIN 127;Оцинкованные метизы (ПК КСС);0.024;0.264;;27.06.2024;22.01.2026;;
ПКНФ-000129;22.01.2026;Шайба плоская оц. М10  DIN 125;Оцинкованные метизы (ПК КСС);0.06;0.314;;25.08.2025;22.01.2026;;
ПКНФ-000129;22.01.2026;Навесной замок с ключом GPLK-50L;Оцинкованные метизы (ПК КСС);1;62;;20.01.2025;22.01.2026;;
ПКНФ-000129;22.01.2026;Гайка шестигр. оц М12 DIN934;Оцинкованные метизы (ПК КСС);0.004;1.196;;03.06.2024;22.01.2026;;
ПКНФ-000129;22.01.2026;Гайка шестигр. оц М16  (тыс шт);Оцинкованные метизы (ПК КСС);0.024;0.041;;27.06.2024;22.01.2026;;
ПКНФ-000129;22.01.2026;Труба ВГП ОЦ 32х3,2 ГОСТ 3262-75 (м);Черные трубы, листы, круги (ПК КСС);15.6;116.36;;;22.01.2026;;
ПКНФ-000129;22.01.2026;Анкерный болт с гайкой 12*120 HNM ПК (тыс);Оцинкованные метизы (ПК КСС);0.016;0.195;;;22.01.2026;;
ПКНФ-000129;22.01.2026;Болт М12*60 DIN 933 полная резьба  (А2, 12,0, 60,0, DIN 933);Нержавеющие метизы (ПК КСС);8;304;;;22.01.2026;;
ПКНФ-000129;22.01.2026;Гайка М12 DIN 934  (А2, 12,0, DIN 934);Нержавеющие метизы (ПК КСС);8;990;;;22.01.2026;;
ПКНФ-000129;22.01.2026;Гайка М16 DIN 934  (А2, 16,0, DIN 934);Нержавеющие метизы (ПК КСС);24;220;15.05.2024;25.04.2024;22.01.2026;;
ПКНФ-000129;22.01.2026;Грибок канализационный;Полиэтелен, корсис, прагма, НПВХ (ПК КСС);1;14;;27.01.2026;22.01.2026;;
ПКНФ-000129;22.01.2026;Карабин винтовой 4 мм;Крепеж и цепи, тали (ПК КСС);8;17;;;22.01.2026;;
ПКНФ-000129;22.01.2026;Манжета резиновая переходная D 110/124 Уп., черн;Полиэтелен, корсис, прагма, НПВХ (ПК КСС);2;34;;;22.01.2026;;
ПКНФ-000129;22.01.2026;Манжета резиновая переходная D 50/72 Уп., черн;Полиэтелен, корсис, прагма, НПВХ (ПК КСС);1;142;;;22.01.2026;;
ПКНФ-000129;22.01.2026;Муфта Корсис DN200 (OD);Полиэтелен, корсис, прагма, НПВХ (ПК КСС);1;12;;;22.01.2026;;
ПКНФ-000129;22.01.2026;Отвод 90 гр. НПВХ DN110;Полиэтелен, корсис, прагма, НПВХ (ПК КСС);1;14;;;22.01.2026;;
ПКНФ-000129;22.01.2026;Поплавковый выключатель RL-1 10м;Датчики уровня, преобразователи, реле (ПК КСС);4;45;;05.02.2025;22.01.2026;;
ПКНФ-000129;22.01.2026;Прокладка (паронит) 50;Полиэтелен, корсис, прагма, НПВХ (ПК КСС);2;40;;;22.01.2026;;
ПКНФ-000129;22.01.2026;Проушина прямая 30х70мм;Расходные материалы (ПК КСС);2;209;;;22.01.2026;;
ПКНФ-000129;22.01.2026;Рым-гайка DIN 582 М10;Крепеж и цепи, тали (ПК КСС);2;23;;;22.01.2026;;
ПКНФ-000129;22.01.2026;Рым-гайка DIN 582 М 6;Крепеж и цепи, тали (ПК КСС);0.002;0.039;;17.02.2025;22.01.2026;;
ПКНФ-000129;22.01.2026;Скоба с вкручивающимся штифтом 0,33 т, 1/2т 1/4, тип G209, для насосов до 250 кг;Крепеж и цепи, тали (ПК КСС);6;5;;23.01.2026;22.01.2026;;
ПКНФ-000129;22.01.2026;Труба 200/4,9/1200 наружная канализация;Полиэтелен, корсис, прагма, НПВХ (ПК КСС);0.5;9;;;22.01.2026;;
ПКНФ-000129;22.01.2026;Труба двустенная для электропроводки d110 с протяжкой(внутр. d94)/ДКС ;Полиэтелен, корсис, прагма, НПВХ (ПК КСС);3;155;;;22.01.2026;;
ПКНФ-000129;22.01.2026;Труба двустенная для электропроводки d50 с протяжкой(внутр. d41,5) [ДКС] (код 19735) 121950;Полиэтелен, корсис, прагма, НПВХ (ПК КСС);3;98;;;22.01.2026;;
ПКНФ-000129;22.01.2026;Цепь короткозвенная 4мм DIN766 оцинк;Крепеж и цепи, тали (ПК КСС);9.5;268.56;;05.07.2024;22.01.2026;;
ПКНФ-000129;22.01.2026;Цепь Т6-6х18 мм ГОСТ 30441-97 (покрытие хим.окс.);Крепеж и цепи, тали (ПК КСС);13.7;2;;;22.01.2026;;
ПКНФ-000129;22.01.2026;Шайба  гровер М12 DIN 127 (А2, DIN 127);Нержавеющие метизы (ПК КСС);8;856.964;;;22.01.2026;;
ПКНФ-000129;22.01.2026;Шайба М12 DIN 125  (А2, DIN 125);Нержавеющие метизы (ПК КСС);16;387;;;22.01.2026;;
ПКНФ-000129;22.01.2026;Шайба М16 DIN 125  (А2, DIN 125);Нержавеющие метизы (ПК КСС);48;635;;;22.01.2026;;
ПКНФ-000129;22.01.2026;Шайба гровер М16 DIN 127 (А2, DIN 127);Нержавеющие метизы (ПК КСС);24;1652;;;22.01.2026;;
ПКНФ-000129;22.01.2026;Шайба плоская оц. М6 DIN 125;Оцинкованные метизы (ПК КСС);0.002;0.586;;25.08.2025;22.01.2026;;
ПКНФ-000129;22.01.2026;Шайба плоская оц.М16  DIN 125;Оцинкованные метизы (ПК КСС);0.048;0.62;;27.06.2024;22.01.2026;;
ПКНФ-000130;22.01.2026;Труба ПЭ100 для газоснабжения DN/OD 75 SDR 11;Полиэтелен, корсис, прагма, НПВХ (ПК КСС);16;16;;;22.01.2026;;
ПКНФ-000130;22.01.2026;Болт оцинк. М16х140 DIN933;Оцинкованные метизы (ПК КСС);0.032;0.279;;;22.01.2026;;
ПКНФ-000130;22.01.2026;Труба PPR SDR 6 PN20 50/8,3/4000 мм, БЕЛАЯ, Pro Aqua PA10014;Полиэтелен, корсис, прагма, НПВХ (ПК КСС);5;20;;;22.01.2026;;
ПКНФ-000130;22.01.2026;Муфта PPR комбинированная 50х1 1/2""НР под ключ, белая, Pro Aqua PA23522P;Полиэтелен, корсис, прагма, НПВХ (ПК КСС);3;5;;;22.01.2026;;
ПКНФ-000130;22.01.2026;Муфта PPR комбинированная 50х1 1/2""ВР под ключ, белая, Pro Aqua PA22522P;Полиэтелен, корсис, прагма, НПВХ (ПК КСС);2;4;;;22.01.2026;;
ПКНФ-000130;22.01.2026;Угольник PPR 50/90°, белый, Pro Aqua PA13016P;Полиэтелен, корсис, прагма, НПВХ (ПК КСС);1;1;;;22.01.2026;;
ПКНФ-000130;22.01.2026;Уплотнитель кольцевого пространства марки АктивРинг ТУ 2531-002-58859224-2014 изм. 1 (АР 365 оцинк.);Полиэтелен, корсис, прагма, НПВХ (ПК КСС);36;36;;;22.01.2026;;
ПКНФ-000130;22.01.2026;7586 - Трубопровод, патрубки;;1;1;;;22.01.2026;ПКНФ-001450;25.12.2025
ПКНФ-000130;22.01.2026;7586 - Лестница;Составные части трубопровода (Пк КСС);1;1;;;22.01.2026;ПКНФ-001448;25.12.2025
ПКНФ-000130;22.01.2026;7586 - Рама под установку Балка под крышку Транспортировочные петли Подставки под трубопровод Ра;Составные части трубопровода (Пк КСС);1;0;05.12.2025;;22.01.2026;ПКНФ-001449;25.12.2025
ПКНФ-000130;22.01.2026;Труба э/с 108*4,0 ГОСТ 10704-91;СНГ;0.035;0.035;;;22.01.2026;;
ПКНФ-000130;22.01.2026;Шайба гроверная оц.Ф10 DIN 127;Оцинкованные метизы (ПК КСС);0.048;0;;;22.01.2026;;
ПКНФ-000130;22.01.2026;Гайка шестигр.М10 оц. DIN934;Оцинкованные метизы (ПК КСС);0.048;0.41;07.10.2024;07.10.2024;22.01.2026;;
ПКНФ-000130;22.01.2026;Скоба такелажная М4;Крепеж и цепи, тали (ПК КСС);4;63;;;22.01.2026;;
ПКНФ-000130;22.01.2026;7586У - Установка подачи воды для пожаротушения КСС-П-2EST80-200- 220+2ЭЗ+АВР+РК;Установки ВНС и ПНС (ПК КСС);1;1;;;22.01.2026;ПКНФ-000015;12.01.2026
ПКНФ-000130;22.01.2026;Затвор поворотный межфланцевый ABRA BUV-VF866D125H DN 125 PN10/16 корпус GG25 / диск AISI316 / седло;Арматура (ПК КСС);4;4;;;22.01.2026;;
ПКНФ-000130;22.01.2026;Гибкая вставка Ду125 Ру10,ЕРDM, нейлоновый корд, фланцевая ABRA-EJF-10-125;Арматура (ПК КСС);4;4;;;22.01.2026;;
ПКНФ-000130;22.01.2026;Труба 25х25х2  ГОСТ;Черные трубы, листы, круги (ПК КСС);30;43;;;22.01.2026;;
ПКНФ-000130;22.01.2026;Болт оцинк. М10х60 DIN933;Оцинкованные метизы (ПК КСС);0.04;0.53;;;22.01.2026;;
ПКНФ-000130;22.01.2026;Труба 60х30х2 ГОСТ 8639-82;Черные трубы, листы, круги (ПК КСС);37;37;;;22.01.2026;;
ПКНФ-000130;22.01.2026;Болт оцинк. М12х60 DIN933;Оцинкованные метизы (ПК КСС);0.012;0.412;;03.06.2024;22.01.2026;;
ПКНФ-000130;22.01.2026;Шайба плоская оц. М12  DIN 125;Оцинкованные метизы (ПК КСС);0.024;0.727;;03.06.2024;22.01.2026;;
ПКНФ-000130;22.01.2026;Болт оцинк. М20х60 DIN933;Оцинкованные метизы (ПК КСС);0.012;0.316;;;22.01.2026;;
ПКНФ-000130;22.01.2026;Гайка шестигр. оц. М20 DIN 934 тыс шт;Оцинкованные метизы (ПК КСС);0.012;1.115;;27.06.2024;22.01.2026;;
ПКНФ-000130;22.01.2026;Болт оцинк. М16х80  DIN933;Оцинкованные метизы (ПК КСС);0.032;0.317;;;22.01.2026;;
ПКНФ-000130;22.01.2026;Ниппель приварной (резьба) DN40 1 1/2"" чермет;Черные фланцы и фиттинги (ПК КСС);2;5;;;22.01.2026;;
ПКНФ-000130;22.01.2026;Труба 30х20х2 ГОСТ;Черные трубы, листы, круги (ПК КСС);50;50;;;22.01.2026;;
ПКНФ-000130;22.01.2026;Труба э/с 159х4,5 ГОСТ 10704-91;Черные трубы, листы, круги (ПК КСС);0.085;0.085;;;22.01.2026;;
ПКНФ-000130;22.01.2026;Труба 50х25х2  ГОСТ 8639-82;Черные трубы, листы, круги (ПК КСС);182;209;;;22.01.2026;;
ПКНФ-000130;22.01.2026;Шаровой кран латунный 1 1/2"" ВР-НР, ручка-рычаг, красный - полнопрох. с полусгоном, MVI BV.920.08;Арматура (ПК КСС);1;1;;;22.01.2026;;
ПКНФ-000130;22.01.2026;Шпилька резьб. DIN 975 М8х1000  оц. ;Оцинкованные метизы (ПК КСС);1;68;;;22.01.2026;;
ПКНФ-000130;22.01.2026;Труба АД31Т1 д.20х2х6000мм;Черные трубы, листы, круги (ПК КСС);13;13;;;22.01.2026;;
ПКНФ-000130;22.01.2026;Заглушка для трубы 25х25 мм пластик;Расходные материалы (ПК КСС);2;0;23.04.2024;03.02.2026;22.01.2026;;
ПКНФ-000130;22.01.2026;Труба 110/3,2/3000 наружная канализация;Полиэтелен, корсис, прагма, НПВХ (ПК КСС);0.8;29;;;22.01.2026;;
ПКНФ-000130;22.01.2026;Шайба оцинк гровер М12 DIN 127;Оцинкованные метизы (ПК КСС);0.012;0.73;;03.06.2024;22.01.2026;;
ПКНФ-000130;22.01.2026;Шайба гроверная оц. Ф16 DIN 127;Оцинкованные метизы (ПК КСС);0.064;0.304;;27.06.2024;22.01.2026;;
ПКНФ-000130;22.01.2026;Насос дренажный «Leo» QDX 6-18-0.75А (закрытая крыльчатка) (ПК);Насосы LEO/ОНИС (ПК КСС);1;2;29.01.2026;29.01.2026;22.01.2026;;
ПКНФ-000130;22.01.2026;Обратный клапан с лат. сердечником AquaHit 1 1/2"", MVI CV.320.08;Арматура (ПК КСС);1;11;;;22.01.2026;;
ПКНФ-000130;22.01.2026;Шайба плоская оц. М10  DIN 125;Оцинкованные метизы (ПК КСС);0.096;0.35;;25.08.2025;22.01.2026;;
ПКНФ-000130;22.01.2026;Навесной замок с ключом GPLK-50L;Оцинкованные метизы (ПК КСС);2;63;;20.01.2025;22.01.2026;;
ПКНФ-000130;22.01.2026;Труба 20х20х2 ГОСТ 8639-82;Черные трубы, листы, круги (ПК КСС);70;109.8;;29.01.2024;22.01.2026;;
ПКНФ-000130;22.01.2026;Гайка шестигр. оц М12 DIN934;Оцинкованные метизы (ПК КСС);0.012;1.204;;03.06.2024;22.01.2026;;
ПКНФ-000130;22.01.2026;Гайка шестигр. оц М16  (тыс шт);Оцинкованные метизы (ПК КСС);0.064;0.081;;27.06.2024;22.01.2026;;
ПКНФ-000130;22.01.2026;Труба 40х20х1.5 ГОСТ 8645-68;Черные трубы, листы, круги (ПК КСС);13;13;;;22.01.2026;;
ПКНФ-000130;22.01.2026;Труба ВГП ОЦ 40х3,5 ГОСТ 3262-75 (м);Черные трубы, листы, круги (ПК КСС);0.2;7.8;;;22.01.2026;;
ПКНФ-000130;22.01.2026;Труба 40х20х2 ГОСТ 8639-82;Черные трубы, листы, круги (ПК КСС);67;114.5;;29.01.2024;22.01.2026;;
ПКНФ-000130;22.01.2026;Шпилька М10 L1000 (А2, DIN975);Нержавеющие метизы (ПК КСС);1;1;;02.02.2026;22.01.2026;;
ПКНФ-000130;22.01.2026;Анкерный болт с гайкой 16*180 HNM тыс;Оцинкованные метизы (ПК КСС);0.022;0.432;;10.06.2024;22.01.2026;;
ПКНФ-000130;22.01.2026;Грибок канализационный;Полиэтелен, корсис, прагма, НПВХ (ПК КСС);2;15;;27.01.2026;22.01.2026;;
ПКНФ-000130;22.01.2026;Карабин винтовой 4 мм;Крепеж и цепи, тали (ПК КСС);4;13;;;22.01.2026;;
ПКНФ-000130;22.01.2026;Манжета резиновая переходная D 110/124 Уп., черн;Полиэтелен, корсис, прагма, НПВХ (ПК КСС);3;35;;;22.01.2026;;
ПКНФ-000130;22.01.2026;Проушина прямая 30х70мм;Расходные материалы (ПК КСС);4;211;;;22.01.2026;;
ПКНФ-000130;22.01.2026;Труба 110/3,2/0560 наружная канализация;Полиэтелен, корсис, прагма, НПВХ (ПК КСС);1;104;;;22.01.2026;;
ПКНФ-000130;22.01.2026;Труба 200/4,9/1200 наружная канализация;Полиэтелен, корсис, прагма, НПВХ (ПК КСС);1;9.5;;;22.01.2026;;
ПКНФ-000130;22.01.2026;Труба двустенная для электропроводки d110 с протяжкой(внутр. d94)/ДКС ;Полиэтелен, корсис, прагма, НПВХ (ПК КСС);3;155;;;22.01.2026;;
ПКНФ-000130;22.01.2026;Цепь короткозвенная 4мм DIN766 оцинк;Крепеж и цепи, тали (ПК КСС);4;263.06;;05.07.2024;22.01.2026;;
ПКНФ-000130;22.01.2026;Шайба гроверная оц.М20 DIN 127;Оцинкованные метизы (ПК КСС);0.012;1.104;;;22.01.2026;;
ПКНФ-000130;22.01.2026;Шайба плоская оц.М16  DIN 125;Оцинкованные метизы (ПК КСС);0.128;0.7;;27.06.2024;22.01.2026;;
ПКНФ-000130;22.01.2026;Шайба плоская оц.М20  DIN 125;Оцинкованные метизы (ПК КСС);0.024;0.39;;27.06.2024;22.01.2026;;
ПКНФ-000130;22.01.2026;Электроконвектор ЭВПТ-2,0 IP54;Расходомеры, манометры (ПК КСС);1;3;;;22.01.2026;;
ПКНФ-000132;22.01.2026;Труба ПЭ100 для газоснабжения DN/OD 75 SDR 11;Полиэтелен, корсис, прагма, НПВХ (ПК КСС);184;184;;;22.01.2026;;
ПКНФ-000132;22.01.2026;Труба PPR SDR 6 PN20 50/8,3/4000 мм, БЕЛАЯ, Pro Aqua PA10014;Полиэтелен, корсис, прагма, НПВХ (ПК КСС);5;28;;;22.01.2026;;
ПКНФ-000132;22.01.2026;Муфта PPR комбинированная 50х1 1/2""НР под ключ, белая, Pro Aqua PA23522P;Полиэтелен, корсис, прагма, НПВХ (ПК КСС);3;8;;;22.01.2026;;
ПКНФ-000132;22.01.2026;Муфта PPR комбинированная 50х1 1/2""ВР под ключ, белая, Pro Aqua PA22522P;Полиэтелен, корсис, прагма, НПВХ (ПК КСС);2;6;;;22.01.2026;;
ПКНФ-000132;22.01.2026;Угольник PPR 50/90°, белый, Pro Aqua PA13016P;Полиэтелен, корсис, прагма, НПВХ (ПК КСС);1;2;;;22.01.2026;;
ПКНФ-000132;22.01.2026;Установка повышения давления КСС-МЧ-3 CDM1-8+СХ+ГА8;Установки ВНС и ПНС (ПК КСС);1;0;29.01.2026;;22.01.2026;ПКНФ-000095;22.01.2026
ПКНФ-000132;22.01.2026;Уплотнитель кольцевого пространства марки АктивРинг ТУ 2531-002-58859224-2014 изм. 1 (АР 350 оцинк.);Полиэтелен, корсис, прагма, НПВХ (ПК КСС);27;27;;;22.01.2026;;
ПКНФ-000132;22.01.2026;7719.4 - Трубопровод, патрубки;Составные части трубопровода (Пк КСС);1;0;23.01.2025;;22.01.2026;ПКНФ-001447;25.12.2025
ПКНФ-000132;22.01.2026;7719.4 - Лестница;Составные части трубопровода (Пк КСС);1;0;23.01.2025;;22.01.2026;ПКНФ-000142;22.01.2026
ПКНФ-000132;22.01.2026;7719.4 -  Рама под установку Балка под крышку Транспортировочные петли;Составные части трубопровода (Пк КСС);1;0;23.01.2025;;22.01.2026;ПКНФ-001446;25.12.2025
ПКНФ-000132;22.01.2026;Гайка шестигр.М10 оц. DIN934;Оцинкованные метизы (ПК КСС);0.028;0.43;07.10.2024;07.10.2024;22.01.2026;;
ПКНФ-000132;22.01.2026;Труба 25х25х2  ГОСТ;Черные трубы, листы, круги (ПК КСС);70;495.5;;;22.01.2026;;
ПКНФ-000132;22.01.2026;Болт оцинк. М10х60 DIN933;Оцинкованные метизы (ПК КСС);0.028;0.558;;;22.01.2026;;
ПКНФ-000132;22.01.2026;Труба 60х30х2 ГОСТ 8639-82;Черные трубы, листы, круги (ПК КСС);63;94.25;;;22.01.2026;;
ПКНФ-000132;22.01.2026;Болт оцинк. М12х40 DIN 933;Оцинкованные метизы (ПК КСС);0.004;0.467;;27.06.2024;22.01.2026;;
ПКНФ-000132;22.01.2026;Шайба плоская оц. М12  DIN 125;Оцинкованные метизы (ПК КСС);0.028;0.743;;03.06.2024;22.01.2026;;
ПКНФ-000132;22.01.2026;Болт оцинк. М16х120 DIN933;Оцинкованные метизы (ПК КСС);0.016;0.086;;27.06.2024;22.01.2026;;
ПКНФ-000132;22.01.2026;Труба 160/4,0/580 наружная канализация;Полиэтелен, корсис, прагма, НПВХ (ПК КСС);3;6.5;;;22.01.2026;;
ПКНФ-000132;22.01.2026;Болт оцинк. М16х80  DIN933;Оцинкованные метизы (ПК КСС);0.012;0.329;;;22.01.2026;;
ПКНФ-000132;22.01.2026;Ниппель приварной (резьба) DN40 1 1/2"" чермет;Черные фланцы и фиттинги (ПК КСС);2;5;;;22.01.2026;;
ПКНФ-000132;22.01.2026;Труба э/с 60х2,6 ГОСТ;Черные трубы, листы, круги (ПК КСС);142;179.5;;;22.01.2026;;
ПКНФ-000132;22.01.2026;Труба 30х20х2 ГОСТ;Черные трубы, листы, круги (ПК КСС);100;100;;;22.01.2026;;
ПКНФ-000132;22.01.2026;Труба 40х25х2 ГОСТ;Черные трубы, листы, круги (ПК КСС);60;197.5;;;22.01.2026;;
ПКНФ-000132;22.01.2026;Шаровой кран латунный 1 1/2"" ВР-НР, ручка-рычаг, красный - полнопрох. с полусгоном, MVI BV.920.08;Арматура (ПК КСС);1;2;;;22.01.2026;;
ПКНФ-000132;22.01.2026;Труба АД31Т1 д.20х2х6000мм;Черные трубы, листы, круги (ПК КСС);87;87;;;22.01.2026;;
ПКНФ-000132;22.01.2026;Заглушка для трубы 25х25 мм пластик;Расходные материалы (ПК КСС);2;0;23.04.2024;03.02.2026;22.01.2026;;
ПКНФ-000132;22.01.2026;Затвор поворотный межфланцевый ABRA BUV-VF826D050H DN050 PN16/10 корпус GG25 /диск GGG40 / седло EPD;Арматура (ПК КСС);3;3;;;22.01.2026;;
ПКНФ-000132;22.01.2026;Гибкая вставка эластичная - антивибрационный компенсатор (виброкомпенсатор) DN050 PN10, фланец/флане;Арматура (ПК КСС);3;4;;;22.01.2026;;
ПКНФ-000132;22.01.2026;Шайба оцинк гровер М12 DIN 127;Оцинкованные метизы (ПК КСС);0.004;0.728;;03.06.2024;22.01.2026;;
ПКНФ-000132;22.01.2026;Шайба гроверная оц. Ф16 DIN 127;Оцинкованные метизы (ПК КСС);0.028;0.332;;27.06.2024;22.01.2026;;
ПКНФ-000132;22.01.2026;Труба 60х40х4  ГОСТ 8639-82;Черные трубы, листы, круги (ПК КСС);100;154;;;22.01.2026;;
ПКНФ-000132;22.01.2026;Насос дренажный «Leo» QDX 6-18-0.75А (закрытая крыльчатка) (ПК);Насосы LEO/ОНИС (ПК КСС);1;3;29.01.2026;29.01.2026;22.01.2026;;
ПКНФ-000132;22.01.2026;Обратный клапан с лат. сердечником AquaHit 1 1/2"", MVI CV.320.08;Арматура (ПК КСС);1;11;;;22.01.2026;;
ПКНФ-000132;22.01.2026;Шайба плоская оц. М10  DIN 125;Оцинкованные метизы (ПК КСС);0.028;0.362;;25.08.2025;22.01.2026;;
ПКНФ-000132;22.01.2026;Навесной замок с ключом GPLK-50L;Оцинкованные метизы (ПК КСС);1;64;;20.01.2025;22.01.2026;;
ПКНФ-000132;22.01.2026;Труба 20х20х2 ГОСТ 8639-82;Черные трубы, листы, круги (ПК КСС);130;285.425;;29.01.2024;22.01.2026;;
ПКНФ-000132;22.01.2026;Гайка шестигр. оц М12 DIN934;Оцинкованные метизы (ПК КСС);0.004;1.202;;03.06.2024;22.01.2026;;
ПКНФ-000132;22.01.2026;Гайка шестигр. оц М16  (тыс шт);Оцинкованные метизы (ПК КСС);0.028;0.081;;27.06.2024;22.01.2026;;
ПКНФ-000132;22.01.2026;Труба 40х20х1.5 ГОСТ 8645-68;Черные трубы, листы, круги (ПК КСС);87;418.25;;;22.01.2026;;
ПКНФ-000132;22.01.2026;Труба ВГП ОЦ 40х3,5 ГОСТ 3262-75 (м);Черные трубы, листы, круги (ПК КСС);0.2;7.8;;;22.01.2026;;
ПКНФ-000132;22.01.2026;Труба 40х20х2 ГОСТ 8639-82;Черные трубы, листы, круги (ПК КСС);33;199;;29.01.2024;22.01.2026;;
ПКНФ-000132;22.01.2026;Труба 60х40х2 ГОСТ 8645-68;Черные трубы, листы, круги (ПК КСС);50;87.5;;;22.01.2026;;
ПКНФ-000132;22.01.2026;Труба 60х40х3  ГОСТ 8645-68;Черные трубы, листы, круги (ПК КСС);70;102;;;22.01.2026;;
ПКНФ-000132;22.01.2026;Труба 60х60х2  ГОСТ 8639-82;Черные трубы, листы, круги (ПК КСС);13;81.75;;;22.01.2026;;
ПКНФ-000132;22.01.2026;Шпилька М10 L1000 (А2, DIN975);Нержавеющие метизы (ПК КСС);1;1;;02.02.2026;22.01.2026;;
ПКНФ-000132;22.01.2026;Анкерный болт с гайкой 16*180 HNM тыс;Оцинкованные метизы (ПК КСС);0.02;0.452;;10.06.2024;22.01.2026;;
ПКНФ-000132;22.01.2026;Грибок канализационный;Полиэтелен, корсис, прагма, НПВХ (ПК КСС);1;16;;27.01.2026;22.01.2026;;
ПКНФ-000132;22.01.2026;Манжета резиновая переходная D 110/124 Уп., черн;Полиэтелен, корсис, прагма, НПВХ (ПК КСС);1;36;;;22.01.2026;;
ПКНФ-000132;22.01.2026;Отвод 90 гр. НПВХ DN110;Полиэтелен, корсис, прагма, НПВХ (ПК КСС);1;14;;;22.01.2026;;
ПКНФ-000132;22.01.2026;Прокладка (паронит) 50;Полиэтелен, корсис, прагма, НПВХ (ПК КСС);1;39;;;22.01.2026;;
ПКНФ-000132;22.01.2026;Проушина прямая 30х70мм;Расходные материалы (ПК КСС);2;213;;;22.01.2026;;
ПКНФ-000132;22.01.2026;Труба 110/3,2/0560 наружная канализация;Полиэтелен, корсис, прагма, НПВХ (ПК КСС);2;106;;;22.01.2026;;
ПКНФ-000132;22.01.2026;Труба двустенная для электропроводки d110 с протяжкой(внутр. d94)/ДКС ;Полиэтелен, корсис, прагма, НПВХ (ПК КСС);2;157;;;22.01.2026;;
ПКНФ-000132;22.01.2026;Шайба плоская оц.М16  DIN 125;Оцинкованные метизы (ПК КСС);0.056;0.64;;27.06.2024;22.01.2026;;
ПКНФ-000132;22.01.2026;Электроконвектор ЭВПТ-2,0 IP54;Расходомеры, манометры (ПК КСС);1;4;;;22.01.2026;;
ПКНФ-000134;22.01.2026;Труба ПЭ100 для газоснабжения DN/OD 75 SDR 11;Полиэтелен, корсис, прагма, НПВХ (ПК КСС);85;85;;;22.01.2026;;
ПКНФ-000134;22.01.2026;Скоба такелажная М10;Крепеж и цепи, тали (ПК КСС);6;55;;;22.01.2026;;
ПКНФ-000134;22.01.2026;Карабин винтовой 10 мм оц;Крепеж и цепи, тали (ПК КСС);6;10;;;22.01.2026;;
ПКНФ-000134;22.01.2026;Насос 250WQ600-10-22-6PAC(I), 22кВт, без АТМ DN250, 6-и полюс.;Насосы CNP (ПК КСС);2;0;25.02.2026;25.02.2026;22.01.2026;;
ПКНФ-000134;22.01.2026;7038.1 КСС ШУКПП- 2/3 -22кВт +УХЛ1;Шкафы управления (ПК КСС);1;0;;;22.01.2026;;
ПКНФ-000134;22.01.2026;Муфта соединительная ПЭ для гофрированной трубы OD 500;Полиэтелен, корсис, прагма, НПВХ (ПК КСС);1;1;;;22.01.2026;;
ПКНФ-000134;22.01.2026;7038.1 - Трубопровод;Составные части трубопровода (Пк КСС);1;1;;;22.01.2026;ПКНФ-000061;18.01.2026
ПКНФ-000134;22.01.2026;7038.1 - Рама под УПМ, Балка под крышку;Составные части трубопровода (Пк КСС);1;0;13.10.2025;;22.01.2026;ПКНФ-000159;22.01.2026
ПКНФ-000134;22.01.2026;7038.1 - Направляющие под корзину  Площадка Лестница Балка трансп. Корзина;Составные части трубопровода (Пк КСС);1;1;;;22.01.2026;ПКНФ-000062;18.01.2026
ПКНФ-000134;22.01.2026;Болт оцинк. М6х40 DIN 933;Оцинкованные метизы (ПК КСС);0.006;0.136;;;22.01.2026;;
ПКНФ-000134;22.01.2026;Труба э/с 108*4,0 ГОСТ 10704-91;СНГ;0.05;0.062;;;22.01.2026;;
ПКНФ-000134;22.01.2026;Болт М12*40 DIN 933 полная резьба  (А2, 12,0, 45,0, DIN 933) ;Нержавеющие метизы (ПК КСС);6;203;;;22.01.2026;;
ПКНФ-000134;22.01.2026;Скоба такелажная М4;Крепеж и цепи, тали (ПК КСС);12;77;;;22.01.2026;;
ПКНФ-000134;22.01.2026;Труба 25х25х2  ГОСТ;Черные трубы, листы, круги (ПК КСС);100;153;;;22.01.2026;;
ПКНФ-000134;22.01.2026;Болт М24*80 DIN 933 полная резьба  (А2, 24,0, 80,0, DIN 933);Нержавеющие метизы (ПК КСС);8;0;;;22.01.2026;;
ПКНФ-000134;22.01.2026;Труба 60х30х2 ГОСТ 8639-82;Черные трубы, листы, круги (ПК КСС);62;162;;;22.01.2026;;
ПКНФ-000134;22.01.2026;Автоматическая трубная муфта для насоса WQ DN250, TO-250, мощность 0.55кВт и выше;УПМ СNP (ПК КСС);2;2;;;22.01.2026;;
ПКНФ-000134;22.01.2026;Заглушка для трубы 40х40 мм пластик;Расходные материалы (ПК КСС);2;270;;;22.01.2026;;
ПКНФ-000134;22.01.2026;Болт оцинк. М20х60 DIN933;Оцинкованные метизы (ПК КСС);0.012;0.328;;;22.01.2026;;
ПКНФ-000134;22.01.2026;Труба 500/12,3/3000 наружная канализация;Полиэтелен, корсис, прагма, НПВХ (ПК КСС);0.15;0;;;22.01.2026;;
ПКНФ-000134;22.01.2026;Гайка шестигр. оц. М20 DIN 934 тыс шт;Оцинкованные метизы (ПК КСС);0.084;1.199;;27.06.2024;22.01.2026;;
ПКНФ-000134;22.01.2026;Болт оцинк. М16х80  DIN933;Оцинкованные метизы (ПК КСС);0.028;0.381;;;22.01.2026;;
ПКНФ-000134;22.01.2026;Труба э/с 80х3 ГОСТ;Черные трубы, листы, круги (ПК КСС);180;180;;;22.01.2026;;
ПКНФ-000134;22.01.2026;Труба 30х20х2 ГОСТ;Черные трубы, листы, круги (ПК КСС);50;50;;;22.01.2026;;
ПКНФ-000134;22.01.2026;Труба э/с 325х7 ГОСТ 10705-80;Черные трубы, листы, круги (ПК КСС);67;67;;;22.01.2026;;
ПКНФ-000134;22.01.2026;Труба э/с 159х4,5 ГОСТ 10704-91;Черные трубы, листы, круги (ПК КСС);0.015;0.015;;;22.01.2026;;
ПКНФ-000134;22.01.2026;Труба э/с 133х4,0 ГОСТ 10704-91;Черные трубы, листы, круги (ПК КСС);20;33;;;22.01.2026;;
ПКНФ-000134;22.01.2026;Болт оцинк. М20х100 DIN 933;Оцинкованные метизы (ПК КСС);0.072;0.118;;;22.01.2026;;
ПКНФ-000134;22.01.2026;Труба 50х25х2  ГОСТ 8639-82;Черные трубы, листы, круги (ПК КСС);45;190;;;22.01.2026;;
ПКНФ-000134;22.01.2026;Труба 40х25х2 ГОСТ;Черные трубы, листы, круги (ПК КСС);18;31;;;22.01.2026;;
ПКНФ-000134;22.01.2026;Труба АД31Т1 д.20х2х6000мм;Черные трубы, листы, круги (ПК КСС);200;213;;;22.01.2026;;
ПКНФ-000134;22.01.2026;Задвижка 30ч39р Ду250 Pу10 штурвал;Арматура (ПК КСС);2;5;;;22.01.2026;;
ПКНФ-000134;22.01.2026;Заглушка для трубы 25х25 мм пластик;Расходные материалы (ПК КСС);4;0;23.04.2024;03.02.2026;22.01.2026;;
ПКНФ-000134;22.01.2026;Цепь короткозвенная 10мм DIN 766 оцинк;Крепеж и цепи, тали (ПК КСС);15.7;23.5;;;22.01.2026;;
ПКНФ-000134;22.01.2026;Шайба гроверная оц. Ф16 DIN 127;Оцинкованные метизы (ПК КСС);0.028;0.336;;27.06.2024;22.01.2026;;
ПКНФ-000134;22.01.2026;Труба 60х40х4  ГОСТ 8639-82;Черные трубы, листы, круги (ПК КСС);70;74;;;22.01.2026;;
ПКНФ-000134;22.01.2026;Навесной замок с ключом GPLK-50L;Оцинкованные метизы (ПК КСС);2;64;;20.01.2025;22.01.2026;;
ПКНФ-000134;22.01.2026;Труба 20х20х2 ГОСТ 8639-82;Черные трубы, листы, круги (ПК КСС);50;109.8;;29.01.2024;22.01.2026;;
ПКНФ-000134;22.01.2026;Гайка шестигр. оц М16  (тыс шт);Оцинкованные метизы (ПК КСС);0.028;0.017;;27.06.2024;22.01.2026;;
ПКНФ-000134;22.01.2026;Труба 40х20х1.5 ГОСТ 8645-68;Черные трубы, листы, круги (ПК КСС);85;198;;;22.01.2026;;
ПКНФ-000134;22.01.2026;Труба 40х40х2 ГОСТ 8639-82;Черные трубы, листы, круги (ПК КСС);17;141.7;;;22.01.2026;;
ПКНФ-000134;22.01.2026;Труба ВГП ОЦ 40х3 ГОСТ 3262-75 (м);Черные трубы, листы, круги (ПК КСС);20.8;107.6;;;22.01.2026;;
ПКНФ-000134;22.01.2026;Труба 40х40х3 ГОСТ 8639-82;Черные трубы, листы, круги (ПК КСС);62;77.7;;;22.01.2026;;
ПКНФ-000134;22.01.2026;Труба 40х20х2 ГОСТ 8639-82;Черные трубы, листы, круги (ПК КСС);133;244.5;;29.01.2024;22.01.2026;;
ПКНФ-000134;22.01.2026;Труба 60х40х2 ГОСТ 8645-68;Черные трубы, листы, круги (ПК КСС);16;16;;;22.01.2026;;
ПКНФ-000134;22.01.2026;Труба 60х40х3  ГОСТ 8645-68;Черные трубы, листы, круги (ПК КСС);15;47;;;22.01.2026;;
ПКНФ-000134;22.01.2026;Труба 60х60х2  ГОСТ 8639-82;Черные трубы, листы, круги (ПК КСС);153;170;;;22.01.2026;;
ПКНФ-000134;22.01.2026;Шпилька М12 L1000 (А2, DIN975);Нержавеющие метизы (ПК КСС);2;8;;;22.01.2026;;
ПКНФ-000134;22.01.2026;Анкерный болт с гайкой 16*180 HNM тыс;Оцинкованные метизы (ПК КСС);0.022;0.448;;10.06.2024;22.01.2026;;
ПКНФ-000134;22.01.2026;Болт М10*60 DIN 933 полная резьба  (А2, 10,0, 60,0, DIN 933);Нержавеющие метизы (ПК КСС);45;948;;;22.01.2026;;
ПКНФ-000134;22.01.2026;Болт М16*80 DIN 933 полная резьба  (А2, 16,0, 80,0, DIN 933);Нержавеющие метизы (ПК КСС);24;184;;;22.01.2026;;
ПКНФ-000134;22.01.2026;Гайка М10 DIN 934  (А2, 10,0, DIN 934);Нержавеющие метизы (ПК КСС);45;440;;19.06.2024;22.01.2026;;
ПКНФ-000134;22.01.2026;Гайка М12 DIN 934  (А2, 12,0, DIN 934);Нержавеющие метизы (ПК КСС);14;1000;;;22.01.2026;;
ПКНФ-000134;22.01.2026;Гайка М16 DIN 934  (А2, 16,0, DIN 934);Нержавеющие метизы (ПК КСС);24;236;25.04.2024;25.04.2024;22.01.2026;;
ПКНФ-000134;22.01.2026;Гайка М24 DIN 934  (А2, 24,0, DIN 934);Нержавеющие метизы (ПК КСС);8;742;;08.10.2024;22.01.2026;;
ПКНФ-000134;22.01.2026;Грибок канализационный;Полиэтелен, корсис, прагма, НПВХ (ПК КСС);1;15;;27.01.2026;22.01.2026;;
ПКНФ-000134;22.01.2026;Карабин винтовой 4 мм;Крепеж и цепи, тали (ПК КСС);12;27;;;22.01.2026;;
ПКНФ-000134;22.01.2026;Клапан обратный шаровой DN250 PN10 канализационный;Арматура (ПК КСС);2;5;;;22.01.2026;;
ПКНФ-000134;22.01.2026;Манжета резиновая переходная D 110/124 Уп., черн;Полиэтелен, корсис, прагма, НПВХ (ПК КСС);3;37;;;22.01.2026;;
ПКНФ-000134;22.01.2026;Манжета резиновая переходная D 50/72 Уп., черн;Полиэтелен, корсис, прагма, НПВХ (ПК КСС);1;143;;;22.01.2026;;
ПКНФ-000134;22.01.2026;Отвод 90 гр. НПВХ DN110;Полиэтелен, корсис, прагма, НПВХ (ПК КСС);1;15;;;22.01.2026;;
ПКНФ-000134;22.01.2026;Поплавковый выключатель RL-1 10м;Датчики уровня, преобразователи, реле (ПК КСС);4;49;;05.02.2025;22.01.2026;;
ПКНФ-000134;22.01.2026;Прокладка (паронит) 250;Полиэтелен, корсис, прагма, НПВХ (ПК КСС);8;82;;;22.01.2026;;
ПКНФ-000134;22.01.2026;Проушина прямая 30х70мм;Расходные материалы (ПК КСС);4;213;;;22.01.2026;;
ПКНФ-000134;22.01.2026;Рым-гайка DIN 582 М10;Крепеж и цепи, тали (ПК КСС);6;33;;;22.01.2026;;
ПКНФ-000134;22.01.2026;Рым-гайка DIN 582 М 6;Крепеж и цепи, тали (ПК КСС);0.006;0.049;;17.02.2025;22.01.2026;;
ПКНФ-000134;22.01.2026;Труба 110/3,2/0560 наружная канализация;Полиэтелен, корсис, прагма, НПВХ (ПК КСС);2;107;;;22.01.2026;;
ПКНФ-000134;22.01.2026;Труба двустенная для электропроводки d110 с протяжкой(внутр. d94)/ДКС ;Полиэтелен, корсис, прагма, НПВХ (ПК КСС);3;158;;;22.01.2026;;
ПКНФ-000134;22.01.2026;Труба двустенная для электропроводки d50 с протяжкой(внутр. d41,5) [ДКС] (код 19735) 121950;Полиэтелен, корсис, прагма, НПВХ (ПК КСС);3;101;;;22.01.2026;;
ПКНФ-000134;22.01.2026;Цепь короткозвенная 4мм DIN766 оцинк;Крепеж и цепи, тали (ПК КСС);22;293.46;;05.07.2024;22.01.2026;;
ПКНФ-000134;22.01.2026;Шайба  гровер М12 DIN 127 (А2, DIN 127);Нержавеющие метизы (ПК КСС);14;866.964;;;22.01.2026;;
ПКНФ-000134;22.01.2026;Шайба гровер М24 DIN 127 (А2, DIN 127);Нержавеющие метизы (ПК КСС);8;405;;08.10.2024;22.01.2026;;
ПКНФ-000134;22.01.2026;Шайба гроверная оц.М20 DIN 127;Оцинкованные метизы (ПК КСС);0.084;1.188;;;22.01.2026;;
ПКНФ-000134;22.01.2026;Шайба М10 DIN 125  (А2, DIN 125);Нержавеющие метизы (ПК КСС);90;22;;02.02.2026;22.01.2026;;
ПКНФ-000134;22.01.2026;Шайба  гровер М10 DIN 127 (А2, DIN 127);Нержавеющие метизы (ПК КСС);45;0;;;22.01.2026;;
ПКНФ-000134;22.01.2026;Шайба М12 DIN 125  (А2, DIN 125);Нержавеющие метизы (ПК КСС);28;407;;;22.01.2026;;
ПКНФ-000134;22.01.2026;Шайба М16 DIN 125  (А2, DIN 125);Нержавеющие метизы (ПК КСС);48;667;;;22.01.2026;;
ПКНФ-000134;22.01.2026;Шайба гровер М16 DIN 127 (А2, DIN 127);Нержавеющие метизы (ПК КСС);24;1668;;;22.01.2026;;
ПКНФ-000134;22.01.2026;Шайба М24 DIN 125  (А2, DIN 125);Нержавеющие метизы (ПК КСС);16;836;;;22.01.2026;;
ПКНФ-000134;22.01.2026;Шайба плоская оц. М6 DIN 125;Оцинкованные метизы (ПК КСС);0.006;0.596;;25.08.2025;22.01.2026;;
ПКНФ-000134;22.01.2026;Шайба плоская оц.М16  DIN 125;Оцинкованные метизы (ПК КСС);0.056;0.764;;27.06.2024;22.01.2026;;
ПКНФ-000134;22.01.2026;Шайба плоская оц.М20  DIN 125;Оцинкованные метизы (ПК КСС);0.168;0.558;;27.06.2024;22.01.2026;;
ПКНФ-000135;22.01.2026;7038.2 КСС ШУКПП- 2/3 -7,5кВт +УХЛ1;Шкафы управления (ПК КСС);1;0;;;22.01.2026;;
ПКНФ-000135;22.01.2026;Насос 100WQ70-17-7.5ACW(I), 7.5кВт, без АТМ DN100, с реж.механизмом, 2-х полюс.;Насосы CNP (ПК КСС);2;0;09.02.2026;09.02.2026;22.01.2026;;
ПКНФ-000135;22.01.2026;Болт оцинк. М6х40 DIN 933;Оцинкованные метизы (ПК КСС);0.006;0.136;;;22.01.2026;;
ПКНФ-000135;22.01.2026;Автоматическая трубная муфта для насоса WQ DN100, TOS-100, мощность до 15кВт включительно (ПК);УПМ СNP (ПК КСС);2;2;;;22.01.2026;;
ПКНФ-000135;22.01.2026;Труба э/с 108*4,0 ГОСТ 10704-91;СНГ;0.012;0.062;;;22.01.2026;;
ПКНФ-000135;22.01.2026;Болт М12*40 DIN 933 полная резьба  (А2, 12,0, 45,0, DIN 933) ;Нержавеющие метизы (ПК КСС);4;203;;;22.01.2026;;
ПКНФ-000135;22.01.2026;Скоба такелажная М4;Крепеж и цепи, тали (ПК КСС);6;77;;;22.01.2026;;
ПКНФ-000135;22.01.2026;Труба 25х25х2  ГОСТ;Черные трубы, листы, круги (ПК КСС);40;153;;;22.01.2026;;
ПКНФ-000135;22.01.2026;Труба 60х30х2 ГОСТ 8639-82;Черные трубы, листы, круги (ПК КСС);100;162;;;22.01.2026;;
ПКНФ-000135;22.01.2026;Заглушка для трубы 40х40 мм пластик;Расходные материалы (ПК КСС);2;270;;;22.01.2026;;
ПКНФ-000135;22.01.2026;Болт оцинк. М20х60 DIN933;Оцинкованные метизы (ПК КСС);0.012;0.328;;;22.01.2026;;
ПКНФ-000135;22.01.2026;Гайка шестигр. оц. М20 DIN 934 тыс шт;Оцинкованные метизы (ПК КСС);0.012;1.199;;27.06.2024;22.01.2026;;
ПКНФ-000135;22.01.2026;Болт оцинк. М16х80  DIN933;Оцинкованные метизы (ПК КСС);0.068;0.381;;;22.01.2026;;
ПКНФ-000135;22.01.2026;7038.2 - Трубопровод ;Составные части трубопровода (Пк КСС);1;1;;;22.01.2026;ПКНФ-001378;22.12.2025
ПКНФ-000135;22.01.2026;7038.2 - Рама под УПМ Балка под крышку;Составные части трубопровода (Пк КСС);1;0;13.10.2025;;22.01.2026;ПКНФ-001380;22.12.2025
ПКНФ-000135;22.01.2026;7038.2 - Направляющие под корзину  Площадка Лестница Балка транспортировочная Корзина;Составные части трубопровода (Пк КСС);1;1;;;22.01.2026;ПКНФ-001381;22.12.2025
ПКНФ-000135;22.01.2026;Муфта Икапласт DN/OD 250;Полиэтелен, корсис, прагма, НПВХ (ПК КСС);1;1;;;22.01.2026;;
ПКНФ-000135;22.01.2026;Труба э/с 60х2,6 ГОСТ;Черные трубы, листы, круги (ПК КСС);16;16;;;22.01.2026;;
ПКНФ-000135;22.01.2026;Труба 250/6,2/3000 наружная канализация;Полиэтелен, корсис, прагма, НПВХ (ПК КСС);0.2;2.65;;;22.01.2026;;
ПКНФ-000135;22.01.2026;Труба э/с 133х4,0 ГОСТ 10704-91;Черные трубы, листы, круги (ПК КСС);13;33;;;22.01.2026;;
ПКНФ-000135;22.01.2026;Труба 50х25х2  ГОСТ 8639-82;Черные трубы, листы, круги (ПК КСС);118;190;;;22.01.2026;;
ПКНФ-000135;22.01.2026;Труба 40х25х2 ГОСТ;Черные трубы, листы, круги (ПК КСС);13;31;;;22.01.2026;;
ПКНФ-000135;22.01.2026;Труба АД31Т1 д.20х2х6000мм;Черные трубы, листы, круги (ПК КСС);13;213;;;22.01.2026;;
ПКНФ-000135;22.01.2026;Заглушка для трубы 25х25 мм пластик;Расходные материалы (ПК КСС);2;0;23.04.2024;03.02.2026;22.01.2026;;
ПКНФ-000135;22.01.2026;Шайба гроверная оц. Ф16 DIN 127;Оцинкованные метизы (ПК КСС);0.068;0.336;;27.06.2024;22.01.2026;;
ПКНФ-000135;22.01.2026;Навесной замок с ключом GPLK-50L;Оцинкованные метизы (ПК КСС);1;64;;20.01.2025;22.01.2026;;
ПКНФ-000135;22.01.2026;Труба 20х20х2 ГОСТ 8639-82;Черные трубы, листы, круги (ПК КСС);20;109.8;;29.01.2024;22.01.2026;;
ПКНФ-000135;22.01.2026;Гайка шестигр. оц М16  (тыс шт);Оцинкованные метизы (ПК КСС);0.068;0.017;;27.06.2024;22.01.2026;;
ПКНФ-000135;22.01.2026;Труба 40х20х1.5 ГОСТ 8645-68;Черные трубы, листы, круги (ПК КСС);113;198;;;22.01.2026;;
ПКНФ-000135;22.01.2026;Труба 40х40х2 ГОСТ 8639-82;Черные трубы, листы, круги (ПК КСС);30;141.7;;;22.01.2026;;
ПКНФ-000135;22.01.2026;Труба ВГП ОЦ 50х3,5  ГОСТ 3262-75 (м);Черные трубы, листы, круги (ПК КСС);23.2;107;11.11.2025;11.11.2025;22.01.2026;;
ПКНФ-000135;22.01.2026;Труба 40х20х2 ГОСТ 8639-82;Черные трубы, листы, круги (ПК КСС);64;244.5;;29.01.2024;22.01.2026;;
ПКНФ-000135;22.01.2026;Труба 60х60х2  ГОСТ 8639-82;Черные трубы, листы, круги (ПК КСС);17;170;;;22.01.2026;;
ПКНФ-000135;22.01.2026;Шпилька М10 L1000 (А2, DIN975);Нержавеющие метизы (ПК КСС);1;0;;02.02.2026;22.01.2026;;
ПКНФ-000135;22.01.2026;Анкерный болт с гайкой 16*180 HNM тыс;Оцинкованные метизы (ПК КСС);0.016;0.448;;10.06.2024;22.01.2026;;
ПКНФ-000135;22.01.2026;Болт М10*60 DIN 933 полная резьба  (А2, 10,0, 60,0, DIN 933);Нержавеющие метизы (ПК КСС);40;948;;;22.01.2026;;
ПКНФ-000135;22.01.2026;Болт М16*80 DIN 933 полная резьба  (А2, 16,0, 80,0, DIN 933);Нержавеющие метизы (ПК КСС);16;184;;;22.01.2026;;
ПКНФ-000135;22.01.2026;Гайка М10 DIN 934  (А2, 10,0, DIN 934);Нержавеющие метизы (ПК КСС);44;440;;19.06.2024;22.01.2026;;
ПКНФ-000135;22.01.2026;Гайка М12 DIN 934  (А2, 12,0, DIN 934);Нержавеющие метизы (ПК КСС);4;1000;;;22.01.2026;;
ПКНФ-000135;22.01.2026;Гайка М16 DIN 934  (А2, 16,0, DIN 934);Нержавеющие метизы (ПК КСС);16;236;25.04.2024;25.04.2024;22.01.2026;;
ПКНФ-000135;22.01.2026;Грибок канализационный;Полиэтелен, корсис, прагма, НПВХ (ПК КСС);1;15;;27.01.2026;22.01.2026;;
ПКНФ-000135;22.01.2026;Задвижка клиновая Ду100 Ру16 штурвал 30ч39р;Арматура (ПК КСС);2;8;;;22.01.2026;;
ПКНФ-000135;22.01.2026;Карабин винтовой 4 мм;Крепеж и цепи, тали (ПК КСС);6;27;;;22.01.2026;;
ПКНФ-000135;22.01.2026;Карабин винтовой 6 мм;Водоподготовка (ПК КСС);6;93;;;22.01.2026;;
ПКНФ-000135;22.01.2026;Клапан обратный шаровой DN100 PN16 канализационный;Арматура (ПК КСС);2;6;;;22.01.2026;;
ПКНФ-000135;22.01.2026;Манжета резиновая переходная D 110/124 Уп., черн;Полиэтелен, корсис, прагма, НПВХ (ПК КСС);2;37;;;22.01.2026;;
ПКНФ-000135;22.01.2026;Манжета резиновая переходная D 50/72 Уп., черн;Полиэтелен, корсис, прагма, НПВХ (ПК КСС);1;143;;;22.01.2026;;
ПКНФ-000135;22.01.2026;Отвод 90 гр. НПВХ DN110;Полиэтелен, корсис, прагма, НПВХ (ПК КСС);1;15;;;22.01.2026;;
ПКНФ-000135;22.01.2026;Поплавковый выключатель RL-1 10м;Датчики уровня, преобразователи, реле (ПК КСС);4;49;;05.02.2025;22.01.2026;;
ПКНФ-000135;22.01.2026;Прокладка (паронит) 100;Полиэтелен, корсис, прагма, НПВХ (ПК КСС);8;86;;;22.01.2026;;
ПКНФ-000135;22.01.2026;Проушина прямая 30х70мм;Расходные материалы (ПК КСС);2;213;;;22.01.2026;;
ПКНФ-000135;22.01.2026;Рым-гайка DIN 582 М10;Крепеж и цепи, тали (ПК КСС);6;33;;;22.01.2026;;
ПКНФ-000135;22.01.2026;Рым-гайка DIN 582 М 6;Крепеж и цепи, тали (ПК КСС);0.006;0.049;;17.02.2025;22.01.2026;;
ПКНФ-000135;22.01.2026;Скоба с вкручивающимся штифтом 0,33 т, 1/2т 1/4, тип G209, для насосов до 250 кг;Крепеж и цепи, тали (ПК КСС);6;5;;23.01.2026;22.01.2026;;
ПКНФ-000135;22.01.2026;Труба 110/3,2/0560 наружная канализация;Полиэтелен, корсис, прагма, НПВХ (ПК КСС);2;107;;;22.01.2026;;
ПКНФ-000135;22.01.2026;Труба двустенная для электропроводки d110 с протяжкой(внутр. d94)/ДКС ;Полиэтелен, корсис, прагма, НПВХ (ПК КСС);3;158;;;22.01.2026;;
ПКНФ-000135;22.01.2026;Труба двустенная для электропроводки d50 с протяжкой(внутр. d41,5) [ДКС] (код 19735) 121950;Полиэтелен, корсис, прагма, НПВХ (ПК КСС);3;101;;;22.01.2026;;
ПКНФ-000135;22.01.2026;Цепь короткозвенная 4мм DIN766 оцинк;Крепеж и цепи, тали (ПК КСС);12.4;293.46;;05.07.2024;22.01.2026;;
ПКНФ-000135;22.01.2026;Цепь Т6-6х18 мм ГОСТ 30441-97 (покрытие хим.окс.);Крепеж и цепи, тали (ПК КСС);18.6;2;;;22.01.2026;;
ПКНФ-000135;22.01.2026;Шайба  гровер М12 DIN 127 (А2, DIN 127);Нержавеющие метизы (ПК КСС);4;866.964;;;22.01.2026;;
ПКНФ-000135;22.01.2026;Шайба гроверная оц.М20 DIN 127;Оцинкованные метизы (ПК КСС);0.012;1.188;;;22.01.2026;;
ПКНФ-000135;22.01.2026;Шайба М10 DIN 125  (А2, DIN 125);Нержавеющие метизы (ПК КСС);88;22;;02.02.2026;22.01.2026;;
ПКНФ-000135;22.01.2026;Шайба  гровер М10 DIN 127 (А2, DIN 127);Нержавеющие метизы (ПК КСС);44;0;;;22.01.2026;;
ПКНФ-000135;22.01.2026;Шайба М12 DIN 125  (А2, DIN 125);Нержавеющие метизы (ПК КСС);8;407;;;22.01.2026;;
ПКНФ-000135;22.01.2026;Шайба М16 DIN 125  (А2, DIN 125);Нержавеющие метизы (ПК КСС);32;667;;;22.01.2026;;
ПКНФ-000135;22.01.2026;Шайба гровер М16 DIN 127 (А2, DIN 127);Нержавеющие метизы (ПК КСС);16;1668;;;22.01.2026;;
ПКНФ-000135;22.01.2026;Шайба плоская оц. М6 DIN 125;Оцинкованные метизы (ПК КСС);0.006;0.596;;25.08.2025;22.01.2026;;
ПКНФ-000135;22.01.2026;Шайба плоская оц.М16  DIN 125;Оцинкованные метизы (ПК КСС);0.136;0.764;;27.06.2024;22.01.2026;;
ПКНФ-000135;22.01.2026;Шайба плоская оц.М20  DIN 125;Оцинкованные метизы (ПК КСС);0.024;0.558;;27.06.2024;22.01.2026;;
ПКНФ-000136;22.01.2026;Шайба гроверная оц.Ф10 DIN 127;Оцинкованные метизы (ПК КСС);0.022;0;;;22.01.2026;;
ПКНФ-000136;22.01.2026;Гайка шестигр.М10 оц. DIN934;Оцинкованные метизы (ПК КСС);0.022;0.384;07.10.2024;07.10.2024;22.01.2026;;
ПКНФ-000136;22.01.2026;7417 - Лестницы;Составные части трубопровода (Пк КСС);6;6;;;22.01.2026;ПКНФ-001368;18.12.2025
ПКНФ-000136;22.01.2026;Болт оцинк. 10х40 DIN933;Оцинкованные метизы (ПК КСС);0.022;0.029;;26.01.2026;22.01.2026;;
ПКНФ-000136;22.01.2026;Сигнализатор уровня. Комплект LS-1 (для жира и масла LC-21-ОLS-01 с кабелем 20 м);Датчики уровня, преобразователи, реле (ПК КСС);1;3;;;22.01.2026;;
ПКНФ-000136;22.01.2026;Заглушка для трубы 25х25 мм пластик;Расходные материалы (ПК КСС);8;0;23.04.2024;03.02.2026;22.01.2026;;
ПКНФ-000136;22.01.2026;Шайба плоская оц. М10  DIN 125;Оцинкованные метизы (ПК КСС);0.022;0.276;;25.08.2025;22.01.2026;;
ПКНФ-000136;22.01.2026;Профиль стоечный 0,6 мм 50х50х3000 мм;Расходные материалы (ПК КСС);4;26;;;22.01.2026;;
ПКНФ-000136;22.01.2026;Труба 315/7,7/2000 наружная канализация;Полиэтелен, корсис, прагма, НПВХ (ПК КСС);3;3;;;22.01.2026;;
ПКНФ-000136;22.01.2026;Пуролат-Стандарт"" из антрацита фр.3,0-7,0 мм с учетом упаковки (полиэтиленовые мешки по 22,5кг (25 л;Засыпки и сорбенты для ЛОС, Водоподготовка;0.69;2.615;;;22.01.2026;;
ПКНФ-000136;22.01.2026;Песок кварцевый фр. 10,0-20,0;Засыпки и сорбенты для ЛОС, Водоподготовка;30.75;21.15;16.02.2026;30.01.2026;22.01.2026;;
ПКНФ-000136;22.01.2026;Заглушка НПВХ DN110;Полиэтелен, корсис, прагма, НПВХ (ПК КСС);1;24;;;22.01.2026;;
ПКНФ-000136;22.01.2026;Грибок канализационный;Полиэтелен, корсис, прагма, НПВХ (ПК КСС);3;16;;27.01.2026;22.01.2026;;
ПКНФ-000136;22.01.2026;Коалесцентный модуль 3М-ОДГ-60/25/0,5;Засыпки и сорбенты для ЛОС, Водоподготовка;72;76;02.02.2026;02.02.2026;22.01.2026;;
ПКНФ-000136;22.01.2026;Манжета резиновая переходная D 110/124 Уп., черн;Полиэтелен, корсис, прагма, НПВХ (ПК КСС);4;36;;;22.01.2026;;
ПКНФ-000136;22.01.2026;Муфта Корсис DN630 (OD);Полиэтелен, корсис, прагма, НПВХ (ПК КСС);2;2;;;22.01.2026;;
ПКНФ-000136;22.01.2026;Отвод 90 гр. НПВХ DN110;Полиэтелен, корсис, прагма, НПВХ (ПК КСС);3;16;;;22.01.2026;;
ПКНФ-000136;22.01.2026;Сорбент Rx-Sorb, мешок гео ткань 62,5 л м3;Засыпки и сорбенты для ЛОС, Водоподготовка;0.69;1378.26;29.01.2026;29.01.2026;22.01.2026;;
ПКНФ-000136;22.01.2026;Труба 110/3,2/0560 наружная канализация;Полиэтелен, корсис, прагма, НПВХ (ПК КСС);6;109;;;22.01.2026;;
ПКНФ-000138;22.01.2026;Гайка шестигр.М10 оц. DIN934;Оцинкованные метизы (ПК КСС);0.006;0.368;07.10.2024;07.10.2024;22.01.2026;;
ПКНФ-000138;22.01.2026;Заглушка для трубы 20х40 мм пластик;Полиэтелен, корсис, прагма, НПВХ (ПК КСС);2;495;;;22.01.2026;;
ПКНФ-000138;22.01.2026;Болт оцинк. 10х40 DIN933;Оцинкованные метизы (ПК КСС);0.006;0.013;;26.01.2026;22.01.2026;;
ПКНФ-000138;22.01.2026;7841-Лестница;Составные части трубопровода (Пк КСС);1;1;;;22.01.2026;ПКНФ-001354;16.12.2025
ПКНФ-000138;22.01.2026;Шайба плоская оц. М10  DIN 125;Оцинкованные метизы (ПК КСС);0.006;0.26;;25.08.2025;22.01.2026;;
ПКНФ-000138;22.01.2026;Грибок канализационный;Полиэтелен, корсис, прагма, НПВХ (ПК КСС);1;14;;27.01.2026;22.01.2026;;
ПКНФ-000138;22.01.2026;Манжета резиновая переходная D 110/124 Уп., черн;Полиэтелен, корсис, прагма, НПВХ (ПК КСС);1;33;;;22.01.2026;;
ПКНФ-000138;22.01.2026;Муфта Корсис DN200 (OD);Полиэтелен, корсис, прагма, НПВХ (ПК КСС);1;12;;;22.01.2026;;
ПКНФ-000138;22.01.2026;Отвод 90 гр. НПВХ DN110;Полиэтелен, корсис, прагма, НПВХ (ПК КСС);1;14;;;22.01.2026;;
ПКНФ-000138;22.01.2026;Труба 110/3,2/0560 наружная канализация;Полиэтелен, корсис, прагма, НПВХ (ПК КСС);2;105;;;22.01.2026;;
ПКНФ-000138;22.01.2026;Труба 200/4,9/1200 наружная канализация;Полиэтелен, корсис, прагма, НПВХ (ПК КСС);1;9.5;;;22.01.2026;;
ПКНФ-000139;22.01.2026;Карабин винтовой 5 мм;Крепеж и цепи, тали (ПК КСС);6;180;;;22.01.2026;;
ПКНФ-000139;22.01.2026;Болт оцинк. М6х40 DIN 933;Оцинкованные метизы (ПК КСС);0.006;0.136;;;22.01.2026;;
ПКНФ-000139;22.01.2026;Труба э/с 108*4,0 ГОСТ 10704-91;СНГ;0.02;0.108;;;22.01.2026;;
ПКНФ-000139;22.01.2026;Болт М12*40 DIN 933 полная резьба  (А2, 12,0, 45,0, DIN 933) ;Нержавеющие метизы (ПК КСС);4;201;;;22.01.2026;;
ПКНФ-000139;22.01.2026;Скоба такелажная М4;Крепеж и цепи, тали (ПК КСС);6;71;;;22.01.2026;;
ПКНФ-000139;22.01.2026;Труба 25х25х2  ГОСТ;Черные трубы, листы, круги (ПК КСС);184;512;;;22.01.2026;;
ПКНФ-000139;22.01.2026;7614.2 КСС ШУКПП- 2/3 -30кВт +УХЛ1;Шкафы управления (ПК КСС);1;0;;;22.01.2026;;
ПКНФ-000139;22.01.2026;Труба 60х30х2 ГОСТ 8639-82;Черные трубы, листы, круги (ПК КСС);82;179;;;22.01.2026;;
ПКНФ-000139;22.01.2026;Заглушка для трубы 40х40 мм пластик;Расходные материалы (ПК КСС);2;270;;;22.01.2026;;
ПКНФ-000139;22.01.2026;Болт оцинк. М20х60 DIN933;Оцинкованные метизы (ПК КСС);0.012;0.328;;;22.01.2026;;
ПКНФ-000139;22.01.2026;Клапан обратный шаровой DN200 PN10 канализационный;Арматура (ПК КСС);2;2;02.02.2026;02.02.2026;22.01.2026;;
ПКНФ-000139;22.01.2026;Гайка шестигр. оц. М20 DIN 934 тыс шт;Оцинкованные метизы (ПК КСС);0.06;1.175;;27.06.2024;22.01.2026;;
ПКНФ-000139;22.01.2026;Болт оцинк. М16х80  DIN933;Оцинкованные метизы (ПК КСС);0.016;0.337;;;22.01.2026;;
ПКНФ-000139;22.01.2026;Насос 150WQ270-16-22AC(I), 22кВт, без АТМ DN150, 4-х полюс. ;Насосы CNP (ПК КСС);2;0;02.03.2026;02.03.2026;22.01.2026;;
ПКНФ-000139;22.01.2026;Труба э/с 60х2,6 ГОСТ;Черные трубы, листы, круги (ПК КСС);48;73;;;22.01.2026;;
ПКНФ-000139;22.01.2026;Автоматическая трубная муфта для насоса WQ DN150, TOS-150, мощность до 22кВт включительно (ПК);УПМ СNP (ПК КСС);2;2;;;22.01.2026;;
ПКНФ-000139;22.01.2026;Труба э/с 530х8 ГОСТ 10705-80;Черные трубы, листы, круги (ПК КСС);17;35;;;22.01.2026;;
ПКНФ-000139;22.01.2026;Труба э/с 159х4,5 ГОСТ 10704-91;Черные трубы, листы, круги (ПК КСС);0.033;0.1;;;22.01.2026;;
ПКНФ-000139;22.01.2026;Труба э/с 133х4,0 ГОСТ 10704-91;Черные трубы, листы, круги (ПК КСС);50;50;;;22.01.2026;;
ПКНФ-000139;22.01.2026;7614.2 - Трубопровод;Составные части трубопровода (Пк КСС);1;0;11.02.2026;;22.01.2026;ПКНФ-000048;19.01.2026
ПКНФ-000139;22.01.2026;7614.2 - Рама под УПМ, Балка под крышку;Составные части трубопровода (Пк КСС);1;0;11.02.2026;;22.01.2026;ПКНФ-000050;19.01.2026
ПКНФ-000139;22.01.2026;7614.2 - Направляющие под корзину  Площадка Лестница Балка транспортировочная Корзина;Составные части трубопровода (Пк КСС);1;0;11.02.2026;;22.01.2026;ПКНФ-000049;22.01.2026
ПКНФ-000139;22.01.2026;Труба 50х25х2  ГОСТ 8639-82;Черные трубы, листы, круги (ПК КСС);37;148;;;22.01.2026;;
ПКНФ-000139;22.01.2026;Труба 40х25х2 ГОСТ;Черные трубы, листы, круги (ПК КСС);92;207;;;22.01.2026;;
ПКНФ-000139;22.01.2026;Задвижка 30ч39р Ду200 Pу10 штурвал;Арматура (ПК КСС);2;2;02.02.2026;02.02.2026;22.01.2026;;
ПКНФ-000139;22.01.2026;Заглушка для трубы 25х25 мм пластик;Расходные материалы (ПК КСС);2;0;23.04.2024;03.02.2026;22.01.2026;;
ПКНФ-000139;22.01.2026;Шайба гроверная оц. Ф16 DIN 127;Оцинкованные метизы (ПК КСС);0.016;0.292;;27.06.2024;22.01.2026;;
ПКНФ-000139;22.01.2026;Труба 60х40х4  ГОСТ 8639-82;Черные трубы, листы, круги (ПК КСС);116;207;;;22.01.2026;;
ПКНФ-000139;22.01.2026;Болт оцинк. М20х80 DIN933;Оцинкованные метизы (ПК КСС);0.048;0.076;;27.06.2024;22.01.2026;;
ПКНФ-000139;22.01.2026;Навесной замок с ключом GPLK-50L;Оцинкованные метизы (ПК КСС);1;63;;20.01.2025;22.01.2026;;
ПКНФ-000139;22.01.2026;Труба 20х20х2 ГОСТ 8639-82;Черные трубы, листы, круги (ПК КСС);100;339.8;;29.01.2024;22.01.2026;;
ПКНФ-000139;22.01.2026;Шайба гровер М20 DIN 127 (А2, DIN 127);Нержавеющие метизы (ПК КСС);8;2001;;;22.01.2026;;
ПКНФ-000139;22.01.2026;Труба 315/7,7/1200 наружная канализация;Полиэтелен, корсис, прагма, НПВХ (ПК КСС);1;0;23.01.2026;23.01.2026;22.01.2026;;
ПКНФ-000139;22.01.2026;Муфта Корсис DN315 (OD);Полиэтелен, корсис, прагма, НПВХ (ПК КСС);1;9;;;22.01.2026;;
ПКНФ-000139;22.01.2026;Гайка шестигр. оц М16  (тыс шт);Оцинкованные метизы (ПК КСС);0.016;0.069;;27.06.2024;22.01.2026;;
ПКНФ-000139;22.01.2026;Труба 40х20х1.5 ГОСТ 8645-68;Черные трубы, листы, круги (ПК КСС);171;189;;;22.01.2026;;
ПКНФ-000139;22.01.2026;Труба 40х40х2 ГОСТ 8639-82;Черные трубы, листы, круги (ПК КСС);100;294.7;;;22.01.2026;;
ПКНФ-000139;22.01.2026;Труба 40х20х2 ГОСТ 8639-82;Черные трубы, листы, круги (ПК КСС);82;158.5;;29.01.2024;22.01.2026;;
ПКНФ-000139;22.01.2026;Труба 60х40х2 ГОСТ 8645-68;Черные трубы, листы, круги (ПК КСС);33;146;;;22.01.2026;;
ПКНФ-000139;22.01.2026;Труба 60х60х2  ГОСТ 8639-82;Черные трубы, листы, круги (ПК КСС);24;93;;;22.01.2026;;
ПКНФ-000139;22.01.2026;Шпилька М10 L1000 (А2, DIN975);Нержавеющие метизы (ПК КСС);1;2;;02.02.2026;22.01.2026;;
ПКНФ-000139;22.01.2026;Анкерный болт с гайкой 16*180 HNM тыс;Оцинкованные метизы (ПК КСС);0.016;0.426;;10.06.2024;22.01.2026;;
ПКНФ-000139;22.01.2026;Болт М10*60 DIN 933 полная резьба  (А2, 10,0, 60,0, DIN 933);Нержавеющие метизы (ПК КСС);40;933;;;22.01.2026;;
ПКНФ-000139;22.01.2026;Болт М16*80 DIN 933 полная резьба  (А2, 16,0, 80,0, DIN 933);Нержавеющие метизы (ПК КСС);16;168;;;22.01.2026;;
ПКНФ-000139;22.01.2026;Болт М20*80 DIN 933 полная резьба  (А2, 20,0, 80,0, DIN 933);Нержавеющие метизы (ПК КСС);8;44;;;22.01.2026;;
ПКНФ-000139;22.01.2026;Гайка М10 DIN 934  (А2, 10,0, DIN 934);Нержавеющие метизы (ПК КСС);44;429;;19.06.2024;22.01.2026;;
ПКНФ-000139;22.01.2026;Гайка М12 DIN 934  (А2, 12,0, DIN 934);Нержавеющие метизы (ПК КСС);4;998;;;22.01.2026;;
ПКНФ-000139;22.01.2026;Гайка М16 DIN 934  (А2, 16,0, DIN 934);Нержавеющие метизы (ПК КСС);16;220;25.04.2024;25.04.2024;22.01.2026;;
ПКНФ-000139;22.01.2026;Гайка М20 DIN 934  (А2, 20,0, DIN 934);Нержавеющие метизы (ПК КСС);8;187;;;22.01.2026;;
ПКНФ-000139;22.01.2026;Грибок канализационный;Полиэтелен, корсис, прагма, НПВХ (ПК КСС);1;15;;27.01.2026;22.01.2026;;
ПКНФ-000139;22.01.2026;Карабин винтовой 4 мм;Крепеж и цепи, тали (ПК КСС);6;21;;;22.01.2026;;
ПКНФ-000139;22.01.2026;Манжета резиновая переходная D 110/124 Уп., черн;Полиэтелен, корсис, прагма, НПВХ (ПК КСС);2;36;;;22.01.2026;;
ПКНФ-000139;22.01.2026;Манжета резиновая переходная D 50/72 Уп., черн;Полиэтелен, корсис, прагма, НПВХ (ПК КСС);1;143;;;22.01.2026;;
ПКНФ-000139;22.01.2026;Отвод 90 гр. НПВХ DN110;Полиэтелен, корсис, прагма, НПВХ (ПК КСС);1;15;;;22.01.2026;;
ПКНФ-000139;22.01.2026;Поплавковый выключатель RL-1 10м;Датчики уровня, преобразователи, реле (ПК КСС);4;49;;05.02.2025;22.01.2026;;
ПКНФ-000139;22.01.2026;Прокладка (паронит) 150;Полиэтелен, корсис, прагма, НПВХ (ПК КСС);2;54;;;22.01.2026;;
ПКНФ-000139;22.01.2026;Прокладка (паронит) 200;Полиэтелен, корсис, прагма, НПВХ (ПК КСС);6;75;;;22.01.2026;;
ПКНФ-000139;22.01.2026;Проушина прямая 30х70мм;Расходные материалы (ПК КСС);2;211;;;22.01.2026;;
ПКНФ-000139;22.01.2026;Рым-гайка DIN 582 М10;Крепеж и цепи, тали (ПК КСС);6;33;;;22.01.2026;;
ПКНФ-000139;22.01.2026;Рым-гайка DIN 582 М 6;Крепеж и цепи, тали (ПК КСС);0.006;0.043;;17.02.2025;22.01.2026;;
ПКНФ-000139;22.01.2026;Скоба с вкручивающимся штифтом 0,33 т, 1/2т 1/4, тип G209, для насосов до 250 кг;Крепеж и цепи, тали (ПК КСС);6;17;;23.01.2026;22.01.2026;;
ПКНФ-000139;22.01.2026;Труба 110/3,2/0560 наружная канализация;Полиэтелен, корсис, прагма, НПВХ (ПК КСС);2;107;;;22.01.2026;;
ПКНФ-000139;22.01.2026;Труба двустенная для электропроводки d110 с протяжкой(внутр. d94)/ДКС ;Полиэтелен, корсис, прагма, НПВХ (ПК КСС);3;158;;;22.01.2026;;
ПКНФ-000139;22.01.2026;Труба двустенная для электропроводки d50 с протяжкой(внутр. d41,5) [ДКС] (код 19735) 121950;Полиэтелен, корсис, прагма, НПВХ (ПК КСС);3;101;;;22.01.2026;;
ПКНФ-000139;22.01.2026;Цепь короткозвенная 4мм DIN766 оцинк;Крепеж и цепи, тали (ПК КСС);11.7;280.46;;05.07.2024;22.01.2026;;
ПКНФ-000139;22.01.2026;Цепь Т6-6х18 мм ГОСТ 30441-97 (покрытие хим.окс.);Крепеж и цепи, тали (ПК КСС);17.4;32.2;;;22.01.2026;;
ПКНФ-000139;22.01.2026;Шайба  гровер М12 DIN 127 (А2, DIN 127);Нержавеющие метизы (ПК КСС);4;864.964;;;22.01.2026;;
ПКНФ-000139;22.01.2026;Шайба гроверная оц.М20 DIN 127;Оцинкованные метизы (ПК КСС);0.06;1.164;;;22.01.2026;;
ПКНФ-000139;22.01.2026;Шайба М10 DIN 125  (А2, DIN 125);Нержавеющие метизы (ПК КСС);88;110;;02.02.2026;22.01.2026;;
ПКНФ-000139;22.01.2026;Шайба  гровер М10 DIN 127 (А2, DIN 127);Нержавеющие метизы (ПК КСС);44;0;;;22.01.2026;;
ПКНФ-000139;22.01.2026;Шайба М12 DIN 125  (А2, DIN 125);Нержавеющие метизы (ПК КСС);8;403;;;22.01.2026;;
ПКНФ-000139;22.01.2026;Шайба М16 DIN 125  (А2, DIN 125);Нержавеющие метизы (ПК КСС);32;635;;;22.01.2026;;
ПКНФ-000139;22.01.2026;Шайба гровер М16 DIN 127 (А2, DIN 127);Нержавеющие метизы (ПК КСС);16;1652;;;22.01.2026;;
ПКНФ-000139;22.01.2026;Шайба М20 DIN 125  (А2, DIN 125);Нержавеющие метизы (ПК КСС);16;1414;;;22.01.2026;;
ПКНФ-000139;22.01.2026;Шайба плоская оц. М6 DIN 125;Оцинкованные метизы (ПК КСС);0.006;0.596;;25.08.2025;22.01.2026;;
ПКНФ-000139;22.01.2026;Шайба плоская оц.М16  DIN 125;Оцинкованные метизы (ПК КСС);0.032;0.676;;27.06.2024;22.01.2026;;
ПКНФ-000139;22.01.2026;Шайба плоская оц.М20  DIN 125;Оцинкованные метизы (ПК КСС);0.12;0.51;;27.06.2024;22.01.2026;;
ПКНФ-000140;22.01.2026;3024 - Лестницы;Составные части трубопровода (Пк КСС);1;0;19.01.2026;;22.01.2026;ПКНФ-001456;29.12.2025
ПКНФ-000140;22.01.2026;Труба 110/3,2/2000 наружная канализация;Полиэтелен, корсис, прагма, НПВХ (ПК КСС);1;4;;;22.01.2026;;
ПКНФ-000140;22.01.2026;Заглушка для трубы 25х25 мм пластик;Расходные материалы (ПК КСС);4;0;23.04.2024;03.02.2026;22.01.2026;;
ПКНФ-000140;22.01.2026;Муфта Корсис DN110 (OD);Полиэтелен, корсис, прагма, НПВХ (ПК КСС);2;14;;;22.01.2026;;
ПКНФ-000140;22.01.2026;Заглушка НПВХ DN110;Полиэтелен, корсис, прагма, НПВХ (ПК КСС);1;24;;;22.01.2026;;
ПКНФ-000140;22.01.2026;Болт М10*40 DIN 933 полная резьба  (А2, 10,0, 40,0, DIN 933);Нержавеющие метизы (ПК КСС);10;140;;;22.01.2026;;
ПКНФ-000140;22.01.2026;Гайка М10 DIN 934  (А2, 10,0, DIN 934);Нержавеющие метизы (ПК КСС);10;361;;19.06.2024;22.01.2026;;
ПКНФ-000140;22.01.2026;Грибок канализационный;Полиэтелен, корсис, прагма, НПВХ (ПК КСС);1;14;;27.01.2026;22.01.2026;;
ПКНФ-000140;22.01.2026;Коалесцентный модуль 3М-ОДГ-60/25/0,5;Засыпки и сорбенты для ЛОС, Водоподготовка;4;8;02.02.2026;02.02.2026;22.01.2026;;
ПКНФ-000140;22.01.2026;Манжета резиновая переходная D 110/124 Уп., черн;Полиэтелен, корсис, прагма, НПВХ (ПК КСС);1;33;;;22.01.2026;;
ПКНФ-000140;22.01.2026;Отвод 90 гр. НПВХ DN110;Полиэтелен, корсис, прагма, НПВХ (ПК КСС);1;14;;;22.01.2026;;
ПКНФ-000140;22.01.2026;Труба 110/3,2/0560 наружная канализация;Полиэтелен, корсис, прагма, НПВХ (ПК КСС);2;105;;;22.01.2026;;
ПКНФ-000140;22.01.2026;Шайба М10 DIN 125  (А2, DIN 125);Нержавеющие метизы (ПК КСС);20;42;;02.02.2026;22.01.2026;;
ПКНФ-000140;22.01.2026;Шайба  гровер М10 DIN 127 (А2, DIN 127);Нержавеющие метизы (ПК КСС);10;0;;;22.01.2026;;
ПКНФ-000141;22.01.2026;Грунт-Эмаль по ржавчине Серая 1,9 кг;Расходные материалы (ПК КСС);2;2;;;22.01.2026;;
ПКНФ-000141;22.01.2026;7634 КСС-ВРУ 80;Шкафы управления (ПК КСС);1;0;;;22.01.2026;;
ПКНФ-000141;22.01.2026;Заклепка вытяжная комбинированная 4х10 мм RAL7004 сигнальный серый;Расходные материалы (ПК КСС);250;250;;;22.01.2026;;
ПКНФ-000141;22.01.2026;Заклепка вытяжная комбинированная 4х10 мм RAL9003 белый;Расходные материалы (ПК КСС);250;250;;;22.01.2026;;
ПКНФ-000141;22.01.2026;Лист Г/К 8,0х1500х6000 ст.3 ГОСТ 14637-89 ;Черные трубы, листы, круги (ПК КСС);1;3;;11.06.2025;22.01.2026;;
ПКНФ-000141;22.01.2026;Шайба гроверная оц.Ф10 DIN 127;Оцинкованные метизы (ПК КСС);0.028;0.028;;;22.01.2026;;
ПКНФ-000141;22.01.2026;Гайка шестигр.М10 оц. DIN934;Оцинкованные метизы (ПК КСС);0.028;0.39;07.10.2024;07.10.2024;22.01.2026;;
ПКНФ-000141;22.01.2026;Планка диагональная станд. 0.45 Н-89 50х2000 (RAL 7004 - светло-серый);Для блок-контейнера;6;6;;;22.01.2026;;
ПКНФ-000141;22.01.2026;Болт оцинк. М10х80 DIN933;Оцинкованные метизы (ПК КСС);0.028;0;;26.01.2026;22.01.2026;;
ПКНФ-000141;22.01.2026;Решетка наружная вентиляционная вытяжная 200x200;Для блок-контейнера;1;1;;13.06.2025;22.01.2026;;
ПКНФ-000141;22.01.2026;Решетка наружная вентиляционная регулируемая 200x200;Для блок-контейнера;1;1;;;22.01.2026;;
ПКНФ-000141;22.01.2026;Решетка наружная вентиляционная вытяжная 250x250;Для блок-контейнера;1;1;;;22.01.2026;;
ПКНФ-000141;22.01.2026;Электроконвектор NeoClima Intenso 1500, 1.5 квт;Для блок-контейнера;1;1;;;22.01.2026;;
ПКНФ-000141;22.01.2026;Электроконвектор NeoClima Comforte T1.0, 1 кВт;Для блок-контейнера;1;1;;;22.01.2026;;
ПКНФ-000141;22.01.2026;Вентилятор HXM-200 (230V 50-60HZ);Для блок-контейнера;1;2;;;22.01.2026;;
ПКНФ-000141;22.01.2026;Болт оцинк. М12х40 DIN 933;Оцинкованные метизы (ПК КСС);0.012;0.475;;27.06.2024;22.01.2026;;
ПКНФ-000141;22.01.2026;Шайба плоская оц. М12  DIN 125;Оцинкованные метизы (ПК КСС);0.032;0.735;;03.06.2024;22.01.2026;;
ПКНФ-000141;22.01.2026;Болт оцинк. М16х120 DIN933;Оцинкованные метизы (ПК КСС);0.024;0.094;;27.06.2024;22.01.2026;;
ПКНФ-000141;22.01.2026;Болт оцинк. М16х60 DIN933;Оцинкованные метизы (ПК КСС);0.04;0.788;;;22.01.2026;;
ПКНФ-000141;22.01.2026;Саморез кровельный 4,8х51 цинк;Расходные материалы (ПК КСС);0.2;0.2;23.01.2026;23.01.2026;22.01.2026;;
ПКНФ-000141;22.01.2026;7634.1У - Автоматическая насосная станция повышения давления КСС-МЧ-3 CDM15-6-СХ-ГА8 ;Установки ВНС и ПНС (ПК КСС);1;0;28.01.2026;;22.01.2026;ПКНФ-000102;22.01.2026
ПКНФ-000141;22.01.2026;7634.2У - Автоматическая насосная станция повышения давления КСС-МЧ-3 CDM15-6-СХ-ГА8;Установки ВНС и ПНС (ПК КСС);1;0;23.01.2026;;22.01.2026;ПКНФ-000025;22.01.2026
ПКНФ-000141;22.01.2026;Дверь противопожарная 2080х980 (левая, 7035, с наличником, с порогом, размер по коробке);Расходные материалы (ПК КСС);1;1;;;22.01.2026;;
ПКНФ-000141;22.01.2026;Установка обеззараживания воды ОДВ-12С;Биология (ПК КСС);1;1;;;22.01.2026;;
ПКНФ-000141;22.01.2026;7634 Трубопровод (обвязка);Составные части трубопровода (Пк КСС);1;0;22.01.2026;;22.01.2026;ПКНФ-000052;22.01.2026
ПКНФ-000141;22.01.2026;7634 Рама, стойка (обвязка);Составные части трубопровода (Пк КСС);1;0;12.01.2026;;22.01.2026;ПКНФ-000051;19.01.2026
ПКНФ-000141;22.01.2026;Лист рифленый чечевица 3х1250х2500 ГОСТ 8568-77;Черные трубы, листы, круги (ПК КСС);5;5;;;22.01.2026;;
ПКНФ-000141;22.01.2026;Гладкий лист станд. 0,45 1250х2000 оцинкованный;Черные трубы, листы, круги (ПК КСС);14;7;;;22.01.2026;;
ПКНФ-000141;22.01.2026;Профнастил С-8 0,45 (RAL 9003 сигнально-белый);Для блок-контейнера;71.76;71.76;;;22.01.2026;;
ПКНФ-000141;22.01.2026;Пиломатериал обрезной хвойных пород, размер 50х100х6000 мм профилированная;Расходные материалы (ПК КСС);0.87;0.87;;;22.01.2026;;
ПКНФ-000141;22.01.2026;Профнастил МП-20 0,45 (RAL 7004 - серый);Для блок-контейнера;55.68;55.68;;;22.01.2026;;
ПКНФ-000141;22.01.2026;Таль ручная цепная VN г/п 0,5т в/п 6,0м;Крепеж и цепи, тали (ПК КСС);1;1;;;22.01.2026;;
ПКНФ-000141;22.01.2026;Тележка для тали GCL г/п 1,0т в/п 6,0м;Крепеж и цепи, тали (ПК КСС);1;1;;;22.01.2026;;
ПКНФ-000141;22.01.2026;Шайба оцинк гровер М12 DIN 127;Оцинкованные метизы (ПК КСС);0.016;0.734;;03.06.2024;22.01.2026;;
ПКНФ-000141;22.01.2026;Шайба гроверная оц. Ф16 DIN 127;Оцинкованные метизы (ПК КСС);0.064;0.304;;27.06.2024;22.01.2026;;
ПКНФ-000141;22.01.2026;Светильник светодиодный 18W 4000К 1440Лм IP65;Электротовары КСС ШУ;2;2;;;22.01.2026;;
ПКНФ-000141;22.01.2026;Шайба плоская оц. М10  DIN 125;Оцинкованные метизы (ПК КСС);0.056;0.31;;25.08.2025;22.01.2026;;
ПКНФ-000141;22.01.2026;Швеллер 8П ГОСТ 8240-89;Арматура (ПК КСС);28;36;;;22.01.2026;;
ПКНФ-000141;22.01.2026;Упаковка профнастила;Инструменты (ПК КСС);1;6;;15.10.2024;22.01.2026;;
ПКНФ-000141;22.01.2026;Розетка ОП 2-м с з/к для открытой установки IP54 ;Электротовары КСС ШУ;4;4;;;22.01.2026;;
ПКНФ-000141;22.01.2026;Грунт-Эмаль /25 кг/ серый;Расходные материалы (ПК КСС);1;0;23.01.2026;23.01.2026;22.01.2026;;
ПКНФ-000141;22.01.2026;Полоса 40*4 ГОСТ 103-76;Черные трубы, листы, круги (ПК КСС);20;90;19.08.2024;;22.01.2026;;
ПКНФ-000141;22.01.2026;Швеллер 10П ГОСТ 8240-97;Черные трубы, листы, круги (ПК КСС);17;50.6;11.09.2025;11.09.2025;22.01.2026;;
ПКНФ-000141;22.01.2026;Гайка шестигр. оц М12 DIN934;Оцинкованные метизы (ПК КСС);0.016;1.208;;03.06.2024;22.01.2026;;
ПКНФ-000141;22.01.2026;Гайка шестигр. оц М16  (тыс шт);Оцинкованные метизы (ПК КСС);0.064;0.081;;27.06.2024;22.01.2026;;
ПКНФ-000141;22.01.2026;Труба 100х100х4,0 чермет;Черные трубы, листы, круги (ПК КСС);73;78;;;22.01.2026;;
ПКНФ-000141;22.01.2026;Труба 40х20х2 ГОСТ 8639-82;Черные трубы, листы, круги (ПК КСС);4;52.5;;29.01.2024;22.01.2026;;
ПКНФ-000141;22.01.2026;Выключатель 1-клавишный для открытой установки ВС20-1-0-ФСр;Электротовары КСС ШУ;1;2;;;22.01.2026;;
ПКНФ-000141;22.01.2026;ГРУНТ- ЭМАЛЬ ПО РЖАВЧИНЕ 3 В 1 СЕРАЯ 10 КГ;Расходные материалы (ПК КСС);2;1;23.01.2026;23.01.2026;22.01.2026;;
ПКНФ-000141;22.01.2026;Прокладка (паронит) 100;Полиэтелен, корсис, прагма, НПВХ (ПК КСС);4;82;;;22.01.2026;;
ПКНФ-000141;22.01.2026;Шайба плоская оц.М16  DIN 125;Оцинкованные метизы (ПК КСС);0.128;0.7;;27.06.2024;22.01.2026;;
ПКНФ-000142;22.01.2026;Пластина 100х40 (AISI 304);Нержавеющие трубы, листы, круги, сетки(ПК КСС);8;30;;;22.01.2026;;
ПКНФ-000142;22.01.2026;Труба 40х20х2 (AISI304);Нержавеющие трубы, листы, круги, сетки(ПК КСС);1;50.5;27.01.2026;09.09.2025;22.01.2026;;
ПКНФ-000142;22.01.2026;Труба 25х25х2 (AISI 304);Нержавеющие трубы, листы, круги, сетки(ПК КСС);18;59;09.09.2025;05.08.2025;22.01.2026;;
ПКНФ-000148;22.01.2026;Отбортовка 219,1х2,0 AISI304;Нержавеющие фланцы и фиттинги (ПК КСС);6;22;16.05.2025;;22.01.2026;;
ПКНФ-000148;22.01.2026;Труба СВ 219,1х2,0мм 08Х18Н10 (AISI 304);Нержавеющие трубы, листы, круги, сетки(ПК КСС);9.5;12.848;;;22.01.2026;;
ПКНФ-000148;22.01.2026;Труба СВ 323,9х3,0мм 08Х18Н10 (AISI 304);Нержавеющие трубы, листы, круги, сетки(ПК КСС);3.5;22.8;;;22.01.2026;;
ПКНФ-000148;22.01.2026;Труба СВ 406,4х3,0мм 08Х18Н10 (AISI 304);Нержавеющие трубы, листы, круги, сетки(ПК КСС);0.2;10;11.04.2024;11.04.2024;22.01.2026;;
ПКНФ-000148;22.01.2026;Фланец 219,1  (AISI304, 08*18H10, PN10) плоский;Нержавеющие фланцы и фиттинги (ПК КСС);6;6;27.01.2026;19.12.2024;22.01.2026;;
ПКНФ-000148;22.01.2026;Фланец 406,4 (AISI304, 08*18H10, PN10) плоский;Нержавеющие фланцы и фиттинги (ПК КСС);2;3;27.01.2026;27.01.2026;22.01.2026;;
ПКНФ-000148;22.01.2026;Переход 406,4х323,9 (3.0, AISI304, 08*18H10, Mill finish);Нержавеющие фланцы и фиттинги (ПК КСС);2;2;;;22.01.2026;;
ПКНФ-000148;22.01.2026;Заглушка 323,9х3,0 AISI 304;Нержавеющие фланцы и фиттинги (ПК КСС);2;4;;;22.01.2026;;
ПКНФ-000148;22.01.2026;Фланец 219,1  (AISI304, 08*18H10, PN6) плоский;Нержавеющие фланцы и фиттинги (ПК КСС);3;3;;;22.01.2026;;
ПКНФ-000159;22.01.2026;Лист 5,0*1500*6000 ст3 (м2);Черные трубы, листы, круги (ПК КСС);0.04;5.436;;;22.01.2026;;
ПКНФ-000159;22.01.2026;Швеллер 14П ГОСТ 8240-97;Черные трубы, листы, круги (ПК КСС);24.1;144.1;;;22.01.2026;;
ПКНФ-000159;22.01.2026;Арматура А-1 6 мм;Черные трубы, листы, круги (ПК КСС);1;24.7;;;22.01.2026;;
ПКНФ-000159;22.01.2026;Арматура ф 16 А-1 ГОСТ 5781-82 (м);Черные трубы, листы, круги (ПК КСС);0.4;1.1;;24.01.2024;22.01.2026;;
ПКНФ-000159;22.01.2026;Труба 50х50х3 ГОСТ 8639-82, м.д;Черные трубы, листы, круги (ПК КСС);6.5;70.8;;;22.01.2026;;
ПКНФ-000099;22.01.2026;Насос CDM5-5FSWPC, 0.75кВт, станд. фланец, 3х220В/3х380В, 50Гц, чугун, 70 С;Насосы CNP (ПК КСС);3;0;04.02.2026;04.02.2026;22.01.2026;;
ПКНФ-000100;22.01.2026;Насос CDM10-6FSWPC, 2.2кВт, станд. фланец, 3х220В/3х380В, 50Гц, чугун, 70 С;Насосы CNP (ПК КСС);3;0;04.02.2026;04.02.2026;22.01.2026;;
ПКНФ-000105;22.01.2026;Лист г/к 5,0*1500*3000 ст3 шт;Черные трубы, листы, круги (ПК КСС);0.03;0;;27.01.2026;22.01.2026;;
ПКНФ-000105;22.01.2026;Труба СВ  60,3х4,0мм 08Х18Н10 (AISI 304);Нержавеющие трубы, листы, круги, сетки(ПК КСС);30;7.2;28.01.2026;28.01.2026;22.01.2026;;
ПКНФ-000105;22.01.2026;Арматура А-1 6 мм;Черные трубы, листы, круги (ПК КСС);1;23.7;;;22.01.2026;;
ПКНФ-000105;22.01.2026;Труба 40х40х2 ГОСТ 8639-82;Черные трубы, листы, круги (ПК КСС);2.5;134.7;;;22.01.2026;;
ПКНФ-000105;22.01.2026;Швеллер 12П ГОСТ 8240-97;Черные трубы, листы, круги (ПК КСС);15;59;27.01.2026;27.01.2026;22.01.2026;;
ПКНФ-000105;22.01.2026;Арматура ф 16 А-1 ГОСТ 5781-82 (м);Черные трубы, листы, круги (ПК КСС);4;4.3;;24.01.2024;22.01.2026;;
ПКНФ-000111;22.01.2026;Полоса 2,0x50,0 (AISI304, 08X18H10, 2B);Нержавеющие трубы, листы, круги, сетки(ПК КСС);4;0;;;22.01.2026;;
ПКНФ-000111;22.01.2026;Уголок 50,0х50,0х5,0х6000мм (AISI304);Нержавеющие трубы, листы, круги, сетки(ПК КСС);1.5;10.5;;;22.01.2026;;
ПКНФ-000111;22.01.2026;Лист 2,0*1000*2000  AISI 304 (08х18Н10), х/к, мат (2В);Нержавеющие трубы, листы, круги, сетки(ПК КСС);0.5;0;17.09.2025;17.09.2025;22.01.2026;;
ПКНФ-000111;22.01.2026;Пластина 100х40 (AISI 304);Нержавеющие трубы, листы, круги, сетки(ПК КСС);30;12;;;22.01.2026;;
ПКНФ-000111;22.01.2026;Труба 30х30х2 (AISI 304);Нержавеющие трубы, листы, круги, сетки(ПК КСС);12;115.6;09.09.2025;09.09.2025;22.01.2026;;
ПКНФ-000111;22.01.2026;Труба СВ  14,0х1,5мм 08Х18Н10 (AISI 304);Нержавеющие трубы, листы, круги, сетки(ПК КСС);0.2;3;;;22.01.2026;;
ПКНФ-000111;22.01.2026;Труба 40х20х2 (AISI304);Нержавеющие трубы, листы, круги, сетки(ПК КСС);2.5;48;27.01.2026;09.09.2025;22.01.2026;;
ПКНФ-000111;22.01.2026;Лист 3,0*1000*2000  AISI 304 (42х22мм*3,0мм) ПВЛ;Нержавеющие трубы, листы, круги, сетки(ПК КСС);2;0;;02.02.2026;22.01.2026;;
ПКНФ-000111;22.01.2026;Круг 10,0 (AISI304, 08x18H10);Нержавеющие трубы, листы, круги, сетки(ПК КСС);0.2;7.8;;;22.01.2026;;
ПКНФ-000111;22.01.2026;Круг 6,0 (AISI304, 08x18H10);Нержавеющие трубы, листы, круги, сетки(ПК КСС);130;75.5;27.01.2026;05.08.2025;22.01.2026;;
ПКНФ-000111;22.01.2026;Труба 25х25х2 (AISI 304);Нержавеющие трубы, листы, круги, сетки(ПК КСС);15;23;05.08.2025;05.08.2025;22.01.2026;;
ПКНФ-000111;22.01.2026;Труба 40х40х2,0 (AISI 304);Нержавеющие трубы, листы, круги, сетки(ПК КСС);43;36.7;23.01.2026;05.08.2025;22.01.2026;;
ПКНФ-000112;22.01.2026;Переход концентрический 273,0х219,1х3,0 AISI 304;Нержавеющие фланцы и фиттинги (ПК КСС);2;0;27.01.2026;27.01.2026;22.01.2026;;
ПКНФ-000112;22.01.2026;Переход 406,4х273,0 (3.0, AISI304, 08*18H10, Mill finish);Нержавеющие фланцы и фиттинги (ПК КСС);1;0;27.01.2026;27.01.2026;22.01.2026;;
ПКНФ-000112;22.01.2026;Труба СВ 219,1х2,0мм 08Х18Н10 (AISI 304);Нержавеющие трубы, листы, круги, сетки(ПК КСС);0.4;3.748;;;22.01.2026;;
ПКНФ-000112;22.01.2026;Труба СВ 273,0х3,0мм 08Х18Н10 (AISI 304);Нержавеющие трубы, листы, круги, сетки(ПК КСС);8;18;;;22.01.2026;;
ПКНФ-000112;22.01.2026;Труба СВ 406,4х3,0мм 08Х18Н10 (AISI 304);Нержавеющие трубы, листы, круги, сетки(ПК КСС);0.1;9.9;11.04.2024;11.04.2024;22.01.2026;;
ПКНФ-000112;22.01.2026;Отвод 273,0х3,0 мм AISI 304;Нержавеющие фланцы и фиттинги (ПК КСС);3;0;27.01.2026;27.01.2026;22.01.2026;;
ПКНФ-000112;22.01.2026;Фланец 219,1  (AISI304, 08*18H10, PN10) плоский;Нержавеющие фланцы и фиттинги (ПК КСС);2;0;19.12.2024;19.12.2024;22.01.2026;;
ПКНФ-000112;22.01.2026;Фланец 273,0 (AISI304, 08*18H10, PN10) плоский;Нержавеющие фланцы и фиттинги (ПК КСС);6;0;27.01.2026;27.01.2026;22.01.2026;;
ПКНФ-000112;22.01.2026;Фланец 273,0 (AISI304, 08*18H10, PN16) плоский;Нержавеющие фланцы и фиттинги (ПК КСС);4;0;27.01.2026;27.01.2026;22.01.2026;;
ПКНФ-000112;22.01.2026;Фланец 406,4 (AISI304, 08*18H10, PN10) плоский;Нержавеющие фланцы и фиттинги (ПК КСС);1;1;27.01.2026;27.01.2026;22.01.2026;;
ПКНФ-000119;22.01.2026;Швеллер 10П ГОСТ 8240-97;Черные трубы, листы, круги (ПК КСС);6;25.2;11.09.2025;11.09.2025;22.01.2026;;
ПКНФ-000120;22.01.2026;Отбортовка 60,3х2,0 AISI304;Нержавеющие фланцы и фиттинги (ПК КСС);18;27;16.05.2025;;22.01.2026;;
ПКНФ-000120;22.01.2026;Пресс-фланец ст.20 Ду125 Ру 16 ПФСР 100х16 (145 мм);Черные фланцы и фиттинги (ПК КСС);4;29;;;22.01.2026;;
ПКНФ-000120;22.01.2026;Пресс-фланец ст.20 Ду50 Ру 16 ПФСР 050х16 (65 мм) ;Черные фланцы и фиттинги (ПК КСС);18;25;;;22.01.2026;;
ПКНФ-000120;22.01.2026;Труба СВ  21,3х2,0мм 08Х18Н10 (AISI 304);Нержавеющие трубы, листы, круги, сетки(ПК КСС);0.1;77.1;;;22.01.2026;;
ПКНФ-000120;22.01.2026;Труба СВ  60,3х2,0мм 08Х18Н10 (AISI 304);Нержавеющие трубы, листы, круги, сетки(ПК КСС);1.5;9;09.09.2025;09.09.2025;22.01.2026;;
ПКНФ-000120;22.01.2026;Труба СВ 139,7х3,0мм 08Х18Н10 (AISI 304);Нержавеющие трубы, листы, круги, сетки(ПК КСС);2;8.8;;;22.01.2026;;
ПКНФ-000120;22.01.2026;Отбортовка 139,7х2,0 AISI304;Нержавеющие фланцы и фиттинги (ПК КСС);4;41;;;22.01.2026;;
ПКНФ-000120;22.01.2026;Ниппель приварной DN15  1/2"" (AISI304, 08Х18H10);Нержавеющие фланцы и фиттинги (ПК КСС);2;31;;03.06.2024;22.01.2026;;
ПКНФ-000120;22.01.2026;Ниппель приварной DN50 2"" (60,3мм) (AISI304, 08Х18H10);Нержавеющие фланцы и фиттинги (ПК КСС);6;50;;;22.01.2026;;
ПКНФ-000124;22.01.2026;Насос CDM5-9FSWPC, 1.5кВт, станд. фланец, 3х220В/3х380В, 50Гц, чугун, 70 С;Насосы CNP (ПК КСС);3;0;19.01.2026;19.01.2026;22.01.2026;;
ПКНФ-000008;23.01.2026;Лист 5,0*1500*6000 ст3 (м2);Черные трубы, листы, круги (ПК КСС);0.004;5.4;;;23.01.2026;;
ПКНФ-000008;23.01.2026;Арматура А-1 6 мм;Черные трубы, листы, круги (ПК КСС);1;24.3;;;23.01.2026;;
ПКНФ-000008;23.01.2026;Швеллер 10П ГОСТ 8240-97;Черные трубы, листы, круги (ПК КСС);8;46.6;11.09.2025;11.09.2025;23.01.2026;;
ПКНФ-000008;23.01.2026;Труба 40х40х3 ГОСТ 8639-82;Черные трубы, листы, круги (ПК КСС);1.2;131.9;;;23.01.2026;;
ПКНФ-000008;23.01.2026;Арматура ф 16 А-1 ГОСТ 5781-82 (м);Черные трубы, листы, круги (ПК КСС);0.4;4.3;;24.01.2024;23.01.2026;;
ПКНФ-000031;23.01.2026;Труба 60х60х3  ГОСТ 8639-82;Черные трубы, листы, круги (ПК КСС);7;24.3;;;23.01.2026;;
ПКНФ-000031;23.01.2026;Полоса 2,0x50,0 (AISI304, 08X18H10, 2B);Нержавеющие трубы, листы, круги, сетки(ПК КСС);1.5;57.5;;;23.01.2026;;
ПКНФ-000031;23.01.2026;Лист 5,0*1500*6000 ст3 (м2);Черные трубы, листы, круги (ПК КСС);0.4;5.836;;;23.01.2026;;
ПКНФ-000031;23.01.2026;Полоса 40*4 ГОСТ 103-76;Черные трубы, листы, круги (ПК КСС);9.2;79.2;19.08.2024;;23.01.2026;;
ПКНФ-000031;23.01.2026;Швеллер 10П ГОСТ 8240-97;Черные трубы, листы, круги (ПК КСС);28;66.6;11.09.2025;11.09.2025;23.01.2026;;
ПКНФ-000031;23.01.2026;Уголок 50х50х5 ГОСТ 8509-93 (м);Черные трубы, листы, круги (ПК КСС);1.5;45.4;;;23.01.2026;;
ПКНФ-000031;23.01.2026;Лист 1000х3000 ПВЛ 406;Черные трубы, листы, круги (ПК КСС);4;11;;;23.01.2026;;
ПКНФ-000031;23.01.2026;Труба 40х40х3 ГОСТ 8639-82;Черные трубы, листы, круги (ПК КСС);4.5;42.9;;;23.01.2026;;
ПКНФ-000031;23.01.2026;Труба 40х20х2 ГОСТ 8639-82;Черные трубы, листы, круги (ПК КСС);1.5;199;;29.01.2024;23.01.2026;;
ПКНФ-000031;23.01.2026;Арматура ф 16 А-1 ГОСТ 5781-82 (м);Черные трубы, листы, круги (ПК КСС);4;0.7;;24.01.2024;23.01.2026;;
ПКНФ-000031;23.01.2026;Труба 50х50х3 ГОСТ 8639-82, м.д;Черные трубы, листы, круги (ПК КСС);42;107.8;;;23.01.2026;;
ПКНФ-000070;23.01.2026;Карабин винтовой 5 мм;Крепеж и цепи, тали (ПК КСС);6;174;;;23.01.2026;;
ПКНФ-000070;23.01.2026;Круглый канальный вентилятор BDTX 100;Электротовары КСС ШУ;1;2;;;23.01.2026;;
ПКНФ-000070;23.01.2026;Болт оцинк. М6х40 DIN 933;Оцинкованные метизы (ПК КСС);0.006;0.13;;;23.01.2026;;
ПКНФ-000070;23.01.2026;Кронштейн ""телескопический"" для крепления к стенке колодца L=400-600 мм;Арматура (ПК КСС);3;3;;;23.01.2026;;
ПКНФ-000070;23.01.2026;Труба э/с 108*4,0 ГОСТ 10704-91;СНГ;0.025;0.025;;;23.01.2026;;
ПКНФ-000070;23.01.2026;Болт М12*40 DIN 933 полная резьба  (А2, 12,0, 45,0, DIN 933) ;Нержавеющие метизы (ПК КСС);4;197;;;23.01.2026;;
ПКНФ-000070;23.01.2026;Американка 1"" ВР латунь;Арматура (ПК КСС);3;0;26.01.2026;26.01.2026;23.01.2026;;
ПКНФ-000070;23.01.2026;Скоба такелажная М4;Крепеж и цепи, тали (ПК КСС);6;65;;;23.01.2026;;
ПКНФ-000070;23.01.2026;Переход под. эл. привод, штанга двух-составная L-5128 мм со втулкой на вал шиберной задвижки Ду150,;Арматура (ПК КСС);1;1;;;23.01.2026;;
ПКНФ-000070;23.01.2026;6228.1 КСС ШУК- 2/3 -1,1кВт +Гидростат+ЭЗ+Вентилятор+УХЛ1;Шкафы управления (ПК КСС);1;0;;;23.01.2026;;
ПКНФ-000070;23.01.2026;Труба 25х25х2  ГОСТ;Черные трубы, листы, круги (ПК КСС);412.5;425.5;;;23.01.2026;;
ПКНФ-000070;23.01.2026;Труба 60х30х2 ГОСТ 8639-82;Черные трубы, листы, круги (ПК КСС);31.25;31.25;;;23.01.2026;;
ПКНФ-000070;23.01.2026;Кран шаровой полнопроходной, ВР/ВР, ручка бабочка 1"", Stout SVB-0002-200025;Арматура (ПК КСС);2;0;26.01.2026;26.01.2026;23.01.2026;;
ПКНФ-000070;23.01.2026;Труба 110/3,2/2000 наружная канализация;Полиэтелен, корсис, прагма, НПВХ (ПК КСС);1;4;;;23.01.2026;;
ПКНФ-000070;23.01.2026;МПУ-01 диаметром корпуса 26,5 мм бюджетный преобразователь (датчик) уровня гидростатический (МПУ01.1;Датчики уровня, преобразователи, реле (ПК КСС);1;2;;;23.01.2026;;
ПКНФ-000070;23.01.2026;6228.1 - Трубопровод;Составные части трубопровода (Пк КСС);1;0;03.12.2025;;23.01.2026;ПКНФ-000074;23.01.2026
ПКНФ-000070;23.01.2026;6228.1 - Рама под УПМ Балка под крышку Стойки для взмучивателя, Конусное дно;Составные части трубопровода (Пк КСС);1;0;03.12.2025;;23.01.2026;ПКНФ-000073;22.01.2026
ПКНФ-000070;23.01.2026;6228.1 - Направляющие под корзину  Площадка Лестница Балка трансп. Корзина, Упор под шибер, Крыш;Составные части трубопровода (Пк КСС);1;0;03.12.2025;;23.01.2026;ПКНФ-000075;22.01.2026
ПКНФ-000070;23.01.2026;Заглушка для трубы 40х40 мм пластик;Расходные материалы (ПК КСС);2;268;;;23.01.2026;;
ПКНФ-000070;23.01.2026;Болт оцинк. М20х60 DIN933;Оцинкованные метизы (ПК КСС);0.012;0.316;;;23.01.2026;;
ПКНФ-000070;23.01.2026;Задвижка 30ч39р Ду50 Pу16 штурвал;Арматура (ПК КСС);5;6;02.02.2026;02.02.2026;23.01.2026;;
ПКНФ-000070;23.01.2026;Болт М18*80 DIN 933 полная резьба  (А2, 18,0, 80,0, DIN 933);Нержавеющие метизы (ПК КСС);8;99;;;23.01.2026;;
ПКНФ-000070;23.01.2026;Задвижка шиб. двухстор. Ду150 Ру10 нев. шток;Арматура (ПК КСС);1;1;;;23.01.2026;;
ПКНФ-000070;23.01.2026;Гайка шестигр. оц. М20 DIN 934 тыс шт;Оцинкованные метизы (ПК КСС);0.06;1.163;;27.06.2024;23.01.2026;;
ПКНФ-000070;23.01.2026;Болт оцинк. М16х80  DIN933;Оцинкованные метизы (ПК КСС);0.064;0.349;;;23.01.2026;;
ПКНФ-000070;23.01.2026;Канализационный насос 50WQ/S218-1.1 стандартный, кабель 10м;Насосы Kaiquan(ПК КСС);2;0;;;23.01.2026;;
ПКНФ-000070;23.01.2026;Канальный фильтр MAGICFILTER 250/100;Электротовары КСС ШУ;1;0;;26.01.2026;23.01.2026;;
ПКНФ-000070;23.01.2026;Труба э/с 40х2 ГОСТ;Черные трубы, листы, круги (ПК КСС);62.5;62.5;;;23.01.2026;;
ПКНФ-000070;23.01.2026;Труба э/с 60х2,6 ГОСТ;Черные трубы, листы, круги (ПК КСС);37.5;37.5;;;23.01.2026;;
ПКНФ-000070;23.01.2026;Уплотнитель самоклеящийся для дверей и окон D профиль 12х10 мм, 6 м черный;Полиэтелен, корсис, прагма, НПВХ (ПК КСС);1;0;28.01.2026;28.01.2026;23.01.2026;;
ПКНФ-000070;23.01.2026;Труба э/с 530х8 ГОСТ 10705-80;Черные трубы, листы, круги (ПК КСС);50;50;;;23.01.2026;;
ПКНФ-000070;23.01.2026;Труба э/с 159х4,5 ГОСТ 10704-91;Черные трубы, листы, круги (ПК КСС);0.094;0.094;;;23.01.2026;;
ПКНФ-000070;23.01.2026;Труба 50х25х2  ГОСТ 8639-82;Черные трубы, листы, круги (ПК КСС);56.25;83.25;;;23.01.2026;;
ПКНФ-000070;23.01.2026;Труба 40х25х2 ГОСТ;Черные трубы, листы, круги (ПК КСС);137.5;137.5;;;23.01.2026;;
ПКНФ-000070;23.01.2026;Клапан обратный шаровой Ду50 Ру16 канализационный;Арматура (ПК КСС);2;2;;;23.01.2026;;
ПКНФ-000070;23.01.2026;Электропривод SP-M-10-W-Y1 IP67 380V ;Арматура (ПК КСС);1;1;;;23.01.2026;;
ПКНФ-000070;23.01.2026;Заглушка для трубы 25х25 мм пластик;Расходные материалы (ПК КСС);2;0;23.04.2024;03.02.2026;23.01.2026;;
ПКНФ-000070;23.01.2026;АТМ Kaiquan WQL DN50;УПМ Kaiquan (Пк КСС);2;2;;;23.01.2026;;
ПКНФ-000070;23.01.2026;Шайба гроверная оц. Ф16 DIN 127;Оцинкованные метизы (ПК КСС);0.064;0.304;;27.06.2024;23.01.2026;;
ПКНФ-000070;23.01.2026;Труба 60х40х4  ГОСТ 8639-82;Черные трубы, листы, круги (ПК КСС);50;54;;;23.01.2026;;
ПКНФ-000070;23.01.2026;Болт оцинк. М20х80 DIN933;Оцинкованные метизы (ПК КСС);0.048;0.028;;27.06.2024;23.01.2026;;
ПКНФ-000070;23.01.2026;Навесной замок с ключом GPLK-50L;Оцинкованные метизы (ПК КСС);1;62;;20.01.2025;23.01.2026;;
ПКНФ-000070;23.01.2026;Труба 20х20х2 ГОСТ 8639-82;Черные трубы, листы, круги (ПК КСС);115.625;155.425;;29.01.2024;23.01.2026;;
ПКНФ-000070;23.01.2026;Шайба гровер М20 DIN 127 (А2, DIN 127);Нержавеющие метизы (ПК КСС);16;2009;;;23.01.2026;;
ПКНФ-000070;23.01.2026;Гайка шестигр. оц М16  (тыс шт);Оцинкованные метизы (ПК КСС);0.064;0.081;;27.06.2024;23.01.2026;;
ПКНФ-000070;23.01.2026;Труба 40х20х1.5 ГОСТ 8645-68;Черные трубы, листы, круги (ПК КСС);331.25;331.25;;;23.01.2026;;
ПКНФ-000070;23.01.2026;Труба 40х40х2 ГОСТ 8639-82;Черные трубы, листы, круги (ПК КСС);37.5;132.2;;;23.01.2026;;
ПКНФ-000070;23.01.2026;Труба 40х40х3 ГОСТ 8639-82;Черные трубы, листы, круги (ПК КСС);25;39.7;;;23.01.2026;;
ПКНФ-000070;23.01.2026;Труба 40х20х2 ГОСТ 8639-82;Черные трубы, листы, круги (ПК КСС);100;147.5;;29.01.2024;23.01.2026;;
ПКНФ-000070;23.01.2026;Труба 60х40х2 ГОСТ 8645-68;Черные трубы, листы, круги (ПК КСС);37.5;37.5;;;23.01.2026;;
ПКНФ-000070;23.01.2026;Труба 60х60х2  ГОСТ 8639-82;Черные трубы, листы, круги (ПК КСС);68.75;68.75;;;23.01.2026;;
ПКНФ-000070;23.01.2026;Шпилька М10 L1000 (А2, DIN975);Нержавеющие метизы (ПК КСС);1;1;;02.02.2026;23.01.2026;;
ПКНФ-000070;23.01.2026;Шпилька М20 L1000 (А2, DIN975);Нержавеющие метизы (ПК КСС);2;15;;;23.01.2026;;
ПКНФ-000070;23.01.2026;Анкерный болт с гайкой 12*120 HNM ПК (тыс);Оцинкованные метизы (ПК КСС);0.012;0.191;;;23.01.2026;;
ПКНФ-000070;23.01.2026;Болт М10*60 DIN 933 полная резьба  (А2, 10,0, 60,0, DIN 933);Нержавеющие метизы (ПК КСС);50;913;;;23.01.2026;;
ПКНФ-000070;23.01.2026;Болт М12*80 DIN 933 полная резьба  (А2, 12,0, 80,0, DIN 933);Нержавеющие метизы (ПК КСС);8;68;;;23.01.2026;;
ПКНФ-000070;23.01.2026;Гайка М10 DIN 934  (А2, 10,0, DIN 934);Нержавеющие метизы (ПК КСС);58;409;;19.06.2024;23.01.2026;;
ПКНФ-000070;23.01.2026;Гайка М12 DIN 934  (А2, 12,0, DIN 934);Нержавеющие метизы (ПК КСС);12;994;;;23.01.2026;;
ПКНФ-000070;23.01.2026;Гайка М18 DIN 934  (А2, 18,0, DIN 934);Нержавеющие метизы (ПК КСС);8;514;;;23.01.2026;;
ПКНФ-000070;23.01.2026;Гайка М20 DIN 934  (А2, 20,0, DIN 934);Нержавеющие метизы (ПК КСС);16;195;;;23.01.2026;;
ПКНФ-000070;23.01.2026;Грибок канализационный;Полиэтелен, корсис, прагма, НПВХ (ПК КСС);1;14;;27.01.2026;23.01.2026;;
ПКНФ-000070;23.01.2026;Карабин винтовой 4 мм;Крепеж и цепи, тали (ПК КСС);6;15;;;23.01.2026;;
ПКНФ-000070;23.01.2026;Манжета резиновая переходная D 110/124 Уп., черн;Полиэтелен, корсис, прагма, НПВХ (ПК КСС);2;34;;;23.01.2026;;
ПКНФ-000070;23.01.2026;Манжета резиновая переходная D 50/72 Уп., черн;Полиэтелен, корсис, прагма, НПВХ (ПК КСС);1;142;;;23.01.2026;;
ПКНФ-000070;23.01.2026;Отвод 90 гр. НПВХ DN110;Полиэтелен, корсис, прагма, НПВХ (ПК КСС);2;15;;;23.01.2026;;
ПКНФ-000070;23.01.2026;Поплавковый выключатель RL-1 10м;Датчики уровня, преобразователи, реле (ПК КСС);2;43;;05.02.2025;23.01.2026;;
ПКНФ-000070;23.01.2026;Прокладка (паронит) 150;Полиэтелен, корсис, прагма, НПВХ (ПК КСС);2;54;;;23.01.2026;;
ПКНФ-000070;23.01.2026;Прокладка (паронит) 50;Полиэтелен, корсис, прагма, НПВХ (ПК КСС);14;52;;;23.01.2026;;
ПКНФ-000070;23.01.2026;Проушина прямая 30х70мм;Расходные материалы (ПК КСС);2;209;;;23.01.2026;;
ПКНФ-000070;23.01.2026;Рым-гайка DIN 582 М10;Крепеж и цепи, тали (ПК КСС);6;27;;;23.01.2026;;
ПКНФ-000070;23.01.2026;Рым-гайка DIN 582 М 6;Крепеж и цепи, тали (ПК КСС);0.006;0.043;;17.02.2025;23.01.2026;;
ПКНФ-000070;23.01.2026;Скоба с вкручивающимся штифтом 0,33 т, 1/2т 1/4, тип G209, для насосов до 250 кг;Крепеж и цепи, тали (ПК КСС);6;5;;23.01.2026;23.01.2026;;
ПКНФ-000070;23.01.2026;Труба 110/3,2/0560 наружная канализация;Полиэтелен, корсис, прагма, НПВХ (ПК КСС);3;106;;;23.01.2026;;
ПКНФ-000070;23.01.2026;Труба двустенная для электропроводки d110 с протяжкой(внутр. d94)/ДКС ;Полиэтелен, корсис, прагма, НПВХ (ПК КСС);3;155;;;23.01.2026;;
ПКНФ-000070;23.01.2026;Труба двустенная для электропроводки d50 с протяжкой(внутр. d41,5) [ДКС] (код 19735) 121950;Полиэтелен, корсис, прагма, НПВХ (ПК КСС);3;98;;;23.01.2026;;
ПКНФ-000070;23.01.2026;Цепь короткозвенная 4мм DIN766 оцинк;Крепеж и цепи, тали (ПК КСС);13.9;272.96;;05.07.2024;23.01.2026;;
ПКНФ-000070;23.01.2026;Цепь Т6-6х18 мм ГОСТ 30441-97 (покрытие хим.окс.);Крепеж и цепи, тали (ПК КСС);21.6;23.6;;;23.01.2026;;
ПКНФ-000070;23.01.2026;Шайба  гровер М12 DIN 127 (А2, DIN 127);Нержавеющие метизы (ПК КСС);12;860.964;;;23.01.2026;;
ПКНФ-000070;23.01.2026;Шайба  гровер М18 DIN 127 (А2, DIN 127);Нержавеющие метизы (ПК КСС);8;1614;;;23.01.2026;;
ПКНФ-000070;23.01.2026;Шайба гроверная оц.М20 DIN 127;Оцинкованные метизы (ПК КСС);0.06;1.152;;;23.01.2026;;
ПКНФ-000070;23.01.2026;Шайба М10 DIN 125  (А2, DIN 125);Нержавеющие метизы (ПК КСС);116;138;;02.02.2026;23.01.2026;;
ПКНФ-000070;23.01.2026;Шайба  гровер М10 DIN 127 (А2, DIN 127);Нержавеющие метизы (ПК КСС);58;0;;;23.01.2026;;
ПКНФ-000070;23.01.2026;Шайба М12 DIN 125  (А2, DIN 125);Нержавеющие метизы (ПК КСС);24;395;;;23.01.2026;;
ПКНФ-000070;23.01.2026;Шайба М18 DIN 125  (А2, DIN 125);Нержавеющие метизы (ПК КСС);16;932;;;23.01.2026;;
ПКНФ-000070;23.01.2026;Шайба М20 DIN 125  (А2, DIN 125);Нержавеющие метизы (ПК КСС);16;1414;;;23.01.2026;;
ПКНФ-000070;23.01.2026;Шайба плоская оц. М6 DIN 125;Оцинкованные метизы (ПК КСС);0.006;0.59;;25.08.2025;23.01.2026;;
ПКНФ-000070;23.01.2026;Шайба плоская оц.М16  DIN 125;Оцинкованные метизы (ПК КСС);0.128;0.7;;27.06.2024;23.01.2026;;
ПКНФ-000070;23.01.2026;Шайба плоская оц.М20  DIN 125;Оцинкованные метизы (ПК КСС);0.12;0.486;;27.06.2024;23.01.2026;;
ПКНФ-000074;23.01.2026;Труба СВ 108,0х2,0мм 08Х18Н10 (AISI 304);Нержавеющие трубы, листы, круги, сетки(ПК КСС);1;6;;;23.01.2026;;
ПКНФ-000074;23.01.2026;Фланец 60,3 (AISI304, 08*18H10, PN10) свободный;Нержавеющие фланцы и фиттинги (ПК КСС);5;8;;;23.01.2026;;
ПКНФ-000074;23.01.2026;Отбортовка 60,3х2,0 AISI304;Нержавеющие фланцы и фиттинги (ПК КСС);10;19;16.05.2025;;23.01.2026;;
ПКНФ-000074;23.01.2026;Труба СВ  14,0х1,0мм 08Х18Н10 (AISI 304);Нержавеющие трубы, листы, круги, сетки(ПК КСС);1.5;3;;;23.01.2026;;
ПКНФ-000074;23.01.2026;Тройник 60,3 (3,0, AISI304 08X18H10) короткий;Нержавеющие фланцы и фиттинги (ПК КСС);2;2;16.04.2024;;23.01.2026;;
ПКНФ-000074;23.01.2026;Фланец 33,7 (PN16 AISI 304 08x18H10) воротниковый;Нержавеющие фланцы и фиттинги (ПК КСС);2;13;;;23.01.2026;;
ПКНФ-000074;23.01.2026;Ниппель приварной DN25 1  (33,7мм) (AISI304, 08Х18H10);Нержавеющие фланцы и фиттинги (ПК КСС);6;57;;03.06.2024;23.01.2026;;
ПКНФ-000074;23.01.2026;Отвод 33,7х2,0 мм AISI 304;Нержавеющие фланцы и фиттинги (ПК КСС);5;0;23.01.2026;03.06.2024;23.01.2026;;
ПКНФ-000074;23.01.2026;Тройник 33,7х2,0, AISI304 08X18H10) ;Нержавеющие фланцы и фиттинги (ПК КСС);2;0;23.01.2026;23.01.2026;23.01.2026;;
ПКНФ-000074;23.01.2026;Труба СВ  33,7х2,0мм 08Х18Н10 (AISI 304);Нержавеющие трубы, листы, круги, сетки(ПК КСС);11;27.4;;03.06.2024;23.01.2026;;
ПКНФ-000074;23.01.2026;Труба СВ  33,7х3,0мм 08Х18Н10 (AISI 304);Нержавеющие трубы, листы, круги, сетки(ПК КСС);26;50;;;23.01.2026;;
ПКНФ-000074;23.01.2026;Труба СВ  60,3х2,0мм 08Х18Н10 (AISI 304);Нержавеющие трубы, листы, круги, сетки(ПК КСС);10;17.5;09.09.2025;09.09.2025;23.01.2026;;
ПКНФ-000074;23.01.2026;Труба СВ 168,3х2,0мм 08Х18Н10 (AISI 304);Нержавеющие трубы, листы, круги, сетки(ПК КСС);1;9.3;;03.06.2024;23.01.2026;;
ПКНФ-000074;23.01.2026;Труба СВ 273,0х2,0мм 08Х18Н10 (AISI 304);Нержавеющие трубы, листы, круги, сетки(ПК КСС);1;4.9;;;23.01.2026;;
ПКНФ-000074;23.01.2026;Отвод 60,3х2,0 мм AISI 304;Нержавеющие фланцы и фиттинги (ПК КСС);3;8;09.09.2025;09.09.2025;23.01.2026;;
ПКНФ-000074;23.01.2026;Фланец 168,3 (AISI304, 08*18H10, PN10/16) плоский;Нержавеющие фланцы и фиттинги (ПК КСС);2;5;26.05.2025;26.05.2025;23.01.2026;;
ПКНФ-000074;23.01.2026;Фланец 168,3 (AISI304, 08*18H10, PN10/16) свободный;Нержавеющие фланцы и фиттинги (ПК КСС);1;5;;;23.01.2026;;
ПКНФ-000074;23.01.2026;Отбортовка 168,3х2,0 AISI304;Нержавеющие фланцы и фиттинги (ПК КСС);1;48;;;23.01.2026;;
ПКНФ-000074;23.01.2026;Труба СВ  76,1х2,0мм 08Х18Н10 (AISI 304);Нержавеющие трубы, листы, круги, сетки(ПК КСС);3.2;8.3;27.12.2024;;23.01.2026;;
ПКНФ-000074;23.01.2026;Фланец 60,3 (AISI304, 08*18H10, PN10/16) плоский;Нержавеющие фланцы и фиттинги (ПК КСС);2;7;23.01.2026;23.01.2026;23.01.2026;;
ПКНФ-000074;23.01.2026;Фланец 60,3 (AISI304, 08*18H10, PN6) плоский;Нержавеющие фланцы и фиттинги (ПК КСС);2;9;;;23.01.2026;;
ПКНФ-000082;23.01.2026;Карабин винтовой 5 мм;Крепеж и цепи, тали (ПК КСС);6;180;;;23.01.2026;;
ПКНФ-000082;23.01.2026;Автоматическая трубная муфта для насоса WQ DN200, TO-200, мощность 0.55кВт и выше (ПК);УПМ СNP (ПК КСС);3;3;;15.01.2026;23.01.2026;;
ПКНФ-000082;23.01.2026;7024.1 КСС ШУКПП- 3/3 -18,5кВт +УХЛ1;Шкафы управления (ПК КСС);1;0;;;23.01.2026;;
ПКНФ-000082;23.01.2026;Насос 200WQ250-15-18.5AC(I), 18.5кВт, без АТМ DN200, 4-х полюс.;Насосы CNP (ПК КСС);3;0;25.02.2026;25.02.2026;23.01.2026;;
ПКНФ-000082;23.01.2026;7024.1 - Трубопровод;Составные части трубопровода (Пк КСС);1;0;23.01.2026;;23.01.2026;ПКНФ-000148;22.01.2026
ПКНФ-000082;23.01.2026;7024.1 - Рама под УПМ, Балка под крышку;Составные части трубопровода (Пк КСС);1;0;02.02.2026;;23.01.2026;ПКНФ-000156;23.01.2026
ПКНФ-000082;23.01.2026;7024.1 - Направляющие под корзину  Площадка Лестница Балка транспортировочная Корзина;Составные части трубопровода (Пк КСС);1;0;23.01.2026;;23.01.2026;ПКНФ-000106;22.01.2026
ПКНФ-000082;23.01.2026;Болт оцинк. М6х40 DIN 933;Оцинкованные метизы (ПК КСС);0.006;0.136;;;23.01.2026;;
ПКНФ-000082;23.01.2026;Труба э/с 108*4,0 ГОСТ 10704-91;СНГ;0.088;0.18;;;23.01.2026;;
ПКНФ-000082;23.01.2026;Болт М12*40 DIN 933 полная резьба  (А2, 12,0, 45,0, DIN 933) ;Нержавеющие метизы (ПК КСС);9;206;;;23.01.2026;;
ПКНФ-000082;23.01.2026;Скоба такелажная М4;Крепеж и цепи, тали (ПК КСС);10;75;;;23.01.2026;;
ПКНФ-000082;23.01.2026;Труба 25х25х2  ГОСТ;Черные трубы, листы, круги (ПК КСС);116;214;;;23.01.2026;;
ПКНФ-000082;23.01.2026;Труба 60х30х2 ГОСТ 8639-82;Черные трубы, листы, круги (ПК КСС);18;121;;;23.01.2026;;
ПКНФ-000082;23.01.2026;Труба 400/9,8/580 наружная канализация;Полиэтелен, корсис, прагма, НПВХ (ПК КСС);1;0;;;23.01.2026;;
ПКНФ-000082;23.01.2026;Заглушка для трубы 40х40 мм пластик;Расходные материалы (ПК КСС);2;270;;;23.01.2026;;
ПКНФ-000082;23.01.2026;Болт оцинк. М20х60 DIN933;Оцинкованные метизы (ПК КСС);0.012;0.328;;;23.01.2026;;
ПКНФ-000082;23.01.2026;Клапан обратный шаровой DN200 PN10 канализационный;Арматура (ПК КСС);3;3;02.02.2026;02.02.2026;23.01.2026;;
ПКНФ-000082;23.01.2026;Гайка шестигр. оц. М20 DIN 934 тыс шт;Оцинкованные метизы (ПК КСС);0.084;1.199;;27.06.2024;23.01.2026;;
ПКНФ-000082;23.01.2026;Болт оцинк. М16х80  DIN933;Оцинкованные метизы (ПК КСС);0.022;0.355;;;23.01.2026;;
ПКНФ-000082;23.01.2026;Труба э/с 40х2 ГОСТ;Черные трубы, листы, круги (ПК КСС);71;108;;;23.01.2026;;
ПКНФ-000082;23.01.2026;Труба э/с 60х2,6 ГОСТ;Черные трубы, листы, круги (ПК КСС);12;87;;;23.01.2026;;
ПКНФ-000082;23.01.2026;Труба э/с 530х8 ГОСТ 10705-80;Черные трубы, листы, круги (ПК КСС);13;95;;;23.01.2026;;
ПКНФ-000082;23.01.2026;Труба э/с 325х7 ГОСТ 10705-80;Черные трубы, листы, круги (ПК КСС);14;114;;;23.01.2026;;
ПКНФ-000082;23.01.2026;Труба э/с 159х4,5 ГОСТ 10704-91;Черные трубы, листы, круги (ПК КСС);0.067;0.1;;;23.01.2026;;
ПКНФ-000082;23.01.2026;Труба э/с 133х4,0 ГОСТ 10704-91;Черные трубы, листы, круги (ПК КСС);17;17;;;23.01.2026;;
ПКНФ-000082;23.01.2026;Труба 50х25х2  ГОСТ 8639-82;Черные трубы, листы, круги (ПК КСС);13;156;;;23.01.2026;;
ПКНФ-000082;23.01.2026;Труба 40х25х2 ГОСТ;Черные трубы, листы, круги (ПК КСС);88;173;;;23.01.2026;;
ПКНФ-000082;23.01.2026;Задвижка 30ч39р Ду200 Pу10 штурвал;Арматура (ПК КСС);3;3;02.02.2026;02.02.2026;23.01.2026;;
ПКНФ-000082;23.01.2026;Заглушка для трубы 25х25 мм пластик;Расходные материалы (ПК КСС);4;0;23.04.2024;03.02.2026;23.01.2026;;
ПКНФ-000082;23.01.2026;Шайба гроверная оц. Ф16 DIN 127;Оцинкованные метизы (ПК КСС);0.022;0.31;;27.06.2024;23.01.2026;;
ПКНФ-000082;23.01.2026;Труба 60х40х4  ГОСТ 8639-82;Черные трубы, листы, круги (ПК КСС);84;201;;;23.01.2026;;
ПКНФ-000082;23.01.2026;Болт оцинк. М20х80 DIN933;Оцинкованные метизы (ПК КСС);0.072;0.1;;27.06.2024;23.01.2026;;
ПКНФ-000082;23.01.2026;Навесной замок с ключом GPLK-50L;Оцинкованные метизы (ПК КСС);2;64;;20.01.2025;23.01.2026;;
ПКНФ-000082;23.01.2026;Труба 20х20х2 ГОСТ 8639-82;Черные трубы, листы, круги (ПК КСС);100;289.8;;29.01.2024;23.01.2026;;
ПКНФ-000082;23.01.2026;Шайба гровер М20 DIN 127 (А2, DIN 127);Нержавеющие метизы (ПК КСС);12;2005;;;23.01.2026;;
ПКНФ-000082;23.01.2026;Гайка шестигр. оц М16  (тыс шт);Оцинкованные метизы (ПК КСС);0.022;0.087;;27.06.2024;23.01.2026;;
ПКНФ-000082;23.01.2026;Труба 40х20х1.5 ГОСТ 8645-68;Черные трубы, листы, круги (ПК КСС);29;111;;;23.01.2026;;
ПКНФ-000082;23.01.2026;Труба ВГП ОЦ 40х3 ГОСТ 3262-75 (м);Черные трубы, листы, круги (ПК КСС);32.4;119.2;;;23.01.2026;;
ПКНФ-000082;23.01.2026;Труба 40х40х3 ГОСТ 8639-82;Черные трубы, листы, круги (ПК КСС);100;204.4;;;23.01.2026;;
ПКНФ-000082;23.01.2026;Труба 40х20х2 ГОСТ 8639-82;Черные трубы, листы, круги (ПК КСС);18;136.5;;29.01.2024;23.01.2026;;
ПКНФ-000082;23.01.2026;Труба 60х60х2  ГОСТ 8639-82;Черные трубы, листы, круги (ПК КСС);76;207;;;23.01.2026;;
ПКНФ-000082;23.01.2026;Шпилька М10 L1000 (А2, DIN975);Нержавеющие метизы (ПК КСС);2;4;;02.02.2026;23.01.2026;;
ПКНФ-000082;23.01.2026;Анкерный болт с гайкой 16*180 HNM тыс;Оцинкованные метизы (ПК КСС);0.02;0.446;;10.06.2024;23.01.2026;;
ПКНФ-000082;23.01.2026;Болт М10*60 DIN 933 полная резьба  (А2, 10,0, 60,0, DIN 933);Нержавеющие метизы (ПК КСС);50;963;;;23.01.2026;;
ПКНФ-000082;23.01.2026;Болт М16*80 DIN 933 полная резьба  (А2, 16,0, 80,0, DIN 933);Нержавеющие метизы (ПК КСС);24;184;;;23.01.2026;;
ПКНФ-000082;23.01.2026;Болт М20*80 DIN 933 полная резьба  (А2, 20,0, 80,0, DIN 933);Нержавеющие метизы (ПК КСС);12;48;;;23.01.2026;;
ПКНФ-000082;23.01.2026;Гайка М10 DIN 934  (А2, 10,0, DIN 934);Нержавеющие метизы (ПК КСС);50;455;;19.06.2024;23.01.2026;;
ПКНФ-000082;23.01.2026;Гайка М12 DIN 934  (А2, 12,0, DIN 934);Нержавеющие метизы (ПК КСС);21;1007;;;23.01.2026;;
ПКНФ-000082;23.01.2026;Гайка М16 DIN 934  (А2, 16,0, DIN 934);Нержавеющие метизы (ПК КСС);24;236;25.04.2024;25.04.2024;23.01.2026;;
ПКНФ-000082;23.01.2026;Гайка М20 DIN 934  (А2, 20,0, DIN 934);Нержавеющие метизы (ПК КСС);12;191;;;23.01.2026;;
ПКНФ-000082;23.01.2026;Грибок канализационный;Полиэтелен, корсис, прагма, НПВХ (ПК КСС);1;15;;27.01.2026;23.01.2026;;
ПКНФ-000082;23.01.2026;Карабин винтовой 4 мм;Крепеж и цепи, тали (ПК КСС);10;25;;;23.01.2026;;
ПКНФ-000082;23.01.2026;Манжета резиновая переходная D 110/124 Уп., черн;Полиэтелен, корсис, прагма, НПВХ (ПК КСС);4;38;;;23.01.2026;;
ПКНФ-000082;23.01.2026;Манжета резиновая переходная D 50/72 Уп., черн;Полиэтелен, корсис, прагма, НПВХ (ПК КСС);1;143;;;23.01.2026;;
ПКНФ-000082;23.01.2026;Муфта Корсис DN400 (OD);Полиэтелен, корсис, прагма, НПВХ (ПК КСС);1;6;;;23.01.2026;;
ПКНФ-000082;23.01.2026;Отвод 90 гр. НПВХ DN110;Полиэтелен, корсис, прагма, НПВХ (ПК КСС);1;15;;;23.01.2026;;
ПКНФ-000082;23.01.2026;Поплавковый выключатель RL-1 10м;Датчики уровня, преобразователи, реле (ПК КСС);4;49;;05.02.2025;23.01.2026;;
ПКНФ-000082;23.01.2026;Прокладка (паронит) 200;Полиэтелен, корсис, прагма, НПВХ (ПК КСС);12;81;;;23.01.2026;;
ПКНФ-000082;23.01.2026;Проушина прямая 30х70мм;Расходные материалы (ПК КСС);4;213;;;23.01.2026;;
ПКНФ-000082;23.01.2026;Рым-гайка DIN 582 М10;Крепеж и цепи, тали (ПК КСС);6;33;;;23.01.2026;;
ПКНФ-000082;23.01.2026;Рым-гайка DIN 582 М 6;Крепеж и цепи, тали (ПК КСС);0.006;0.049;;17.02.2025;23.01.2026;;
ПКНФ-000082;23.01.2026;Скоба с вкручивающимся штифтом 0,33 т, 1/2т 1/4, тип G209, для насосов до 250 кг;Крепеж и цепи, тали (ПК КСС);6;17;;23.01.2026;23.01.2026;;
ПКНФ-000082;23.01.2026;Труба 110/3,2/0560 наружная канализация;Полиэтелен, корсис, прагма, НПВХ (ПК КСС);2;107;;;23.01.2026;;
ПКНФ-000082;23.01.2026;Труба двустенная для электропроводки d110 с протяжкой(внутр. d94)/ДКС ;Полиэтелен, корсис, прагма, НПВХ (ПК КСС);3;158;;;23.01.2026;;
ПКНФ-000082;23.01.2026;Труба двустенная для электропроводки d50 с протяжкой(внутр. d41,5) [ДКС] (код 19735) 121950;Полиэтелен, корсис, прагма, НПВХ (ПК КСС);3;101;;;23.01.2026;;
ПКНФ-000082;23.01.2026;Цепь короткозвенная 4мм DIN766 оцинк;Крепеж и цепи, тали (ПК КСС);18.4;288.56;;05.07.2024;23.01.2026;;
ПКНФ-000082;23.01.2026;Цепь Т6-6х18 мм ГОСТ 30441-97 (покрытие хим.окс.);Крепеж и цепи, тали (ПК КСС);22.8;40.4;;;23.01.2026;;
ПКНФ-000082;23.01.2026;Шайба  гровер М12 DIN 127 (А2, DIN 127);Нержавеющие метизы (ПК КСС);21;877.964;;;23.01.2026;;
ПКНФ-000082;23.01.2026;Шайба гроверная оц.М20 DIN 127;Оцинкованные метизы (ПК КСС);0.084;1.188;;;23.01.2026;;
ПКНФ-000082;23.01.2026;Шайба М10 DIN 125  (А2, DIN 125);Нержавеющие метизы (ПК КСС);100;230;;02.02.2026;23.01.2026;;
ПКНФ-000082;23.01.2026;Шайба  гровер М10 DIN 127 (А2, DIN 127);Нержавеющие метизы (ПК КСС);50;0;;;23.01.2026;;
ПКНФ-000082;23.01.2026;Шайба М12 DIN 125  (А2, DIN 125);Нержавеющие метизы (ПК КСС);42;414;;;23.01.2026;;
ПКНФ-000082;23.01.2026;Шайба М16 DIN 125  (А2, DIN 125);Нержавеющие метизы (ПК КСС);48;667;;;23.01.2026;;
ПКНФ-000082;23.01.2026;Шайба гровер М16 DIN 127 (А2, DIN 127);Нержавеющие метизы (ПК КСС);24;1668;;;23.01.2026;;
ПКНФ-000082;23.01.2026;Шайба М20 DIN 125  (А2, DIN 125);Нержавеющие метизы (ПК КСС);24;1422;;;23.01.2026;;
ПКНФ-000082;23.01.2026;Шайба плоская оц. М6 DIN 125;Оцинкованные метизы (ПК КСС);0.006;0.596;;25.08.2025;23.01.2026;;
ПКНФ-000082;23.01.2026;Шайба плоская оц.М16  DIN 125;Оцинкованные метизы (ПК КСС);0.044;0.712;;27.06.2024;23.01.2026;;
ПКНФ-000082;23.01.2026;Шайба плоская оц.М20  DIN 125;Оцинкованные метизы (ПК КСС);0.168;0.558;;27.06.2024;23.01.2026;;
ПКНФ-000123;23.01.2026;Карабин винтовой 5 мм;Крепеж и цепи, тали (ПК КСС);6;174;;;23.01.2026;;
ПКНФ-000123;23.01.2026;579 КСС ШУКПП- 2/3 -30кВт +Расходомер+УХЛ1;Шкафы управления (ПК КСС);1;0;08.12.2025;;23.01.2026;;
ПКНФ-000123;23.01.2026;Канализационный насос WQ2290-4172A-200;Насосы Kaiquan(ПК КСС);2;0;10.03.2026;10.03.2026;23.01.2026;;
ПКНФ-000123;23.01.2026;Болт оцинк. М6х40 DIN 933;Оцинкованные метизы (ПК КСС);0.002;0.126;;;23.01.2026;;
ПКНФ-000123;23.01.2026;579 - Трубопровод;Составные части трубопровода (Пк КСС);1;0;04.02.2026;;23.01.2026;ПКНФ-000112;22.01.2026
ПКНФ-000123;23.01.2026;579 - Рама под УПМ Балка под крышку Направляющ. насосов;Составные части трубопровода (Пк КСС);1;0;04.02.2026;;23.01.2026;ПКНФ-000105;22.01.2026
ПКНФ-000123;23.01.2026;579 - Площадка Лестница Корзина и ее направляющие Транспортировочная балка;Составные части трубопровода (Пк КСС);1;0;04.02.2026;;23.01.2026;ПКНФ-000111;22.01.2026
ПКНФ-000123;23.01.2026;Труба э/с 108*4,0 ГОСТ 10704-91;СНГ;0.025;0.025;;;23.01.2026;;
ПКНФ-000123;23.01.2026;Скоба такелажная М4;Крепеж и цепи, тали (ПК КСС);10;69;;;23.01.2026;;
ПКНФ-000123;23.01.2026;Труба 25х25х2  ГОСТ;Черные трубы, листы, круги (ПК КСС);412.5;425.5;;;23.01.2026;;
ПКНФ-000123;23.01.2026;Труба 60х30х2 ГОСТ 8639-82;Черные трубы, листы, круги (ПК КСС);31.25;31.25;;;23.01.2026;;
ПКНФ-000123;23.01.2026;Болт оцинк. М12х60 DIN933;Оцинкованные метизы (ПК КСС);0.004;0.404;;03.06.2024;23.01.2026;;
ПКНФ-000123;23.01.2026;Шайба плоская оц. М12  DIN 125;Оцинкованные метизы (ПК КСС);0.004;0.707;;03.06.2024;23.01.2026;;
ПКНФ-000123;23.01.2026;Заглушка для трубы 40х40 мм пластик;Расходные материалы (ПК КСС);2;268;;;23.01.2026;;
ПКНФ-000123;23.01.2026;Расходомер ЭТАЛОН-РМ-1К2Л-RS485-250ФЛ/50М-И (Одноканальный двухлучевой Р=1,6 МПа, RS485, архив, усил;Расходомеры, манометры (ПК КСС);2;0;09.02.2026;09.02.2026;23.01.2026;;
ПКНФ-000123;23.01.2026;Труба э/с 40х2 ГОСТ;Черные трубы, листы, круги (ПК КСС);62.5;62.5;;;23.01.2026;;
ПКНФ-000123;23.01.2026;Труба э/с 60х2,6 ГОСТ;Черные трубы, листы, круги (ПК КСС);37.5;37.5;;;23.01.2026;;
ПКНФ-000123;23.01.2026;Труба э/с 530х8 ГОСТ 10705-80;Черные трубы, листы, круги (ПК КСС);50;50;;;23.01.2026;;
ПКНФ-000123;23.01.2026;Труба э/с 159х4,5 ГОСТ 10704-91;Черные трубы, листы, круги (ПК КСС);0.094;0.094;;;23.01.2026;;
ПКНФ-000123;23.01.2026;Труба 50х25х2  ГОСТ 8639-82;Черные трубы, листы, круги (ПК КСС);56.25;83.25;;;23.01.2026;;
ПКНФ-000123;23.01.2026;Труба 40х25х2 ГОСТ;Черные трубы, листы, круги (ПК КСС);137.5;137.5;;;23.01.2026;;
ПКНФ-000123;23.01.2026;Задвижка 30ч39р Ду250 Pу10 штурвал;Арматура (ПК КСС);3;6;;;23.01.2026;;
ПКНФ-000123;23.01.2026;Заглушка для трубы 25х25 мм пластик;Расходные материалы (ПК КСС);2;0;23.04.2024;03.02.2026;23.01.2026;;
ПКНФ-000123;23.01.2026;Шайба оцинк гровер М12 DIN 127;Оцинкованные метизы (ПК КСС);0.004;0.722;;03.06.2024;23.01.2026;;
ПКНФ-000123;23.01.2026;Труба 60х40х4  ГОСТ 8639-82;Черные трубы, листы, круги (ПК КСС);50;54;;;23.01.2026;;
ПКНФ-000123;23.01.2026;Навесной замок с ключом GPLK-50L;Оцинкованные метизы (ПК КСС);1;62;;20.01.2025;23.01.2026;;
ПКНФ-000123;23.01.2026;Автоматическая трубная муфта 200WQL-00A;Другие насосы и УПМ (ПК КСС);2;2;;;23.01.2026;;
ПКНФ-000123;23.01.2026;Труба 20х20х2 ГОСТ 8639-82;Черные трубы, листы, круги (ПК КСС);115.625;155.425;;29.01.2024;23.01.2026;;
ПКНФ-000123;23.01.2026;Шайба гровер М20 DIN 127 (А2, DIN 127);Нержавеющие метизы (ПК КСС);48;2041;;;23.01.2026;;
ПКНФ-000123;23.01.2026;Болт М24*100 DIN 933 полная резьба  (А2, 24,0, 100,0, DIN 933);Нержавеющие метизы (ПК КСС);48;0;;;23.01.2026;;
ПКНФ-000123;23.01.2026;Болт М20*100 DIN 933 полная резьба  (А2, 20,0, 90,0, DIN 933);Нержавеющие метизы (ПК КСС);48;66;;;23.01.2026;;
ПКНФ-000123;23.01.2026;Гайка шестигр. оц М12 DIN934;Оцинкованные метизы (ПК КСС);0.004;1.196;;03.06.2024;23.01.2026;;
ПКНФ-000123;23.01.2026;Труба 40х20х1.5 ГОСТ 8645-68;Черные трубы, листы, круги (ПК КСС);331.25;331.25;;;23.01.2026;;
ПКНФ-000123;23.01.2026;Труба 40х40х2 ГОСТ 8639-82;Черные трубы, листы, круги (ПК КСС);37.5;134.7;;;23.01.2026;;
ПКНФ-000123;23.01.2026;Труба 40х40х3 ГОСТ 8639-82;Черные трубы, листы, круги (ПК КСС);25;38.4;;;23.01.2026;;
ПКНФ-000123;23.01.2026;Труба 40х20х2 ГОСТ 8639-82;Черные трубы, листы, круги (ПК КСС);100;147.5;;29.01.2024;23.01.2026;;
ПКНФ-000123;23.01.2026;Труба 60х40х2 ГОСТ 8645-68;Черные трубы, листы, круги (ПК КСС);37.5;37.5;;;23.01.2026;;
ПКНФ-000123;23.01.2026;Труба 60х60х2  ГОСТ 8639-82;Черные трубы, листы, круги (ПК КСС);68.75;68.75;;;23.01.2026;;
ПКНФ-000123;23.01.2026;Шпилька М10 L1000 (А2, DIN975);Нержавеющие метизы (ПК КСС);2;0;;02.02.2026;23.01.2026;;
ПКНФ-000123;23.01.2026;Анкерный болт с гайкой 16*180 HNM тыс;Оцинкованные метизы (ПК КСС);0.016;0.426;;10.06.2024;23.01.2026;;
ПКНФ-000123;23.01.2026;Болт М10*60 DIN 933 полная резьба  (А2, 10,0, 60,0, DIN 933);Нержавеющие метизы (ПК КСС);50;863;;;23.01.2026;;
ПКНФ-000123;23.01.2026;Болт М12*60 DIN 933 полная резьба  (А2, 12,0, 60,0, DIN 933);Нержавеющие метизы (ПК КСС);30;326;;;23.01.2026;;
ПКНФ-000123;23.01.2026;Болт М16*80 DIN 933 полная резьба  (А2, 16,0, 80,0, DIN 933);Нержавеющие метизы (ПК КСС);16;160;;;23.01.2026;;
ПКНФ-000123;23.01.2026;Болт М30*090 DIN 933 полная резьба  (А2, 30,0, 90,0, DIN 933);Нержавеющие метизы (ПК КСС);24;0;;;23.01.2026;;
ПКНФ-000123;23.01.2026;Гайка М10 DIN 934  (А2, 10,0, DIN 934);Нержавеющие метизы (ПК КСС);50;351;;19.06.2024;23.01.2026;;
ПКНФ-000123;23.01.2026;Гайка М12 DIN 934  (А2, 12,0, DIN 934);Нержавеющие метизы (ПК КСС);30;1012;;;23.01.2026;;
ПКНФ-000123;23.01.2026;Гайка М20 DIN 934  (А2, 20,0, DIN 934);Нержавеющие метизы (ПК КСС);48;227;;;23.01.2026;;
ПКНФ-000123;23.01.2026;Гайка М24 DIN 934  (А2, 24,0, DIN 934);Нержавеющие метизы (ПК КСС);48;782;;08.10.2024;23.01.2026;;
ПКНФ-000123;23.01.2026;Гайка М30 DIN 934  (А2, 20,0, DIN 934);Нержавеющие метизы (ПК КСС);24;70;;;23.01.2026;;
ПКНФ-000123;23.01.2026;Грибок канализационный;Полиэтелен, корсис, прагма, НПВХ (ПК КСС);1;14;;27.01.2026;23.01.2026;;
ПКНФ-000123;23.01.2026;Карабин винтовой 4 мм;Крепеж и цепи, тали (ПК КСС);10;19;;;23.01.2026;;
ПКНФ-000123;23.01.2026;Клапан обратный шаровой DN250 PN10 канализационный;Арматура (ПК КСС);2;5;;;23.01.2026;;
ПКНФ-000123;23.01.2026;Манжета резиновая переходная D 110/124 Уп., черн;Полиэтелен, корсис, прагма, НПВХ (ПК КСС);2;34;;;23.01.2026;;
ПКНФ-000123;23.01.2026;Манжета резиновая переходная D 50/72 Уп., черн;Полиэтелен, корсис, прагма, НПВХ (ПК КСС);1;142;;;23.01.2026;;
ПКНФ-000123;23.01.2026;Отвод 90 гр. НПВХ DN110;Полиэтелен, корсис, прагма, НПВХ (ПК КСС);1;14;;;23.01.2026;;
ПКНФ-000123;23.01.2026;Поплавковый выключатель RL-1 10м;Датчики уровня, преобразователи, реле (ПК КСС);4;45;;05.02.2025;23.01.2026;;
ПКНФ-000123;23.01.2026;Прокладка (паронит) 200;Полиэтелен, корсис, прагма, НПВХ (ПК КСС);2;71;;;23.01.2026;;
ПКНФ-000123;23.01.2026;Прокладка (паронит) 250;Полиэтелен, корсис, прагма, НПВХ (ПК КСС);12;86;;;23.01.2026;;
ПКНФ-000123;23.01.2026;Проушина прямая 30х70мм;Расходные материалы (ПК КСС);2;209;;;23.01.2026;;
ПКНФ-000123;23.01.2026;Рым-гайка DIN 582 М10;Крепеж и цепи, тали (ПК КСС);2;23;;;23.01.2026;;
ПКНФ-000123;23.01.2026;Рым-гайка DIN 582 М 6;Крепеж и цепи, тали (ПК КСС);0.002;0.039;;17.02.2025;23.01.2026;;
ПКНФ-000123;23.01.2026;Скоба с вкручивающимся штифтом 0,33 т, 1/2т 1/4, тип G209, для насосов до 250 кг;Крепеж и цепи, тали (ПК КСС);6;5;;23.01.2026;23.01.2026;;
ПКНФ-000123;23.01.2026;Труба двустенная для электропроводки d110 с протяжкой(внутр. d94)/ДКС ;Полиэтелен, корсис, прагма, НПВХ (ПК КСС);4;156;;;23.01.2026;;
ПКНФ-000123;23.01.2026;Труба двустенная для электропроводки d50 с протяжкой(внутр. d41,5) [ДКС] (код 19735) 121950;Полиэтелен, корсис, прагма, НПВХ (ПК КСС);1;96;;;23.01.2026;;
ПКНФ-000123;23.01.2026;Цепь короткозвенная 4мм DIN766 оцинк;Крепеж и цепи, тали (ПК КСС);18.3;277.36;;05.07.2024;23.01.2026;;
ПКНФ-000123;23.01.2026;Цепь Т6-6х18 мм ГОСТ 30441-97 (покрытие хим.окс.);Крепеж и цепи, тали (ПК КСС);21;2;;;23.01.2026;;
ПКНФ-000123;23.01.2026;Шайба  гровер М12 DIN 127 (А2, DIN 127);Нержавеющие метизы (ПК КСС);30;878.964;;;23.01.2026;;
ПКНФ-000123;23.01.2026;Шайба гровер М24 DIN 127 (А2, DIN 127);Нержавеющие метизы (ПК КСС);48;445;;08.10.2024;23.01.2026;;
ПКНФ-000123;23.01.2026;Шайба М10 DIN 125  (А2, DIN 125);Нержавеющие метизы (ПК КСС);100;22;;02.02.2026;23.01.2026;;
ПКНФ-000123;23.01.2026;Шайба  гровер М10 DIN 127 (А2, DIN 127);Нержавеющие метизы (ПК КСС);50;0;;;23.01.2026;;
ПКНФ-000123;23.01.2026;Шайба М12 DIN 125  (А2, DIN 125);Нержавеющие метизы (ПК КСС);60;431;;;23.01.2026;;
ПКНФ-000123;23.01.2026;Шайба М16 DIN 125  (А2, DIN 125);Нержавеющие метизы (ПК КСС);32;619;;;23.01.2026;;
ПКНФ-000123;23.01.2026;Шайба гровер М16 DIN 127 (А2, DIN 127);Нержавеющие метизы (ПК КСС);32;1660;;;23.01.2026;;
ПКНФ-000123;23.01.2026;Шайба М20 DIN 125  (А2, DIN 125);Нержавеющие метизы (ПК КСС);96;1494;;;23.01.2026;;
ПКНФ-000123;23.01.2026;Шайба М24 DIN 125  (А2, DIN 125);Нержавеющие метизы (ПК КСС);96;916;;;23.01.2026;;
ПКНФ-000123;23.01.2026;Шайба М30 DIN 125  (А2, DIN 125);Нержавеющие метизы (ПК КСС);48;74;;;23.01.2026;;
ПКНФ-000123;23.01.2026;Шайба  гровер М30 DIN 127 (А2, DIN 127);Нержавеющие метизы (ПК КСС);24;0;;;23.01.2026;;
ПКНФ-000123;23.01.2026;Шайба плоская оц. М6 DIN 125;Оцинкованные метизы (ПК КСС);0.002;0.586;;25.08.2025;23.01.2026;;
ПКНФ-000133;23.01.2026;Болт оцинк. М16х140 DIN933;Оцинкованные метизы (ПК КСС);0.032;0.279;;;23.01.2026;;
ПКНФ-000133;23.01.2026;Труба PPR SDR 6 PN20 50/8,3/4000 мм, БЕЛАЯ, Pro Aqua PA10014;Полиэтелен, корсис, прагма, НПВХ (ПК КСС);8;28;;;23.01.2026;;
ПКНФ-000133;23.01.2026;Муфта PPR комбинированная 50х1 1/2""НР под ключ, белая, Pro Aqua PA23522P;Полиэтелен, корсис, прагма, НПВХ (ПК КСС);3;8;;;23.01.2026;;
ПКНФ-000133;23.01.2026;Муфта PPR комбинированная 50х1 1/2""ВР под ключ, белая, Pro Aqua PA22522P;Полиэтелен, корсис, прагма, НПВХ (ПК КСС);2;6;;;23.01.2026;;
ПКНФ-000133;23.01.2026;Угольник PPR 50/90°, белый, Pro Aqua PA13016P;Полиэтелен, корсис, прагма, НПВХ (ПК КСС);1;2;;;23.01.2026;;
ПКНФ-000133;23.01.2026;7719.5 корпус - Трубопровод, патрубки;Составные части трубопровода (Пк КСС);1;0;12.01.2026;;23.01.2026;ПКНФ-000030;14.01.2026
ПКНФ-000133;23.01.2026;7719.5 корпус - Лестница;Составные части трубопровода (Пк КСС);1;0;12.01.2026;;23.01.2026;ПКНФ-000029;14.01.2026
ПКНФ-000133;23.01.2026;7719.5 корпус - Рама под установку Балка под крышку Транспортировочные петли Подставки под трубоп;Составные части трубопровода (Пк КСС);1;0;12.01.2026;;23.01.2026;ПКНФ-000031;23.01.2026
ПКНФ-000133;23.01.2026;Установка подачи воды для пожаротушения КСС-П-3 CDM20-5+АВР+2ЭЗ+РК;Установки ВНС и ПНС (ПК КСС);1;0;16.01.2026;;23.01.2026;ПКНФ-000022;12.01.2026
ПКНФ-000133;23.01.2026;Труба 110/3,2/6060 наружная канализация;Полиэтелен, корсис, прагма, НПВХ (ПК КСС);0.4;2;;;23.01.2026;;
ПКНФ-000133;23.01.2026;Труба э/с 108*4,0 ГОСТ 10704-91;СНГ;0.025;0.025;;;23.01.2026;;
ПКНФ-000133;23.01.2026;Шайба гроверная оц.Ф10 DIN 127;Оцинкованные метизы (ПК КСС);0.04;0.04;;;23.01.2026;;
ПКНФ-000133;23.01.2026;Гайка шестигр.М10 оц. DIN934;Оцинкованные метизы (ПК КСС);0.04;0.43;07.10.2024;07.10.2024;23.01.2026;;
ПКНФ-000133;23.01.2026;Скоба такелажная М4;Крепеж и цепи, тали (ПК КСС);4;63;;;23.01.2026;;
ПКНФ-000133;23.01.2026;Труба 25х25х2  ГОСТ;Черные трубы, листы, круги (ПК КСС);412.5;495.5;;;23.01.2026;;
ПКНФ-000133;23.01.2026;Болт оцинк. М10х60 DIN933;Оцинкованные метизы (ПК КСС);0.04;0.558;;;23.01.2026;;
ПКНФ-000133;23.01.2026;Труба 60х30х2 ГОСТ 8639-82;Черные трубы, листы, круги (ПК КСС);31.25;94.25;;;23.01.2026;;
ПКНФ-000133;23.01.2026;Болт оцинк. М12х60 DIN933;Оцинкованные метизы (ПК КСС);0.006;0.406;;03.06.2024;23.01.2026;;
ПКНФ-000133;23.01.2026;Шайба плоская оц. М12  DIN 125;Оцинкованные метизы (ПК КСС);0.012;0.743;;03.06.2024;23.01.2026;;
ПКНФ-000133;23.01.2026;Болт оцинк. М20х60 DIN933;Оцинкованные метизы (ПК КСС);0.012;0.316;;;23.01.2026;;
ПКНФ-000133;23.01.2026;Гайка шестигр. оц. М20 DIN 934 тыс шт;Оцинкованные метизы (ПК КСС);0.012;1.115;;27.06.2024;23.01.2026;;
ПКНФ-000133;23.01.2026;Болт оцинк. М16х80  DIN933;Оцинкованные метизы (ПК КСС);0.032;0.329;;;23.01.2026;;
ПКНФ-000133;23.01.2026;Ниппель приварной (резьба) DN40 1 1/2"" чермет;Черные фланцы и фиттинги (ПК КСС);2;5;;;23.01.2026;;
ПКНФ-000133;23.01.2026;Труба э/с 40х2 ГОСТ;Черные трубы, листы, круги (ПК КСС);62.5;62.5;;;23.01.2026;;
ПКНФ-000133;23.01.2026;Труба э/с 60х2,6 ГОСТ;Черные трубы, листы, круги (ПК КСС);37.5;179.5;;;23.01.2026;;
ПКНФ-000133;23.01.2026;Труба э/с 530х8 ГОСТ 10705-80;Черные трубы, листы, круги (ПК КСС);50;50;;;23.01.2026;;
ПКНФ-000133;23.01.2026;Труба э/с 159х4,5 ГОСТ 10704-91;Черные трубы, листы, круги (ПК КСС);0.09;0.09;;;23.01.2026;;
ПКНФ-000133;23.01.2026;Труба 50х25х2  ГОСТ 8639-82;Черные трубы, листы, круги (ПК КСС);56.25;83.25;;;23.01.2026;;
ПКНФ-000133;23.01.2026;Труба 40х25х2 ГОСТ;Черные трубы, листы, круги (ПК КСС);137.5;197.5;;;23.01.2026;;
ПКНФ-000133;23.01.2026;Шаровой кран латунный 1 1/2"" ВР-НР, ручка-рычаг, красный - полнопрох. с полусгоном, MVI BV.920.08;Арматура (ПК КСС);1;2;;;23.01.2026;;
ПКНФ-000133;23.01.2026;Шпилька резьб. DIN 975 М8х1000  оц. ;Оцинкованные метизы (ПК КСС);1;68;;;23.01.2026;;
ПКНФ-000133;23.01.2026;Заглушка для трубы 25х25 мм пластик;Расходные материалы (ПК КСС);2;0;23.04.2024;03.02.2026;23.01.2026;;
ПКНФ-000133;23.01.2026;Затвор поворотный межфланцевый ABRA BUV-VF866D150H DN100 PN16/10 корпус GG25 / диск AISI316 / седло ;Арматура (ПК КСС);4;4;;;23.01.2026;;
ПКНФ-000133;23.01.2026;Гибкая вставка эластичная - антивибрационный компенсатор (виброкомпенсатор) DN100 PN10, фланец/флане;Арматура (ПК КСС);4;10;03.05.2024;;23.01.2026;;
ПКНФ-000133;23.01.2026;Шайба оцинк гровер М12 DIN 127;Оцинкованные метизы (ПК КСС);0.006;0.728;;03.06.2024;23.01.2026;;
ПКНФ-000133;23.01.2026;Шайба гроверная оц. Ф16 DIN 127;Оцинкованные метизы (ПК КСС);0.064;0.332;;27.06.2024;23.01.2026;;
ПКНФ-000133;23.01.2026;Труба 60х40х4  ГОСТ 8639-82;Черные трубы, листы, круги (ПК КСС);50;154;;;23.01.2026;;
ПКНФ-000133;23.01.2026;Насос дренажный «Leo» QDX 6-18-0.75А (закрытая крыльчатка) (ПК);Насосы LEO/ОНИС (ПК КСС);1;3;29.01.2026;29.01.2026;23.01.2026;;
ПКНФ-000133;23.01.2026;Обратный клапан с лат. сердечником AquaHit 1 1/2"", MVI CV.320.08;Арматура (ПК КСС);1;11;;;23.01.2026;;
ПКНФ-000133;23.01.2026;Шайба плоская оц. М10  DIN 125;Оцинкованные метизы (ПК КСС);0.08;0.362;;25.08.2025;23.01.2026;;
ПКНФ-000133;23.01.2026;Навесной замок с ключом GPLK-50L;Оцинкованные метизы (ПК КСС);2;64;;20.01.2025;23.01.2026;;
ПКНФ-000133;23.01.2026;Труба 20х20х2 ГОСТ 8639-82;Черные трубы, листы, круги (ПК КСС);115.625;285.425;;29.01.2024;23.01.2026;;
ПКНФ-000133;23.01.2026;Гайка шестигр. оц М12 DIN934;Оцинкованные метизы (ПК КСС);0.006;1.202;;03.06.2024;23.01.2026;;
ПКНФ-000133;23.01.2026;Гайка шестигр. оц М16  (тыс шт);Оцинкованные метизы (ПК КСС);0.064;0.081;;27.06.2024;23.01.2026;;
ПКНФ-000133;23.01.2026;Труба 40х20х1.5 ГОСТ 8645-68;Черные трубы, листы, круги (ПК КСС);331.25;418.25;;;23.01.2026;;
ПКНФ-000133;23.01.2026;Труба 40х40х2 ГОСТ 8639-82;Черные трубы, листы, круги (ПК КСС);37.5;142.2;;;23.01.2026;;
ПКНФ-000133;23.01.2026;Труба ВГП ОЦ 40х3,5 ГОСТ 3262-75 (м);Черные трубы, листы, круги (ПК КСС);0.2;7.8;;;23.01.2026;;
ПКНФ-000133;23.01.2026;Труба 40х40х3 ГОСТ 8639-82;Черные трубы, листы, круги (ПК КСС);25;42.9;;;23.01.2026;;
ПКНФ-000133;23.01.2026;Труба 40х20х2 ГОСТ 8639-82;Черные трубы, листы, круги (ПК КСС);100;199;;29.01.2024;23.01.2026;;
ПКНФ-000133;23.01.2026;Труба 60х40х2 ГОСТ 8645-68;Черные трубы, листы, круги (ПК КСС);37.5;87.5;;;23.01.2026;;
ПКНФ-000133;23.01.2026;Труба 60х60х2  ГОСТ 8639-82;Черные трубы, листы, круги (ПК КСС);68.75;81.75;;;23.01.2026;;
ПКНФ-000133;23.01.2026;Шпилька М10 L1000 (А2, DIN975);Нержавеющие метизы (ПК КСС);1;1;;02.02.2026;23.01.2026;;
ПКНФ-000133;23.01.2026;Анкерный болт с гайкой 16*180 HNM тыс;Оцинкованные метизы (ПК КСС);0.022;0.452;;10.06.2024;23.01.2026;;
ПКНФ-000133;23.01.2026;Грибок канализационный;Полиэтелен, корсис, прагма, НПВХ (ПК КСС);2;16;;27.01.2026;23.01.2026;;
ПКНФ-000133;23.01.2026;Карабин винтовой 4 мм;Крепеж и цепи, тали (ПК КСС);4;13;;;23.01.2026;;
ПКНФ-000133;23.01.2026;Манжета резиновая переходная D 110/124 Уп., черн;Полиэтелен, корсис, прагма, НПВХ (ПК КСС);3;36;;;23.01.2026;;
ПКНФ-000133;23.01.2026;Проушина прямая 30х70мм;Расходные материалы (ПК КСС);4;213;;;23.01.2026;;
ПКНФ-000133;23.01.2026;Труба 110/3,2/0560 наружная канализация;Полиэтелен, корсис, прагма, НПВХ (ПК КСС);1;106;;;23.01.2026;;
ПКНФ-000133;23.01.2026;Труба 160/4,0/2000 наружная канализация;Полиэтелен, корсис, прагма, НПВХ (ПК КСС);1;10;;;23.01.2026;;
ПКНФ-000133;23.01.2026;Труба двустенная для электропроводки d110 с протяжкой(внутр. d94)/ДКС ;Полиэтелен, корсис, прагма, НПВХ (ПК КСС);3;157;;;23.01.2026;;
ПКНФ-000133;23.01.2026;Уплотнитель кольцевого пространства марки АктивРинг ТУ 2531-002-58859224-2014 изм. 1 (АР 265 оцинк) ;Полиэтелен, корсис, прагма, НПВХ (ПК КСС);40;40;;;23.01.2026;;
ПКНФ-000133;23.01.2026;Цепь короткозвенная 4мм DIN766 оцинк;Крепеж и цепи, тали (ПК КСС);4;263.06;;05.07.2024;23.01.2026;;
ПКНФ-000133;23.01.2026;Шайба гроверная оц.М20 DIN 127;Оцинкованные метизы (ПК КСС);0.012;1.104;;;23.01.2026;;
ПКНФ-000133;23.01.2026;Шайба плоская оц.М16  DIN 125;Оцинкованные метизы (ПК КСС);0.128;0.64;;27.06.2024;23.01.2026;;
ПКНФ-000133;23.01.2026;Шайба плоская оц.М20  DIN 125;Оцинкованные метизы (ПК КСС);0.024;0.39;;27.06.2024;23.01.2026;;
ПКНФ-000133;23.01.2026;Электроконвектор ЭВПТ-2,0 IP54;Расходомеры, манометры (ПК КСС);1;4;;;23.01.2026;;
ПКНФ-000147;23.01.2026;Профиль ПН(0,6) 50/40 L= 3 м /12шт-360 шт/;Расходные материалы (ПК КСС);13;13;;;23.01.2026;;
ПКНФ-000147;23.01.2026;Профиль ПН(0,6) 75/40 L= 3 м /12шт-240 шт/;Расходные материалы (ПК КСС);75;75;;;23.01.2026;;
ПКНФ-000147;23.01.2026;Профиль пс (0,6) 50/50 L= 3 м /12шт-300шт/;Расходные материалы (ПК КСС);20;20;;;23.01.2026;;
ПКНФ-000147;23.01.2026;Арматура А-1 8 мм;Черные трубы, листы, круги (ПК КСС);110;116;;04.12.2025;23.01.2026;;
ПКНФ-000147;23.01.2026;Прокладка (паронит) 125;Полиэтелен, корсис, прагма, НПВХ (ПК КСС);24;63;;;23.01.2026;;
ПКНФ-000147;23.01.2026;Задвижка шиберная двухсторонняя SP Ду 500 Pу5 нев.шток. редуктор+платформа;Арматура (ПК КСС);1;1;;;23.01.2026;;
ПКНФ-000147;23.01.2026;Упорный фланец F14, колонка управления L-2637 мм под редуктор для задвижки Ду500;Арматура (ПК КСС);1;1;;;23.01.2026;;
ПКНФ-000147;23.01.2026;6854 КСС ШУКПП- 6/3 -15кВт +HMI+УХЛ1;Электротовары КСС ШУ;1;0;;;23.01.2026;;
ПКНФ-000147;23.01.2026;Канализационный насос 100WQ/S411-15 стандартный, кабель 10м;Насосы Kaiquan(ПК КСС);6;6;;;23.01.2026;;
ПКНФ-000147;23.01.2026;Автоматическая трубная муфта 100WQL-00W;УПМ Kaiquan (Пк КСС);6;6;;;23.01.2026;;
ПКНФ-000147;23.01.2026;Труба 25х25х2  ГОСТ;Черные трубы, листы, круги (ПК КСС);300;313;;;23.01.2026;;
ПКНФ-000147;23.01.2026;Шайба плоская оц. М12  DIN 125;Оцинкованные метизы (ПК КСС);0.002;0.705;;03.06.2024;23.01.2026;;
ПКНФ-000147;23.01.2026;Болт оцинк. М12х100 DIN933;Оцинкованные метизы (ПК КСС);0.002;0.008;;;23.01.2026;;
ПКНФ-000147;23.01.2026;Заглушка для трубы 40х40 мм пластик;Расходные материалы (ПК КСС);2;268;;;23.01.2026;;
ПКНФ-000147;23.01.2026;Болт оцинк. М16х80  DIN933;Оцинкованные метизы (ПК КСС);0.22;0.505;;;23.01.2026;;
ПКНФ-000147;23.01.2026;6854.1- Трубопровод;Составные части трубопровода (Пк КСС);1;1;;;23.01.2026;ПКНФ-001244;05.12.2025
ПКНФ-000147;23.01.2026;6854.1- Направляющие корзины Корзина сороудерж. Площадка Лестница, Рама под УПМ, Балка транспортн;Составные части трубопровода (Пк КСС);1;1;;;23.01.2026;ПКНФ-001245;05.12.2025
ПКНФ-000147;23.01.2026;6854.1-Балка под крышку;Составные части трубопровода (Пк КСС);1;0;11.12.2025;;23.01.2026;ПКНФ-001247;05.12.2025
ПКНФ-000147;23.01.2026;Прокладка (паронит) 500;Полиэтелен, корсис, прагма, НПВХ (ПК КСС);2;10;;;23.01.2026;;
ПКНФ-000147;23.01.2026;Труба 30х20х2 ГОСТ;Черные трубы, листы, круги (ПК КСС);10;10;;;23.01.2026;;
ПКНФ-000147;23.01.2026;Арматура А-3 10 мм;Черные трубы, листы, круги (ПК КСС);90;90;;;23.01.2026;;
ПКНФ-000147;23.01.2026;Арматура А-3 12 мм;Черные трубы, листы, круги (ПК КСС);13;13;;04.12.2025;23.01.2026;;
ПКНФ-000147;23.01.2026;Арматура А-3 8 мм;Черные трубы, листы, круги (ПК КСС);50;50;;;23.01.2026;;
ПКНФ-000147;23.01.2026;Труба 40х25х2 ГОСТ;Черные трубы, листы, круги (ПК КСС);65;65;;;23.01.2026;;
ПКНФ-000147;23.01.2026;Профилированный лист С-10х1100 (ПЭ-01-RAL-0,45);Расходные материалы (ПК КСС);10.76;10.76;;;23.01.2026;;
ПКНФ-000147;23.01.2026;Профилированный лист МП-20х1100 (ВикингМП-01-RAL-0,45);;13;13;;;23.01.2026;;
ПКНФ-000147;23.01.2026;Профилированный лист С-21-1000 (ПЭ-01-RAL-0,45);Расходные материалы (ПК КСС);7;7;;;23.01.2026;;
ПКНФ-000147;23.01.2026;Профилированный лист С-21-1000 (ВикингМР-01-RAL-0,45);Расходные материалы (ПК КСС);18;18;;;23.01.2026;;
ПКНФ-000147;23.01.2026;Саморезы кров. 4,8*29 RAL;Расходные материалы (ПК КСС);28000;28300;;;23.01.2026;;
ПКНФ-000147;23.01.2026;Заглушка для трубы 25х25 мм пластик;Расходные материалы (ПК КСС);12;0;23.04.2024;03.02.2026;23.01.2026;;
ПКНФ-000147;23.01.2026;Шайба оцинк гровер М12 DIN 127;Оцинкованные метизы (ПК КСС);0.002;0.72;;03.06.2024;23.01.2026;;
ПКНФ-000147;23.01.2026;Шайба гроверная оц. Ф16 DIN 127;Оцинкованные метизы (ПК КСС);0.22;0.46;;27.06.2024;23.01.2026;;
ПКНФ-000147;23.01.2026;Арматура А-1 6 мм;Черные трубы, листы, круги (ПК КСС);20.97;45.17;;;23.01.2026;;
ПКНФ-000147;23.01.2026;Навесной замок с ключом GPLK-50L;Оцинкованные метизы (ПК КСС);5;66;;20.01.2025;23.01.2026;;
ПКНФ-000147;23.01.2026;Кронштейн для крепления к стенке КНС;Арматура (ПК КСС);1;1;;;23.01.2026;;
ПКНФ-000147;23.01.2026;Труба 20х20х2 ГОСТ 8639-82;Черные трубы, листы, круги (ПК КСС);60;99.8;;29.01.2024;23.01.2026;;
ПКНФ-000147;23.01.2026;Задвижка с обрезин. клином Ду125 Ру16 штурвал;Арматура (ПК КСС);6;6;;;23.01.2026;;
ПКНФ-000147;23.01.2026;Клапан обратный шаровой Ду125 Ру16 канализационный;Арматура (ПК КСС);6;6;;;23.01.2026;;
ПКНФ-000147;23.01.2026;Шайба гровер М22 DIN 127 (А2, DIN 127);Нержавеющие метизы (ПК КСС);24;192;;;23.01.2026;;
ПКНФ-000147;23.01.2026;Гайка шестигр. оц М12 DIN934;Оцинкованные метизы (ПК КСС);0.002;1.194;;03.06.2024;23.01.2026;;
ПКНФ-000147;23.01.2026;Гайка шестигр. оц М16  (тыс шт);Оцинкованные метизы (ПК КСС);0.22;0.237;;27.06.2024;23.01.2026;;
ПКНФ-000147;23.01.2026;Труба 40х20х1.5 ГОСТ 8645-68;Черные трубы, листы, круги (ПК КСС);500;500;;;23.01.2026;;
ПКНФ-000147;23.01.2026;Труба 40х40х2 ГОСТ 8639-82;Черные трубы, листы, круги (ПК КСС);160;254.7;;;23.01.2026;;
ПКНФ-000147;23.01.2026;Труба оц ВГП 25х3,2  ГОСТ 3262-75 (м);Черные трубы, листы, круги (ПК КСС);93.6;120.28;;27.12.2024;23.01.2026;;
ПКНФ-000147;23.01.2026;Труба 40х40х3 ГОСТ 8639-82;Черные трубы, листы, круги (ПК КСС);20;33.4;;;23.01.2026;;
ПКНФ-000147;23.01.2026;Труба 100х50х3 ГОСТ 8645-68;Черные трубы, листы, круги (ПК КСС);12;12;;;23.01.2026;;
ПКНФ-000147;23.01.2026;Труба 40х20х2 ГОСТ 8639-82;Черные трубы, листы, круги (ПК КСС);20;67.5;;29.01.2024;23.01.2026;;
ПКНФ-000147;23.01.2026;Шпилька М10 L1000 (А2, DIN975);Нержавеющие метизы (ПК КСС);8;8;;02.02.2026;23.01.2026;;
ПКНФ-000147;23.01.2026;Шпилька М24 L1000 (А2, DIN975/ DIN976);Нержавеющие метизы (ПК КСС);6;52;;08.10.2024;23.01.2026;;
ПКНФ-000147;23.01.2026;Болт М10*60 DIN 933 полная резьба  (А2, 10,0, 60,0, DIN 933);Нержавеющие метизы (ПК КСС);100;963;;;23.01.2026;;
ПКНФ-000147;23.01.2026;Болт М16*80 DIN 933 полная резьба  (А2, 16,0, 80,0, DIN 933);Нержавеющие метизы (ПК КСС);124;268;;;23.01.2026;;
ПКНФ-000147;23.01.2026;Болт М22*90 DIN 933 полная резьба  (А2, 22,0, 90,0, DIN 933);Нержавеющие метизы (ПК КСС);24;7;;30.01.2026;23.01.2026;;
ПКНФ-000147;23.01.2026;Гайка М10 DIN 934  (А2, 10,0, DIN 934);Нержавеющие метизы (ПК КСС);100;451;;19.06.2024;23.01.2026;;
ПКНФ-000147;23.01.2026;Гайка М16 DIN 934  (А2, 16,0, DIN 934);Нержавеющие метизы (ПК КСС);124;320;25.04.2024;25.04.2024;23.01.2026;;
ПКНФ-000147;23.01.2026;Гайка М22 DIN 934  (А2, 22,0, DIN 934);Нержавеющие метизы (ПК КСС);24;160;;;23.01.2026;;
ПКНФ-000147;23.01.2026;Гайка М24 DIN 934  (А2, 24,0, DIN 934);Нержавеющие метизы (ПК КСС);40;774;;08.10.2024;23.01.2026;;
ПКНФ-000147;23.01.2026;Грибок канализационный;Полиэтелен, корсис, прагма, НПВХ (ПК КСС);3;16;;27.01.2026;23.01.2026;;
ПКНФ-000147;23.01.2026;Карабин винтовой 4 мм;Крепеж и цепи, тали (ПК КСС);10;19;;;23.01.2026;;
ПКНФ-000147;23.01.2026;Карабин винтовой 6 мм;Водоподготовка (ПК КСС);14;101;;;23.01.2026;;
ПКНФ-000147;23.01.2026;Манжета резиновая переходная D 110/124 Уп., черн;Полиэтелен, корсис, прагма, НПВХ (ПК КСС);3;35;;;23.01.2026;;
ПКНФ-000147;23.01.2026;Манжета резиновая переходная D 50/72 Уп., черн;Полиэтелен, корсис, прагма, НПВХ (ПК КСС);8;149;;;23.01.2026;;
ПКНФ-000147;23.01.2026;Отвод 90 гр. НПВХ DN110;Полиэтелен, корсис, прагма, НПВХ (ПК КСС);3;16;;;23.01.2026;;
ПКНФ-000147;23.01.2026;Поплавковый выключатель RL-1 10м;Датчики уровня, преобразователи, реле (ПК КСС);7;48;;05.02.2025;23.01.2026;;
ПКНФ-000147;23.01.2026;Прокладка (паронит) 100;Полиэтелен, корсис, прагма, НПВХ (ПК КСС);6;84;;;23.01.2026;;
ПКНФ-000147;23.01.2026;Проушина прямая 30х70мм;Расходные материалы (ПК КСС);10;217;;;23.01.2026;;
ПКНФ-000147;23.01.2026;Рым-гайка DIN 582 М10;Крепеж и цепи, тали (ПК КСС);8;29;;;23.01.2026;;
ПКНФ-000147;23.01.2026;Рым-гайка DIN 582 М 6;Крепеж и цепи, тали (ПК КСС);0.008;0.045;;17.02.2025;23.01.2026;;
ПКНФ-000147;23.01.2026;Скоба с вкручивающимся штифтом 0,33 т, 1/2т 1/4, тип G209, для насосов до 250 кг;Крепеж и цепи, тали (ПК КСС);14;19;;23.01.2026;23.01.2026;;
ПКНФ-000147;23.01.2026;Труба 110/3,2/1000 наружная канализация;Полиэтелен, корсис, прагма, НПВХ (ПК КСС);1;1;;;23.01.2026;;
ПКНФ-000147;23.01.2026;Труба двустенная для электропроводки d50 с протяжкой(внутр. d41,5) [ДКС] (код 19735) 121950;Полиэтелен, корсис, прагма, НПВХ (ПК КСС);24;119;;;23.01.2026;;
ПКНФ-000147;23.01.2026;Цепь Т6-6х18 мм ГОСТ 30441-97 (покрытие хим.окс.);Крепеж и цепи, тали (ПК КСС);47;86;;;23.01.2026;;
ПКНФ-000147;23.01.2026;Шайба гровер М24 DIN 127 (А2, DIN 127);Нержавеющие метизы (ПК КСС);40;437;;08.10.2024;23.01.2026;;
ПКНФ-000147;23.01.2026;Шайба М10 DIN 125  (А2, DIN 125);Нержавеющие метизы (ПК КСС);100;122;;02.02.2026;23.01.2026;;
ПКНФ-000147;23.01.2026;Шайба  гровер М10 DIN 127 (А2, DIN 127);Нержавеющие метизы (ПК КСС);50;0;;;23.01.2026;;
ПКНФ-000147;23.01.2026;Шайба М16 DIN 125  (А2, DIN 125);Нержавеющие метизы (ПК КСС);248;835;;;23.01.2026;;
ПКНФ-000147;23.01.2026;Шайба гровер М16 DIN 127 (А2, DIN 127);Нержавеющие метизы (ПК КСС);124;1752;;;23.01.2026;;
ПКНФ-000147;23.01.2026;Шайба М22 DIN 125  (А2, DIN 125);Нержавеющие метизы (ПК КСС);48;1536;;;23.01.2026;;
ПКНФ-000147;23.01.2026;Шайба М24 DIN 125  (А2, DIN 125);Нержавеющие метизы (ПК КСС);40;860;;;23.01.2026;;
ПКНФ-000147;23.01.2026;Шайба плоская оц.М16  DIN 125;Оцинкованные метизы (ПК КСС);0.42;0.992;;27.06.2024;23.01.2026;;
ПКНФ-000150;23.01.2026;Шайба гроверная оц.Ф10 DIN 127;Оцинкованные метизы (ПК КСС);0.05;0.002;;;23.01.2026;;
ПКНФ-000150;23.01.2026;Гайка шестигр.М10 оц. DIN934;Оцинкованные метизы (ПК КСС);0.05;0.542;07.10.2024;07.10.2024;23.01.2026;;
ПКНФ-000150;23.01.2026;Заглушка для трубы 20х40 мм пластик;Полиэтелен, корсис, прагма, НПВХ (ПК КСС);4;497;;;23.01.2026;;
ПКНФ-000150;23.01.2026;Болт оцинк. 10х40 DIN933;Оцинкованные метизы (ПК КСС);0.05;0.007;;26.01.2026;23.01.2026;;
ПКНФ-000150;23.01.2026;7649.5  - Гильза DN 630 L=950 самодельная ;Составные части трубопровода (Пк КСС);1;0;;;23.01.2026;;
ПКНФ-000150;23.01.2026;7649.5  - Гильза DN 630 L=1710 самодельная;Составные части трубопровода (Пк КСС);1;0;;;23.01.2026;;
ПКНФ-000150;23.01.2026;Муфта Икапласт DN/OD 630;Полиэтелен, корсис, прагма, НПВХ (ПК КСС);2;2;;;23.01.2026;;
ПКНФ-000150;23.01.2026;7649.5 - Лестницы;Составные части трубопровода (Пк КСС);6;0;21.01.2026;;23.01.2026;ПКНФ-000103;22.01.2026
ПКНФ-000150;23.01.2026;Заглушка для трубы 25х25 мм пластик;Расходные материалы (ПК КСС);14;26;23.04.2024;03.02.2026;23.01.2026;;
ПКНФ-000150;23.01.2026;Шайба плоская оц. М10  DIN 125;Оцинкованные метизы (ПК КСС);0.1;0.484;;25.08.2025;23.01.2026;;
ПКНФ-000150;23.01.2026;Профиль стоечный 0,6 мм 50х50х3000 мм;Расходные материалы (ПК КСС);6;28;;;23.01.2026;;
ПКНФ-000150;23.01.2026;Труба 315/7,7/2000 наружная канализация;Полиэтелен, корсис, прагма, НПВХ (ПК КСС);3;3;;;23.01.2026;;
ПКНФ-000150;23.01.2026;Пуролат-Стандарт"" из антрацита фр.3,0-7,0 мм с учетом упаковки (полиэтиленовые мешки по 22,5кг (25 л;Засыпки и сорбенты для ЛОС, Водоподготовка;0.9;2.825;;;23.01.2026;;
ПКНФ-000150;23.01.2026;Песок кварцевый фр. 10,0-20,0;Засыпки и сорбенты для ЛОС, Водоподготовка;10.8;0;16.02.2026;30.01.2026;23.01.2026;;
ПКНФ-000150;23.01.2026;Заглушка НПВХ DN110;Полиэтелен, корсис, прагма, НПВХ (ПК КСС);1;24;;;23.01.2026;;
ПКНФ-000150;23.01.2026;Грибок канализационный;Полиэтелен, корсис, прагма, НПВХ (ПК КСС);3;29;;27.01.2026;23.01.2026;;
ПКНФ-000150;23.01.2026;Коалесцентный модуль 3М-ОДГ-60/25/0,5;Засыпки и сорбенты для ЛОС, Водоподготовка;120;124;02.02.2026;02.02.2026;23.01.2026;;
ПКНФ-000150;23.01.2026;Манжета резиновая переходная D 110/124 Уп., черн;Полиэтелен, корсис, прагма, НПВХ (ПК КСС);3;48;;;23.01.2026;;
ПКНФ-000150;23.01.2026;Отвод 90 гр. НПВХ DN110;Полиэтелен, корсис, прагма, НПВХ (ПК КСС);3;29;;;23.01.2026;;
ПКНФ-000150;23.01.2026;Сорбент Rx-Sorb, мешок гео ткань 62,5 л м3;Засыпки и сорбенты для ЛОС, Водоподготовка;0.9;1378.47;29.01.2026;29.01.2026;23.01.2026;;
ПКНФ-000150;23.01.2026;Труба 110/3,2/0560 наружная канализация;Полиэтелен, корсис, прагма, НПВХ (ПК КСС);6;135;;;23.01.2026;;
ПКНФ-000151;23.01.2026;Труба э/с 108*4,0 ГОСТ 10704-91;СНГ;0.025;0.325;;;23.01.2026;;
ПКНФ-000151;23.01.2026;Гайка шестигр.М10 оц. DIN934;Оцинкованные метизы (ПК КСС);0.01;0.542;07.10.2024;07.10.2024;23.01.2026;;
ПКНФ-000151;23.01.2026;Труба 25х25х2  ГОСТ;Черные трубы, листы, круги (ПК КСС);412.5;5375.5;;;23.01.2026;;
ПКНФ-000151;23.01.2026;Болт оцинк. М10х60 DIN933;Оцинкованные метизы (ПК КСС);0.01;0.62;;;23.01.2026;;
ПКНФ-000151;23.01.2026;Труба 60х30х2 ГОСТ 8639-82;Черные трубы, листы, круги (ПК КСС);31.25;406.25;;;23.01.2026;;
ПКНФ-000151;23.01.2026;7649.4.13 - Трубопровод;Составные части трубопровода (Пк КСС);1;1;;;23.01.2026;ПКНФ-000043;20.01.2026
ПКНФ-000151;23.01.2026;7649.4.13 - Лестница;Составные части трубопровода (Пк КСС);1;1;;;23.01.2026;ПКНФ-000079;20.01.2026
ПКНФ-000151;23.01.2026;Труба э/с 40х2 ГОСТ;Черные трубы, листы, круги (ПК КСС);62.5;812.5;;;23.01.2026;;
ПКНФ-000151;23.01.2026;Труба э/с 60х2,6 ГОСТ;Черные трубы, листы, круги (ПК КСС);37.5;487.5;;;23.01.2026;;
ПКНФ-000151;23.01.2026;Труба э/с 530х8 ГОСТ 10705-80;Черные трубы, листы, круги (ПК КСС);50;650;;;23.01.2026;;
ПКНФ-000151;23.01.2026;Труба э/с 159х4,5 ГОСТ 10704-91;Черные трубы, листы, круги (ПК КСС);0.094;1.222;;;23.01.2026;;
ПКНФ-000151;23.01.2026;Труба 50х25х2  ГОСТ 8639-82;Черные трубы, листы, круги (ПК КСС);56.25;758.25;;;23.01.2026;;
ПКНФ-000151;23.01.2026;Труба 40х25х2 ГОСТ;Черные трубы, листы, круги (ПК КСС);137.5;1787.5;;;23.01.2026;;
ПКНФ-000151;23.01.2026;Заглушка для трубы 25х25 мм пластик;Расходные материалы (ПК КСС);2;26;23.04.2024;03.02.2026;23.01.2026;;
ПКНФ-000151;23.01.2026;Труба 60х40х4  ГОСТ 8639-82;Черные трубы, листы, круги (ПК КСС);50;654;;;23.01.2026;;
ПКНФ-000151;23.01.2026;Шайба плоская оц. М10  DIN 125;Оцинкованные метизы (ПК КСС);0.01;0.484;;25.08.2025;23.01.2026;;
ПКНФ-000151;23.01.2026;Труба 20х20х2 ГОСТ 8639-82;Черные трубы, листы, круги (ПК КСС);115.625;1542.925;;29.01.2024;23.01.2026;;
ПКНФ-000151;23.01.2026;Труба 40х20х1.5 ГОСТ 8645-68;Черные трубы, листы, круги (ПК КСС);331.25;4306.25;;;23.01.2026;;
ПКНФ-000151;23.01.2026;Труба 40х40х2 ГОСТ 8639-82;Черные трубы, листы, круги (ПК КСС);37.5;582.2;;;23.01.2026;;
ПКНФ-000151;23.01.2026;Труба 40х40х3 ГОСТ 8639-82;Черные трубы, листы, круги (ПК КСС);25;338.4;;;23.01.2026;;
ПКНФ-000151;23.01.2026;Труба 40х20х2 ГОСТ 8639-82;Черные трубы, листы, круги (ПК КСС);100;1347.5;;29.01.2024;23.01.2026;;
ПКНФ-000151;23.01.2026;Труба 60х40х2 ГОСТ 8645-68;Черные трубы, листы, круги (ПК КСС);37.5;487.5;;;23.01.2026;;
ПКНФ-000151;23.01.2026;Труба 60х60х2  ГОСТ 8639-82;Черные трубы, листы, круги (ПК КСС);68.75;893.75;;;23.01.2026;;
ПКНФ-000151;23.01.2026;Болт М10*40 DIN 933 полная резьба  (А2, 10,0, 40,0, DIN 933);Нержавеющие метизы (ПК КСС);4;182;;;23.01.2026;;
ПКНФ-000151;23.01.2026;Гайка М10 DIN 934  (А2, 10,0, DIN 934);Нержавеющие метизы (ПК КСС);4;403;;19.06.2024;23.01.2026;;
ПКНФ-000151;23.01.2026;Грибок канализационный;Полиэтелен, корсис, прагма, НПВХ (ПК КСС);1;29;;27.01.2026;23.01.2026;;
ПКНФ-000151;23.01.2026;Манжета резиновая переходная D 110/124 Уп., черн;Полиэтелен, корсис, прагма, НПВХ (ПК КСС);1;48;;;23.01.2026;;
ПКНФ-000151;23.01.2026;Отвод 90 гр. НПВХ DN110;Полиэтелен, корсис, прагма, НПВХ (ПК КСС);1;29;;;23.01.2026;;
ПКНФ-000151;23.01.2026;Труба 110/3,2/0560 наружная канализация;Полиэтелен, корсис, прагма, НПВХ (ПК КСС);2;135;;;23.01.2026;;
ПКНФ-000151;23.01.2026;Шайба М10 DIN 125  (А2, DIN 125);Нержавеющие метизы (ПК КСС);4;74;;02.02.2026;23.01.2026;;
ПКНФ-000152;23.01.2026;Труба э/с 108*4,0 ГОСТ 10704-91;СНГ;0.025;0.325;;;23.01.2026;;
ПКНФ-000152;23.01.2026;Гайка шестигр.М10 оц. DIN934;Оцинкованные метизы (ПК КСС);0.01;0.542;07.10.2024;07.10.2024;23.01.2026;;
ПКНФ-000152;23.01.2026;Труба 25х25х2  ГОСТ;Черные трубы, листы, круги (ПК КСС);412.5;5375.5;;;23.01.2026;;
ПКНФ-000152;23.01.2026;Болт оцинк. М10х60 DIN933;Оцинкованные метизы (ПК КСС);0.01;0.62;;;23.01.2026;;
ПКНФ-000152;23.01.2026;Труба 60х30х2 ГОСТ 8639-82;Черные трубы, листы, круги (ПК КСС);31.25;406.25;;;23.01.2026;;
ПКНФ-000152;23.01.2026;7649.4.14 - Лестница;Составные части трубопровода (Пк КСС);1;1;;;23.01.2026;ПКНФ-000083;20.01.2026
ПКНФ-000152;23.01.2026;7649.4.14 - Трубопровод;Составные части трубопровода (Пк КСС);1;1;;;23.01.2026;ПКНФ-000044;20.01.2026
ПКНФ-000152;23.01.2026;Труба э/с 40х2 ГОСТ;Черные трубы, листы, круги (ПК КСС);62.5;812.5;;;23.01.2026;;
ПКНФ-000152;23.01.2026;Труба э/с 60х2,6 ГОСТ;Черные трубы, листы, круги (ПК КСС);37.5;487.5;;;23.01.2026;;
ПКНФ-000152;23.01.2026;Труба э/с 530х8 ГОСТ 10705-80;Черные трубы, листы, круги (ПК КСС);50;650;;;23.01.2026;;
ПКНФ-000152;23.01.2026;Труба э/с 159х4,5 ГОСТ 10704-91;Черные трубы, листы, круги (ПК КСС);0.094;1.222;;;23.01.2026;;
ПКНФ-000152;23.01.2026;Труба 50х25х2  ГОСТ 8639-82;Черные трубы, листы, круги (ПК КСС);56.25;758.25;;;23.01.2026;;
ПКНФ-000152;23.01.2026;Труба 40х25х2 ГОСТ;Черные трубы, листы, круги (ПК КСС);137.5;1787.5;;;23.01.2026;;
ПКНФ-000152;23.01.2026;Заглушка для трубы 25х25 мм пластик;Расходные материалы (ПК КСС);2;26;23.04.2024;03.02.2026;23.01.2026;;
ПКНФ-000152;23.01.2026;Труба 60х40х4  ГОСТ 8639-82;Черные трубы, листы, круги (ПК КСС);50;654;;;23.01.2026;;
ПКНФ-000152;23.01.2026;Шайба плоская оц. М10  DIN 125;Оцинкованные метизы (ПК КСС);0.01;0.484;;25.08.2025;23.01.2026;;
ПКНФ-000152;23.01.2026;Труба 20х20х2 ГОСТ 8639-82;Черные трубы, листы, круги (ПК КСС);115.625;1542.925;;29.01.2024;23.01.2026;;
ПКНФ-000152;23.01.2026;Труба 40х20х1.5 ГОСТ 8645-68;Черные трубы, листы, круги (ПК КСС);331.25;4306.25;;;23.01.2026;;
ПКНФ-000152;23.01.2026;Труба 40х40х2 ГОСТ 8639-82;Черные трубы, листы, круги (ПК КСС);37.5;582.2;;;23.01.2026;;
ПКНФ-000152;23.01.2026;Труба 40х40х3 ГОСТ 8639-82;Черные трубы, листы, круги (ПК КСС);25;338.4;;;23.01.2026;;
ПКНФ-000152;23.01.2026;Труба 40х20х2 ГОСТ 8639-82;Черные трубы, листы, круги (ПК КСС);100;1347.5;;29.01.2024;23.01.2026;;
ПКНФ-000152;23.01.2026;Труба 60х40х2 ГОСТ 8645-68;Черные трубы, листы, круги (ПК КСС);37.5;487.5;;;23.01.2026;;
ПКНФ-000152;23.01.2026;Труба 60х60х2  ГОСТ 8639-82;Черные трубы, листы, круги (ПК КСС);68.75;893.75;;;23.01.2026;;
ПКНФ-000152;23.01.2026;Болт М10*40 DIN 933 полная резьба  (А2, 10,0, 40,0, DIN 933);Нержавеющие метизы (ПК КСС);4;182;;;23.01.2026;;
ПКНФ-000152;23.01.2026;Гайка М10 DIN 934  (А2, 10,0, DIN 934);Нержавеющие метизы (ПК КСС);4;403;;19.06.2024;23.01.2026;;
ПКНФ-000152;23.01.2026;Грибок канализационный;Полиэтелен, корсис, прагма, НПВХ (ПК КСС);1;29;;27.01.2026;23.01.2026;;
ПКНФ-000152;23.01.2026;Манжета резиновая переходная D 110/124 Уп., черн;Полиэтелен, корсис, прагма, НПВХ (ПК КСС);1;48;;;23.01.2026;;
ПКНФ-000152;23.01.2026;Отвод 90 гр. НПВХ DN110;Полиэтелен, корсис, прагма, НПВХ (ПК КСС);1;29;;;23.01.2026;;
ПКНФ-000152;23.01.2026;Труба 110/3,2/0560 наружная канализация;Полиэтелен, корсис, прагма, НПВХ (ПК КСС);2;135;;;23.01.2026;;
ПКНФ-000152;23.01.2026;Шайба М10 DIN 125  (А2, DIN 125);Нержавеющие метизы (ПК КСС);4;74;;02.02.2026;23.01.2026;;
ПКНФ-000153;23.01.2026;Труба э/с 108*4,0 ГОСТ 10704-91;СНГ;0.025;0.325;;;23.01.2026;;
ПКНФ-000153;23.01.2026;Гайка шестигр.М10 оц. DIN934;Оцинкованные метизы (ПК КСС);0.01;0.542;07.10.2024;07.10.2024;23.01.2026;;
ПКНФ-000153;23.01.2026;Труба 25х25х2  ГОСТ;Черные трубы, листы, круги (ПК КСС);412.5;5375.5;;;23.01.2026;;
ПКНФ-000153;23.01.2026;Болт оцинк. М10х60 DIN933;Оцинкованные метизы (ПК КСС);0.01;0.62;;;23.01.2026;;
ПКНФ-000153;23.01.2026;Труба 60х30х2 ГОСТ 8639-82;Черные трубы, листы, круги (ПК КСС);31.25;406.25;;;23.01.2026;;
ПКНФ-000153;23.01.2026;7649.4.15 - Лестница;Составные части трубопровода (Пк КСС);1;1;;;23.01.2026;ПКНФ-000081;20.01.2026
ПКНФ-000153;23.01.2026;7649.4.15 - Трубопровод;Составные части трубопровода (Пк КСС);1;1;;;23.01.2026;ПКНФ-000045;20.01.2026
ПКНФ-000153;23.01.2026;Труба э/с 40х2 ГОСТ;Черные трубы, листы, круги (ПК КСС);62.5;812.5;;;23.01.2026;;
ПКНФ-000153;23.01.2026;Труба э/с 60х2,6 ГОСТ;Черные трубы, листы, круги (ПК КСС);37.5;487.5;;;23.01.2026;;
ПКНФ-000153;23.01.2026;Труба э/с 530х8 ГОСТ 10705-80;Черные трубы, листы, круги (ПК КСС);50;650;;;23.01.2026;;
ПКНФ-000153;23.01.2026;Труба э/с 159х4,5 ГОСТ 10704-91;Черные трубы, листы, круги (ПК КСС);0.094;1.222;;;23.01.2026;;
ПКНФ-000153;23.01.2026;Труба 50х25х2  ГОСТ 8639-82;Черные трубы, листы, круги (ПК КСС);56.25;758.25;;;23.01.2026;;
ПКНФ-000153;23.01.2026;Труба 40х25х2 ГОСТ;Черные трубы, листы, круги (ПК КСС);137.5;1787.5;;;23.01.2026;;
ПКНФ-000153;23.01.2026;Заглушка для трубы 25х25 мм пластик;Расходные материалы (ПК КСС);2;26;23.04.2024;03.02.2026;23.01.2026;;
ПКНФ-000153;23.01.2026;Труба 60х40х4  ГОСТ 8639-82;Черные трубы, листы, круги (ПК КСС);50;654;;;23.01.2026;;
ПКНФ-000153;23.01.2026;Шайба плоская оц. М10  DIN 125;Оцинкованные метизы (ПК КСС);0.01;0.484;;25.08.2025;23.01.2026;;
ПКНФ-000153;23.01.2026;Труба 20х20х2 ГОСТ 8639-82;Черные трубы, листы, круги (ПК КСС);115.625;1542.925;;29.01.2024;23.01.2026;;
ПКНФ-000153;23.01.2026;Труба 40х20х1.5 ГОСТ 8645-68;Черные трубы, листы, круги (ПК КСС);331.25;4306.25;;;23.01.2026;;
ПКНФ-000153;23.01.2026;Труба 40х40х2 ГОСТ 8639-82;Черные трубы, листы, круги (ПК КСС);37.5;582.2;;;23.01.2026;;
ПКНФ-000153;23.01.2026;Труба 40х40х3 ГОСТ 8639-82;Черные трубы, листы, круги (ПК КСС);25;338.4;;;23.01.2026;;
ПКНФ-000153;23.01.2026;Труба 40х20х2 ГОСТ 8639-82;Черные трубы, листы, круги (ПК КСС);100;1347.5;;29.01.2024;23.01.2026;;
ПКНФ-000153;23.01.2026;Труба 60х40х2 ГОСТ 8645-68;Черные трубы, листы, круги (ПК КСС);37.5;487.5;;;23.01.2026;;
ПКНФ-000153;23.01.2026;Труба 60х60х2  ГОСТ 8639-82;Черные трубы, листы, круги (ПК КСС);68.75;893.75;;;23.01.2026;;
ПКНФ-000153;23.01.2026;Болт М10*40 DIN 933 полная резьба  (А2, 10,0, 40,0, DIN 933);Нержавеющие метизы (ПК КСС);4;182;;;23.01.2026;;
ПКНФ-000153;23.01.2026;Гайка М10 DIN 934  (А2, 10,0, DIN 934);Нержавеющие метизы (ПК КСС);4;403;;19.06.2024;23.01.2026;;
ПКНФ-000153;23.01.2026;Грибок канализационный;Полиэтелен, корсис, прагма, НПВХ (ПК КСС);1;29;;27.01.2026;23.01.2026;;
ПКНФ-000153;23.01.2026;Манжета резиновая переходная D 110/124 Уп., черн;Полиэтелен, корсис, прагма, НПВХ (ПК КСС);1;48;;;23.01.2026;;
ПКНФ-000153;23.01.2026;Отвод 90 гр. НПВХ DN110;Полиэтелен, корсис, прагма, НПВХ (ПК КСС);1;29;;;23.01.2026;;
ПКНФ-000153;23.01.2026;Труба 110/3,2/0560 наружная канализация;Полиэтелен, корсис, прагма, НПВХ (ПК КСС);2;135;;;23.01.2026;;
ПКНФ-000153;23.01.2026;Шайба М10 DIN 125  (А2, DIN 125);Нержавеющие метизы (ПК КСС);4;74;;02.02.2026;23.01.2026;;
ПКНФ-000154;23.01.2026;Труба э/с 108*4,0 ГОСТ 10704-91;СНГ;0.025;0.325;;;23.01.2026;;
ПКНФ-000154;23.01.2026;Гайка шестигр.М10 оц. DIN934;Оцинкованные метизы (ПК КСС);0.01;0.542;07.10.2024;07.10.2024;23.01.2026;;
ПКНФ-000154;23.01.2026;Труба 25х25х2  ГОСТ;Черные трубы, листы, круги (ПК КСС);412.5;5375.5;;;23.01.2026;;
ПКНФ-000154;23.01.2026;Болт оцинк. М10х60 DIN933;Оцинкованные метизы (ПК КСС);0.01;0.62;;;23.01.2026;;
ПКНФ-000154;23.01.2026;Труба 60х30х2 ГОСТ 8639-82;Черные трубы, листы, круги (ПК КСС);31.25;406.25;;;23.01.2026;;
ПКНФ-000154;23.01.2026;7649.4.16 - Трубопровод;Составные части трубопровода (Пк КСС);1;1;;;23.01.2026;ПКНФ-000046;20.01.2026
ПКНФ-000154;23.01.2026;7649.4.16 - Лестница;Составные части трубопровода (Пк КСС);1;1;;;23.01.2026;ПКНФ-000080;20.01.2026
ПКНФ-000154;23.01.2026;Труба э/с 40х2 ГОСТ;Черные трубы, листы, круги (ПК КСС);62.5;812.5;;;23.01.2026;;
ПКНФ-000154;23.01.2026;Труба э/с 60х2,6 ГОСТ;Черные трубы, листы, круги (ПК КСС);37.5;487.5;;;23.01.2026;;
ПКНФ-000154;23.01.2026;Труба э/с 530х8 ГОСТ 10705-80;Черные трубы, листы, круги (ПК КСС);50;650;;;23.01.2026;;
ПКНФ-000154;23.01.2026;Труба э/с 159х4,5 ГОСТ 10704-91;Черные трубы, листы, круги (ПК КСС);0.094;1.222;;;23.01.2026;;
ПКНФ-000154;23.01.2026;Труба 50х25х2  ГОСТ 8639-82;Черные трубы, листы, круги (ПК КСС);56.25;758.25;;;23.01.2026;;
ПКНФ-000154;23.01.2026;Труба 40х25х2 ГОСТ;Черные трубы, листы, круги (ПК КСС);137.5;1787.5;;;23.01.2026;;
ПКНФ-000154;23.01.2026;Заглушка для трубы 25х25 мм пластик;Расходные материалы (ПК КСС);2;26;23.04.2024;03.02.2026;23.01.2026;;
ПКНФ-000154;23.01.2026;Труба 60х40х4  ГОСТ 8639-82;Черные трубы, листы, круги (ПК КСС);50;654;;;23.01.2026;;
ПКНФ-000154;23.01.2026;Шайба плоская оц. М10  DIN 125;Оцинкованные метизы (ПК КСС);0.01;0.484;;25.08.2025;23.01.2026;;
ПКНФ-000154;23.01.2026;Труба 20х20х2 ГОСТ 8639-82;Черные трубы, листы, круги (ПК КСС);115.625;1542.925;;29.01.2024;23.01.2026;;
ПКНФ-000154;23.01.2026;Труба 40х20х1.5 ГОСТ 8645-68;Черные трубы, листы, круги (ПК КСС);331.25;4306.25;;;23.01.2026;;
ПКНФ-000154;23.01.2026;Труба 40х40х2 ГОСТ 8639-82;Черные трубы, листы, круги (ПК КСС);37.5;582.2;;;23.01.2026;;
ПКНФ-000154;23.01.2026;Труба 40х40х3 ГОСТ 8639-82;Черные трубы, листы, круги (ПК КСС);25;338.4;;;23.01.2026;;
ПКНФ-000154;23.01.2026;Труба 40х20х2 ГОСТ 8639-82;Черные трубы, листы, круги (ПК КСС);100;1347.5;;29.01.2024;23.01.2026;;
ПКНФ-000154;23.01.2026;Труба 60х40х2 ГОСТ 8645-68;Черные трубы, листы, круги (ПК КСС);37.5;487.5;;;23.01.2026;;
ПКНФ-000154;23.01.2026;Труба 60х60х2  ГОСТ 8639-82;Черные трубы, листы, круги (ПК КСС);68.75;893.75;;;23.01.2026;;
ПКНФ-000154;23.01.2026;Болт М10*40 DIN 933 полная резьба  (А2, 10,0, 40,0, DIN 933);Нержавеющие метизы (ПК КСС);4;182;;;23.01.2026;;
ПКНФ-000154;23.01.2026;Гайка М10 DIN 934  (А2, 10,0, DIN 934);Нержавеющие метизы (ПК КСС);4;403;;19.06.2024;23.01.2026;;
ПКНФ-000154;23.01.2026;Грибок канализационный;Полиэтелен, корсис, прагма, НПВХ (ПК КСС);1;29;;27.01.2026;23.01.2026;;
ПКНФ-000154;23.01.2026;Манжета резиновая переходная D 110/124 Уп., черн;Полиэтелен, корсис, прагма, НПВХ (ПК КСС);1;48;;;23.01.2026;;
ПКНФ-000154;23.01.2026;Отвод 90 гр. НПВХ DN110;Полиэтелен, корсис, прагма, НПВХ (ПК КСС);1;29;;;23.01.2026;;
ПКНФ-000154;23.01.2026;Труба 110/3,2/0560 наружная канализация;Полиэтелен, корсис, прагма, НПВХ (ПК КСС);2;135;;;23.01.2026;;
ПКНФ-000154;23.01.2026;Шайба М10 DIN 125  (А2, DIN 125);Нержавеющие метизы (ПК КСС);4;74;;02.02.2026;23.01.2026;;
ПКНФ-000155;23.01.2026;7883 - Лестница;Составные части трубопровода (Пк КСС);1;0;14.01.2026;;23.01.2026;ПКНФ-000104;22.01.2026
ПКНФ-000155;23.01.2026;Муфта Корсис DN250 (ID);Полиэтелен, корсис, прагма, НПВХ (ПК КСС);3;3;;;23.01.2026;;
ПКНФ-000155;23.01.2026;7883 - Трубопровод;Составные части трубопровода (Пк КСС);1;0;27.01.2026;;23.01.2026;ПКНФ-001455;29.12.2025
ПКНФ-000155;23.01.2026;Заглушка для трубы 25х25 мм пластик;Расходные материалы (ПК КСС);4;0;23.04.2024;03.02.2026;23.01.2026;;
ПКНФ-000155;23.01.2026;Болт М10*60 DIN 933 полная резьба  (А2, 10,0, 60,0, DIN 933);Нержавеющие метизы (ПК КСС);4;867;;;23.01.2026;;
ПКНФ-000155;23.01.2026;Гайка М10 DIN 934  (А2, 10,0, DIN 934);Нержавеющие метизы (ПК КСС);4;355;;19.06.2024;23.01.2026;;
ПКНФ-000155;23.01.2026;Грибок канализационный;Полиэтелен, корсис, прагма, НПВХ (ПК КСС);2;15;;27.01.2026;23.01.2026;;
ПКНФ-000155;23.01.2026;Манжета резиновая переходная D 110/124 Уп., черн;Полиэтелен, корсис, прагма, НПВХ (ПК КСС);2;34;;;23.01.2026;;
ПКНФ-000155;23.01.2026;Отвод 90 гр. НПВХ DN110;Полиэтелен, корсис, прагма, НПВХ (ПК КСС);2;15;;;23.01.2026;;
ПКНФ-000155;23.01.2026;Труба 110/3,2/0560 наружная канализация;Полиэтелен, корсис, прагма, НПВХ (ПК КСС);2;105;;;23.01.2026;;
ПКНФ-000155;23.01.2026;Шайба М10 DIN 125  (А2, DIN 125);Нержавеющие метизы (ПК КСС);8;30;;02.02.2026;23.01.2026;;
ПКНФ-000155;23.01.2026;Шайба  гровер М10 DIN 127 (А2, DIN 127);Нержавеющие метизы (ПК КСС);4;0;;;23.01.2026;;
ПКНФ-000156;23.01.2026;Лист 5,0*1500*6000 ст3 (м2);Черные трубы, листы, круги (ПК КСС);0.04;5.476;;;23.01.2026;;
ПКНФ-000156;23.01.2026;Швеллер 14П ГОСТ 8240-97;Черные трубы, листы, круги (ПК КСС);21;141.1;;;23.01.2026;;
ПКНФ-000156;23.01.2026;Арматура А-1 6 мм;Черные трубы, листы, круги (ПК КСС);1;24.7;;;23.01.2026;;
ПКНФ-000156;23.01.2026;Труба 40х40х3 ГОСТ 8639-82;Черные трубы, листы, круги (ПК КСС);6;204.4;;;23.01.2026;;
ПКНФ-000156;23.01.2026;Арматура ф 16 А-1 ГОСТ 5781-82 (м);Черные трубы, листы, круги (ПК КСС);0.4;0.3;;24.01.2024;23.01.2026;;
ПКНФ-000157;23.01.2026;Лист 5,0*1500*6000 ст3 (м2);Черные трубы, листы, круги (ПК КСС);0.04;5.476;;;23.01.2026;;
ПКНФ-000157;23.01.2026;Арматура А-1 6 мм;Черные трубы, листы, круги (ПК КСС);1;24.7;;;23.01.2026;;
ПКНФ-000157;23.01.2026;Швеллер 10П ГОСТ 8240-97;Черные трубы, листы, круги (ПК КСС);8;46.6;11.09.2025;11.09.2025;23.01.2026;;
ПКНФ-000157;23.01.2026;Труба 40х40х3 ГОСТ 8639-82;Черные трубы, листы, круги (ПК КСС);1.5;204.4;;;23.01.2026;;
ПКНФ-000157;23.01.2026;Арматура ф 16 А-1 ГОСТ 5781-82 (м);Черные трубы, листы, круги (ПК КСС);0.4;0.3;;24.01.2024;23.01.2026;;
ПКНФ-000158;23.01.2026;Труба 110/3,2/2000 наружная канализация;Полиэтелен, корсис, прагма, НПВХ (ПК КСС);1;4;;;23.01.2026;;
ПКНФ-000158;23.01.2026;Болт оцинк. М20х60 DIN933;Оцинкованные метизы (ПК КСС);0.002;0.306;;;23.01.2026;;
ПКНФ-000158;23.01.2026;Труба 315/7,7/2000 наружная канализация;Полиэтелен, корсис, прагма, НПВХ (ПК КСС);1;0;;;23.01.2026;;
ПКНФ-000158;23.01.2026;Отвод 45 гр. НПВХ DN110;Полиэтелен, корсис, прагма, НПВХ (ПК КСС);1;40;;;23.01.2026;;
ПКНФ-000158;23.01.2026;Анкерный болт с гайкой 12*120 HNM ПК (тыс);Оцинкованные метизы (ПК КСС);0.01;0.189;;;23.01.2026;;
ПКНФ-000158;23.01.2026;Рым-гайка DIN 582 М 20;Крепеж и цепи, тали (ПК КСС);2;76;;;23.01.2026;;
ПКНФ-000158;23.01.2026;Тройник НПВХ DN110;Полиэтелен, корсис, прагма, НПВХ (ПК КСС);1;45;;;23.01.2026;;
ПКНФ-000158;23.01.2026;Труба 110/3,2/0560 наружная канализация;Полиэтелен, корсис, прагма, НПВХ (ПК КСС);2;105;;;23.01.2026;;
ПКНФ-000158;23.01.2026;Шайба плоская оц.М20  DIN 125;Оцинкованные метизы (ПК КСС);0.002;0.368;;27.06.2024;23.01.2026;;
ПКНФ-000160;23.01.2026;Труба э/с 108*4,0 ГОСТ 10704-91;СНГ;0.025;0.325;;;23.01.2026;;
ПКНФ-000160;23.01.2026;Гайка шестигр.М10 оц. DIN934;Оцинкованные метизы (ПК КСС);0.01;0.542;07.10.2024;07.10.2024;23.01.2026;;
ПКНФ-000160;23.01.2026;Труба 25х25х2  ГОСТ;Черные трубы, листы, круги (ПК КСС);412.5;5375.5;;;23.01.2026;;
ПКНФ-000160;23.01.2026;Болт оцинк. М10х60 DIN933;Оцинкованные метизы (ПК КСС);0.01;0.62;;;23.01.2026;;
ПКНФ-000160;23.01.2026;Труба 60х30х2 ГОСТ 8639-82;Черные трубы, листы, круги (ПК КСС);31.25;406.25;;;23.01.2026;;
ПКНФ-000160;23.01.2026;7649.4.4 - Лестница;Составные части трубопровода (Пк КСС);1;1;;;23.01.2026;ПКНФ-001391;22.12.2025
ПКНФ-000160;23.01.2026;7649.4.4 - Трубопровод;Составные части трубопровода (Пк КСС);1;1;;;23.01.2026;ПКНФ-000034;20.01.2026
ПКНФ-000160;23.01.2026;Труба э/с 40х2 ГОСТ;Черные трубы, листы, круги (ПК КСС);62.5;812.5;;;23.01.2026;;
ПКНФ-000160;23.01.2026;Труба э/с 60х2,6 ГОСТ;Черные трубы, листы, круги (ПК КСС);37.5;487.5;;;23.01.2026;;
ПКНФ-000160;23.01.2026;Труба э/с 530х8 ГОСТ 10705-80;Черные трубы, листы, круги (ПК КСС);50;650;;;23.01.2026;;
ПКНФ-000160;23.01.2026;Труба э/с 159х4,5 ГОСТ 10704-91;Черные трубы, листы, круги (ПК КСС);0.094;1.222;;;23.01.2026;;
ПКНФ-000160;23.01.2026;Труба 50х25х2  ГОСТ 8639-82;Черные трубы, листы, круги (ПК КСС);56.25;758.25;;;23.01.2026;;
ПКНФ-000160;23.01.2026;Труба 40х25х2 ГОСТ;Черные трубы, листы, круги (ПК КСС);137.5;1787.5;;;23.01.2026;;
ПКНФ-000160;23.01.2026;Заглушка для трубы 25х25 мм пластик;Расходные материалы (ПК КСС);2;26;23.04.2024;03.02.2026;23.01.2026;;
ПКНФ-000160;23.01.2026;Труба 60х40х4  ГОСТ 8639-82;Черные трубы, листы, круги (ПК КСС);50;654;;;23.01.2026;;
ПКНФ-000160;23.01.2026;Шайба плоская оц. М10  DIN 125;Оцинкованные метизы (ПК КСС);0.01;0.484;;25.08.2025;23.01.2026;;
ПКНФ-000160;23.01.2026;Труба 20х20х2 ГОСТ 8639-82;Черные трубы, листы, круги (ПК КСС);115.625;1542.925;;29.01.2024;23.01.2026;;
ПКНФ-000160;23.01.2026;Труба 40х20х1.5 ГОСТ 8645-68;Черные трубы, листы, круги (ПК КСС);331.25;4306.25;;;23.01.2026;;
ПКНФ-000160;23.01.2026;Труба 40х40х2 ГОСТ 8639-82;Черные трубы, листы, круги (ПК КСС);37.5;582.2;;;23.01.2026;;
ПКНФ-000160;23.01.2026;Труба 40х40х3 ГОСТ 8639-82;Черные трубы, листы, круги (ПК КСС);25;338.4;;;23.01.2026;;
ПКНФ-000160;23.01.2026;Труба 40х20х2 ГОСТ 8639-82;Черные трубы, листы, круги (ПК КСС);100;1347.5;;29.01.2024;23.01.2026;;
ПКНФ-000160;23.01.2026;Труба 60х40х2 ГОСТ 8645-68;Черные трубы, листы, круги (ПК КСС);37.5;487.5;;;23.01.2026;;
ПКНФ-000160;23.01.2026;Труба 60х60х2  ГОСТ 8639-82;Черные трубы, листы, круги (ПК КСС);68.75;893.75;;;23.01.2026;;
ПКНФ-000160;23.01.2026;Болт М10*40 DIN 933 полная резьба  (А2, 10,0, 40,0, DIN 933);Нержавеющие метизы (ПК КСС);4;182;;;23.01.2026;;
ПКНФ-000160;23.01.2026;Гайка М10 DIN 934  (А2, 10,0, DIN 934);Нержавеющие метизы (ПК КСС);4;403;;19.06.2024;23.01.2026;;
ПКНФ-000160;23.01.2026;Грибок канализационный;Полиэтелен, корсис, прагма, НПВХ (ПК КСС);1;29;;27.01.2026;23.01.2026;;
ПКНФ-000160;23.01.2026;Манжета резиновая переходная D 110/124 Уп., черн;Полиэтелен, корсис, прагма, НПВХ (ПК КСС);1;48;;;23.01.2026;;
ПКНФ-000160;23.01.2026;Отвод 90 гр. НПВХ DN110;Полиэтелен, корсис, прагма, НПВХ (ПК КСС);1;29;;;23.01.2026;;
ПКНФ-000160;23.01.2026;Труба 110/3,2/0560 наружная канализация;Полиэтелен, корсис, прагма, НПВХ (ПК КСС);2;135;;;23.01.2026;;
ПКНФ-000160;23.01.2026;Шайба М10 DIN 125  (А2, DIN 125);Нержавеющие метизы (ПК КСС);4;74;;02.02.2026;23.01.2026;;
ПКНФ-000161;23.01.2026;Труба э/с 108*4,0 ГОСТ 10704-91;СНГ;0.025;0.325;;;23.01.2026;;
ПКНФ-000161;23.01.2026;Гайка шестигр.М10 оц. DIN934;Оцинкованные метизы (ПК КСС);0.01;0.542;07.10.2024;07.10.2024;23.01.2026;;
ПКНФ-000161;23.01.2026;Труба 25х25х2  ГОСТ;Черные трубы, листы, круги (ПК КСС);412.5;5375.5;;;23.01.2026;;
ПКНФ-000161;23.01.2026;Болт оцинк. М10х60 DIN933;Оцинкованные метизы (ПК КСС);0.01;0.62;;;23.01.2026;;
ПКНФ-000161;23.01.2026;Труба 60х30х2 ГОСТ 8639-82;Черные трубы, листы, круги (ПК КСС);31.25;406.25;;;23.01.2026;;
ПКНФ-000161;23.01.2026;7649.4.5 - Лестница;Составные части трубопровода (Пк КСС);1;1;;;23.01.2026;ПКНФ-001394;22.12.2025
ПКНФ-000161;23.01.2026;7649.4.5 - Трубопровод;Составные части трубопровода (Пк КСС);1;1;;;23.01.2026;ПКНФ-000035;20.01.2026
ПКНФ-000161;23.01.2026;Труба э/с 40х2 ГОСТ;Черные трубы, листы, круги (ПК КСС);62.5;812.5;;;23.01.2026;;
ПКНФ-000161;23.01.2026;Труба э/с 60х2,6 ГОСТ;Черные трубы, листы, круги (ПК КСС);37.5;487.5;;;23.01.2026;;
ПКНФ-000161;23.01.2026;Труба э/с 530х8 ГОСТ 10705-80;Черные трубы, листы, круги (ПК КСС);50;650;;;23.01.2026;;
ПКНФ-000161;23.01.2026;Труба э/с 159х4,5 ГОСТ 10704-91;Черные трубы, листы, круги (ПК КСС);0.094;1.222;;;23.01.2026;;
ПКНФ-000161;23.01.2026;Труба 50х25х2  ГОСТ 8639-82;Черные трубы, листы, круги (ПК КСС);56.25;758.25;;;23.01.2026;;
ПКНФ-000161;23.01.2026;Труба 40х25х2 ГОСТ;Черные трубы, листы, круги (ПК КСС);137.5;1787.5;;;23.01.2026;;
ПКНФ-000161;23.01.2026;Заглушка для трубы 25х25 мм пластик;Расходные материалы (ПК КСС);2;26;23.04.2024;03.02.2026;23.01.2026;;
ПКНФ-000161;23.01.2026;Труба 60х40х4  ГОСТ 8639-82;Черные трубы, листы, круги (ПК КСС);50;654;;;23.01.2026;;
ПКНФ-000161;23.01.2026;Шайба плоская оц. М10  DIN 125;Оцинкованные метизы (ПК КСС);0.01;0.484;;25.08.2025;23.01.2026;;
ПКНФ-000161;23.01.2026;Труба 20х20х2 ГОСТ 8639-82;Черные трубы, листы, круги (ПК КСС);115.625;1542.925;;29.01.2024;23.01.2026;;
ПКНФ-000161;23.01.2026;Труба 40х20х1.5 ГОСТ 8645-68;Черные трубы, листы, круги (ПК КСС);331.25;4306.25;;;23.01.2026;;
ПКНФ-000161;23.01.2026;Труба 40х40х2 ГОСТ 8639-82;Черные трубы, листы, круги (ПК КСС);37.5;582.2;;;23.01.2026;;
ПКНФ-000161;23.01.2026;Труба 40х40х3 ГОСТ 8639-82;Черные трубы, листы, круги (ПК КСС);25;338.4;;;23.01.2026;;
ПКНФ-000161;23.01.2026;Труба 40х20х2 ГОСТ 8639-82;Черные трубы, листы, круги (ПК КСС);100;1347.5;;29.01.2024;23.01.2026;;
ПКНФ-000161;23.01.2026;Труба 60х40х2 ГОСТ 8645-68;Черные трубы, листы, круги (ПК КСС);37.5;487.5;;;23.01.2026;;
ПКНФ-000161;23.01.2026;Труба 60х60х2  ГОСТ 8639-82;Черные трубы, листы, круги (ПК КСС);68.75;893.75;;;23.01.2026;;
ПКНФ-000161;23.01.2026;Болт М10*40 DIN 933 полная резьба  (А2, 10,0, 40,0, DIN 933);Нержавеющие метизы (ПК КСС);4;182;;;23.01.2026;;
ПКНФ-000161;23.01.2026;Гайка М10 DIN 934  (А2, 10,0, DIN 934);Нержавеющие метизы (ПК КСС);4;403;;19.06.2024;23.01.2026;;
ПКНФ-000161;23.01.2026;Грибок канализационный;Полиэтелен, корсис, прагма, НПВХ (ПК КСС);1;29;;27.01.2026;23.01.2026;;
ПКНФ-000161;23.01.2026;Манжета резиновая переходная D 110/124 Уп., черн;Полиэтелен, корсис, прагма, НПВХ (ПК КСС);1;48;;;23.01.2026;;
ПКНФ-000161;23.01.2026;Отвод 90 гр. НПВХ DN110;Полиэтелен, корсис, прагма, НПВХ (ПК КСС);1;29;;;23.01.2026;;
ПКНФ-000161;23.01.2026;Труба 110/3,2/0560 наружная канализация;Полиэтелен, корсис, прагма, НПВХ (ПК КСС);2;135;;;23.01.2026;;
ПКНФ-000161;23.01.2026;Шайба М10 DIN 125  (А2, DIN 125);Нержавеющие метизы (ПК КСС);4;74;;02.02.2026;23.01.2026;;
ПКНФ-000162;23.01.2026;Труба э/с 108*4,0 ГОСТ 10704-91;СНГ;0.025;0.325;;;23.01.2026;;
ПКНФ-000162;23.01.2026;Гайка шестигр.М10 оц. DIN934;Оцинкованные метизы (ПК КСС);0.01;0.542;07.10.2024;07.10.2024;23.01.2026;;
ПКНФ-000162;23.01.2026;Труба 25х25х2  ГОСТ;Черные трубы, листы, круги (ПК КСС);412.5;5375.5;;;23.01.2026;;
ПКНФ-000162;23.01.2026;Болт оцинк. М10х60 DIN933;Оцинкованные метизы (ПК КСС);0.01;0.62;;;23.01.2026;;
ПКНФ-000162;23.01.2026;Труба 60х30х2 ГОСТ 8639-82;Черные трубы, листы, круги (ПК КСС);31.25;406.25;;;23.01.2026;;
ПКНФ-000162;23.01.2026;7649.4.6 - Лестница;Составные части трубопровода (Пк КСС);1;1;;;23.01.2026;ПКНФ-001397;22.12.2025
ПКНФ-000162;23.01.2026;7649.4.6 - Трубопровод;Составные части трубопровода (Пк КСС);1;1;;;23.01.2026;ПКНФ-000036;20.01.2026
ПКНФ-000162;23.01.2026;Труба э/с 40х2 ГОСТ;Черные трубы, листы, круги (ПК КСС);62.5;812.5;;;23.01.2026;;
ПКНФ-000162;23.01.2026;Труба э/с 60х2,6 ГОСТ;Черные трубы, листы, круги (ПК КСС);37.5;487.5;;;23.01.2026;;
ПКНФ-000162;23.01.2026;Труба э/с 530х8 ГОСТ 10705-80;Черные трубы, листы, круги (ПК КСС);50;650;;;23.01.2026;;
ПКНФ-000162;23.01.2026;Труба э/с 159х4,5 ГОСТ 10704-91;Черные трубы, листы, круги (ПК КСС);0.094;1.222;;;23.01.2026;;
ПКНФ-000162;23.01.2026;Труба 50х25х2  ГОСТ 8639-82;Черные трубы, листы, круги (ПК КСС);56.25;758.25;;;23.01.2026;;
ПКНФ-000162;23.01.2026;Труба 40х25х2 ГОСТ;Черные трубы, листы, круги (ПК КСС);137.5;1787.5;;;23.01.2026;;
ПКНФ-000162;23.01.2026;Заглушка для трубы 25х25 мм пластик;Расходные материалы (ПК КСС);2;26;23.04.2024;03.02.2026;23.01.2026;;
ПКНФ-000162;23.01.2026;Труба 60х40х4  ГОСТ 8639-82;Черные трубы, листы, круги (ПК КСС);50;654;;;23.01.2026;;
ПКНФ-000162;23.01.2026;Шайба плоская оц. М10  DIN 125;Оцинкованные метизы (ПК КСС);0.01;0.484;;25.08.2025;23.01.2026;;
ПКНФ-000162;23.01.2026;Труба 20х20х2 ГОСТ 8639-82;Черные трубы, листы, круги (ПК КСС);115.625;1542.925;;29.01.2024;23.01.2026;;
ПКНФ-000162;23.01.2026;Труба 40х20х1.5 ГОСТ 8645-68;Черные трубы, листы, круги (ПК КСС);331.25;4306.25;;;23.01.2026;;
ПКНФ-000162;23.01.2026;Труба 40х40х2 ГОСТ 8639-82;Черные трубы, листы, круги (ПК КСС);37.5;582.2;;;23.01.2026;;
ПКНФ-000162;23.01.2026;Труба 40х40х3 ГОСТ 8639-82;Черные трубы, листы, круги (ПК КСС);25;338.4;;;23.01.2026;;
ПКНФ-000162;23.01.2026;Труба 40х20х2 ГОСТ 8639-82;Черные трубы, листы, круги (ПК КСС);100;1347.5;;29.01.2024;23.01.2026;;
ПКНФ-000162;23.01.2026;Труба 60х40х2 ГОСТ 8645-68;Черные трубы, листы, круги (ПК КСС);37.5;487.5;;;23.01.2026;;
ПКНФ-000162;23.01.2026;Труба 60х60х2  ГОСТ 8639-82;Черные трубы, листы, круги (ПК КСС);68.75;893.75;;;23.01.2026;;
ПКНФ-000162;23.01.2026;Болт М10*40 DIN 933 полная резьба  (А2, 10,0, 40,0, DIN 933);Нержавеющие метизы (ПК КСС);4;182;;;23.01.2026;;
ПКНФ-000162;23.01.2026;Гайка М10 DIN 934  (А2, 10,0, DIN 934);Нержавеющие метизы (ПК КСС);4;403;;19.06.2024;23.01.2026;;
ПКНФ-000162;23.01.2026;Грибок канализационный;Полиэтелен, корсис, прагма, НПВХ (ПК КСС);1;29;;27.01.2026;23.01.2026;;
ПКНФ-000162;23.01.2026;Манжета резиновая переходная D 110/124 Уп., черн;Полиэтелен, корсис, прагма, НПВХ (ПК КСС);1;48;;;23.01.2026;;
ПКНФ-000162;23.01.2026;Отвод 90 гр. НПВХ DN110;Полиэтелен, корсис, прагма, НПВХ (ПК КСС);1;29;;;23.01.2026;;
ПКНФ-000162;23.01.2026;Труба 110/3,2/0560 наружная канализация;Полиэтелен, корсис, прагма, НПВХ (ПК КСС);2;135;;;23.01.2026;;
ПКНФ-000162;23.01.2026;Шайба М10 DIN 125  (А2, DIN 125);Нержавеющие метизы (ПК КСС);4;74;;02.02.2026;23.01.2026;;
ПКНФ-000163;23.01.2026;Труба э/с 108*4,0 ГОСТ 10704-91;СНГ;0.025;0.325;;;23.01.2026;;
ПКНФ-000163;23.01.2026;Гайка шестигр.М10 оц. DIN934;Оцинкованные метизы (ПК КСС);0.01;0.542;07.10.2024;07.10.2024;23.01.2026;;
ПКНФ-000163;23.01.2026;Труба 25х25х2  ГОСТ;Черные трубы, листы, круги (ПК КСС);412.5;5375.5;;;23.01.2026;;
ПКНФ-000163;23.01.2026;Болт оцинк. М10х60 DIN933;Оцинкованные метизы (ПК КСС);0.01;0.62;;;23.01.2026;;
ПКНФ-000163;23.01.2026;Труба 60х30х2 ГОСТ 8639-82;Черные трубы, листы, круги (ПК КСС);31.25;406.25;;;23.01.2026;;
ПКНФ-000163;23.01.2026;7649.4.7 - Лестница;Составные части трубопровода (Пк КСС);1;1;;;23.01.2026;ПКНФ-000089;20.01.2026
ПКНФ-000163;23.01.2026;7649.4.7 - Трубопровод;Составные части трубопровода (Пк КСС);1;1;;;23.01.2026;ПКНФ-000037;20.01.2026
ПКНФ-000163;23.01.2026;Труба э/с 40х2 ГОСТ;Черные трубы, листы, круги (ПК КСС);62.5;812.5;;;23.01.2026;;
ПКНФ-000163;23.01.2026;Труба э/с 60х2,6 ГОСТ;Черные трубы, листы, круги (ПК КСС);37.5;487.5;;;23.01.2026;;
ПКНФ-000163;23.01.2026;Труба э/с 530х8 ГОСТ 10705-80;Черные трубы, листы, круги (ПК КСС);50;650;;;23.01.2026;;
ПКНФ-000163;23.01.2026;Труба э/с 159х4,5 ГОСТ 10704-91;Черные трубы, листы, круги (ПК КСС);0.094;1.222;;;23.01.2026;;
ПКНФ-000163;23.01.2026;Труба 50х25х2  ГОСТ 8639-82;Черные трубы, листы, круги (ПК КСС);56.25;758.25;;;23.01.2026;;
ПКНФ-000163;23.01.2026;Труба 40х25х2 ГОСТ;Черные трубы, листы, круги (ПК КСС);137.5;1787.5;;;23.01.2026;;
ПКНФ-000163;23.01.2026;Заглушка для трубы 25х25 мм пластик;Расходные материалы (ПК КСС);2;26;23.04.2024;03.02.2026;23.01.2026;;
ПКНФ-000163;23.01.2026;Труба 60х40х4  ГОСТ 8639-82;Черные трубы, листы, круги (ПК КСС);50;654;;;23.01.2026;;
ПКНФ-000163;23.01.2026;Шайба плоская оц. М10  DIN 125;Оцинкованные метизы (ПК КСС);0.01;0.484;;25.08.2025;23.01.2026;;
ПКНФ-000163;23.01.2026;Труба 20х20х2 ГОСТ 8639-82;Черные трубы, листы, круги (ПК КСС);115.625;1542.925;;29.01.2024;23.01.2026;;
ПКНФ-000163;23.01.2026;Труба 40х20х1.5 ГОСТ 8645-68;Черные трубы, листы, круги (ПК КСС);331.25;4306.25;;;23.01.2026;;
ПКНФ-000163;23.01.2026;Труба 40х40х2 ГОСТ 8639-82;Черные трубы, листы, круги (ПК КСС);37.5;582.2;;;23.01.2026;;
ПКНФ-000163;23.01.2026;Труба 40х40х3 ГОСТ 8639-82;Черные трубы, листы, круги (ПК КСС);25;338.4;;;23.01.2026;;
ПКНФ-000163;23.01.2026;Труба 40х20х2 ГОСТ 8639-82;Черные трубы, листы, круги (ПК КСС);100;1347.5;;29.01.2024;23.01.2026;;
ПКНФ-000163;23.01.2026;Труба 60х40х2 ГОСТ 8645-68;Черные трубы, листы, круги (ПК КСС);37.5;487.5;;;23.01.2026;;
ПКНФ-000163;23.01.2026;Труба 60х60х2  ГОСТ 8639-82;Черные трубы, листы, круги (ПК КСС);68.75;893.75;;;23.01.2026;;
ПКНФ-000163;23.01.2026;Болт М10*40 DIN 933 полная резьба  (А2, 10,0, 40,0, DIN 933);Нержавеющие метизы (ПК КСС);4;182;;;23.01.2026;;
ПКНФ-000163;23.01.2026;Гайка М10 DIN 934  (А2, 10,0, DIN 934);Нержавеющие метизы (ПК КСС);4;403;;19.06.2024;23.01.2026;;
ПКНФ-000163;23.01.2026;Грибок канализационный;Полиэтелен, корсис, прагма, НПВХ (ПК КСС);1;29;;27.01.2026;23.01.2026;;
ПКНФ-000163;23.01.2026;Манжета резиновая переходная D 110/124 Уп., черн;Полиэтелен, корсис, прагма, НПВХ (ПК КСС);1;48;;;23.01.2026;;
ПКНФ-000163;23.01.2026;Отвод 90 гр. НПВХ DN110;Полиэтелен, корсис, прагма, НПВХ (ПК КСС);1;29;;;23.01.2026;;
ПКНФ-000163;23.01.2026;Труба 110/3,2/0560 наружная канализация;Полиэтелен, корсис, прагма, НПВХ (ПК КСС);2;135;;;23.01.2026;;
ПКНФ-000163;23.01.2026;Шайба М10 DIN 125  (А2, DIN 125);Нержавеющие метизы (ПК КСС);4;74;;02.02.2026;23.01.2026;;
ПКНФ-000164;23.01.2026;Труба э/с 108*4,0 ГОСТ 10704-91;СНГ;0.025;0.325;;;23.01.2026;;
ПКНФ-000164;23.01.2026;Гайка шестигр.М10 оц. DIN934;Оцинкованные метизы (ПК КСС);0.01;0.542;07.10.2024;07.10.2024;23.01.2026;;
ПКНФ-000164;23.01.2026;Труба 25х25х2  ГОСТ;Черные трубы, листы, круги (ПК КСС);412.5;5375.5;;;23.01.2026;;
ПКНФ-000164;23.01.2026;Болт оцинк. М10х60 DIN933;Оцинкованные метизы (ПК КСС);0.01;0.62;;;23.01.2026;;
ПКНФ-000164;23.01.2026;Труба 60х30х2 ГОСТ 8639-82;Черные трубы, листы, круги (ПК КСС);31.25;406.25;;;23.01.2026;;
ПКНФ-000164;23.01.2026;7649.4.8 - Лестница;Составные части трубопровода (Пк КСС);1;1;;;23.01.2026;ПКНФ-000088;20.01.2026
ПКНФ-000164;23.01.2026;7649.4.8 - Трубопровод;Составные части трубопровода (Пк КСС);1;1;;;23.01.2026;ПКНФ-000038;20.01.2026
ПКНФ-000164;23.01.2026;Труба э/с 40х2 ГОСТ;Черные трубы, листы, круги (ПК КСС);62.5;812.5;;;23.01.2026;;
ПКНФ-000164;23.01.2026;Труба э/с 60х2,6 ГОСТ;Черные трубы, листы, круги (ПК КСС);37.5;487.5;;;23.01.2026;;
ПКНФ-000164;23.01.2026;Труба э/с 530х8 ГОСТ 10705-80;Черные трубы, листы, круги (ПК КСС);50;650;;;23.01.2026;;
ПКНФ-000164;23.01.2026;Труба э/с 159х4,5 ГОСТ 10704-91;Черные трубы, листы, круги (ПК КСС);0.094;1.222;;;23.01.2026;;
ПКНФ-000164;23.01.2026;Труба 50х25х2  ГОСТ 8639-82;Черные трубы, листы, круги (ПК КСС);56.25;758.25;;;23.01.2026;;
ПКНФ-000164;23.01.2026;Труба 40х25х2 ГОСТ;Черные трубы, листы, круги (ПК КСС);137.5;1787.5;;;23.01.2026;;
ПКНФ-000164;23.01.2026;Заглушка для трубы 25х25 мм пластик;Расходные материалы (ПК КСС);2;26;23.04.2024;03.02.2026;23.01.2026;;
ПКНФ-000164;23.01.2026;Труба 60х40х4  ГОСТ 8639-82;Черные трубы, листы, круги (ПК КСС);50;654;;;23.01.2026;;
ПКНФ-000164;23.01.2026;Шайба плоская оц. М10  DIN 125;Оцинкованные метизы (ПК КСС);0.01;0.484;;25.08.2025;23.01.2026;;
ПКНФ-000164;23.01.2026;Труба 20х20х2 ГОСТ 8639-82;Черные трубы, листы, круги (ПК КСС);115.625;1542.925;;29.01.2024;23.01.2026;;
ПКНФ-000164;23.01.2026;Труба 40х20х1.5 ГОСТ 8645-68;Черные трубы, листы, круги (ПК КСС);331.25;4306.25;;;23.01.2026;;
ПКНФ-000164;23.01.2026;Труба 40х40х2 ГОСТ 8639-82;Черные трубы, листы, круги (ПК КСС);37.5;582.2;;;23.01.2026;;
ПКНФ-000164;23.01.2026;Труба 40х40х3 ГОСТ 8639-82;Черные трубы, листы, круги (ПК КСС);25;338.4;;;23.01.2026;;
ПКНФ-000164;23.01.2026;Труба 40х20х2 ГОСТ 8639-82;Черные трубы, листы, круги (ПК КСС);100;1347.5;;29.01.2024;23.01.2026;;
ПКНФ-000164;23.01.2026;Труба 60х40х2 ГОСТ 8645-68;Черные трубы, листы, круги (ПК КСС);37.5;487.5;;;23.01.2026;;
ПКНФ-000164;23.01.2026;Труба 60х60х2  ГОСТ 8639-82;Черные трубы, листы, круги (ПК КСС);68.75;893.75;;;23.01.2026;;
ПКНФ-000164;23.01.2026;Болт М10*40 DIN 933 полная резьба  (А2, 10,0, 40,0, DIN 933);Нержавеющие метизы (ПК КСС);4;182;;;23.01.2026;;
ПКНФ-000164;23.01.2026;Гайка М10 DIN 934  (А2, 10,0, DIN 934);Нержавеющие метизы (ПК КСС);4;403;;19.06.2024;23.01.2026;;
ПКНФ-000164;23.01.2026;Грибок канализационный;Полиэтелен, корсис, прагма, НПВХ (ПК КСС);1;29;;27.01.2026;23.01.2026;;
ПКНФ-000164;23.01.2026;Манжета резиновая переходная D 110/124 Уп., черн;Полиэтелен, корсис, прагма, НПВХ (ПК КСС);1;48;;;23.01.2026;;
ПКНФ-000164;23.01.2026;Отвод 90 гр. НПВХ DN110;Полиэтелен, корсис, прагма, НПВХ (ПК КСС);1;29;;;23.01.2026;;
ПКНФ-000164;23.01.2026;Труба 110/3,2/0560 наружная канализация;Полиэтелен, корсис, прагма, НПВХ (ПК КСС);2;135;;;23.01.2026;;
ПКНФ-000164;23.01.2026;Шайба М10 DIN 125  (А2, DIN 125);Нержавеющие метизы (ПК КСС);4;74;;02.02.2026;23.01.2026;;
ПКНФ-000165;23.01.2026;Труба э/с 108*4,0 ГОСТ 10704-91;СНГ;0.025;0.325;;;23.01.2026;;
ПКНФ-000165;23.01.2026;Гайка шестигр.М10 оц. DIN934;Оцинкованные метизы (ПК КСС);0.01;0.542;07.10.2024;07.10.2024;23.01.2026;;
ПКНФ-000165;23.01.2026;Труба 25х25х2  ГОСТ;Черные трубы, листы, круги (ПК КСС);412.5;5375.5;;;23.01.2026;;
ПКНФ-000165;23.01.2026;Болт оцинк. М10х60 DIN933;Оцинкованные метизы (ПК КСС);0.01;0.62;;;23.01.2026;;
ПКНФ-000165;23.01.2026;Труба 60х30х2 ГОСТ 8639-82;Черные трубы, листы, круги (ПК КСС);31.25;406.25;;;23.01.2026;;
ПКНФ-000165;23.01.2026;7649.4.9 - Лестница;Составные части трубопровода (Пк КСС);1;1;;;23.01.2026;ПКНФ-000087;20.01.2026
ПКНФ-000165;23.01.2026;7649.4.9 - Трубопровод;Составные части трубопровода (Пк КСС);1;1;;;23.01.2026;ПКНФ-000039;20.01.2026
ПКНФ-000165;23.01.2026;Труба э/с 40х2 ГОСТ;Черные трубы, листы, круги (ПК КСС);62.5;812.5;;;23.01.2026;;
ПКНФ-000165;23.01.2026;Труба э/с 60х2,6 ГОСТ;Черные трубы, листы, круги (ПК КСС);37.5;487.5;;;23.01.2026;;
ПКНФ-000165;23.01.2026;Труба э/с 530х8 ГОСТ 10705-80;Черные трубы, листы, круги (ПК КСС);50;650;;;23.01.2026;;
ПКНФ-000165;23.01.2026;Труба э/с 159х4,5 ГОСТ 10704-91;Черные трубы, листы, круги (ПК КСС);0.094;1.222;;;23.01.2026;;
ПКНФ-000165;23.01.2026;Труба 50х25х2  ГОСТ 8639-82;Черные трубы, листы, круги (ПК КСС);56.25;758.25;;;23.01.2026;;
ПКНФ-000165;23.01.2026;Труба 40х25х2 ГОСТ;Черные трубы, листы, круги (ПК КСС);137.5;1787.5;;;23.01.2026;;
ПКНФ-000165;23.01.2026;Заглушка для трубы 25х25 мм пластик;Расходные материалы (ПК КСС);2;26;23.04.2024;03.02.2026;23.01.2026;;
ПКНФ-000165;23.01.2026;Труба 60х40х4  ГОСТ 8639-82;Черные трубы, листы, круги (ПК КСС);50;654;;;23.01.2026;;
ПКНФ-000165;23.01.2026;Шайба плоская оц. М10  DIN 125;Оцинкованные метизы (ПК КСС);0.01;0.484;;25.08.2025;23.01.2026;;
ПКНФ-000165;23.01.2026;Труба 20х20х2 ГОСТ 8639-82;Черные трубы, листы, круги (ПК КСС);115.625;1542.925;;29.01.2024;23.01.2026;;
ПКНФ-000165;23.01.2026;Труба 40х20х1.5 ГОСТ 8645-68;Черные трубы, листы, круги (ПК КСС);331.25;4306.25;;;23.01.2026;;
ПКНФ-000165;23.01.2026;Труба 40х40х2 ГОСТ 8639-82;Черные трубы, листы, круги (ПК КСС);37.5;582.2;;;23.01.2026;;
ПКНФ-000165;23.01.2026;Труба 40х40х3 ГОСТ 8639-82;Черные трубы, листы, круги (ПК КСС);25;338.4;;;23.01.2026;;
ПКНФ-000165;23.01.2026;Труба 40х20х2 ГОСТ 8639-82;Черные трубы, листы, круги (ПК КСС);100;1347.5;;29.01.2024;23.01.2026;;
ПКНФ-000165;23.01.2026;Труба 60х40х2 ГОСТ 8645-68;Черные трубы, листы, круги (ПК КСС);37.5;487.5;;;23.01.2026;;
ПКНФ-000165;23.01.2026;Труба 60х60х2  ГОСТ 8639-82;Черные трубы, листы, круги (ПК КСС);68.75;893.75;;;23.01.2026;;
ПКНФ-000165;23.01.2026;Болт М10*40 DIN 933 полная резьба  (А2, 10,0, 40,0, DIN 933);Нержавеющие метизы (ПК КСС);4;182;;;23.01.2026;;
ПКНФ-000165;23.01.2026;Гайка М10 DIN 934  (А2, 10,0, DIN 934);Нержавеющие метизы (ПК КСС);4;403;;19.06.2024;23.01.2026;;
ПКНФ-000165;23.01.2026;Грибок канализационный;Полиэтелен, корсис, прагма, НПВХ (ПК КСС);1;29;;27.01.2026;23.01.2026;;
ПКНФ-000165;23.01.2026;Манжета резиновая переходная D 110/124 Уп., черн;Полиэтелен, корсис, прагма, НПВХ (ПК КСС);1;48;;;23.01.2026;;
ПКНФ-000165;23.01.2026;Отвод 90 гр. НПВХ DN110;Полиэтелен, корсис, прагма, НПВХ (ПК КСС);1;29;;;23.01.2026;;
ПКНФ-000165;23.01.2026;Труба 110/3,2/0560 наружная канализация;Полиэтелен, корсис, прагма, НПВХ (ПК КСС);2;135;;;23.01.2026;;
ПКНФ-000165;23.01.2026;Шайба М10 DIN 125  (А2, DIN 125);Нержавеющие метизы (ПК КСС);4;74;;02.02.2026;23.01.2026;;
ПКНФ-000166;23.01.2026;Труба э/с 108*4,0 ГОСТ 10704-91;СНГ;0.025;0.325;;;23.01.2026;;
ПКНФ-000166;23.01.2026;Гайка шестигр.М10 оц. DIN934;Оцинкованные метизы (ПК КСС);0.01;0.542;07.10.2024;07.10.2024;23.01.2026;;
ПКНФ-000166;23.01.2026;Труба 25х25х2  ГОСТ;Черные трубы, листы, круги (ПК КСС);412.5;5375.5;;;23.01.2026;;
ПКНФ-000166;23.01.2026;Болт оцинк. М10х60 DIN933;Оцинкованные метизы (ПК КСС);0.01;0.62;;;23.01.2026;;
ПКНФ-000166;23.01.2026;Труба 60х30х2 ГОСТ 8639-82;Черные трубы, листы, круги (ПК КСС);31.25;406.25;;;23.01.2026;;
ПКНФ-000166;23.01.2026;7649.4.10 - Трубопровод;Составные части трубопровода (Пк КСС);1;1;;;23.01.2026;ПКНФ-000040;20.01.2026
ПКНФ-000166;23.01.2026;7649.4.10 - Лестница;Составные части трубопровода (Пк КСС);1;1;;;23.01.2026;ПКНФ-000086;20.01.2026
ПКНФ-000166;23.01.2026;Труба э/с 40х2 ГОСТ;Черные трубы, листы, круги (ПК КСС);62.5;812.5;;;23.01.2026;;
ПКНФ-000166;23.01.2026;Труба э/с 60х2,6 ГОСТ;Черные трубы, листы, круги (ПК КСС);37.5;487.5;;;23.01.2026;;
ПКНФ-000166;23.01.2026;Труба э/с 530х8 ГОСТ 10705-80;Черные трубы, листы, круги (ПК КСС);50;650;;;23.01.2026;;
ПКНФ-000166;23.01.2026;Труба э/с 159х4,5 ГОСТ 10704-91;Черные трубы, листы, круги (ПК КСС);0.094;1.222;;;23.01.2026;;
ПКНФ-000166;23.01.2026;Труба 50х25х2  ГОСТ 8639-82;Черные трубы, листы, круги (ПК КСС);56.25;758.25;;;23.01.2026;;
ПКНФ-000166;23.01.2026;Труба 40х25х2 ГОСТ;Черные трубы, листы, круги (ПК КСС);137.5;1787.5;;;23.01.2026;;
ПКНФ-000166;23.01.2026;Заглушка для трубы 25х25 мм пластик;Расходные материалы (ПК КСС);2;26;23.04.2024;03.02.2026;23.01.2026;;
ПКНФ-000166;23.01.2026;Труба 60х40х4  ГОСТ 8639-82;Черные трубы, листы, круги (ПК КСС);50;654;;;23.01.2026;;
ПКНФ-000166;23.01.2026;Шайба плоская оц. М10  DIN 125;Оцинкованные метизы (ПК КСС);0.01;0.484;;25.08.2025;23.01.2026;;
ПКНФ-000166;23.01.2026;Труба 20х20х2 ГОСТ 8639-82;Черные трубы, листы, круги (ПК КСС);115.625;1542.925;;29.01.2024;23.01.2026;;
ПКНФ-000166;23.01.2026;Труба 40х20х1.5 ГОСТ 8645-68;Черные трубы, листы, круги (ПК КСС);331.25;4306.25;;;23.01.2026;;
ПКНФ-000166;23.01.2026;Труба 40х40х2 ГОСТ 8639-82;Черные трубы, листы, круги (ПК КСС);37.5;582.2;;;23.01.2026;;
ПКНФ-000166;23.01.2026;Труба 40х40х3 ГОСТ 8639-82;Черные трубы, листы, круги (ПК КСС);25;338.4;;;23.01.2026;;
ПКНФ-000166;23.01.2026;Труба 40х20х2 ГОСТ 8639-82;Черные трубы, листы, круги (ПК КСС);100;1347.5;;29.01.2024;23.01.2026;;
ПКНФ-000166;23.01.2026;Труба 60х40х2 ГОСТ 8645-68;Черные трубы, листы, круги (ПК КСС);37.5;487.5;;;23.01.2026;;
ПКНФ-000166;23.01.2026;Труба 60х60х2  ГОСТ 8639-82;Черные трубы, листы, круги (ПК КСС);68.75;893.75;;;23.01.2026;;
ПКНФ-000166;23.01.2026;Болт М10*40 DIN 933 полная резьба  (А2, 10,0, 40,0, DIN 933);Нержавеющие метизы (ПК КСС);4;182;;;23.01.2026;;
ПКНФ-000166;23.01.2026;Гайка М10 DIN 934  (А2, 10,0, DIN 934);Нержавеющие метизы (ПК КСС);4;403;;19.06.2024;23.01.2026;;
ПКНФ-000166;23.01.2026;Грибок канализационный;Полиэтелен, корсис, прагма, НПВХ (ПК КСС);1;29;;27.01.2026;23.01.2026;;
ПКНФ-000166;23.01.2026;Манжета резиновая переходная D 110/124 Уп., черн;Полиэтелен, корсис, прагма, НПВХ (ПК КСС);1;48;;;23.01.2026;;
ПКНФ-000166;23.01.2026;Отвод 90 гр. НПВХ DN110;Полиэтелен, корсис, прагма, НПВХ (ПК КСС);1;29;;;23.01.2026;;
ПКНФ-000166;23.01.2026;Труба 110/3,2/0560 наружная канализация;Полиэтелен, корсис, прагма, НПВХ (ПК КСС);2;135;;;23.01.2026;;
ПКНФ-000166;23.01.2026;Шайба М10 DIN 125  (А2, DIN 125);Нержавеющие метизы (ПК КСС);4;74;;02.02.2026;23.01.2026;;
ПКНФ-000167;23.01.2026;Труба э/с 108*4,0 ГОСТ 10704-91;СНГ;0.025;0.325;;;23.01.2026;;
ПКНФ-000167;23.01.2026;Гайка шестигр.М10 оц. DIN934;Оцинкованные метизы (ПК КСС);0.01;0.542;07.10.2024;07.10.2024;23.01.2026;;
ПКНФ-000167;23.01.2026;Труба 25х25х2  ГОСТ;Черные трубы, листы, круги (ПК КСС);412.5;5375.5;;;23.01.2026;;
ПКНФ-000167;23.01.2026;Болт оцинк. М10х60 DIN933;Оцинкованные метизы (ПК КСС);0.01;0.62;;;23.01.2026;;
ПКНФ-000167;23.01.2026;Труба 60х30х2 ГОСТ 8639-82;Черные трубы, листы, круги (ПК КСС);31.25;406.25;;;23.01.2026;;
ПКНФ-000167;23.01.2026;7649.4.11 - Лестница;Составные части трубопровода (Пк КСС);1;1;;;23.01.2026;ПКНФ-000085;20.01.2026
ПКНФ-000167;23.01.2026;7649.4.11 - Трубопровод;Составные части трубопровода (Пк КСС);1;1;;;23.01.2026;ПКНФ-000041;20.01.2026
ПКНФ-000167;23.01.2026;Труба э/с 40х2 ГОСТ;Черные трубы, листы, круги (ПК КСС);62.5;812.5;;;23.01.2026;;
ПКНФ-000167;23.01.2026;Труба э/с 60х2,6 ГОСТ;Черные трубы, листы, круги (ПК КСС);37.5;487.5;;;23.01.2026;;
ПКНФ-000167;23.01.2026;Труба э/с 530х8 ГОСТ 10705-80;Черные трубы, листы, круги (ПК КСС);50;650;;;23.01.2026;;
ПКНФ-000167;23.01.2026;Труба э/с 159х4,5 ГОСТ 10704-91;Черные трубы, листы, круги (ПК КСС);0.094;1.222;;;23.01.2026;;
ПКНФ-000167;23.01.2026;Труба 50х25х2  ГОСТ 8639-82;Черные трубы, листы, круги (ПК КСС);56.25;758.25;;;23.01.2026;;
ПКНФ-000167;23.01.2026;Труба 40х25х2 ГОСТ;Черные трубы, листы, круги (ПК КСС);137.5;1787.5;;;23.01.2026;;
ПКНФ-000167;23.01.2026;Заглушка для трубы 25х25 мм пластик;Расходные материалы (ПК КСС);2;26;23.04.2024;03.02.2026;23.01.2026;;
ПКНФ-000167;23.01.2026;Труба 60х40х4  ГОСТ 8639-82;Черные трубы, листы, круги (ПК КСС);50;654;;;23.01.2026;;
ПКНФ-000167;23.01.2026;Шайба плоская оц. М10  DIN 125;Оцинкованные метизы (ПК КСС);0.01;0.484;;25.08.2025;23.01.2026;;
ПКНФ-000167;23.01.2026;Труба 20х20х2 ГОСТ 8639-82;Черные трубы, листы, круги (ПК КСС);115.625;1542.925;;29.01.2024;23.01.2026;;
ПКНФ-000167;23.01.2026;Труба 40х20х1.5 ГОСТ 8645-68;Черные трубы, листы, круги (ПК КСС);331.25;4306.25;;;23.01.2026;;
ПКНФ-000167;23.01.2026;Труба 40х40х2 ГОСТ 8639-82;Черные трубы, листы, круги (ПК КСС);37.5;582.2;;;23.01.2026;;
ПКНФ-000167;23.01.2026;Труба 40х40х3 ГОСТ 8639-82;Черные трубы, листы, круги (ПК КСС);25;338.4;;;23.01.2026;;
ПКНФ-000167;23.01.2026;Труба 40х20х2 ГОСТ 8639-82;Черные трубы, листы, круги (ПК КСС);100;1347.5;;29.01.2024;23.01.2026;;
ПКНФ-000167;23.01.2026;Труба 60х40х2 ГОСТ 8645-68;Черные трубы, листы, круги (ПК КСС);37.5;487.5;;;23.01.2026;;
ПКНФ-000167;23.01.2026;Труба 60х60х2  ГОСТ 8639-82;Черные трубы, листы, круги (ПК КСС);68.75;893.75;;;23.01.2026;;
ПКНФ-000167;23.01.2026;Болт М10*40 DIN 933 полная резьба  (А2, 10,0, 40,0, DIN 933);Нержавеющие метизы (ПК КСС);4;182;;;23.01.2026;;
ПКНФ-000167;23.01.2026;Гайка М10 DIN 934  (А2, 10,0, DIN 934);Нержавеющие метизы (ПК КСС);4;403;;19.06.2024;23.01.2026;;
ПКНФ-000167;23.01.2026;Грибок канализационный;Полиэтелен, корсис, прагма, НПВХ (ПК КСС);1;29;;27.01.2026;23.01.2026;;
ПКНФ-000167;23.01.2026;Манжета резиновая переходная D 110/124 Уп., черн;Полиэтелен, корсис, прагма, НПВХ (ПК КСС);1;48;;;23.01.2026;;
ПКНФ-000167;23.01.2026;Отвод 90 гр. НПВХ DN110;Полиэтелен, корсис, прагма, НПВХ (ПК КСС);1;29;;;23.01.2026;;
ПКНФ-000167;23.01.2026;Труба 110/3,2/0560 наружная канализация;Полиэтелен, корсис, прагма, НПВХ (ПК КСС);2;135;;;23.01.2026;;
ПКНФ-000167;23.01.2026;Шайба М10 DIN 125  (А2, DIN 125);Нержавеющие метизы (ПК КСС);4;74;;02.02.2026;23.01.2026;;
ПКНФ-000168;23.01.2026;Труба э/с 108*4,0 ГОСТ 10704-91;СНГ;0.025;0.325;;;23.01.2026;;
ПКНФ-000168;23.01.2026;Гайка шестигр.М10 оц. DIN934;Оцинкованные метизы (ПК КСС);0.01;0.542;07.10.2024;07.10.2024;23.01.2026;;
ПКНФ-000168;23.01.2026;Труба 25х25х2  ГОСТ;Черные трубы, листы, круги (ПК КСС);412.5;5375.5;;;23.01.2026;;
ПКНФ-000168;23.01.2026;Болт оцинк. М10х60 DIN933;Оцинкованные метизы (ПК КСС);0.01;0.62;;;23.01.2026;;
ПКНФ-000168;23.01.2026;Труба 60х30х2 ГОСТ 8639-82;Черные трубы, листы, круги (ПК КСС);31.25;406.25;;;23.01.2026;;
ПКНФ-000168;23.01.2026;7649.4.12 - Лестница;Составные части трубопровода (Пк КСС);1;1;;;23.01.2026;ПКНФ-000084;20.01.2026
ПКНФ-000168;23.01.2026;7649.4.12 - Трубопровод;Составные части трубопровода (Пк КСС);1;1;;;23.01.2026;ПКНФ-000042;20.01.2026
ПКНФ-000168;23.01.2026;Труба э/с 40х2 ГОСТ;Черные трубы, листы, круги (ПК КСС);62.5;812.5;;;23.01.2026;;
ПКНФ-000168;23.01.2026;Труба э/с 60х2,6 ГОСТ;Черные трубы, листы, круги (ПК КСС);37.5;487.5;;;23.01.2026;;
ПКНФ-000168;23.01.2026;Труба э/с 530х8 ГОСТ 10705-80;Черные трубы, листы, круги (ПК КСС);50;650;;;23.01.2026;;
ПКНФ-000168;23.01.2026;Труба э/с 159х4,5 ГОСТ 10704-91;Черные трубы, листы, круги (ПК КСС);0.094;1.222;;;23.01.2026;;
ПКНФ-000168;23.01.2026;Труба 50х25х2  ГОСТ 8639-82;Черные трубы, листы, круги (ПК КСС);56.25;758.25;;;23.01.2026;;
ПКНФ-000168;23.01.2026;Труба 40х25х2 ГОСТ;Черные трубы, листы, круги (ПК КСС);137.5;1787.5;;;23.01.2026;;
ПКНФ-000168;23.01.2026;Заглушка для трубы 25х25 мм пластик;Расходные материалы (ПК КСС);2;26;23.04.2024;03.02.2026;23.01.2026;;
ПКНФ-000168;23.01.2026;Труба 60х40х4  ГОСТ 8639-82;Черные трубы, листы, круги (ПК КСС);50;654;;;23.01.2026;;
ПКНФ-000168;23.01.2026;Шайба плоская оц. М10  DIN 125;Оцинкованные метизы (ПК КСС);0.01;0.484;;25.08.2025;23.01.2026;;
ПКНФ-000168;23.01.2026;Труба 20х20х2 ГОСТ 8639-82;Черные трубы, листы, круги (ПК КСС);115.625;1542.925;;29.01.2024;23.01.2026;;
ПКНФ-000168;23.01.2026;Труба 40х20х1.5 ГОСТ 8645-68;Черные трубы, листы, круги (ПК КСС);331.25;4306.25;;;23.01.2026;;
ПКНФ-000168;23.01.2026;Труба 40х40х2 ГОСТ 8639-82;Черные трубы, листы, круги (ПК КСС);37.5;582.2;;;23.01.2026;;
ПКНФ-000168;23.01.2026;Труба 40х40х3 ГОСТ 8639-82;Черные трубы, листы, круги (ПК КСС);25;338.4;;;23.01.2026;;
ПКНФ-000168;23.01.2026;Труба 40х20х2 ГОСТ 8639-82;Черные трубы, листы, круги (ПК КСС);100;1347.5;;29.01.2024;23.01.2026;;
ПКНФ-000168;23.01.2026;Труба 60х40х2 ГОСТ 8645-68;Черные трубы, листы, круги (ПК КСС);37.5;487.5;;;23.01.2026;;
ПКНФ-000168;23.01.2026;Труба 60х60х2  ГОСТ 8639-82;Черные трубы, листы, круги (ПК КСС);68.75;893.75;;;23.01.2026;;
ПКНФ-000168;23.01.2026;Болт М10*40 DIN 933 полная резьба  (А2, 10,0, 40,0, DIN 933);Нержавеющие метизы (ПК КСС);4;182;;;23.01.2026;;
ПКНФ-000168;23.01.2026;Гайка М10 DIN 934  (А2, 10,0, DIN 934);Нержавеющие метизы (ПК КСС);4;403;;19.06.2024;23.01.2026;;
ПКНФ-000168;23.01.2026;Грибок канализационный;Полиэтелен, корсис, прагма, НПВХ (ПК КСС);1;29;;27.01.2026;23.01.2026;;
ПКНФ-000168;23.01.2026;Манжета резиновая переходная D 110/124 Уп., черн;Полиэтелен, корсис, прагма, НПВХ (ПК КСС);1;48;;;23.01.2026;;
ПКНФ-000168;23.01.2026;Отвод 90 гр. НПВХ DN110;Полиэтелен, корсис, прагма, НПВХ (ПК КСС);1;29;;;23.01.2026;;
ПКНФ-000168;23.01.2026;Труба 110/3,2/0560 наружная канализация;Полиэтелен, корсис, прагма, НПВХ (ПК КСС);2;135;;;23.01.2026;;
ПКНФ-000168;23.01.2026;Шайба М10 DIN 125  (А2, DIN 125);Нержавеющие метизы (ПК КСС);4;74;;02.02.2026;23.01.2026;;
ПКНФ-000144;23.01.2026;Выключатель нагрузки 3п 20А ВН-32N;Электротовары КСС ШУ;1;8;;;23.01.2026;;
ПКНФ-000144;23.01.2026;Частотный преобразователь ESQ-230-4T-2.2K 2.2кВт, 380В;Электротовары КСС ШУ;3;0;;26.01.2026;23.01.2026;;
ПКНФ-000144;23.01.2026;Стяжка нейлоновая КСС 3х120 (б) (100шт);Электротовары КСС ШУ;20;0;;;23.01.2026;;
ПКНФ-000144;23.01.2026;Стяжка нейлоновая КСС 4х200 (б) (100шт);Электротовары КСС ШУ;15;0;;;23.01.2026;;
ПКНФ-000144;23.01.2026;Кабель КГВВнг(А)-LS 4х1.5;Электротовары КСС ШУ;13;167;;;23.01.2026;;
ПКНФ-000144;23.01.2026;Провод ПУГВнг(А)-LS 1х0,5 С;Электротовары КСС ШУ;11;1186;;;23.01.2026;;
ПКНФ-000144;23.01.2026;Наконечник штыревой втулочный изол. НШвИ(2) 0.5-8 (уп.50шт);Электротовары КСС ШУ;94;2422;;10.02.2026;23.01.2026;;
ПКНФ-000144;23.01.2026;Знак ""Земля"" круглый d20мм EKF an-1-04;Электротовары КСС ШУ;2;0;;10.02.2026;23.01.2026;;
ПКНФ-000144;23.01.2026;Наконечник кольцевой изол. НКИ 1.5-6 (уп.50шт);Электротовары КСС ШУ;36;0;;06.02.2026;23.01.2026;;
ПКНФ-000144;23.01.2026;Выключатель автоматический модульный 3п C 6А 4.5кА ВА 47-63;Электротовары КСС ШУ;3;45;;;23.01.2026;;
ПКНФ-000144;23.01.2026;Ограничитель на DIN-рейку 1 винт HDW-211;Электротовары КСС ШУ;24;0;;10.02.2026;23.01.2026;;
ПКНФ-000144;23.01.2026;Выключатель автоматический модульный 1п C 6А 4.5кА ВА 47-63;Электротовары КСС ШУ;2;86;;;23.01.2026;;
ПКНФ-000144;23.01.2026;Кабель-канал перфорированный 25х40 L2000 RL6 G DKC 01163RL;Электротовары КСС ШУ;1.5;0;;06.02.2026;23.01.2026;;
ПКНФ-000144;23.01.2026;DIN-рейка перфорированная L2000 1мм 35х7,5;Электротовары КСС ШУ;0.75;0;;06.02.2026;23.01.2026;;
ПКНФ-000144;23.01.2026;Термостат NO (охлаждение) на DIN-рейку 10А 230В IP20;Электротовары КСС ШУ;1;10;;;23.01.2026;;
ПКНФ-000144;23.01.2026;Колодка клеммная JXB-2.5/35 серая;Электротовары КСС ШУ;23;0;;10.02.2026;23.01.2026;;
ПКНФ-000144;23.01.2026;Заглушка для JXB-2,5/35 серая;Электротовары КСС ШУ;5;0;;10.02.2026;23.01.2026;;
ПКНФ-000144;23.01.2026;Провод ПуГВнг(А)-LS 1х1,5 Б;Электротовары КСС ШУ;34;15;;06.02.2026;23.01.2026;;
ПКНФ-000144;23.01.2026;Сальник PG21;Электротовары КСС ШУ;1;508;;;23.01.2026;;
ПКНФ-000144;23.01.2026;Колодка клеммная ЕК-16/80 JXB земля;Электротовары КСС ШУ;1;123;;06.12.2024;23.01.2026;;
ПКНФ-000144;23.01.2026;Крышка защитная на 8 модулей под вырез в шкафу MT-WPC8;Электротовары КСС ШУ;1;14;;29.01.2026;23.01.2026;;
ПКНФ-000144;23.01.2026;Программируемое реле ПР200-24.4.2.0;Электротовары КСС ШУ;1;7;;29.01.2026;23.01.2026;;
ПКНФ-000144;23.01.2026;Сальник PG 9;Электротовары КСС ШУ;7;7;;10.02.2026;23.01.2026;;
ПКНФ-000144;23.01.2026;Трубка термоус. ТУТ (HF)-4/2, красн. (уп.100м);Электротовары КСС ШУ;1.2;36.5;;;23.01.2026;;
ПКНФ-000144;23.01.2026;Трубка термоус. ТУТ (HF)-4/2, зел. (уп.100м);Электротовары КСС ШУ;1.2;36.3;;;23.01.2026;;
ПКНФ-000144;23.01.2026;Трубка термоус. ТУТ (HF)-4/2, желт. (уп.100м);Электротовары КСС ШУ;1.2;61;;;23.01.2026;;
ПКНФ-000144;23.01.2026;Колодка клеммная JXB-16/35 син.;Электротовары КСС ШУ;1;74;;06.12.2024;23.01.2026;;
ПКНФ-000144;23.01.2026;Наконечник штыревой втулочный изол. НШвИ 0.5-8 (уп.50шт);Электротовары КСС ШУ;1200;12472;;;23.01.2026;;
ПКНФ-000144;23.01.2026;Наконечник штыревой втулочный изол. НШвИ 1.5-8 (уп.50шт);Электротовары КСС ШУ;79;1695;;10.02.2026;23.01.2026;;
ПКНФ-000144;23.01.2026;Саморез 4.2х13 металл-металл с прессшайбой сверло цинк (уп.200шт);Электротовары КСС ШУ;54;1066.91;;;23.01.2026;;
ПКНФ-000144;23.01.2026;Маркер для кабеля 0.5-1.5мм символ ""1"" (уп.200шт) ДКС;Электротовары КСС ШУ;18;8990;;;23.01.2026;;
ПКНФ-000144;23.01.2026;Маркер для кабеля 0.5-1.5мм символ ""2"" (уп.200шт) ДКС;Электротовары КСС ШУ;14;4410;;;23.01.2026;;
ПКНФ-000144;23.01.2026;Маркер для кабеля 0.5-1.5мм символ ""3"" (уп.200шт) ДКС;Электротовары КСС ШУ;6;4698;;;23.01.2026;;
ПКНФ-000144;23.01.2026;Сальник PG 16 10-14мм IP54;Электротовары КСС ШУ;3;155;;;23.01.2026;;
ПКНФ-000144;23.01.2026;Вентилятор с фильтром 52 м3/ч 124х124 мм;Электротовары КСС ШУ;1;0;;12.10.2025;23.01.2026;;
ПКНФ-000144;23.01.2026;Решетка вентиляционная с фильтром 124x124мм IP54;Электротовары КСС ШУ;1;0;;12.10.2025;23.01.2026;;
ПКНФ-000144;23.01.2026;MES 80.60.30, Шкаф компактный распределительный 800х600х300;Корпусы для ШУ;1;0;;02.01.2026;23.01.2026;;
ПКНФ-000144;23.01.2026;Кабель-канал перфорированный 15х30 L2000 RL75 G ДКС;Электротовары КСС ШУ;0.3;84.1;;;23.01.2026;;
ПКНФ-000144;23.01.2026;Колодка клеммная ЕК-2.5/25 JXB земля;Электротовары КСС ШУ;3;41;;08.06.2024;23.01.2026;;
ПКНФ-000144;23.01.2026;Маркер для кабеля 0.5-1.5мм символ ""0"" (уп.200шт) ДКС;Электротовары КСС ШУ;7;6334;;;23.01.2026;;
ПКНФ-000144;23.01.2026;Маркер для кабеля 0.5-1.5мм символ ""4"" (уп.200шт) ДКС;Электротовары КСС ШУ;14;724;;;23.01.2026;;
ПКНФ-000144;23.01.2026;Маркер для кабеля 0.5-1.5мм символ ""5"" (уп.200шт) ДКС;Электротовары КСС ШУ;6;5628;;;23.01.2026;;
ПКНФ-000144;23.01.2026;Маркер для кабеля 0.5-1.5мм символ ""6"" (уп.200шт) ДКС;Электротовары КСС ШУ;6;5552;;;23.01.2026;;
ПКНФ-000144;23.01.2026;Маркер для кабеля 0.5-1.5мм символ ""7"" (уп.200шт) ДКС;Электротовары КСС ШУ;6;1549;;;23.01.2026;;
ПКНФ-000144;23.01.2026;Маркер для кабеля 0.5-1.5мм символ ""8"" (уп.200шт) ДКС;Электротовары КСС ШУ;4;857;;;23.01.2026;;
ПКНФ-000144;23.01.2026;Маркер для кабеля 0.5-1.5мм символ ""9"" (уп.200шт) ДКС;Электротовары КСС ШУ;6;743;;;23.01.2026;;
ПКНФ-000144;23.01.2026;Маркер для JXB с нумерацией 1-10 (уп.100шт);Электротовары КСС ШУ;30;2611;;;23.01.2026;;
ПКНФ-000144;23.01.2026;Провод ПУГВнг(А)-LS 1х0,5 Б;Электротовары КСС ШУ;46;2282;;;23.01.2026;;
ПКНФ-000144;23.01.2026;Провод ПУГВнг(А)-LS 1х0,5 К;Электротовары КСС ШУ;16;1149;;;23.01.2026;;
ПКНФ-000144;23.01.2026;Провод ПУГВнг(А)-LS 1х0,5 Ч;Электротовары КСС ШУ;28;1018;;;23.01.2026;;
ПКНФ-000144;23.01.2026;Провод ПУГВнг(А)-LS 1х1,5 ж/з;Электротовары КСС ШУ;8;433.8;;;23.01.2026;;
ПКНФ-000144;23.01.2026;Спираль монтажная СМ-06-04 (10м);Электротовары КСС ШУ;0.2;2.541;;06.02.2026;23.01.2026;;
ПКНФ-000144;23.01.2026;Провод ШВВП 2х0,75 белый;Электротовары КСС ШУ;9;138;;;23.01.2026;;
ПКНФ-000144;23.01.2026;HDR-30-24 Блок питания, 24В,1.5А,36Вт;Электротовары КСС ШУ;1;4;;;23.01.2026;;
ПКНФ-000144;23.01.2026;Наконечник НШвИ(2) 1.5-8 (уп.50шт);Электротовары КСС ШУ;83;4446;;;23.01.2026;;
ПКНФ-000144;23.01.2026;Символ ""Молния"" (треугольник) 100х100х100мм;Электротовары КСС ШУ;1;0;;06.02.2026;23.01.2026;;
