Product order name;Product order date;Material name;Material group;qty;Current qty;Posted date;For admission date;Create date;Product order name child;Product order date child
ПКНФ-000010;15.01.2025;Труба PPR SDR 6 PN20 40/6,7/4000 мм, БЕЛАЯ, Pro Aqua PA10014;Полиэтелен, корсис, прагма, НПВХ (ПК КСС);3;23;;;15.01.2025;;
ПКНФ-000010;15.01.2025;Муфта PPR комбинированная 40х1 1/4""НР под ключ, белая, Pro Aqua PA23520P;Полиэтелен, корсис, прагма, НПВХ (ПК КСС);3;7;;;15.01.2025;;
ПКНФ-000010;15.01.2025;Муфта PPR комбинированная 40х1 1/4""ВР под ключ, белая, Pro Aqua PA22520P;Полиэтелен, корсис, прагма, НПВХ (ПК КСС);2;4;;;15.01.2025;;
ПКНФ-000010;15.01.2025;Угольник PPR 40/90°, белый, Pro Aqua PA13014P;Полиэтелен, корсис, прагма, НПВХ (ПК КСС);1;2;;;15.01.2025;;
ПКНФ-000010;15.01.2025;Шайба гроверная оц.Ф10 DIN 127;Оцинкованные метизы (ПК КСС);0.1;0.35;;;15.01.2025;;
ПКНФ-000010;15.01.2025;Гайка шестигр.М10 оц. DIN934;Оцинкованные метизы (ПК КСС);0.1;0.321;07.10.2024;07.10.2024;15.01.2025;;
ПКНФ-000010;15.01.2025;Болт оцинк. М10х60 DIN933;Оцинкованные метизы (ПК КСС);0.1;0.42;;;15.01.2025;;
ПКНФ-000010;15.01.2025;Уплотнитель кольцевого пространства марки АктивРинг ТУ 2531-002-58859224-2014 изм. 1 (АР 300 оцинк);Полиэтелен, корсис, прагма, НПВХ (ПК КСС);28;24;;;15.01.2025;;
ПКНФ-000010;15.01.2025;Хомут для высоких нагрузок PI-НD 2"", М12, 59-66, Termoclip 09405203;Нержавеющие метизы (ПК КСС);4;0;;;15.01.2025;;
ПКНФ-000010;15.01.2025;Шпилька М12*1000 DIN 975 оц;Оцинкованные метизы (ПК КСС);2;1;;;15.01.2025;;
ПКНФ-000010;15.01.2025;Шаровой кран латунный 1 1/4"" ВР-ГШ со сгоном, ручка-бабочка, LD Pride 47.32.В-ГШ.Б;Арматура (ПК КСС);1;3;;;15.01.2025;;
ПКНФ-000010;15.01.2025;Шпилька М6 L1000 (А2, DIN975);Нержавеющие метизы (ПК КСС);1;6;;;15.01.2025;;
ПКНФ-000010;15.01.2025;Болт оцинк. М12х60 DIN933;Оцинкованные метизы (ПК КСС);0.004;0.406;;03.06.2024;15.01.2025;;
ПКНФ-000010;15.01.2025;Шайба плоская оц. М12  DIN 125;Оцинкованные метизы (ПК КСС);0.016;0.755;;03.06.2024;15.01.2025;;
ПКНФ-000010;15.01.2025;Болт оцинк. м14х80 DIN933;Оцинкованные метизы (ПК КСС);0.01;0.449;;15.01.2025;15.01.2025;;
ПКНФ-000010;15.01.2025;Гайка шестигр. оц. М14 DIN 934;Оцинкованные метизы (ПК КСС);0.01;0.748;;;15.01.2025;;
ПКНФ-000010;15.01.2025;Шайба плоская оц.М14  DIN 125;Оцинкованные метизы (ПК КСС);0.01;0.414;;;15.01.2025;;
ПКНФ-000010;15.01.2025;Шайба гроверная оц.Ф14 DIN 127;Оцинкованные метизы (ПК КСС);0.02;0.747;;;15.01.2025;;
ПКНФ-000010;15.01.2025;Обратный клапан р/р Ду 32 1 1/4"" ВР Ру 10 Tmax=100°С, латунный, Itap York 103 26100;Арматура (ПК КСС);1;3;;;15.01.2025;;
ПКНФ-000010;15.01.2025;Труба 110/3,2/2000 наружная канализация;Полиэтелен, корсис, прагма, НПВХ (ПК КСС);2;1;;;15.01.2025;;
ПКНФ-000010;15.01.2025;Болт оцинк. М16х60 DIN933;Оцинкованные метизы (ПК КСС);0.03;0.806;;;15.01.2025;;
ПКНФ-000010;15.01.2025;Шайба плоская оц. М8  DIN 125;Оцинкованные метизы (ПК КСС);0.008;0.451;;;15.01.2025;;
ПКНФ-000010;15.01.2025;Гайка шестигр. оц М8 DIN934;Оцинкованные метизы (ПК КСС);0.004;0.522;;;15.01.2025;;
ПКНФ-000010;15.01.2025;Шайба гроверная оц. Ф8 DIN 127;Оцинкованные метизы (ПК КСС);0.004;1.229;;;15.01.2025;;
ПКНФ-000010;15.01.2025;Болт оцинк. М20х60 DIN933;Оцинкованные метизы (ПК КСС);0.012;0.268;;;15.01.2025;;
ПКНФ-000010;15.01.2025;Фланец 60,3 (AISI304, 08*18H10, PN10) свободный;Нержавеющие фланцы и фиттинги (ПК КСС);4;4;;;15.01.2025;;
ПКНФ-000010;15.01.2025;Отбортовка 60,3х2,0 AISI304;Нержавеющие фланцы и фиттинги (ПК КСС);4;0;16.05.2025;19.02.2026;15.01.2025;;
ПКНФ-000010;15.01.2025;Лист 5,0*1500*6000 ст3 (м2);Черные трубы, листы, круги (ПК КСС);0.2;1.2;;;15.01.2025;;
ПКНФ-000010;15.01.2025;Затвор поворот чуг Ду50 Ру10/16 д/чуг Benarmo;Арматура (ПК КСС);4;4;;;15.01.2025;;
ПКНФ-000010;15.01.2025;Компенсатор Ду 50 Ру10/16 д/чуг Benarmo;Арматура (ПК КСС);4;4;;05.05.2025;15.01.2025;;
ПКНФ-000010;15.01.2025;Установка повышения давления КСС-МЧ-2 CDM5-4+СХ+ГА8м ;Установки ВНС и ПНС (ПК КСС);1;0;;;15.01.2025;ПКНФ-000011;15.01.2025
ПКНФ-000010;15.01.2025;Гайка шестигр. оц. М20 DIN 934 тыс шт;Оцинкованные метизы (ПК КСС);0.012;0.62;;27.06.2024;15.01.2025;;
ПКНФ-000010;15.01.2025;Мембранный бак для водоснабжения вертикальный, 80л, WAV80 10 бар/110°C, Wester WAV80;Расходомеры, манометры (ПК КСС);1;1;;;15.01.2025;;
ПКНФ-000010;15.01.2025;Электрический конвектор Electrolux ECH/AS-2000 ER НС-1119630;Электротовары КСС ШУ;1;2;;;15.01.2025;;
ПКНФ-000010;15.01.2025;Подводка для воды ДТРД Гигант 100 см 1"" г/г угл 1001ГГУ;Арматура (ПК КСС);1;2;;;15.01.2025;;
ПКНФ-000010;15.01.2025;Заглушка для трубы 25х25 мм пластик;Расходные материалы (ПК КСС);2;434;23.04.2024;;15.01.2025;;
ПКНФ-000010;15.01.2025;Насос дренажный модель XKS-750S ""LEO"";Насосы LEO/ОНИС (ПК КСС);1;2;;;15.01.2025;;
ПКНФ-000010;15.01.2025;Шайба оцинк гровер М12 DIN 127;Оцинкованные метизы (ПК КСС);0.012;0.752;;03.06.2024;15.01.2025;;
ПКНФ-000010;15.01.2025;Шайба гроверная оц. Ф16 DIN 127;Оцинкованные метизы (ПК КСС);0.06;1.154;;27.06.2024;15.01.2025;;
ПКНФ-000010;15.01.2025;Труба СВ  42,4х1,5мм 08Х18Н10 (AISI 304);Нержавеющие трубы, листы, круги, сетки(ПК КСС);0.5;0.5;;;15.01.2025;;
ПКНФ-000010;15.01.2025;Труба СВ  60,3х2,0мм 08Х18Н10 (AISI 304);Нержавеющие трубы, листы, круги, сетки(ПК КСС);3.5;3.5;09.09.2025;09.09.2025;15.01.2025;;
ПКНФ-000010;15.01.2025;Отвод 60,3х2,0 мм AISI 304;Нержавеющие фланцы и фиттинги (ПК КСС);8;8;09.09.2025;09.09.2025;15.01.2025;;
ПКНФ-000010;15.01.2025;Шайба плоская оц. М10  DIN 125;Оцинкованные метизы (ПК КСС);0.1;0.434;;25.08.2025;15.01.2025;;
ПКНФ-000010;15.01.2025;Навесной замок с ключом GPLK-50L;Оцинкованные метизы (ПК КСС);1;47;;20.01.2025;15.01.2025;;
ПКНФ-000010;15.01.2025;Полоса 40*4 ГОСТ 103-76;Черные трубы, листы, круги (ПК КСС);5;27.04;17.02.2026;17.02.2026;15.01.2025;;
ПКНФ-000010;15.01.2025;Уголок 50х50х5 ГОСТ 8509-93 (м);Черные трубы, листы, круги (ПК КСС);2;49.2;;;15.01.2025;;
ПКНФ-000010;15.01.2025;Гайка шестигр. оц М12 DIN934;Оцинкованные метизы (ПК КСС);0.012;1.226;;03.06.2024;15.01.2025;;
ПКНФ-000010;15.01.2025;Гайка шестигр. оц М16  (тыс шт);Оцинкованные метизы (ПК КСС);0.06;1.35;;27.06.2024;15.01.2025;;
ПКНФ-000010;15.01.2025;Лист 1000х3000 ПВЛ 406;Черные трубы, листы, круги (ПК КСС);2;2;;;15.01.2025;;
ПКНФ-000010;15.01.2025;Ниппель приварной DN40 1 1/2"" (AISI304, 08Х18H10);Нержавеющие фланцы и фиттинги (ПК КСС);2;3;;;15.01.2025;;
ПКНФ-000010;15.01.2025;Труба 25х25х2 (AISI 304);Нержавеющие трубы, листы, круги, сетки(ПК КСС);11;11;17.09.2025;05.08.2025;15.01.2025;;
ПКНФ-000010;15.01.2025;Труба 40х20х1,5 (AISI304);Нержавеющие трубы, листы, круги, сетки(ПК КСС);2;2.06;05.08.2025;05.08.2025;15.01.2025;;
ПКНФ-000010;15.01.2025;Фланец 60,3 (AISI304, 08*18H10, PN10/16) плоский;Нержавеющие фланцы и фиттинги (ПК КСС);4;4;;;15.01.2025;;
ПКНФ-000010;15.01.2025;Шпилька М8 L1000 DIN 975;Нержавеющие метизы (ПК КСС);1;30.8;;;15.01.2025;;
ПКНФ-000010;15.01.2025;Анкерный болт с гайкой 16*180 HNM тыс;Оцинкованные метизы (ПК КСС);0.016;0.318;;10.06.2024;15.01.2025;;
ПКНФ-000010;15.01.2025;Арматура ф 16 А-1 ГОСТ 5781-82 (м);Черные трубы, листы, круги (ПК КСС);4;104.3;;24.01.2024;15.01.2025;;
ПКНФ-000010;15.01.2025;Грибок канализационный;Полиэтелен, корсис, прагма, НПВХ (ПК КСС);2;0;;17.02.2026;15.01.2025;;
ПКНФ-000010;15.01.2025;Манжета резиновая переходная D 110/124 Уп., черн;Полиэтелен, корсис, прагма, НПВХ (ПК КСС);3;0;;;15.01.2025;;
ПКНФ-000010;15.01.2025;Полоса 4,0x40,0 (AISI304, 08X18H10, 2B);Нержавеющие трубы, листы, круги, сетки(ПК КСС);2;0;;25.02.2025;15.01.2025;;
ПКНФ-000010;15.01.2025;Прокладка (паронит) 50;Полиэтелен, корсис, прагма, НПВХ (ПК КСС);12;50;;;15.01.2025;;
ПКНФ-000010;15.01.2025;Труба 110/3,2/0560 наружная канализация;Полиэтелен, корсис, прагма, НПВХ (ПК КСС);1;60;;;15.01.2025;;
ПКНФ-000010;15.01.2025;Труба двустенная для электропроводки d110 с протяжкой(внутр. d94)/ДКС ;Полиэтелен, корсис, прагма, НПВХ (ПК КСС);3;136;;;15.01.2025;;
ПКНФ-000010;15.01.2025;Шайба плоская оц.М16  DIN 125;Оцинкованные метизы (ПК КСС);0.12;1.4;;27.06.2024;15.01.2025;;
ПКНФ-000010;15.01.2025;Шайба плоская оц.М20  DIN 125;Оцинкованные метизы (ПК КСС);0.012;0.42;18.02.2026;27.06.2024;15.01.2025;;
ПКНФ-000010;15.01.2025;Шпилька М16*1000 DIN 975 оц;Оцинкованные метизы (ПК КСС);3;3;;;15.01.2025;;
ПКНФ-000010;15.01.2025;Труба 50х50х3 ГОСТ 8639-82, м.д;Черные трубы, листы, круги (ПК КСС);27;27;14.02.2026;14.02.2026;15.01.2025;;
ПКНФ-000025;22.01.2025;Резьба (ниппель) Ду 32х2,8 ГОСТ 3262-78;Черные фланцы и фиттинги (ПК КСС);2;10;;;22.01.2025;;
ПКНФ-000025;22.01.2025;Труба PPR SDR 6 PN20 40/6,7/4000 мм, БЕЛАЯ, Pro Aqua PA10014;Полиэтелен, корсис, прагма, НПВХ (ПК КСС);5;23;;;22.01.2025;;
ПКНФ-000025;22.01.2025;Муфта PPR комбинированная 40х1 1/4""НР под ключ, белая, Pro Aqua PA23520P;Полиэтелен, корсис, прагма, НПВХ (ПК КСС);3;7;;;22.01.2025;;
ПКНФ-000025;22.01.2025;Муфта PPR комбинированная 40х1 1/4""ВР под ключ, белая, Pro Aqua PA22520P;Полиэтелен, корсис, прагма, НПВХ (ПК КСС);2;4;;;22.01.2025;;
ПКНФ-000025;22.01.2025;Угольник PPR 40/90°, белый, Pro Aqua PA13014P;Полиэтелен, корсис, прагма, НПВХ (ПК КСС);1;2;;;22.01.2025;;
ПКНФ-000025;22.01.2025;Шайба гроверная оц.Ф10 DIN 127;Оцинкованные метизы (ПК КСС);0.05;0.35;;;22.01.2025;;
ПКНФ-000025;22.01.2025;Гайка шестигр.М10 оц. DIN934;Оцинкованные метизы (ПК КСС);0.05;0.321;07.10.2024;07.10.2024;22.01.2025;;
ПКНФ-000025;22.01.2025;Установка  пожаротушения КСС-П-2 CDM20-2+АВР+2ЭЗ;Установки ВНС и ПНС (ПК КСС);1;0;13.12.2024;;22.01.2025;ПКНФ-000026;22.01.2025
ПКНФ-000025;22.01.2025;Уплотнитель кольцевого пространства марки АктивРинг ТУ 2531-002-58859224-2014 изм. 1 (АР 415 оцинк);Полиэтелен, корсис, прагма, НПВХ (ПК КСС);14;14;;;22.01.2025;;
ПКНФ-000025;22.01.2025;Шаровой кран латунный 1 1/4"" ВР-ГШ со сгоном, ручка-бабочка, LD Pride 47.32.В-ГШ.Б;Арматура (ПК КСС);1;3;;;22.01.2025;;
ПКНФ-000025;22.01.2025;Хомут для высоких нагрузок PI-НD 3"", М12, 59-66, Termoclip 09405203;Нержавеющие метизы (ПК КСС);4;4;;;22.01.2025;;
ПКНФ-000025;22.01.2025;Болт оцинк. М12х60 DIN933;Оцинкованные метизы (ПК КСС);0.006;0.406;;03.06.2024;22.01.2025;;
ПКНФ-000025;22.01.2025;Шайба плоская оц. М12  DIN 125;Оцинкованные метизы (ПК КСС);0.02;0.755;;03.06.2024;22.01.2025;;
ПКНФ-000025;22.01.2025;Обратный клапан р/р Ду 32 1 1/4"" ВР Ру 10 Tmax=100°С, латунный, Itap York 103 26100;Арматура (ПК КСС);1;3;;;22.01.2025;;
ПКНФ-000025;22.01.2025;Труба 110/3,2/2000 наружная канализация;Полиэтелен, корсис, прагма, НПВХ (ПК КСС);1;1;;;22.01.2025;;
ПКНФ-000025;22.01.2025;Болт оцинк. М20х60 DIN933;Оцинкованные метизы (ПК КСС);0.012;0.268;;;22.01.2025;;
ПКНФ-000025;22.01.2025;Лист 5,0*1500*6000 ст3 (м2);Черные трубы, листы, круги (ПК КСС);0.2;1.2;;;22.01.2025;;
ПКНФ-000025;22.01.2025;Затвор поворот чуг Ду80 Ру10/16 д/чуг Benarmo ;Арматура (ПК КСС);2;4;;;22.01.2025;;
ПКНФ-000025;22.01.2025;Компенсатор EPDM Ду80 Ру10/16 фл Benarmo;Арматура (ПК КСС);2;2;;;22.01.2025;;
ПКНФ-000025;22.01.2025;Гайка шестигр. оц. М20 DIN 934 тыс шт;Оцинкованные метизы (ПК КСС);0.012;0.62;;27.06.2024;22.01.2025;;
ПКНФ-000025;22.01.2025;Болт оцинк. М16х80  DIN933;Оцинкованные метизы (ПК КСС);0.032;0.737;;;22.01.2025;;
ПКНФ-000025;22.01.2025;Болт оцинк. 10х40 DIN933;Оцинкованные метизы (ПК КСС);0.05;0.451;;;22.01.2025;;
ПКНФ-000025;22.01.2025;Заглушка для трубы 25х25 мм пластик;Расходные материалы (ПК КСС);2;434;23.04.2024;;22.01.2025;;
ПКНФ-000025;22.01.2025;Насос дренажный модель XKS-750S ""LEO"";Насосы LEO/ОНИС (ПК КСС);1;2;;;22.01.2025;;
ПКНФ-000025;22.01.2025;Шайба оцинк гровер М12 DIN 127;Оцинкованные метизы (ПК КСС);0.014;0.752;;03.06.2024;22.01.2025;;
ПКНФ-000025;22.01.2025;Насос повышающий давление с автоматом, CL15PRS-10 Pampman ;Другие насосы и УПМ (ПК КСС);1;1;;;22.01.2025;;
ПКНФ-000025;22.01.2025;Труба СВ  88,9х2,0мм 08Х18Н10 (AISI 304);Нержавеющие трубы, листы, круги, сетки(ПК КСС);2;2;05.08.2025;05.08.2025;22.01.2025;;
ПКНФ-000025;22.01.2025;Отвод 88,9х2,0 мм AISI 304;Нержавеющие фланцы и фиттинги (ПК КСС);4;4;;;22.01.2025;;
ПКНФ-000025;22.01.2025;Переход 114,3/88,9х2,0 (DN 100/80) AISI 304/08Х18Н10;Нержавеющие фланцы и фиттинги (ПК КСС);4;4;;;22.01.2025;;
ПКНФ-000025;22.01.2025;Фланец 114,3  (AISI304, 08*18H10, PN10/16) плоский;Нержавеющие фланцы и фиттинги (ПК КСС);4;4;05.08.2025;26.05.2025;22.01.2025;;
ПКНФ-000025;22.01.2025;Шайба плоская оц. М10  DIN 125;Оцинкованные метизы (ПК КСС);0.01;0.434;;25.08.2025;22.01.2025;;
ПКНФ-000025;22.01.2025;Навесной замок с ключом GPLK-50L;Оцинкованные метизы (ПК КСС);2;47;;20.01.2025;22.01.2025;;
ПКНФ-000025;22.01.2025;Труба 40х20х2 (AISI304);Нержавеющие трубы, листы, круги, сетки(ПК КСС);1;2;07.03.2026;09.09.2025;22.01.2025;;
ПКНФ-000025;22.01.2025;Полоса 40*4 ГОСТ 103-76;Черные трубы, листы, круги (ПК КСС);7;27.04;19.08.2024;17.02.2026;22.01.2025;;
ПКНФ-000025;22.01.2025;Прокладка (паронит) 80;Полиэтелен, корсис, прагма, НПВХ (ПК КСС);4;13;;;22.01.2025;;
ПКНФ-000025;22.01.2025;Фланец 88,9 (AISI304, 08*18H10, PN10/16) свободный;Нержавеющие фланцы и фиттинги (ПК КСС);4;4;;;22.01.2025;;
ПКНФ-000025;22.01.2025;Уголок 50х50х5 ГОСТ 8509-93 (м);Черные трубы, листы, круги (ПК КСС);1;49.2;;;22.01.2025;;
ПКНФ-000025;22.01.2025;Гайка шестигр. оц М12 DIN934;Оцинкованные метизы (ПК КСС);0.014;1.226;;03.06.2024;22.01.2025;;
ПКНФ-000025;22.01.2025;Гайка шестигр. оц М16  (тыс шт);Оцинкованные метизы (ПК КСС);0.096;1.35;;27.06.2024;22.01.2025;;
ПКНФ-000025;22.01.2025;Лист 1000х3000 ПВЛ 406;Черные трубы, листы, круги (ПК КСС);3;2;;;22.01.2025;;
ПКНФ-000025;22.01.2025;Труба оц ВГП 25х3,2  ГОСТ 3262-75 (м);Черные трубы, листы, круги (ПК КСС);0.2;6;;27.12.2024;22.01.2025;;
ПКНФ-000025;22.01.2025;Отбортовка 88,9х2,0 AISI304;Нержавеющие фланцы и фиттинги (ПК КСС);4;4;;;22.01.2025;;
ПКНФ-000025;22.01.2025;Труба СВ 114,3х2,0мм 08Х18Н10 (AISI 304);Нержавеющие трубы, листы, круги, сетки(ПК КСС);2;2;;22.10.2024;22.01.2025;;
ПКНФ-000025;22.01.2025;Труба 25х25х2 (AISI 304);Нержавеющие трубы, листы, круги, сетки(ПК КСС);7;11;17.09.2025;05.08.2025;22.01.2025;;
ПКНФ-000025;22.01.2025;Труба 40х40х3 ГОСТ 8639-82;Черные трубы, листы, круги (ПК КСС);27;2.4;;;22.01.2025;;
ПКНФ-000025;22.01.2025;Труба 40х20х2 ГОСТ 8639-82;Черные трубы, листы, круги (ПК КСС);10;0;;29.01.2024;22.01.2025;;
ПКНФ-000025;22.01.2025;Анкерный болт с гайкой 16*180 HNM тыс;Оцинкованные метизы (ПК КСС);0.016;0.318;;10.06.2024;22.01.2025;;
ПКНФ-000025;22.01.2025;Арматура ф 16 А-1 ГОСТ 5781-82 (м);Черные трубы, листы, круги (ПК КСС);4;104.3;;24.01.2024;22.01.2025;;
ПКНФ-000025;22.01.2025;Грибок канализационный;Полиэтелен, корсис, прагма, НПВХ (ПК КСС);2;0;;17.02.2026;22.01.2025;;
ПКНФ-000025;22.01.2025;Манжета резиновая переходная D 110/124 Уп., черн;Полиэтелен, корсис, прагма, НПВХ (ПК КСС);3;0;;;22.01.2025;;
ПКНФ-000025;22.01.2025;Полоса 4,0x40,0 (AISI304, 08X18H10, 2B);Нержавеющие трубы, листы, круги, сетки(ПК КСС);1;0;;25.02.2025;22.01.2025;;
ПКНФ-000025;22.01.2025;Труба 110/3,2/0560 наружная канализация;Полиэтелен, корсис, прагма, НПВХ (ПК КСС);1;60;;;22.01.2025;;
ПКНФ-000025;22.01.2025;Труба 200/4,9/1200 наружная канализация;Полиэтелен, корсис, прагма, НПВХ (ПК КСС);2;8.5;;;22.01.2025;;
ПКНФ-000025;22.01.2025;Шайба гроверная оц.М20 DIN 127;Оцинкованные метизы (ПК КСС);0.096;1.277;;17.02.2026;22.01.2025;;
ПКНФ-000025;22.01.2025;Шайба плоская оц.М20  DIN 125;Оцинкованные метизы (ПК КСС);0.204;0.42;18.02.2026;27.06.2024;22.01.2025;;
ПКНФ-000025;22.01.2025;Шпилька М16*1000 DIN 975 оц;Оцинкованные метизы (ПК КСС);3;3;;;22.01.2025;;
ПКНФ-000025;22.01.2025;Электроконвектор ЭВПТ-2,0 IP54;Расходомеры, манометры (ПК КСС);1;2;;26.02.2026;22.01.2025;;
ПКНФ-000345;19.06.2025;Муфта PPR 25 мм, белая, Pro Aqua PA12010P;Полиэтелен, корсис, прагма, НПВХ (ПК КСС);20;20;;;19.06.2025;;
ПКНФ-000345;19.06.2025;Заглушка PPR 25 мм, белая, Pro Aqua PA15010P;Полиэтелен, корсис, прагма, НПВХ (ПК КСС);10;10;;;19.06.2025;;
ПКНФ-000345;19.06.2025;Муфта PPR редукционная 40х25, наружная /внутренняя белая, Pro Aqua;Арматура (ПК КСС);5;5;;;19.06.2025;;
ПКНФ-000345;19.06.2025;Хомут метал. резина с гайкой М8 3/4"" (26-30);Расходные материалы (ПК КСС);180;190;;;19.06.2025;;
ПКНФ-000345;19.06.2025;Шаровой кран с электроприводом серия SC209, трехходовой Т-порт, DN 25 мм, давление рабочей среды до;Арматура (ПК КСС);1;1;;;19.06.2025;;
ПКНФ-000345;19.06.2025;Муфта PPR комбинированная разъемная 25х1""НР, белая, Pro Aqua PA21015;Полиэтелен, корсис, прагма, НПВХ (ПК КСС);4;4;;;19.06.2025;;
ПКНФ-000345;19.06.2025;Муфта PPR комбинированная разъемная 25х1""ВР, белая, Pro Aqua PA20015;Полиэтелен, корсис, прагма, НПВХ (ПК КСС);2;2;;;19.06.2025;;
ПКНФ-000345;19.06.2025;Хомут червячный нержавеющий Экофикс 12-22 мм/9 W2;Расходные материалы (ПК КСС);50;50;;;19.06.2025;;
ПКНФ-000345;19.06.2025;Муфта комб.разъём.(американка) с внутренней резьбой  25x1"" (100/25) (Valfex) БЕЛАЯ (ПК);Полиэтелен, корсис, прагма, НПВХ (ПК КСС);36;36;;;19.06.2025;;
ПКНФ-000345;19.06.2025;Труба гофрированная d20 ПНД черная с зондом IEK (100);Электротовары КСС ШУ;15;15;;18.02.2026;19.06.2025;;
ПКНФ-000345;19.06.2025;Угол 90гр. Ø25 белая;Комплектующие для водоподготовки;33;47;;;19.06.2025;;
ПКНФ-000345;19.06.2025;Муфта PPR комбинированная 40х1 1/4""НР под ключ, белая, Pro Aqua PA23520P;Полиэтелен, корсис, прагма, НПВХ (ПК КСС);5;6;;;19.06.2025;;
ПКНФ-000345;19.06.2025;Ниппель приварной DN25"" 1""  чермет;Арматура (ПК КСС);16;20;;;19.06.2025;;
ПКНФ-000345;19.06.2025;Шланг ПВХ 20мм прозрачный (бухта 50м);Полиэтелен, корсис, прагма, НПВХ (ПК КСС);180;200;;;19.06.2025;;
ПКНФ-000345;19.06.2025;Лист 2,0*1000*2000  AISI 304 (08х18Н10), х/к, мат (2В);Нержавеющие трубы, листы, круги, сетки(ПК КСС);3;3;17.09.2025;17.09.2025;19.06.2025;;
ПКНФ-000345;19.06.2025;Кварц окатанный 2-5 мм, Россия (шт=кг);Засыпки и сорбенты для ЛОС, Водоподготовка;20;20;;25.12.2024;19.06.2025;;
ПКНФ-000345;19.06.2025;Расходомер-счетчик электромагнитный КАРАТ-551М-32-0;Расходомеры, манометры (ПК КСС);1;1;;;19.06.2025;;
ПКНФ-000345;19.06.2025;Кран шаровой для ВОДЫ 1 1/4"" ВР/ВР ручка-рычаг, латунный VALFEX (ПК);Арматура (ПК КСС);10;22;;;19.06.2025;;
ПКНФ-000345;19.06.2025;Муфта PPR разъемная 25 мм, белая, Pro Aqua;Полиэтелен, корсис, прагма, НПВХ (ПК КСС);5;5;;;19.06.2025;;
ПКНФ-000345;19.06.2025;Насос фекальный погружной, 250 Вт, пропускная способность 150 л/мин, напор 7,5 м, чугунный корпус, с;Другие насосы и УПМ (ПК КСС);5;5;;;19.06.2025;;
ПКНФ-000345;19.06.2025;Дозировочный контейнер 100 л с крышкой и заглушкой ДК100КЗ;Комплектующие для водоподготовки;1;1;;;19.06.2025;;
ПКНФ-000345;19.06.2025;Проточный ротаметр FM 10 1-10 GPM G3/4"";Комплектующие для водоподготовки;5;5;;;19.06.2025;;
ПКНФ-000345;19.06.2025;Расходомер-счетчик КАРАТ-523-С-СП-32-1-Т90-ВП-ИВ;Расходомеры, манометры (ПК КСС);1;1;;;19.06.2025;;
ПКНФ-000345;19.06.2025;Фляга п/э 30л БПЗ 30 с вкладышем;Комплектующие для водоподготовки;1;1;;;19.06.2025;;
ПКНФ-000345;19.06.2025;Блок управления RUNXIN 53504P, ТМ.F67P1-A;Комплектующие для водоподготовки;1;1;;;19.06.2025;;
ПКНФ-000345;19.06.2025;Корпус фильтра 14х65 Canature (натуральный /ДРС в комплекте/);Комплектующие для водоподготовки;1;1;;;19.06.2025;;
ПКНФ-000345;19.06.2025;Сорбент МС (0.315 - 0.7);Засыпки и сорбенты для ЛОС, Водоподготовка;1.5;1.5;;;19.06.2025;;
ПКНФ-000345;19.06.2025;Аэратор дисковый 320 мм;Комплектующие для водоподготовки;36;36;;;19.06.2025;;
ПКНФ-000345;19.06.2025;Ершовая биозагрузка 120/1000 нерж;Комплектующие для водоподготовки;270;270;;;19.06.2025;;
ПКНФ-000345;19.06.2025;Миксер МХ3018/037323(3)ПВХ/186;Комплектующие для водоподготовки;1;1;;;19.06.2025;;
ПКНФ-000345;19.06.2025;Вихревая воздуходувка Zenova 2RB 420-022;Комплектующие для водоподготовки;1;1;;;19.06.2025;;
ПКНФ-000345;19.06.2025;BBS Municipal 3 кг;Комплектующие для водоподготовки;1;1;;;19.06.2025;;
ПКНФ-000345;19.06.2025;Установка обеззараживания воды ECO-PRO 2S-9Ai;Комплектующие для водоподготовки;1;1;;;19.06.2025;;
ПКНФ-000345;19.06.2025;Кабель КВВ 4*0,75;Электротовары КСС ШУ;9;9;;;19.06.2025;;
ПКНФ-000345;19.06.2025;Лампа ультрафиолетовая P-15108eco;Комплектующие для водоподготовки;1;1;;;19.06.2025;;
ПКНФ-000345;19.06.2025;Водалс (коагулянт алюминия - канистра 20л);Комплектующие для водоподготовки;2;2;;;19.06.2025;;
ПКНФ-000345;19.06.2025;Шпилька М8 L1000 (А2, DIN975/ DIN976);Нержавеющие метизы (ПК КСС);36;36;;;19.06.2025;;
ПКНФ-000345;19.06.2025;Обезвоживатель мешочный TURAN-M-1-НЖ;Водоподготовка (ПК КСС);1;1;;;19.06.2025;;
ПКНФ-000345;19.06.2025;Модуль тонкослойный БТМ 41-84;Водоподготовка (ПК КСС);1;1;;;19.06.2025;;
ПКНФ-000345;19.06.2025;Муфта PPR редукционная 25х20, наружная /внутренняя белая, Pro Aqua;Полиэтелен, корсис, прагма, НПВХ (ПК КСС);10;20;;;19.06.2025;;
ПКНФ-000345;19.06.2025;Пресс-фланец DN 150 PN 10/16 ст. C20/22 (172 мм);Черные фланцы и фиттинги (ПК КСС);5;5;;;19.06.2025;;
ПКНФ-000345;19.06.2025;6574.4 - КОС (БОС) - Направляющие корзины Корзина сороудерж. Лестницы;Составные части трубопровода (Пк КСС);1;1;;;19.06.2025;ПКНФ-000691;12.08.2025
ПКНФ-000345;19.06.2025;Полоса 3,0х40 AISI304;Нержавеющие трубы, листы, круги, сетки(ПК КСС);12;12;;;19.06.2025;;
ПКНФ-000345;19.06.2025;Труба СВ 50,8х2,0мм 08Х18Н10 (AISI 304);Нержавеющие трубы, листы, круги, сетки(ПК КСС);1;1;;;19.06.2025;;
ПКНФ-000345;19.06.2025;Штуцер ""ёлочка"" (ёрш) 1 1/2"" х40 нр AISI 304 резьба;Нержавеющие фланцы и фиттинги (ПК КСС);1;1;;;19.06.2025;;
ПКНФ-000345;19.06.2025;Муфта-американка DN 40 (1 1/2 "") (48,3) AISI 304 вр/вр_имп;Нержавеющие фланцы и фиттинги (ПК КСС);1;1;;;19.06.2025;;
ПКНФ-000345;19.06.2025;Муфта-американка DN 40 (1 1/2 "") (48,3) AISI 304 вр/нр;Нержавеющие фланцы и фиттинги (ПК КСС);1;1;;;19.06.2025;;
ПКНФ-000345;19.06.2025;Муфта разъемная с наружной резьбой ПП 25х1;Комплектующие для водоподготовки;2;2;;;19.06.2025;;
ПКНФ-000345;19.06.2025;Труба ПП D20мм Длина 4 м;Комплектующие для водоподготовки;2;2;;;19.06.2025;;
ПКНФ-000345;19.06.2025;Кран шаровый ПП (шар ABS) с 2 сгонами ХВС - 25;Комплектующие для водоподготовки;3;3;;;19.06.2025;;
ПКНФ-000345;19.06.2025;Тройник 25x25x25 мм ПП;Комплектующие для водоподготовки;42;42;;;19.06.2025;;
ПКНФ-000345;19.06.2025;Труба PPR SDR 11 PN10 25/2,3/4000 мм, БЕЛАЯ, Pro Aqua PA11010;Полиэтелен, корсис, прагма, НПВХ (ПК КСС);90;114;;;19.06.2025;;
ПКНФ-000345;19.06.2025;Уголок ПП 45 - 25;Полиэтелен, корсис, прагма, НПВХ (ПК КСС);3;3;;;19.06.2025;;
ПКНФ-000345;19.06.2025;Муфта разъемная, американка полипропиленовая для агрессивных сред - 25;Полиэтелен, корсис, прагма, НПВХ (ПК КСС);30;30;;;19.06.2025;;
ПКНФ-000345;19.06.2025;Опора с боковым фиксатором PP-R DN 25;Полиэтелен, корсис, прагма, НПВХ (ПК КСС);130;130;;;19.06.2025;;
ПКНФ-000345;19.06.2025;Муфта переходная ПП - 25х20;Полиэтелен, корсис, прагма, НПВХ (ПК КСС);7;7;;;19.06.2025;;
ПКНФ-000345;19.06.2025;Шланг дренажный 1 1/2х10м (4 бар);Комплектующие для водоподготовки;1;1;;;19.06.2025;;
ПКНФ-000345;19.06.2025;Обратный клапан ПП Белый 25мм;Полиэтелен, корсис, прагма, НПВХ (ПК КСС);2;2;;;19.06.2025;;
ПКНФ-000345;19.06.2025;Штуцер 1 НПх20 мм, латунь;Арматура (ПК КСС);7;7;;;19.06.2025;;
ПКНФ-000345;19.06.2025;Хомут мет. с гайкой (М8 1"" (32-35));Арматура (ПК КСС);2;2;;;19.06.2025;;
ПКНФ-000345;19.06.2025;Поплавковый выключатель датчик уровня воды (горизонтальный);Комплектующие для водоподготовки;2;2;;;19.06.2025;;
ПКНФ-000345;19.06.2025;Ремень стяжной 5,0/10,0 /7500 50мм;Крепеж и цепи, тали (ПК КСС);7;7;;;19.06.2025;;
ПКНФ-000345;19.06.2025;Заглушка для трубы 25х25 мм пластик;Расходные материалы (ПК КСС);14;444;23.04.2024;;19.06.2025;;
ПКНФ-000345;19.06.2025;Сорбент АС (0.7 - 1.4);Водоподготовка (ПК КСС);2.5;2.5;;;19.06.2025;;
ПКНФ-000345;19.06.2025;Ниппель приварной DN25 1  (33,7мм) (AISI304, 08Х18H10);Нержавеющие фланцы и фиттинги (ПК КСС);7;7;03.06.2024;;19.06.2025;;
ПКНФ-000345;19.06.2025;Труба 30х30х2 (AISI 304);Нержавеющие трубы, листы, круги, сетки(ПК КСС);18;18;09.09.2025;09.09.2025;19.06.2025;;
ПКНФ-000345;19.06.2025;Труба эл/сварная 25х1,5;Черные трубы, листы, круги (ПК КСС);5.6;5.6;;;19.06.2025;;
ПКНФ-000345;19.06.2025;Навесной замок с ключом GPLK-50L;Оцинкованные метизы (ПК КСС);3;47;;20.01.2025;19.06.2025;;
ПКНФ-000345;19.06.2025;Насос дозирующий SEKO KOMPACT DPT200;Водоподготовка (ПК КСС);1;1;;;19.06.2025;;
ПКНФ-000345;19.06.2025;Ремень стяжной 5,0/10,0 /6000 50мм;Крепеж и цепи, тали (ПК КСС);10;17;;;19.06.2025;;
ПКНФ-000345;19.06.2025;Полоса 40*4 ГОСТ 103-76;Черные трубы, листы, круги (ПК КСС);20;37.04;19.08.2024;17.02.2026;19.06.2025;;
ПКНФ-000345;19.06.2025;Труба оц ВГП 25х3,2  ГОСТ 3262-75 (м);Черные трубы, листы, круги (ПК КСС);4;10;;27.12.2024;19.06.2025;;
ПКНФ-000345;19.06.2025;Труба эл/сварная ОЦ 89х4 ГОСТ 10704-91;Черные трубы, листы, круги (ПК КСС);5;5;;;19.06.2025;;
ПКНФ-000345;19.06.2025;Круг 6,0 (AISI304, 08x18H10);Нержавеющие трубы, листы, круги, сетки(ПК КСС);6;6;09.09.2025;05.08.2025;19.06.2025;;
ПКНФ-000345;19.06.2025;Ниппель приварной DN40 1 1/2"" (AISI304, 08Х18H10);Нержавеющие фланцы и фиттинги (ПК КСС);1;2;;;19.06.2025;;
ПКНФ-000345;19.06.2025;Труба 40х20х2 ГОСТ 8639-82;Черные трубы, листы, круги (ПК КСС);50;50;;29.01.2024;19.06.2025;;
ПКНФ-000345;19.06.2025;Труба 80х80х3 ГОСТ 8645-68;Черные трубы, листы, круги (ПК КСС);50;50;;;19.06.2025;;
ПКНФ-000345;19.06.2025;Отвод 90 гр. НПВХ DN110;Полиэтелен, корсис, прагма, НПВХ (ПК КСС);5;5;;;19.06.2025;;
ПКНФ-001235;02.12.2025;Клапан обратный шаровой DN200 PN10 канализационный;Арматура (ПК КСС);2;2;;;02.12.2025;;
ПКНФ-001235;02.12.2025;Задвижка 30ч39р Ду200 Pу10 штурвал;Арматура (ПК КСС);2;2;02.02.2026;02.02.2026;02.12.2025;;
ПКНФ-001311;15.12.2025;MES 120.60.30, Шкаф компактный распределительный 1200х600х300;Корпусы для ШУ;1;1;;;15.12.2025;;
ПКНФ-001311;15.12.2025;ID 120.60, Дверь внутренняя;Корпусы для ШУ;1;1;;;15.12.2025;;
ПКНФ-001311;15.12.2025;Устройство плавного пуска ESQ-GS9-037 (74A, 380В, 37 кВт, встроенный шунтирующий контактор);Электротовары КСС ШУ;1;4;;;15.12.2025;;
ПКНФ-001311;15.12.2025;Кабель-канал перфорированный 40х60 L2000 RL6 G DKC 01163RL;Электротовары КСС ШУ;3.5;17.5;;;15.12.2025;;
ПКНФ-001311;15.12.2025;Матрица светодиодная AD16-22HS крас. EKF ledm-ad16-r;Электротовары КСС ШУ;3;26;;;15.12.2025;;
ПКНФ-001311;15.12.2025;Матрица светодиодная AD16-22HS 230В AC IP65 зел. PROxima EKF ledm-ad16-g-65;Электротовары КСС ШУ;5;144;;;15.12.2025;;
ПКНФ-001311;15.12.2025;Провод ПУГВнг(А)-LS 1х0,5 С;Электротовары КСС ШУ;24;935;;;15.12.2025;;
ПКНФ-001311;15.12.2025;Наконечник штыревой втулочный изол. НШвИ(2) 0.5-8 (уп.50шт);Электротовары КСС ШУ;58;3960;;;15.12.2025;;
ПКНФ-001311;15.12.2025;Знак ""Земля"" круглый d20мм EKF an-1-04;Электротовары КСС ШУ;2;50;;;15.12.2025;;
ПКНФ-001311;15.12.2025;Наконечник кольцевой изол. НКИ 1.5-6 (уп.50шт);Электротовары КСС ШУ;4;0;;;15.12.2025;;
ПКНФ-001311;15.12.2025;Выключатель автоматический модульный 3п C 6А 4.5кА ВА 47-63;Электротовары КСС ШУ;1;105;;;15.12.2025;;
ПКНФ-001311;15.12.2025;Трубка термоусадочная ТТУ нг-LS 2/1 красн. 1м IEK UDRS-D2-1-K04;Электротовары КСС ШУ;1;71.25;;;15.12.2025;;
ПКНФ-001311;15.12.2025;Трубка термоусадочная ТТУ нг-LS 2/1 желт. 1м IEK UDRS-D2-1-K05;Электротовары КСС ШУ;1.5;58.3;;;15.12.2025;;
ПКНФ-001311;15.12.2025;Трубка термоусадочная ТТУ нг-LS 2/1 зел. 1м IEK UDRS-D2-1-K06;Электротовары КСС ШУ;1;161.25;;;15.12.2025;;
ПКНФ-001311;15.12.2025;Ограничитель на DIN-рейку 1 винт HDW-211;Электротовары КСС ШУ;30;0;;;15.12.2025;;
ПКНФ-001311;15.12.2025;Выключатель автоматический модульный 1п C 6А 4.5кА ВА 47-63;Электротовары КСС ШУ;7;59;;;15.12.2025;;
ПКНФ-001311;15.12.2025;Кабель-канал перфорированный 25х40 L2000 RL6 G DKC 01163RL;Электротовары КСС ШУ;1.5;0;;;15.12.2025;;
ПКНФ-001311;15.12.2025;Держатель маркировки LH 20х25мм;Электротовары КСС ШУ;13;200;;;15.12.2025;;
ПКНФ-001311;15.12.2025;Символ ""Молния"" (треугольник) 50х50х50мм;Электротовары КСС ШУ;1;35;;;15.12.2025;;
ПКНФ-001311;15.12.2025;Термостат NO+NC (охлаждение и обогрев) на DIN-рейку 10A 230В IP20;Электротовары КСС ШУ;1;21;;;15.12.2025;;
ПКНФ-001311;15.12.2025;Саморез 4.2х25 металл-металл с прессшайбой сверло цинк (уп.200шт);Электротовары КСС ШУ;10;422;;;15.12.2025;;
ПКНФ-001311;15.12.2025;Переключатель BG33 3P 2NO короткая ручка;Электротовары КСС ШУ;2;0;;;15.12.2025;;
ПКНФ-001311;15.12.2025;DIN-рейка перфорированная L2000 1мм 35х7,5;Электротовары КСС ШУ;2;0;;;15.12.2025;;
ПКНФ-001311;15.12.2025;Шайба гроверная оц.М6 DIN 127;Оцинкованные метизы (ПК КСС);0.002;0;;;15.12.2025;;
ПКНФ-001311;15.12.2025;Наконечник медный луженый ТМЛ 16-8-6 (90гр);Электротовары КСС ШУ;8;342;;;15.12.2025;;
ПКНФ-001311;15.12.2025;Устройство плавного пуска ESQ-GS9-045 (90А, 380В, 45кВт, встроенный шунтирующий контактор);Электротовары КСС ШУ;1;5;;;15.12.2025;;
ПКНФ-001311;15.12.2025;Выключатель автоматический для защиты двигателя 40-63А NS2-80B (R) CHINT 495088;Электротовары КСС ШУ;2;1;;;15.12.2025;;
ПКНФ-001311;15.12.2025;Контакт дополнительный NS2-AU11 для NS2-80B (длинный шток) (R) CHINT 495972;Электротовары КСС ШУ;3;21;;27.02.2026;15.12.2025;;
ПКНФ-001311;15.12.2025;Колодка клеммная JXB-2.5/35 серая;Электротовары КСС ШУ;26;94;;;15.12.2025;;
ПКНФ-001311;15.12.2025;Заглушка для JXB-2,5/35 серая;Электротовары КСС ШУ;3;0;;;15.12.2025;;
ПКНФ-001311;15.12.2025;Колодка клеммная JXB-35/35 синяя;Электротовары КСС ШУ;2;70;;;15.12.2025;;
ПКНФ-001311;15.12.2025;Сальник PG 29 (d проводника 18-24мм, D резьбовой 36мм) IP54;Электротовары КСС ШУ;2;79;;;15.12.2025;;
ПКНФ-001311;15.12.2025;Колодка клеммная JXB-16/35 серая;Электротовары КСС ШУ;6;0;;;15.12.2025;;
ПКНФ-001311;15.12.2025;Сальник PG 9;Электротовары КСС ШУ;4;260;;;15.12.2025;;
ПКНФ-001311;15.12.2025;Провод ПуГВнг(А)-LS 1х16 С;Электротовары КСС ШУ;3;7.5;;;15.12.2025;;
ПКНФ-001311;15.12.2025;Наконечник штыревой втулочный изол. НШвИ 16.0-12 (уп.50шт);Электротовары КСС ШУ;30;768;;;15.12.2025;;
ПКНФ-001311;15.12.2025;Хомут 2,5х150 нейл. (уп.100 шт);Электротовары КСС ШУ;50;0;;;15.12.2025;;
ПКНФ-001311;15.12.2025;Трубка термоус. ТУТ (HF)-16/8, красн. (уп.50м);Электротовары КСС ШУ;1;31.3;;;15.12.2025;;
ПКНФ-001311;15.12.2025;Сальник PG 42 32-38мм IP54;Электротовары КСС ШУ;1;58;;;15.12.2025;;
ПКНФ-001311;15.12.2025;Выключатель нагрузки 3п 63А ВН-63N;Электротовары КСС ШУ;1;14;;;15.12.2025;;
ПКНФ-001311;15.12.2025;Обогреватель на DIN-рейку клеммный 60Вт 230В IP20;Электротовары КСС ШУ;1;4;;;15.12.2025;;
ПКНФ-001311;15.12.2025;Лента двусторонняя клейкая (скотч), 20 ммх5 м, прозрачная;Электротовары КСС ШУ;2;12;;;15.12.2025;;
ПКНФ-001311;15.12.2025;Лента двусторонняя клейкая (скотч), 12 ммх5 м, прозрачная;Электротовары КСС ШУ;2;23;;;15.12.2025;;
ПКНФ-001311;15.12.2025;Реле контроля наличия и чередования фаз CKF-318-1;Электротовары КСС ШУ;1;22;;;15.12.2025;;
ПКНФ-001311;15.12.2025;Наконечник штыревой втулочный изол. НШвИ 0.5-8 (уп.50шт);Электротовары КСС ШУ;125;9648;;;15.12.2025;;
ПКНФ-001311;15.12.2025;Саморез 4.2х13 металл-металл с прессшайбой сверло цинк (уп.200шт);Электротовары КСС ШУ;42;492.91;;16.02.2026;15.12.2025;;
ПКНФ-001311;15.12.2025;Маркер для кабеля 0.5-1.5мм символ ""1"" (уп.200шт) ДКС;Электротовары КСС ШУ;52;8602;;;15.12.2025;;
ПКНФ-001311;15.12.2025;Маркер для кабеля 0.5-1.5мм символ ""2"" (уп.200шт) ДКС;Электротовары КСС ШУ;68;3967;;;15.12.2025;;
ПКНФ-001311;15.12.2025;Маркер для кабеля 0.5-1.5мм символ ""3"" (уп.200шт) ДКС;Электротовары КСС ШУ;69;4303;;;15.12.2025;;
ПКНФ-001311;15.12.2025;Маркер для JXB с нумерацией 1-50 (уп.100шт);Электротовары КСС ШУ;100;6997;;27.02.2026;15.12.2025;;
ПКНФ-001311;15.12.2025;Сальник PG 16 10-14мм IP54;Электротовары КСС ШУ;2;121;;;15.12.2025;;
ПКНФ-001311;15.12.2025;Вентилятор с фильтром 52 м3/ч 124х124 мм;Электротовары КСС ШУ;1;10;;12.10.2025;15.12.2025;;
ПКНФ-001311;15.12.2025;Решетка вентиляционная с фильтром 124x124мм IP54;Электротовары КСС ШУ;1;4;;12.10.2025;15.12.2025;;
ПКНФ-001311;15.12.2025;Болт оцинк. М6х20 DIN 933;Оцинкованные метизы (ПК КСС);0.002;0;;;15.12.2025;;
ПКНФ-001311;15.12.2025;Гайка оцинк. DIN 934 М6;Оцинкованные метизы (ПК КСС);0.002;0;;04.03.2025;15.12.2025;;
ПКНФ-001311;15.12.2025;RKE4CO024LT Реле 4CO, 5A (250VAC/30VDC), 24VDC, мех. индикация, тест-кнопка с блокировкой, LED;Электротовары КСС ШУ;3;89;;;15.12.2025;;
ПКНФ-001311;15.12.2025;Блок автоматики KQ1010;Электротовары КСС ШУ;2;3;;;15.12.2025;;
ПКНФ-001311;15.12.2025;Зажим наборный ЗНИ-35PEN 35мм2 (JXB-земля);Электротовары КСС ШУ;2;32;;;15.12.2025;;
ПКНФ-001311;15.12.2025;Лампа AD-22DS(LED) матрица d22мм желтый 230В;Электротовары КСС ШУ;1;120;;;15.12.2025;;
ПКНФ-001311;15.12.2025;Маркер для кабеля 0.5-1.5мм символ ""0"" (уп.200шт) ДКС;Электротовары КСС ШУ;79;5892;;;15.12.2025;;
ПКНФ-001311;15.12.2025;Маркер для кабеля 0.5-1.5мм символ ""4"" (уп.200шт) ДКС;Электротовары КСС ШУ;58;328;;;15.12.2025;;
ПКНФ-001311;15.12.2025;Маркер для кабеля 0.5-1.5мм символ ""5"" (уп.200шт) ДКС;Электротовары КСС ШУ;54;5308;;;15.12.2025;;
ПКНФ-001311;15.12.2025;Маркер для кабеля 0.5-1.5мм символ ""6"" (уп.200шт) ДКС;Электротовары КСС ШУ;47;5267;;;15.12.2025;;
ПКНФ-001311;15.12.2025;Маркер для кабеля 0.5-1.5мм символ ""7"" (уп.200шт) ДКС;Электротовары КСС ШУ;56;1218;;;15.12.2025;;
ПКНФ-001311;15.12.2025;Маркер для кабеля 0.5-1.5мм символ ""8"" (уп.200шт) ДКС;Электротовары КСС ШУ;67;485;;;15.12.2025;;
ПКНФ-001311;15.12.2025;Маркер для кабеля 0.5-1.5мм символ ""9"" (уп.200шт) ДКС;Электротовары КСС ШУ;68;352;;;15.12.2025;;
ПКНФ-001311;15.12.2025;Маркер для JXB с нумерацией 1-10 (уп.100шт);Электротовары КСС ШУ;100;1961;;27.02.2026;15.12.2025;;
ПКНФ-001311;15.12.2025;Провод ПУГВнг(А)-LS 1х0,5 Б;Электротовары КСС ШУ;98;1149;;;15.12.2025;;
ПКНФ-001311;15.12.2025;Провод ПУГВнг(А)-LS 1х0,5 К;Электротовары КСС ШУ;21;908;;;15.12.2025;;
ПКНФ-001311;15.12.2025;Провод ПУГВнг(А)-LS 1х0,5 Ч;Электротовары КСС ШУ;27;713;;;15.12.2025;;
ПКНФ-001311;15.12.2025;Провод ПУГВнг(А)-LS 1х1,5 ж/з;Электротовары КСС ШУ;3;393.6;;;15.12.2025;;
ПКНФ-001311;15.12.2025;Провод ПуГВнг(А)-LS 1х16 Б;Электротовары КСС ШУ;26;0;;;15.12.2025;;
ПКНФ-001311;15.12.2025;Программируемое реле ПР200-24.2.2.0;Электротовары КСС ШУ;1;3;;26.02.2026;15.12.2025;;
ПКНФ-001311;15.12.2025;Блок распределительный КРОСС крепеж на панель и DIN КБР-160А;Электротовары КСС ШУ;5;44;;;15.12.2025;;
ПКНФ-001311;15.12.2025;Реле RFT2CO730LT, 2CO, 8A(250VAC/30VDC), 230VAC, LED, мех. инд., тест-кнопка;Электротовары КСС ШУ;2;142;;;15.12.2025;;
ПКНФ-001311;15.12.2025;Спираль монтажная СМ-06-04 (10м);Электротовары КСС ШУ;0.2;21.835;;;15.12.2025;;
ПКНФ-001311;15.12.2025;Трубка термоус. ТУТ (HF)-16/8, желт. (уп.50м) (КВТ);Электротовары КСС ШУ;1;31.3;;;15.12.2025;;
ПКНФ-001311;15.12.2025;Трубка термоус. ТУТ (HF)-16/8, зел. (уп.50м) КВТ;Электротовары КСС ШУ;1;82.3;;;15.12.2025;;
ПКНФ-001311;15.12.2025;Цоколь SKC14-E, 10A(300V), черный, на рейку DIN35/панель, для RKE4CO, RKF4CO;Электротовары КСС ШУ;3;142;;;15.12.2025;;
ПКНФ-001311;15.12.2025;Цоколь SRU08-E, 10A(300V), черный, на рейку DIN35/панель, для RFT2CO;Электротовары КСС ШУ;2;74;;;15.12.2025;;
ПКНФ-001311;15.12.2025;Шайба плоская оц. М6 DIN 125;Оцинкованные метизы (ПК КСС);0.002;0.151;;25.08.2025;15.12.2025;;
ПКНФ-001311;15.12.2025;HDR-30-24 Блок питания, 24В,1.5А,36Вт;Электротовары КСС ШУ;1;19;;16.02.2026;15.12.2025;;
ПКНФ-001345;15.12.2025;Емкость для холодной питьевой воды Флотенк, 10, нестандартное исполнение (7719.6);Перекупные изделия ЕН;1;0;;;15.12.2025;;
ПКНФ-001436;25.12.2025;Канализационные очистные сооружения, усиленные ребрами Полипропилен/Металл BAZMAN КОС-ПП 10-УФ (м3/с;Прочие изделия ;1;0;12.03.2026;12.03.2026;25.12.2025;;
ПКНФ-001437;25.12.2025;Канализационные очистные сооружения, усиленные ребрами Полипропилен/Металл BAZMAN КОС-ПП 33-УФ (м3/с;Прочие изделия ;1;0;12.03.2026;12.03.2026;25.12.2025;;
ПКНФ-001441;25.12.2025;Комплекс фитингов для контейнера (8 шт) ГОСТ;Черные фланцы и фиттинги (ПК КСС);1;1;;;25.12.2025;;
ПКНФ-001441;25.12.2025;Верхний фитинг для контейнеров арт. TR ГОСТ;Черные фланцы и фиттинги (ПК КСС);2;2;;;25.12.2025;;
ПКНФ-001441;25.12.2025;Верхний фитинг для контейнеров арт. TL ГОСТ;Черные фланцы и фиттинги (ПК КСС);2;2;;;25.12.2025;;
ПКНФ-001441;25.12.2025;Кровельный саморез по металлу 5,5х32 RAL9003 (белый);Оцинкованные метизы (ПК КСС);540;660;;;25.12.2025;;
ПКНФ-001441;25.12.2025;Саморез с прессшайбой 4,2х25 RAL9003 (белый);Оцинкованные метизы (ПК КСС);600;1000;;;25.12.2025;;
ПКНФ-001441;25.12.2025;Автоматическая насосная станция пожаротушения КСС-П-3 NIS200-150-400-75-ЖН CDM3-8-ГА80-АВР-2ЭЗ-РК;Установки ВНС и ПНС (ПК КСС);1;0;06.03.2026;;25.12.2025;ПКНФ-000221;16.02.2026
ПКНФ-001441;25.12.2025;Таль электрическая CD1 г/п 1тн, в/п 6м, скорость подъема 8м/мин, скорость передвижения 20м/мин + тор;Крепеж и цепи, тали (ПК КСС);1;1;;;25.12.2025;;
ПКНФ-001441;25.12.2025;Лист 2,0*1250*2500 ст3 т;Черные трубы, листы, круги (ПК КСС);1;1;;20.06.2024;25.12.2025;;
ПКНФ-001441;25.12.2025;Утеплитель ISOBOX 32-35пл. 1200*600*100*6пл(0,432 м3) 4,32м2;Расходные материалы (ПК КСС);18;18;;;25.12.2025;;
ПКНФ-001441;25.12.2025;Доборный элемент 0.45 RAL 9003 - сигнально-белый;Расходные материалы (ПК КСС);0.8;0.8;;;25.12.2025;;
ПКНФ-001441;25.12.2025;Планка диагональная станд. 0.45 Н-89 50х2000 (RAL 7004 - светло-серый);Для блок-контейнера;71;71;;;25.12.2025;;
ПКНФ-001441;25.12.2025;Изоспан B FIX - серебристый (с клейкой лентой) 70м2;Расходные материалы (ПК КСС);2;4;;;25.12.2025;;
ПКНФ-001441;25.12.2025;Пена профессиональная монтажная ЗИМНЯЯ (800мл);Расходные материалы (ПК КСС);5;5;;;25.12.2025;;
ПКНФ-001441;25.12.2025;Решетка наружная вентиляционная вытяжная 200x200;Для блок-контейнера;1;1;;13.06.2025;25.12.2025;;
ПКНФ-001441;25.12.2025;Решетка наружная вентиляционная регулируемая 200x200;Для блок-контейнера;1;1;;;25.12.2025;;
ПКНФ-001441;25.12.2025;Решетка наружная вентиляционная вытяжная 250x250;Для блок-контейнера;1;1;;;25.12.2025;;
ПКНФ-001441;25.12.2025;Вентилятор HXM-200 (230V 50-60HZ);Для блок-контейнера;1;2;;;25.12.2025;;
ПКНФ-001441;25.12.2025;Лист 5,0*1500*6000 ст3 (м2);Черные трубы, листы, круги (ПК КСС);3;3.8;;;25.12.2025;;
ПКНФ-001441;25.12.2025;Герметик Korall силикон прозрачный 280мл;Расходные материалы (ПК КСС);5;5;;;25.12.2025;;
ПКНФ-001441;25.12.2025;Саморез 4,2х19 RAL 7004 - серый острые с пр/шайбой;Расходные материалы (ПК КСС);500;500;;;25.12.2025;;
ПКНФ-001441;25.12.2025;Саморез 4,2х25 RAL 9003 - сигнально-белый острые с пр/шайбой;Расходные материалы (ПК КСС);500;500;;;25.12.2025;;
ПКНФ-001441;25.12.2025;Саморез ОД 4,8*38(35) RAL 9003 - сигнально-белый;Расходные материалы (ПК КСС);500;500;;;25.12.2025;;
ПКНФ-001441;25.12.2025;Саморез кровельный 4,8х51 по дереву;Расходные материалы (ПК КСС);520;520;;;25.12.2025;;
ПКНФ-001441;25.12.2025;Кровельный саморез 4,8*35 по дереву;Расходные материалы (ПК КСС);500;500;;;25.12.2025;;
ПКНФ-001441;25.12.2025;Хомут для высоких нагрузок Т 12, М16, 315-326;Нержавеющие метизы (ПК КСС);14;14;;;25.12.2025;;
ПКНФ-001441;25.12.2025;Уголок 32х32х3 ГОСТ 8509-93;Черные трубы, листы, круги (ПК КСС);9;12;;;25.12.2025;;
ПКНФ-001441;25.12.2025;Лист Г/К 10,0х1500х3000 ст.20 ГОСТ 19903-74;Черные трубы, листы, круги (ПК КСС);1;1;;;25.12.2025;;
ПКНФ-001441;25.12.2025;Балка 20 Б2 СТО-АСЧМ 20-93;Черные трубы, листы, круги (ПК КСС);9.76;12;;;25.12.2025;;
ПКНФ-001441;25.12.2025;Лист х/к 0,7х1250х2500 ГОСТ 16523-97;Черные трубы, листы, круги (ПК КСС);12;12;;;25.12.2025;;
ПКНФ-001441;25.12.2025;Труба 120х120х4 ГОСТ 8639-82;Черные трубы, листы, круги (ПК КСС);129;132;;;25.12.2025;;
ПКНФ-001441;25.12.2025;Лист рифленый чечевица 3х1250х2500 ГОСТ 8568-77;Черные трубы, листы, круги (ПК КСС);13;13;;;25.12.2025;;
ПКНФ-001441;25.12.2025;Сэндвич панели МВ 100*1,0 ф 0,45 7004 - серый -Г в 0,45 9003 - сигнально-белый-Г (1070-1070);Для блок-контейнера;32;31;;;25.12.2025;;
ПКНФ-001441;25.12.2025;Профнастил С-8 0,45 (RAL 9003 сигнально-белый);Для блок-контейнера;50.16;50.16;;;25.12.2025;;
ПКНФ-001441;25.12.2025;Планка диагональная станд. 0.45 Н-89 50х2000 (RAL 9003 - сигнально-белый);Для блок-контейнера;43;43;;;25.12.2025;;
ПКНФ-001441;25.12.2025;Профнастил МП-20 0,45 (RAL 7004 - серый);Для блок-контейнера;52.44;52.44;;;25.12.2025;;
ПКНФ-001441;25.12.2025;Уголок внутренний станд. 0.45 Н-115 50х50х2000 (RAL 9003 - сигнально-белый);Для блок-контейнера;25;51;;;25.12.2025;;
ПКНФ-001441;25.12.2025;Саморез кровельный 6,3/5,5*105 оцинк (для сендвич-панелей);Расходные материалы (ПК КСС);1;1;;;25.12.2025;;
ПКНФ-001441;25.12.2025;Труба 50х50х4,0 ГОСТ 8639-82;Черные трубы, листы, круги (ПК КСС);20;38;;;25.12.2025;;
ПКНФ-001441;25.12.2025;Упаковка профнастила;Инструменты (ПК КСС);1;6;;15.10.2024;25.12.2025;;
ПКНФ-001441;25.12.2025;Труба св. 76х3,5 ГОСТ 10704-91;Черные трубы, листы, круги (ПК КСС);1;12;;;25.12.2025;;
ПКНФ-001441;25.12.2025;Полоса 40*4 ГОСТ 103-76;Черные трубы, листы, круги (ПК КСС);80;97.04;19.08.2024;17.02.2026;25.12.2025;;
ПКНФ-001441;25.12.2025;Швеллер 10П ГОСТ 8240-97;Черные трубы, листы, круги (ПК КСС);96;116;11.09.2025;11.09.2025;25.12.2025;;
ПКНФ-001441;25.12.2025;Труба ВГП ОЦ 40х3 ГОСТ 3262-75 (м);Черные трубы, листы, круги (ПК КСС);1;143;;;25.12.2025;;
ПКНФ-001441;25.12.2025;Труба 40х20х2 ГОСТ 8639-82;Черные трубы, листы, круги (ПК КСС);52;1152;;29.01.2024;25.12.2025;;
ПКНФ-001441;25.12.2025;Швеллер 12П ГОСТ 8240-97;Черные трубы, листы, круги (ПК КСС);19;45;;;25.12.2025;;
ПКНФ-001468;29.12.2025;Автоматическая трубная муфта для насоса WQ DN200, TO-200, мощность 0.55кВт и выше (ПК);УПМ СNP (ПК КСС);2;2;;;29.12.2025;;
ПКНФ-001468;29.12.2025;6176.1 Трубопровод нерж;Составные части трубопровода (Пк КСС);1;0;07.03.2026;;29.12.2025;ПКНФ-000274;16.02.2026
ПКНФ-001468;29.12.2025;6176.1 Лестницы Балка под крышку ;Составные части трубопровода (Пк КСС);1;0;07.03.2026;;29.12.2025;ПКНФ-000275;16.02.2026
ПКНФ-001468;29.12.2025;6176.1 Рама под УПМ;Составные части трубопровода (Пк КСС);1;0;07.03.2026;;29.12.2025;ПКНФ-000276;16.02.2026
ПКНФ-001468;29.12.2025;Насос 200WQ270-10-11AC(I), 11кВт, без АТМ DN200, 4-х полюс. (ПК);Насосы CNP (ПК КСС);2;0;;;29.12.2025;;
ПКНФ-001468;29.12.2025;Болт оцинк. М6х40 DIN 933;Оцинкованные метизы (ПК КСС);0.002;0.118;;;29.12.2025;;
ПКНФ-001468;29.12.2025;6176.1 КСС ШУК- 2/3 -11кВт +УХЛ1;Шкафы управления (ПК КСС);1;0;;;29.12.2025;;
ПКНФ-001468;29.12.2025;Скоба такелажная М4;Крепеж и цепи, тали (ПК КСС);6;29;;;29.12.2025;;
ПКНФ-001468;29.12.2025;Заглушка для трубы 20х40 мм пластик;Полиэтелен, корсис, прагма, НПВХ (ПК КСС);4;487;;;29.12.2025;;
ПКНФ-001468;29.12.2025;Клапан обратный шаровой DN200 PN10 канализационный;Арматура (ПК КСС);2;2;;;29.12.2025;;
ПКНФ-001468;29.12.2025;Болт оцинк. 10х40 DIN933;Оцинкованные метизы (ПК КСС);0.002;0.419;;;29.12.2025;;
ПКНФ-001468;29.12.2025;Болт М22*60 DIN 933 полная резьба  (А2, 22,0, 60,0, DIN 933);Нержавеющие метизы (ПК КСС);16;0;;;29.12.2025;;
ПКНФ-001468;29.12.2025;Задвижка 30ч39р Ду200 Pу10 штурвал;Арматура (ПК КСС);2;0;02.02.2026;02.02.2026;29.12.2025;;
ПКНФ-001468;29.12.2025;Шайба плоская оц. М10  DIN 125;Оцинкованные метизы (ПК КСС);0.004;0.454;;25.08.2025;29.12.2025;;
ПКНФ-001468;29.12.2025;Навесной замок с ключом GPLK-50L;Оцинкованные метизы (ПК КСС);2;47;;20.01.2025;29.12.2025;;
ПКНФ-001468;29.12.2025;Шайба гровер М20 DIN 127 (А2, DIN 127);Нержавеющие метизы (ПК КСС);48;1993;;;29.12.2025;;
ПКНФ-001468;29.12.2025;Шайба гровер М22 DIN 127 (А2, DIN 127);Нержавеющие метизы (ПК КСС);16;168;;;29.12.2025;;
ПКНФ-001468;29.12.2025;Шпилька М10 L1000 (А2, DIN975);Нержавеющие метизы (ПК КСС);1.5;11.954;;26.02.2026;29.12.2025;;
ПКНФ-001468;29.12.2025;Болт М10*60 DIN 933 полная резьба  (А2, 10,0, 60,0, DIN 933);Нержавеющие метизы (ПК КСС);16;697;;;29.12.2025;;
ПКНФ-001468;29.12.2025;Болт М16*80 DIN 933 полная резьба  (А2, 16,0, 80,0, DIN 933);Нержавеющие метизы (ПК КСС);16;380;;;29.12.2025;;
ПКНФ-001468;29.12.2025;Болт М20*80 DIN 933 полная резьба  (А2, 20,0, 80,0, DIN 933);Нержавеющие метизы (ПК КСС);48;136;;;29.12.2025;;
ПКНФ-001468;29.12.2025;Гайка М10 DIN 934  (А2, 10,0, DIN 934);Нержавеющие метизы (ПК КСС);24;1125;;19.06.2024;29.12.2025;;
ПКНФ-001468;29.12.2025;Гайка М16 DIN 934  (А2, 16,0, DIN 934);Нержавеющие метизы (ПК КСС);16;726;25.04.2024;25.04.2024;29.12.2025;;
ПКНФ-001468;29.12.2025;Гайка М20 DIN 934  (А2, 20,0, DIN 934);Нержавеющие метизы (ПК КСС);48;179;;;29.12.2025;;
ПКНФ-001468;29.12.2025;Гайка М22 DIN 934  (А2, 22,0, DIN 934);Нержавеющие метизы (ПК КСС);16;136;;;29.12.2025;;
ПКНФ-001468;29.12.2025;Грибок канализационный;Полиэтелен, корсис, прагма, НПВХ (ПК КСС);2;5;;17.02.2026;29.12.2025;;
ПКНФ-001468;29.12.2025;Карабин винтовой 4 мм;Крепеж и цепи, тали (ПК КСС);6;41;;;29.12.2025;;
ПКНФ-001468;29.12.2025;Карабин винтовой 6 мм;Водоподготовка (ПК КСС);4;69;;;29.12.2025;;
ПКНФ-001468;29.12.2025;Манжета резиновая переходная D 110/124 Уп., черн;Полиэтелен, корсис, прагма, НПВХ (ПК КСС);4;9;;;29.12.2025;;
ПКНФ-001468;29.12.2025;Поплавковый выключатель RL-1 10м;Датчики уровня, преобразователи, реле (ПК КСС);4;68;;05.02.2025;29.12.2025;;
ПКНФ-001468;29.12.2025;Прокладка (паронит) 200;Полиэтелен, корсис, прагма, НПВХ (ПК КСС);8;69;;;29.12.2025;;
ПКНФ-001468;29.12.2025;Проушина прямая 30х70мм;Расходные материалы (ПК КСС);4;175;;;29.12.2025;;
ПКНФ-001468;29.12.2025;Рым-гайка DIN 582 М10;Крепеж и цепи, тали (ПК КСС);2;15;;;29.12.2025;;
ПКНФ-001468;29.12.2025;Рым-гайка DIN 582 М 6;Крепеж и цепи, тали (ПК КСС);0.002;0.025;;17.02.2025;29.12.2025;;
ПКНФ-001468;29.12.2025;Скоба с вкручивающимся штифтом 0,33 т, 1/2т 1/4, тип G209, для насосов до 250 кг;Крепеж и цепи, тали (ПК КСС);4;63;;;29.12.2025;;
ПКНФ-001468;29.12.2025;Труба 110/3,2/0560 наружная канализация;Полиэтелен, корсис, прагма, НПВХ (ПК КСС);4;74;;;29.12.2025;;
ПКНФ-001468;29.12.2025;Труба двустенная для электропроводки d110 с протяжкой(внутр. d94)/ДКС ;Полиэтелен, корсис, прагма, НПВХ (ПК КСС);2;136;;;29.12.2025;;
ПКНФ-001468;29.12.2025;Труба двустенная для электропроводки d50 с протяжкой(внутр. d41,5) [ДКС] (код 19735) 121950;Полиэтелен, корсис, прагма, НПВХ (ПК КСС);1;89;;;29.12.2025;;
ПКНФ-001468;29.12.2025;Цепь короткозвенная 4мм DIN766 оцинк;Крепеж и цепи, тали (ПК КСС);10.5;204.96;;05.07.2024;29.12.2025;;
ПКНФ-001468;29.12.2025;Цепь Т6-6х18 мм ГОСТ 30441-97 (покрытие хим.окс.);Крепеж и цепи, тали (ПК КСС);12;106.4;;;29.12.2025;;
ПКНФ-001468;29.12.2025;Шайба М10 DIN 125  (А2, DIN 125);Нержавеющие метизы (ПК КСС);48;856;;;29.12.2025;;
ПКНФ-001468;29.12.2025;Шайба  гровер М10 DIN 127 (А2, DIN 127);Нержавеющие метизы (ПК КСС);24;1032;;;29.12.2025;;
ПКНФ-001468;29.12.2025;Шайба М16 DIN 125  (А2, DIN 125);Нержавеющие метизы (ПК КСС);32;447;;;29.12.2025;;
ПКНФ-001468;29.12.2025;Шайба гровер М16 DIN 127 (А2, DIN 127);Нержавеющие метизы (ПК КСС);16;1558;;;29.12.2025;;
ПКНФ-001468;29.12.2025;Шайба М20 DIN 125  (А2, DIN 125);Нержавеющие метизы (ПК КСС);96;1398;;;29.12.2025;;
ПКНФ-001468;29.12.2025;Шайба М22 DIN 125  (А2, DIN 125);Нержавеющие метизы (ПК КСС);32;1488;;;29.12.2025;;
ПКНФ-001469;29.12.2025;Обратный клапан фланцевый чугунный шаровый NBR Ду050 Ру10/16 GGG50 ABRA-D-022-NBR-50;Арматура (ПК КСС);2;10;;;29.12.2025;;
ПКНФ-001469;29.12.2025;Задвижка 30ч39р Ду50 Pу16 штурвал;Арматура (ПК КСС);2;1;02.02.2026;02.02.2026;29.12.2025;;
ПКНФ-001469;29.12.2025;Насос 50WQ10-7-0.55AC(I), 0.55кВт, без АТМ DN50, 2-х полюс. (ПК);Насосы CNP (ПК КСС);2;0;;;29.12.2025;;
ПКНФ-001469;29.12.2025;Автоматическая трубная муфта для насоса WQ DN50,TOS-50, мощность 0.55кВт и выше (ПК);УПМ СNP (ПК КСС);2;2;;;29.12.2025;;
ПКНФ-001472;30.12.2025;Станция очистки бытовых сточных вод модельного ряда ""ЮНИЛОС"" серии ""ТРИУМФ - 20 лонг"", КНС, УФ с/т ;Очистные сооружения ( промочистка);1;0;23.01.2026;23.01.2026;30.12.2025;;
ПКНФ-001472;30.12.2025;Установка обеззараживания воды ""ОДВ-2С-0,5"" ;Биология (ПК КСС);1;0;23.01.2026;23.01.2026;30.12.2025;;
ПКНФ-001472;30.12.2025;Фекальный насос Pedrollo BCm-10/50;Другие насосы и УПМ (ПК КСС);1;0;23.01.2026;23.01.2026;30.12.2025;;
ПКНФ-001472;30.12.2025;Дренажный насос Pedrollo ТОР-1;Биология (ПК КСС);1;0;23.01.2026;23.01.2026;30.12.2025;;
ПКНФ-000050;19.01.2026;Труба СВ  60,3х4,0мм 08Х18Н10 (AISI 304);Нержавеющие трубы, листы, круги, сетки(ПК КСС);22.8;30;;;19.01.2026;;
ПКНФ-000050;19.01.2026;Лист 5,0*1500*6000 ст3 (м2);Черные трубы, листы, круги (ПК КСС);0.4;0.804;;;19.01.2026;;
ПКНФ-000050;19.01.2026;Арматура А-1 6 мм;Черные трубы, листы, круги (ПК КСС);0.6;15;;;19.01.2026;;
ПКНФ-000050;19.01.2026;Труба 40х40х3 ГОСТ 8639-82;Черные трубы, листы, круги (ПК КСС);2.3;120.9;;;19.01.2026;;
ПКНФ-000050;19.01.2026;Швеллер 12П ГОСТ 8240-97;Черные трубы, листы, круги (ПК КСС);13;39;;;19.01.2026;;
ПКНФ-000050;19.01.2026;Арматура ф 16 А-1 ГОСТ 5781-82 (м);Черные трубы, листы, круги (ПК КСС);4;100.7;;24.01.2024;19.01.2026;;
ПКНФ-000069;20.01.2026;Резервуар питьевой воды Samitech-ENP-5;Перекупные изделия ЕН;2;0;16.02.2026;16.02.2026;20.01.2026;;
ПКНФ-000073;22.01.2026;Лист 5,0*1500*6000 ст3 (шт);Черные трубы, листы, круги (ПК КСС);0.04;0;;;22.01.2026;;
ПКНФ-000073;22.01.2026;Лист 2,0*1000*2000 ст3 т;Черные трубы, листы, круги (ПК КСС);4;7;;;22.01.2026;;
ПКНФ-000073;22.01.2026;Арматура А-1 6 мм;Черные трубы, листы, круги (ПК КСС);0.6;14.6;;;22.01.2026;;
ПКНФ-000073;22.01.2026;Швеллер 10П ГОСТ 8240-97;Черные трубы, листы, круги (ПК КСС);9.5;29.5;17.02.2026;11.09.2025;22.01.2026;;
ПКНФ-000073;22.01.2026;Труба 40х40х3 ГОСТ 8639-82;Черные трубы, листы, круги (ПК КСС);1.3;28.7;;;22.01.2026;;
ПКНФ-000073;22.01.2026;Арматура ф 16 А-1 ГОСТ 5781-82 (м);Черные трубы, листы, круги (ПК КСС);4;100.3;;24.01.2024;22.01.2026;;
ПКНФ-000073;22.01.2026;Труба 50х50х3 ГОСТ 8639-82, м.д;Черные трубы, листы, круги (ПК КСС);3;7;14.02.2026;14.02.2026;22.01.2026;;
ПКНФ-000133;23.01.2026;Болт оцинк. М16х140 DIN933;Оцинкованные метизы (ПК КСС);0.032;0.183;;;23.01.2026;;
ПКНФ-000133;23.01.2026;Труба PPR SDR 6 PN20 50/8,3/4000 мм, БЕЛАЯ, Pro Aqua PA10014;Полиэтелен, корсис, прагма, НПВХ (ПК КСС);8;15.5;18.02.2026;18.02.2026;23.01.2026;;
ПКНФ-000133;23.01.2026;Муфта PPR комбинированная 50х1 1/2""НР под ключ, белая, Pro Aqua PA23522P;Полиэтелен, корсис, прагма, НПВХ (ПК КСС);3;8;18.02.2026;18.02.2026;23.01.2026;;
ПКНФ-000133;23.01.2026;Муфта PPR комбинированная 50х1 1/2""ВР под ключ, белая, Pro Aqua PA22522P;Полиэтелен, корсис, прагма, НПВХ (ПК КСС);2;6;18.02.2026;18.02.2026;23.01.2026;;
ПКНФ-000133;23.01.2026;Угольник PPR 50/90°, белый, Pro Aqua PA13016P;Полиэтелен, корсис, прагма, НПВХ (ПК КСС);1;2;18.02.2026;18.02.2026;23.01.2026;;
ПКНФ-000133;23.01.2026;7719.5 корпус - Трубопровод, патрубки;Составные части трубопровода (Пк КСС);1;1;;;23.01.2026;ПКНФ-000030;14.01.2026
ПКНФ-000133;23.01.2026;7719.5 корпус - Лестница;Составные части трубопровода (Пк КСС);1;1;;;23.01.2026;ПКНФ-000029;14.01.2026
ПКНФ-000133;23.01.2026;7719.5 корпус - Рама под установку Балка под крышку Транспортировочные петли Подставки под трубоп;Составные части трубопровода (Пк КСС);1;1;;;23.01.2026;ПКНФ-000031;09.02.2026
ПКНФ-000133;23.01.2026;Установка подачи воды для пожаротушения КСС-П-3 CDM20-5+АВР+2ЭЗ+РК;Установки ВНС и ПНС (ПК КСС);1;1;;;23.01.2026;ПКНФ-000022;12.01.2026
ПКНФ-000133;23.01.2026;Труба 110/3,2/6060 наружная канализация;Полиэтелен, корсис, прагма, НПВХ (ПК КСС);0.4;1;;;23.01.2026;;
ПКНФ-000133;23.01.2026;Труба э/с 108*4,0 ГОСТ 10704-91;СНГ;0.025;0.025;;;23.01.2026;;
ПКНФ-000133;23.01.2026;Шайба гроверная оц.Ф10 DIN 127;Оцинкованные метизы (ПК КСС);0.04;0.27;;;23.01.2026;;
ПКНФ-000133;23.01.2026;Гайка шестигр.М10 оц. DIN934;Оцинкованные метизы (ПК КСС);0.04;0.269;07.10.2024;07.10.2024;23.01.2026;;
ПКНФ-000133;23.01.2026;Скоба такелажная М4;Крепеж и цепи, тали (ПК КСС);4;25;;;23.01.2026;;
ПКНФ-000133;23.01.2026;Труба 25х25х2  ГОСТ;Черные трубы, листы, круги (ПК КСС);412.5;488.5;;;23.01.2026;;
ПКНФ-000133;23.01.2026;Болт оцинк. М10х60 DIN933;Оцинкованные метизы (ПК КСС);0.04;0.398;;;23.01.2026;;
ПКНФ-000133;23.01.2026;Труба 60х30х2 ГОСТ 8639-82;Черные трубы, листы, круги (ПК КСС);31.25;94.25;;;23.01.2026;;
ПКНФ-000133;23.01.2026;Болт оцинк. М12х60 DIN933;Оцинкованные метизы (ПК КСС);0.006;0.402;;03.06.2024;23.01.2026;;
ПКНФ-000133;23.01.2026;Шайба плоская оц. М12  DIN 125;Оцинкованные метизы (ПК КСС);0.012;0.759;;03.06.2024;23.01.2026;;
ПКНФ-000133;23.01.2026;Болт оцинк. М20х60 DIN933;Оцинкованные метизы (ПК КСС);0.012;0.256;;;23.01.2026;;
ПКНФ-000133;23.01.2026;Гайка шестигр. оц. М20 DIN 934 тыс шт;Оцинкованные метизы (ПК КСС);0.012;0.608;;27.06.2024;23.01.2026;;
ПКНФ-000133;23.01.2026;Болт оцинк. М16х80  DIN933;Оцинкованные метизы (ПК КСС);0.032;0.749;;;23.01.2026;;
ПКНФ-000133;23.01.2026;Ниппель приварной (резьба) DN40 1 1/2"" чермет;Черные фланцы и фиттинги (ПК КСС);2;25;;;23.01.2026;;
ПКНФ-000133;23.01.2026;Труба э/с 40х2 ГОСТ;Черные трубы, листы, круги (ПК КСС);62.5;62.5;;;23.01.2026;;
ПКНФ-000133;23.01.2026;Труба э/с 60х2,6 ГОСТ;Черные трубы, листы, круги (ПК КСС);37.5;179.5;;;23.01.2026;;
ПКНФ-000133;23.01.2026;Труба э/с 530х8 ГОСТ 10705-80;Черные трубы, листы, круги (ПК КСС);50;50;;;23.01.2026;;
ПКНФ-000133;23.01.2026;Труба э/с 159х4,5 ГОСТ 10704-91;Черные трубы, листы, круги (ПК КСС);0.09;3.09;;;23.01.2026;;
ПКНФ-000133;23.01.2026;Труба 50х25х2  ГОСТ 8639-82;Черные трубы, листы, круги (ПК КСС);56.25;56.25;;;23.01.2026;;
ПКНФ-000133;23.01.2026;Труба 40х25х2 ГОСТ;Черные трубы, листы, круги (ПК КСС);137.5;197.5;;;23.01.2026;;
ПКНФ-000133;23.01.2026;Шаровой кран латунный 1 1/2"" ВР-НР, ручка-рычаг, красный - полнопрох. с полусгоном, MVI BV.920.08;Арматура (ПК КСС);1;2;18.02.2026;18.02.2026;23.01.2026;;
ПКНФ-000133;23.01.2026;Шпилька резьб. DIN 975 М8х1000  оц. ;Оцинкованные метизы (ПК КСС);1;66;;;23.01.2026;;
ПКНФ-000133;23.01.2026;Стеклоровинг ECR24-2400D-601 (Шандон) намотка Китай;Сырье стеклопластиковое;1655;54436.5;;12.01.2025;23.01.2026;;
ПКНФ-000133;23.01.2026;Заглушка для трубы 25х25 мм пластик;Расходные материалы (ПК КСС);2;436;23.04.2024;;23.01.2026;;
ПКНФ-000133;23.01.2026;Затвор поворотный межфланцевый ABRA BUV-VF866D150H DN100 PN16/10 корпус GG25 / диск AISI316 / седло ;Арматура (ПК КСС);4;4;;;23.01.2026;;
ПКНФ-000133;23.01.2026;Гибкая вставка эластичная - антивибрационный компенсатор (виброкомпенсатор) DN100 PN10, фланец/флане;Арматура (ПК КСС);4;6;03.05.2024;;23.01.2026;;
ПКНФ-000133;23.01.2026;Шайба оцинк гровер М12 DIN 127;Оцинкованные метизы (ПК КСС);0.006;0.736;;03.06.2024;23.01.2026;;
ПКНФ-000133;23.01.2026;Шайба гроверная оц. Ф16 DIN 127;Оцинкованные метизы (ПК КСС);0.064;1.186;;27.06.2024;23.01.2026;;
ПКНФ-000133;23.01.2026;Труба 60х40х4  ГОСТ 8639-82;Черные трубы, листы, круги (ПК КСС);50;150;;;23.01.2026;;
ПКНФ-000133;23.01.2026;Насос дренажный «Leo» QDX 6-18-0.75А (закрытая крыльчатка) (ПК);Насосы LEO/ОНИС (ПК КСС);1;2;;;23.01.2026;;
ПКНФ-000133;23.01.2026;Обратный клапан с лат. сердечником AquaHit 1 1/2"", MVI CV.320.08;Арматура (ПК КСС);1;8;;;23.01.2026;;
ПКНФ-000133;23.01.2026;Шайба плоская оц. М10  DIN 125;Оцинкованные метизы (ПК КСС);0.08;0.602;;25.08.2025;23.01.2026;;
ПКНФ-000133;23.01.2026;Навесной замок с ключом GPLK-50L;Оцинкованные метизы (ПК КСС);2;48;;20.01.2025;23.01.2026;;
ПКНФ-000133;23.01.2026;Труба 20х20х2 ГОСТ 8639-82;Черные трубы, листы, круги (ПК КСС);115.625;245.625;;29.01.2024;23.01.2026;;
ПКНФ-000133;23.01.2026;Гайка шестигр. оц М12 DIN934;Оцинкованные метизы (ПК КСС);0.006;1.21;;03.06.2024;23.01.2026;;
ПКНФ-000133;23.01.2026;Гайка шестигр. оц М16  (тыс шт);Оцинкованные метизы (ПК КСС);0.064;1.258;;27.06.2024;23.01.2026;;
ПКНФ-000133;23.01.2026;Труба 40х20х1.5 ГОСТ 8645-68;Черные трубы, листы, круги (ПК КСС);331.25;418.25;;;23.01.2026;;
ПКНФ-000133;23.01.2026;Труба 40х40х2 ГОСТ 8639-82;Черные трубы, листы, круги (ПК КСС);37.5;37.5;;;23.01.2026;;
ПКНФ-000133;23.01.2026;Труба ВГП ОЦ 40х3,5 ГОСТ 3262-75 (м);Черные трубы, листы, круги (ПК КСС);0.2;0.2;;;23.01.2026;;
ПКНФ-000133;23.01.2026;Труба 40х40х3 ГОСТ 8639-82;Черные трубы, листы, круги (ПК КСС);25;27.4;;;23.01.2026;;
ПКНФ-000133;23.01.2026;Труба 40х20х2 ГОСТ 8639-82;Черные трубы, листы, круги (ПК КСС);100;133;;29.01.2024;23.01.2026;;
ПКНФ-000133;23.01.2026;Труба 60х40х2 ГОСТ 8645-68;Черные трубы, листы, круги (ПК КСС);37.5;87.5;;;23.01.2026;;
ПКНФ-000133;23.01.2026;Труба 60х60х2  ГОСТ 8639-82;Черные трубы, листы, круги (ПК КСС);68.75;83.25;;;23.01.2026;;
ПКНФ-000133;23.01.2026;Шпилька М10 L1000 (А2, DIN975);Нержавеющие метизы (ПК КСС);1;10.494;;26.02.2026;23.01.2026;;
ПКНФ-000133;23.01.2026;Анкерный болт с гайкой 16*180 HNM тыс;Оцинкованные метизы (ПК КСС);0.022;0.328;;10.06.2024;23.01.2026;;
ПКНФ-000133;23.01.2026;Грибок канализационный;Полиэтелен, корсис, прагма, НПВХ (ПК КСС);2;4;;17.02.2026;23.01.2026;;
ПКНФ-000133;23.01.2026;Карабин винтовой 4 мм;Крепеж и цепи, тали (ПК КСС);4;37;;;23.01.2026;;
ПКНФ-000133;23.01.2026;Лента стеклянная 400, 250 мм, кг;Сырье стеклопластиковое;133;6711.5;;;23.01.2026;;
ПКНФ-000133;23.01.2026;Манжета резиновая переходная D 110/124 Уп., черн;Полиэтелен, корсис, прагма, НПВХ (ПК КСС);3;5;;;23.01.2026;;
ПКНФ-000133;23.01.2026;Отвердитель Akperox А60 (30кг);Сырье стеклопластиковое;14.2;559.65;;;23.01.2026;;
ПКНФ-000133;23.01.2026;Пигмент железооксидный зеленый Green ТС 5605. Производство Китай.;Сырье стеклопластиковое;1;77.1;;;23.01.2026;;
ПКНФ-000133;23.01.2026;Проушина прямая 30х70мм;Расходные материалы (ПК КСС);4;177;;;23.01.2026;;
ПКНФ-000133;23.01.2026;Смола полимер 3401 А (1000кг);Сырье стеклопластиковое;680;10725.2;;12.01.2026;23.01.2026;;
ПКНФ-000133;23.01.2026;Смола полимер 3401 ТА (1000кг);Сырье стеклопластиковое;564;41155.6;;12.01.2026;23.01.2026;;
ПКНФ-000133;23.01.2026;Стекломат  E6CRMC600-1250-Е (45кг) Джуши Китай;Сырье стеклопластиковое;177;25593.7;;12.01.2025;23.01.2026;;
ПКНФ-000133;23.01.2026;Стеклорогожа EWR 560;Сырье стеклопластиковое;49;4710.6;;;23.01.2026;;
ПКНФ-000133;23.01.2026;Труба 110/3,2/0560 наружная канализация;Полиэтелен, корсис, прагма, НПВХ (ПК КСС);1;63;;;23.01.2026;;
ПКНФ-000133;23.01.2026;Труба 160/4,0/2000 наружная канализация;Полиэтелен, корсис, прагма, НПВХ (ПК КСС);1;9;;;23.01.2026;;
ПКНФ-000133;23.01.2026;Труба двустенная для электропроводки d110 с протяжкой(внутр. d94)/ДКС ;Полиэтелен, корсис, прагма, НПВХ (ПК КСС);3;138;;;23.01.2026;;
ПКНФ-000133;23.01.2026;Уплотнитель кольцевого пространства марки АктивРинг ТУ 2531-002-58859224-2014 изм. 1 (АР 265 оцинк) ;Полиэтелен, корсис, прагма, НПВХ (ПК КСС);40;40;23.02.2026;23.02.2026;23.01.2026;;
ПКНФ-000133;23.01.2026;Цепь короткозвенная 4мм DIN766 оцинк;Крепеж и цепи, тали (ПК КСС);4;194.46;;05.07.2024;23.01.2026;;
ПКНФ-000133;23.01.2026;Шайба гроверная оц.М20 DIN 127;Оцинкованные метизы (ПК КСС);0.012;1.193;;17.02.2026;23.01.2026;;
ПКНФ-000133;23.01.2026;Шайба плоская оц.М16  DIN 125;Оцинкованные метизы (ПК КСС);0.128;1.348;;27.06.2024;23.01.2026;;
ПКНФ-000133;23.01.2026;Шайба плоская оц.М20  DIN 125;Оцинкованные метизы (ПК КСС);0.024;0.228;18.02.2026;27.06.2024;23.01.2026;;
ПКНФ-000133;23.01.2026;Электроконвектор ЭВПТ-2,0 IP54;Расходомеры, манометры (ПК КСС);1;4;;26.02.2026;23.01.2026;;
ПКНФ-000151;23.01.2026;Труба э/с 108*4,0 ГОСТ 10704-91;СНГ;0.025;0.275;;;23.01.2026;;
ПКНФ-000151;23.01.2026;Гайка шестигр.М10 оц. DIN934;Оцинкованные метизы (ПК КСС);0.01;0.331;07.10.2024;07.10.2024;23.01.2026;;
ПКНФ-000151;23.01.2026;Труба 25х25х2  ГОСТ;Черные трубы, листы, круги (ПК КСС);412.5;4543.5;;;23.01.2026;;
ПКНФ-000151;23.01.2026;Болт оцинк. М10х60 DIN933;Оцинкованные метизы (ПК КСС);0.01;0.43;;;23.01.2026;;
ПКНФ-000151;23.01.2026;Труба 60х30х2 ГОСТ 8639-82;Черные трубы, листы, круги (ПК КСС);31.25;343.75;;;23.01.2026;;
ПКНФ-000151;23.01.2026;7649.4.13 - Трубопровод;Составные части трубопровода (Пк КСС);1;1;;;23.01.2026;ПКНФ-000043;20.01.2026
ПКНФ-000151;23.01.2026;7649.4.13 - Лестница;Составные части трубопровода (Пк КСС);1;1;;;23.01.2026;ПКНФ-000079;20.01.2026
ПКНФ-000151;23.01.2026;Труба э/с 40х2 ГОСТ;Черные трубы, листы, круги (ПК КСС);62.5;687.5;;;23.01.2026;;
ПКНФ-000151;23.01.2026;Труба э/с 60х2,6 ГОСТ;Черные трубы, листы, круги (ПК КСС);37.5;412.5;;;23.01.2026;;
ПКНФ-000151;23.01.2026;Труба э/с 530х8 ГОСТ 10705-80;Черные трубы, листы, круги (ПК КСС);50;550;;;23.01.2026;;
ПКНФ-000151;23.01.2026;Труба э/с 159х4,5 ГОСТ 10704-91;Черные трубы, листы, круги (ПК КСС);0.094;4.034;;;23.01.2026;;
ПКНФ-000151;23.01.2026;Труба 50х25х2  ГОСТ 8639-82;Черные трубы, листы, круги (ПК КСС);56.25;618.75;;;23.01.2026;;
ПКНФ-000151;23.01.2026;Труба 40х25х2 ГОСТ;Черные трубы, листы, круги (ПК КСС);137.5;1512.5;;;23.01.2026;;
ПКНФ-000151;23.01.2026;Заглушка для трубы 25х25 мм пластик;Расходные материалы (ПК КСС);2;452;23.04.2024;;23.01.2026;;
ПКНФ-000151;23.01.2026;Труба 60х40х4  ГОСТ 8639-82;Черные трубы, листы, круги (ПК КСС);50;550;;;23.01.2026;;
ПКНФ-000151;23.01.2026;Шайба плоская оц. М10  DIN 125;Оцинкованные метизы (ПК КСС);0.01;0.644;;25.08.2025;23.01.2026;;
ПКНФ-000151;23.01.2026;Труба 20х20х2 ГОСТ 8639-82;Черные трубы, листы, круги (ПК КСС);115.625;1271.875;;29.01.2024;23.01.2026;;
ПКНФ-000151;23.01.2026;Труба 40х20х1.5 ГОСТ 8645-68;Черные трубы, листы, круги (ПК КСС);331.25;3643.75;;;23.01.2026;;
ПКНФ-000151;23.01.2026;Труба 40х40х2 ГОСТ 8639-82;Черные трубы, листы, круги (ПК КСС);37.5;412.5;;;23.01.2026;;
ПКНФ-000151;23.01.2026;Труба 40х40х3 ГОСТ 8639-82;Черные трубы, листы, круги (ПК КСС);25;277.4;;;23.01.2026;;
ПКНФ-000151;23.01.2026;Труба 40х20х2 ГОСТ 8639-82;Черные трубы, листы, круги (ПК КСС);100;1152;;29.01.2024;23.01.2026;;
ПКНФ-000151;23.01.2026;Труба 60х40х2 ГОСТ 8645-68;Черные трубы, листы, круги (ПК КСС);37.5;412.5;;;23.01.2026;;
ПКНФ-000151;23.01.2026;Труба 60х60х2  ГОСТ 8639-82;Черные трубы, листы, круги (ПК КСС);68.75;757.75;;;23.01.2026;;
ПКНФ-000151;23.01.2026;Болт М10*40 DIN 933 полная резьба  (А2, 10,0, 40,0, DIN 933);Нержавеющие метизы (ПК КСС);4;174;;;23.01.2026;;
ПКНФ-000151;23.01.2026;Гайка М10 DIN 934  (А2, 10,0, DIN 934);Нержавеющие метизы (ПК КСС);4;1113;;19.06.2024;23.01.2026;;
ПКНФ-000151;23.01.2026;Грибок канализационный;Полиэтелен, корсис, прагма, НПВХ (ПК КСС);1;14;;17.02.2026;23.01.2026;;
ПКНФ-000151;23.01.2026;Манжета резиновая переходная D 110/124 Уп., черн;Полиэтелен, корсис, прагма, НПВХ (ПК КСС);1;14;;;23.01.2026;;
ПКНФ-000151;23.01.2026;Отвод 90 гр. НПВХ DN110;Полиэтелен, корсис, прагма, НПВХ (ПК КСС);1;14;;;23.01.2026;;
ПКНФ-000151;23.01.2026;Труба 110/3,2/0560 наружная канализация;Полиэтелен, корсис, прагма, НПВХ (ПК КСС);2;86;;;23.01.2026;;
ПКНФ-000151;23.01.2026;Шайба М10 DIN 125  (А2, DIN 125);Нержавеющие метизы (ПК КСС);4;816;;;23.01.2026;;
ПКНФ-000152;23.01.2026;Труба э/с 108*4,0 ГОСТ 10704-91;СНГ;0.025;0.275;;;23.01.2026;;
ПКНФ-000152;23.01.2026;Гайка шестигр.М10 оц. DIN934;Оцинкованные метизы (ПК КСС);0.01;0.331;07.10.2024;07.10.2024;23.01.2026;;
ПКНФ-000152;23.01.2026;Труба 25х25х2  ГОСТ;Черные трубы, листы, круги (ПК КСС);412.5;4543.5;;;23.01.2026;;
ПКНФ-000152;23.01.2026;Болт оцинк. М10х60 DIN933;Оцинкованные метизы (ПК КСС);0.01;0.43;;;23.01.2026;;
ПКНФ-000152;23.01.2026;Труба 60х30х2 ГОСТ 8639-82;Черные трубы, листы, круги (ПК КСС);31.25;343.75;;;23.01.2026;;
ПКНФ-000152;23.01.2026;7649.4.14 - Лестница;Составные части трубопровода (Пк КСС);1;1;;;23.01.2026;ПКНФ-000083;20.01.2026
ПКНФ-000152;23.01.2026;7649.4.14 - Трубопровод;Составные части трубопровода (Пк КСС);1;1;;;23.01.2026;ПКНФ-000044;20.01.2026
ПКНФ-000152;23.01.2026;Труба э/с 40х2 ГОСТ;Черные трубы, листы, круги (ПК КСС);62.5;687.5;;;23.01.2026;;
ПКНФ-000152;23.01.2026;Труба э/с 60х2,6 ГОСТ;Черные трубы, листы, круги (ПК КСС);37.5;412.5;;;23.01.2026;;
ПКНФ-000152;23.01.2026;Труба э/с 530х8 ГОСТ 10705-80;Черные трубы, листы, круги (ПК КСС);50;550;;;23.01.2026;;
ПКНФ-000152;23.01.2026;Труба э/с 159х4,5 ГОСТ 10704-91;Черные трубы, листы, круги (ПК КСС);0.094;4.034;;;23.01.2026;;
ПКНФ-000152;23.01.2026;Труба 50х25х2  ГОСТ 8639-82;Черные трубы, листы, круги (ПК КСС);56.25;618.75;;;23.01.2026;;
ПКНФ-000152;23.01.2026;Труба 40х25х2 ГОСТ;Черные трубы, листы, круги (ПК КСС);137.5;1512.5;;;23.01.2026;;
ПКНФ-000152;23.01.2026;Заглушка для трубы 25х25 мм пластик;Расходные материалы (ПК КСС);2;452;23.04.2024;;23.01.2026;;
ПКНФ-000152;23.01.2026;Труба 60х40х4  ГОСТ 8639-82;Черные трубы, листы, круги (ПК КСС);50;550;;;23.01.2026;;
ПКНФ-000152;23.01.2026;Шайба плоская оц. М10  DIN 125;Оцинкованные метизы (ПК КСС);0.01;0.644;;25.08.2025;23.01.2026;;
ПКНФ-000152;23.01.2026;Труба 20х20х2 ГОСТ 8639-82;Черные трубы, листы, круги (ПК КСС);115.625;1271.875;;29.01.2024;23.01.2026;;
ПКНФ-000152;23.01.2026;Труба 40х20х1.5 ГОСТ 8645-68;Черные трубы, листы, круги (ПК КСС);331.25;3643.75;;;23.01.2026;;
ПКНФ-000152;23.01.2026;Труба 40х40х2 ГОСТ 8639-82;Черные трубы, листы, круги (ПК КСС);37.5;412.5;;;23.01.2026;;
ПКНФ-000152;23.01.2026;Труба 40х40х3 ГОСТ 8639-82;Черные трубы, листы, круги (ПК КСС);25;277.4;;;23.01.2026;;
ПКНФ-000152;23.01.2026;Труба 40х20х2 ГОСТ 8639-82;Черные трубы, листы, круги (ПК КСС);100;1152;;29.01.2024;23.01.2026;;
ПКНФ-000152;23.01.2026;Труба 60х40х2 ГОСТ 8645-68;Черные трубы, листы, круги (ПК КСС);37.5;412.5;;;23.01.2026;;
ПКНФ-000152;23.01.2026;Труба 60х60х2  ГОСТ 8639-82;Черные трубы, листы, круги (ПК КСС);68.75;757.75;;;23.01.2026;;
ПКНФ-000152;23.01.2026;Болт М10*40 DIN 933 полная резьба  (А2, 10,0, 40,0, DIN 933);Нержавеющие метизы (ПК КСС);4;174;;;23.01.2026;;
ПКНФ-000152;23.01.2026;Гайка М10 DIN 934  (А2, 10,0, DIN 934);Нержавеющие метизы (ПК КСС);4;1113;;19.06.2024;23.01.2026;;
ПКНФ-000152;23.01.2026;Грибок канализационный;Полиэтелен, корсис, прагма, НПВХ (ПК КСС);1;14;;17.02.2026;23.01.2026;;
ПКНФ-000152;23.01.2026;Манжета резиновая переходная D 110/124 Уп., черн;Полиэтелен, корсис, прагма, НПВХ (ПК КСС);1;14;;;23.01.2026;;
ПКНФ-000152;23.01.2026;Отвод 90 гр. НПВХ DN110;Полиэтелен, корсис, прагма, НПВХ (ПК КСС);1;14;;;23.01.2026;;
ПКНФ-000152;23.01.2026;Труба 110/3,2/0560 наружная канализация;Полиэтелен, корсис, прагма, НПВХ (ПК КСС);2;86;;;23.01.2026;;
ПКНФ-000152;23.01.2026;Шайба М10 DIN 125  (А2, DIN 125);Нержавеющие метизы (ПК КСС);4;816;;;23.01.2026;;
ПКНФ-000153;23.01.2026;Труба э/с 108*4,0 ГОСТ 10704-91;СНГ;0.025;0.275;;;23.01.2026;;
ПКНФ-000153;23.01.2026;Гайка шестигр.М10 оц. DIN934;Оцинкованные метизы (ПК КСС);0.01;0.331;07.10.2024;07.10.2024;23.01.2026;;
ПКНФ-000153;23.01.2026;Труба 25х25х2  ГОСТ;Черные трубы, листы, круги (ПК КСС);412.5;4543.5;;;23.01.2026;;
ПКНФ-000153;23.01.2026;Болт оцинк. М10х60 DIN933;Оцинкованные метизы (ПК КСС);0.01;0.43;;;23.01.2026;;
ПКНФ-000153;23.01.2026;Труба 60х30х2 ГОСТ 8639-82;Черные трубы, листы, круги (ПК КСС);31.25;343.75;;;23.01.2026;;
ПКНФ-000153;23.01.2026;7649.4.15 - Лестница;Составные части трубопровода (Пк КСС);1;1;;;23.01.2026;ПКНФ-000081;20.01.2026
ПКНФ-000153;23.01.2026;7649.4.15 - Трубопровод;Составные части трубопровода (Пк КСС);1;1;;;23.01.2026;ПКНФ-000045;20.01.2026
ПКНФ-000153;23.01.2026;Труба э/с 40х2 ГОСТ;Черные трубы, листы, круги (ПК КСС);62.5;687.5;;;23.01.2026;;
ПКНФ-000153;23.01.2026;Труба э/с 60х2,6 ГОСТ;Черные трубы, листы, круги (ПК КСС);37.5;412.5;;;23.01.2026;;
ПКНФ-000153;23.01.2026;Труба э/с 530х8 ГОСТ 10705-80;Черные трубы, листы, круги (ПК КСС);50;550;;;23.01.2026;;
ПКНФ-000153;23.01.2026;Труба э/с 159х4,5 ГОСТ 10704-91;Черные трубы, листы, круги (ПК КСС);0.094;4.034;;;23.01.2026;;
ПКНФ-000153;23.01.2026;Труба 50х25х2  ГОСТ 8639-82;Черные трубы, листы, круги (ПК КСС);56.25;618.75;;;23.01.2026;;
ПКНФ-000153;23.01.2026;Труба 40х25х2 ГОСТ;Черные трубы, листы, круги (ПК КСС);137.5;1512.5;;;23.01.2026;;
ПКНФ-000153;23.01.2026;Заглушка для трубы 25х25 мм пластик;Расходные материалы (ПК КСС);2;452;23.04.2024;;23.01.2026;;
ПКНФ-000153;23.01.2026;Труба 60х40х4  ГОСТ 8639-82;Черные трубы, листы, круги (ПК КСС);50;550;;;23.01.2026;;
ПКНФ-000153;23.01.2026;Шайба плоская оц. М10  DIN 125;Оцинкованные метизы (ПК КСС);0.01;0.644;;25.08.2025;23.01.2026;;
ПКНФ-000153;23.01.2026;Труба 20х20х2 ГОСТ 8639-82;Черные трубы, листы, круги (ПК КСС);115.625;1271.875;;29.01.2024;23.01.2026;;
ПКНФ-000153;23.01.2026;Труба 40х20х1.5 ГОСТ 8645-68;Черные трубы, листы, круги (ПК КСС);331.25;3643.75;;;23.01.2026;;
ПКНФ-000153;23.01.2026;Труба 40х40х2 ГОСТ 8639-82;Черные трубы, листы, круги (ПК КСС);37.5;412.5;;;23.01.2026;;
ПКНФ-000153;23.01.2026;Труба 40х40х3 ГОСТ 8639-82;Черные трубы, листы, круги (ПК КСС);25;277.4;;;23.01.2026;;
ПКНФ-000153;23.01.2026;Труба 40х20х2 ГОСТ 8639-82;Черные трубы, листы, круги (ПК КСС);100;1152;;29.01.2024;23.01.2026;;
ПКНФ-000153;23.01.2026;Труба 60х40х2 ГОСТ 8645-68;Черные трубы, листы, круги (ПК КСС);37.5;412.5;;;23.01.2026;;
ПКНФ-000153;23.01.2026;Труба 60х60х2  ГОСТ 8639-82;Черные трубы, листы, круги (ПК КСС);68.75;757.75;;;23.01.2026;;
ПКНФ-000153;23.01.2026;Болт М10*40 DIN 933 полная резьба  (А2, 10,0, 40,0, DIN 933);Нержавеющие метизы (ПК КСС);4;174;;;23.01.2026;;
ПКНФ-000153;23.01.2026;Гайка М10 DIN 934  (А2, 10,0, DIN 934);Нержавеющие метизы (ПК КСС);4;1113;;19.06.2024;23.01.2026;;
ПКНФ-000153;23.01.2026;Грибок канализационный;Полиэтелен, корсис, прагма, НПВХ (ПК КСС);1;14;;17.02.2026;23.01.2026;;
ПКНФ-000153;23.01.2026;Манжета резиновая переходная D 110/124 Уп., черн;Полиэтелен, корсис, прагма, НПВХ (ПК КСС);1;14;;;23.01.2026;;
ПКНФ-000153;23.01.2026;Отвод 90 гр. НПВХ DN110;Полиэтелен, корсис, прагма, НПВХ (ПК КСС);1;14;;;23.01.2026;;
ПКНФ-000153;23.01.2026;Труба 110/3,2/0560 наружная канализация;Полиэтелен, корсис, прагма, НПВХ (ПК КСС);2;86;;;23.01.2026;;
ПКНФ-000153;23.01.2026;Шайба М10 DIN 125  (А2, DIN 125);Нержавеющие метизы (ПК КСС);4;816;;;23.01.2026;;
ПКНФ-000154;23.01.2026;Труба э/с 108*4,0 ГОСТ 10704-91;СНГ;0.025;0.275;;;23.01.2026;;
ПКНФ-000154;23.01.2026;Гайка шестигр.М10 оц. DIN934;Оцинкованные метизы (ПК КСС);0.01;0.331;07.10.2024;07.10.2024;23.01.2026;;
ПКНФ-000154;23.01.2026;Труба 25х25х2  ГОСТ;Черные трубы, листы, круги (ПК КСС);412.5;4543.5;;;23.01.2026;;
ПКНФ-000154;23.01.2026;Болт оцинк. М10х60 DIN933;Оцинкованные метизы (ПК КСС);0.01;0.43;;;23.01.2026;;
ПКНФ-000154;23.01.2026;Труба 60х30х2 ГОСТ 8639-82;Черные трубы, листы, круги (ПК КСС);31.25;343.75;;;23.01.2026;;
ПКНФ-000154;23.01.2026;7649.4.16 - Трубопровод;Составные части трубопровода (Пк КСС);1;1;;;23.01.2026;ПКНФ-000046;20.01.2026
ПКНФ-000154;23.01.2026;7649.4.16 - Лестница;Составные части трубопровода (Пк КСС);1;1;;;23.01.2026;ПКНФ-000080;20.01.2026
ПКНФ-000154;23.01.2026;Труба э/с 40х2 ГОСТ;Черные трубы, листы, круги (ПК КСС);62.5;687.5;;;23.01.2026;;
ПКНФ-000154;23.01.2026;Труба э/с 60х2,6 ГОСТ;Черные трубы, листы, круги (ПК КСС);37.5;412.5;;;23.01.2026;;
ПКНФ-000154;23.01.2026;Труба э/с 530х8 ГОСТ 10705-80;Черные трубы, листы, круги (ПК КСС);50;550;;;23.01.2026;;
ПКНФ-000154;23.01.2026;Труба э/с 159х4,5 ГОСТ 10704-91;Черные трубы, листы, круги (ПК КСС);0.094;4.034;;;23.01.2026;;
ПКНФ-000154;23.01.2026;Труба 50х25х2  ГОСТ 8639-82;Черные трубы, листы, круги (ПК КСС);56.25;618.75;;;23.01.2026;;
ПКНФ-000154;23.01.2026;Труба 40х25х2 ГОСТ;Черные трубы, листы, круги (ПК КСС);137.5;1512.5;;;23.01.2026;;
ПКНФ-000154;23.01.2026;Заглушка для трубы 25х25 мм пластик;Расходные материалы (ПК КСС);2;452;23.04.2024;;23.01.2026;;
ПКНФ-000154;23.01.2026;Труба 60х40х4  ГОСТ 8639-82;Черные трубы, листы, круги (ПК КСС);50;550;;;23.01.2026;;
ПКНФ-000154;23.01.2026;Шайба плоская оц. М10  DIN 125;Оцинкованные метизы (ПК КСС);0.01;0.644;;25.08.2025;23.01.2026;;
ПКНФ-000154;23.01.2026;Труба 20х20х2 ГОСТ 8639-82;Черные трубы, листы, круги (ПК КСС);115.625;1271.875;;29.01.2024;23.01.2026;;
ПКНФ-000154;23.01.2026;Труба 40х20х1.5 ГОСТ 8645-68;Черные трубы, листы, круги (ПК КСС);331.25;3643.75;;;23.01.2026;;
ПКНФ-000154;23.01.2026;Труба 40х40х2 ГОСТ 8639-82;Черные трубы, листы, круги (ПК КСС);37.5;412.5;;;23.01.2026;;
ПКНФ-000154;23.01.2026;Труба 40х40х3 ГОСТ 8639-82;Черные трубы, листы, круги (ПК КСС);25;277.4;;;23.01.2026;;
ПКНФ-000154;23.01.2026;Труба 40х20х2 ГОСТ 8639-82;Черные трубы, листы, круги (ПК КСС);100;1152;;29.01.2024;23.01.2026;;
ПКНФ-000154;23.01.2026;Труба 60х40х2 ГОСТ 8645-68;Черные трубы, листы, круги (ПК КСС);37.5;412.5;;;23.01.2026;;
ПКНФ-000154;23.01.2026;Труба 60х60х2  ГОСТ 8639-82;Черные трубы, листы, круги (ПК КСС);68.75;757.75;;;23.01.2026;;
ПКНФ-000154;23.01.2026;Болт М10*40 DIN 933 полная резьба  (А2, 10,0, 40,0, DIN 933);Нержавеющие метизы (ПК КСС);4;174;;;23.01.2026;;
ПКНФ-000154;23.01.2026;Гайка М10 DIN 934  (А2, 10,0, DIN 934);Нержавеющие метизы (ПК КСС);4;1113;;19.06.2024;23.01.2026;;
ПКНФ-000154;23.01.2026;Грибок канализационный;Полиэтелен, корсис, прагма, НПВХ (ПК КСС);1;14;;17.02.2026;23.01.2026;;
ПКНФ-000154;23.01.2026;Манжета резиновая переходная D 110/124 Уп., черн;Полиэтелен, корсис, прагма, НПВХ (ПК КСС);1;14;;;23.01.2026;;
ПКНФ-000154;23.01.2026;Отвод 90 гр. НПВХ DN110;Полиэтелен, корсис, прагма, НПВХ (ПК КСС);1;14;;;23.01.2026;;
ПКНФ-000154;23.01.2026;Труба 110/3,2/0560 наружная канализация;Полиэтелен, корсис, прагма, НПВХ (ПК КСС);2;86;;;23.01.2026;;
ПКНФ-000154;23.01.2026;Шайба М10 DIN 125  (А2, DIN 125);Нержавеющие метизы (ПК КСС);4;816;;;23.01.2026;;
ПКНФ-000162;23.01.2026;Труба э/с 108*4,0 ГОСТ 10704-91;СНГ;0.025;0.275;;;23.01.2026;;
ПКНФ-000162;23.01.2026;Гайка шестигр.М10 оц. DIN934;Оцинкованные метизы (ПК КСС);0.01;0.331;07.10.2024;07.10.2024;23.01.2026;;
ПКНФ-000162;23.01.2026;Труба 25х25х2  ГОСТ;Черные трубы, листы, круги (ПК КСС);412.5;4543.5;;;23.01.2026;;
ПКНФ-000162;23.01.2026;Болт оцинк. М10х60 DIN933;Оцинкованные метизы (ПК КСС);0.01;0.43;;;23.01.2026;;
ПКНФ-000162;23.01.2026;Труба 60х30х2 ГОСТ 8639-82;Черные трубы, листы, круги (ПК КСС);31.25;343.75;;;23.01.2026;;
ПКНФ-000162;23.01.2026;7649.4.6 - Лестница;Составные части трубопровода (Пк КСС);1;1;;;23.01.2026;ПКНФ-001397;22.12.2025
ПКНФ-000162;23.01.2026;7649.4.6 - Трубопровод;Составные части трубопровода (Пк КСС);1;1;;;23.01.2026;ПКНФ-000036;20.01.2026
ПКНФ-000162;23.01.2026;Труба э/с 40х2 ГОСТ;Черные трубы, листы, круги (ПК КСС);62.5;687.5;;;23.01.2026;;
ПКНФ-000162;23.01.2026;Труба э/с 60х2,6 ГОСТ;Черные трубы, листы, круги (ПК КСС);37.5;412.5;;;23.01.2026;;
ПКНФ-000162;23.01.2026;Труба э/с 530х8 ГОСТ 10705-80;Черные трубы, листы, круги (ПК КСС);50;550;;;23.01.2026;;
ПКНФ-000162;23.01.2026;Труба э/с 159х4,5 ГОСТ 10704-91;Черные трубы, листы, круги (ПК КСС);0.094;4.034;;;23.01.2026;;
ПКНФ-000162;23.01.2026;Труба 50х25х2  ГОСТ 8639-82;Черные трубы, листы, круги (ПК КСС);56.25;618.75;;;23.01.2026;;
ПКНФ-000162;23.01.2026;Труба 40х25х2 ГОСТ;Черные трубы, листы, круги (ПК КСС);137.5;1512.5;;;23.01.2026;;
ПКНФ-000162;23.01.2026;Заглушка для трубы 25х25 мм пластик;Расходные материалы (ПК КСС);2;452;23.04.2024;;23.01.2026;;
ПКНФ-000162;23.01.2026;Труба 60х40х4  ГОСТ 8639-82;Черные трубы, листы, круги (ПК КСС);50;550;;;23.01.2026;;
ПКНФ-000162;23.01.2026;Шайба плоская оц. М10  DIN 125;Оцинкованные метизы (ПК КСС);0.01;0.644;;25.08.2025;23.01.2026;;
ПКНФ-000162;23.01.2026;Труба 20х20х2 ГОСТ 8639-82;Черные трубы, листы, круги (ПК КСС);115.625;1271.875;;29.01.2024;23.01.2026;;
ПКНФ-000162;23.01.2026;Труба 40х20х1.5 ГОСТ 8645-68;Черные трубы, листы, круги (ПК КСС);331.25;3643.75;;;23.01.2026;;
ПКНФ-000162;23.01.2026;Труба 40х40х2 ГОСТ 8639-82;Черные трубы, листы, круги (ПК КСС);37.5;412.5;;;23.01.2026;;
ПКНФ-000162;23.01.2026;Труба 40х40х3 ГОСТ 8639-82;Черные трубы, листы, круги (ПК КСС);25;277.4;;;23.01.2026;;
ПКНФ-000162;23.01.2026;Труба 40х20х2 ГОСТ 8639-82;Черные трубы, листы, круги (ПК КСС);100;1152;;29.01.2024;23.01.2026;;
ПКНФ-000162;23.01.2026;Труба 60х40х2 ГОСТ 8645-68;Черные трубы, листы, круги (ПК КСС);37.5;412.5;;;23.01.2026;;
ПКНФ-000162;23.01.2026;Труба 60х60х2  ГОСТ 8639-82;Черные трубы, листы, круги (ПК КСС);68.75;757.75;;;23.01.2026;;
ПКНФ-000162;23.01.2026;Болт М10*40 DIN 933 полная резьба  (А2, 10,0, 40,0, DIN 933);Нержавеющие метизы (ПК КСС);4;174;;;23.01.2026;;
ПКНФ-000162;23.01.2026;Гайка М10 DIN 934  (А2, 10,0, DIN 934);Нержавеющие метизы (ПК КСС);4;1113;;19.06.2024;23.01.2026;;
ПКНФ-000162;23.01.2026;Грибок канализационный;Полиэтелен, корсис, прагма, НПВХ (ПК КСС);1;14;;17.02.2026;23.01.2026;;
ПКНФ-000162;23.01.2026;Манжета резиновая переходная D 110/124 Уп., черн;Полиэтелен, корсис, прагма, НПВХ (ПК КСС);1;14;;;23.01.2026;;
ПКНФ-000162;23.01.2026;Отвод 90 гр. НПВХ DN110;Полиэтелен, корсис, прагма, НПВХ (ПК КСС);1;14;;;23.01.2026;;
ПКНФ-000162;23.01.2026;Труба 110/3,2/0560 наружная канализация;Полиэтелен, корсис, прагма, НПВХ (ПК КСС);2;86;;;23.01.2026;;
ПКНФ-000162;23.01.2026;Шайба М10 DIN 125  (А2, DIN 125);Нержавеющие метизы (ПК КСС);4;816;;;23.01.2026;;
ПКНФ-000163;23.01.2026;Труба э/с 108*4,0 ГОСТ 10704-91;СНГ;0.025;0.275;;;23.01.2026;;
ПКНФ-000163;23.01.2026;Гайка шестигр.М10 оц. DIN934;Оцинкованные метизы (ПК КСС);0.01;0.331;07.10.2024;07.10.2024;23.01.2026;;
ПКНФ-000163;23.01.2026;Труба 25х25х2  ГОСТ;Черные трубы, листы, круги (ПК КСС);412.5;4543.5;;;23.01.2026;;
ПКНФ-000163;23.01.2026;Болт оцинк. М10х60 DIN933;Оцинкованные метизы (ПК КСС);0.01;0.43;;;23.01.2026;;
ПКНФ-000163;23.01.2026;Труба 60х30х2 ГОСТ 8639-82;Черные трубы, листы, круги (ПК КСС);31.25;343.75;;;23.01.2026;;
ПКНФ-000163;23.01.2026;7649.4.7 - Лестница;Составные части трубопровода (Пк КСС);1;1;;;23.01.2026;ПКНФ-000089;20.01.2026
ПКНФ-000163;23.01.2026;7649.4.7 - Трубопровод;Составные части трубопровода (Пк КСС);1;1;;;23.01.2026;ПКНФ-000037;20.01.2026
ПКНФ-000163;23.01.2026;Труба э/с 40х2 ГОСТ;Черные трубы, листы, круги (ПК КСС);62.5;687.5;;;23.01.2026;;
ПКНФ-000163;23.01.2026;Труба э/с 60х2,6 ГОСТ;Черные трубы, листы, круги (ПК КСС);37.5;412.5;;;23.01.2026;;
ПКНФ-000163;23.01.2026;Труба э/с 530х8 ГОСТ 10705-80;Черные трубы, листы, круги (ПК КСС);50;550;;;23.01.2026;;
ПКНФ-000163;23.01.2026;Труба э/с 159х4,5 ГОСТ 10704-91;Черные трубы, листы, круги (ПК КСС);0.094;4.034;;;23.01.2026;;
ПКНФ-000163;23.01.2026;Труба 50х25х2  ГОСТ 8639-82;Черные трубы, листы, круги (ПК КСС);56.25;618.75;;;23.01.2026;;
ПКНФ-000163;23.01.2026;Труба 40х25х2 ГОСТ;Черные трубы, листы, круги (ПК КСС);137.5;1512.5;;;23.01.2026;;
ПКНФ-000163;23.01.2026;Заглушка для трубы 25х25 мм пластик;Расходные материалы (ПК КСС);2;452;23.04.2024;;23.01.2026;;
ПКНФ-000163;23.01.2026;Труба 60х40х4  ГОСТ 8639-82;Черные трубы, листы, круги (ПК КСС);50;550;;;23.01.2026;;
ПКНФ-000163;23.01.2026;Шайба плоская оц. М10  DIN 125;Оцинкованные метизы (ПК КСС);0.01;0.644;;25.08.2025;23.01.2026;;
ПКНФ-000163;23.01.2026;Труба 20х20х2 ГОСТ 8639-82;Черные трубы, листы, круги (ПК КСС);115.625;1271.875;;29.01.2024;23.01.2026;;
ПКНФ-000163;23.01.2026;Труба 40х20х1.5 ГОСТ 8645-68;Черные трубы, листы, круги (ПК КСС);331.25;3643.75;;;23.01.2026;;
ПКНФ-000163;23.01.2026;Труба 40х40х2 ГОСТ 8639-82;Черные трубы, листы, круги (ПК КСС);37.5;412.5;;;23.01.2026;;
ПКНФ-000163;23.01.2026;Труба 40х40х3 ГОСТ 8639-82;Черные трубы, листы, круги (ПК КСС);25;277.4;;;23.01.2026;;
ПКНФ-000163;23.01.2026;Труба 40х20х2 ГОСТ 8639-82;Черные трубы, листы, круги (ПК КСС);100;1152;;29.01.2024;23.01.2026;;
ПКНФ-000163;23.01.2026;Труба 60х40х2 ГОСТ 8645-68;Черные трубы, листы, круги (ПК КСС);37.5;412.5;;;23.01.2026;;
ПКНФ-000163;23.01.2026;Труба 60х60х2  ГОСТ 8639-82;Черные трубы, листы, круги (ПК КСС);68.75;757.75;;;23.01.2026;;
ПКНФ-000163;23.01.2026;Болт М10*40 DIN 933 полная резьба  (А2, 10,0, 40,0, DIN 933);Нержавеющие метизы (ПК КСС);4;174;;;23.01.2026;;
ПКНФ-000163;23.01.2026;Гайка М10 DIN 934  (А2, 10,0, DIN 934);Нержавеющие метизы (ПК КСС);4;1113;;19.06.2024;23.01.2026;;
ПКНФ-000163;23.01.2026;Грибок канализационный;Полиэтелен, корсис, прагма, НПВХ (ПК КСС);1;14;;17.02.2026;23.01.2026;;
ПКНФ-000163;23.01.2026;Манжета резиновая переходная D 110/124 Уп., черн;Полиэтелен, корсис, прагма, НПВХ (ПК КСС);1;14;;;23.01.2026;;
ПКНФ-000163;23.01.2026;Отвод 90 гр. НПВХ DN110;Полиэтелен, корсис, прагма, НПВХ (ПК КСС);1;14;;;23.01.2026;;
ПКНФ-000163;23.01.2026;Труба 110/3,2/0560 наружная канализация;Полиэтелен, корсис, прагма, НПВХ (ПК КСС);2;86;;;23.01.2026;;
ПКНФ-000163;23.01.2026;Шайба М10 DIN 125  (А2, DIN 125);Нержавеющие метизы (ПК КСС);4;816;;;23.01.2026;;
ПКНФ-000164;23.01.2026;Труба э/с 108*4,0 ГОСТ 10704-91;СНГ;0.025;0.275;;;23.01.2026;;
ПКНФ-000164;23.01.2026;Гайка шестигр.М10 оц. DIN934;Оцинкованные метизы (ПК КСС);0.01;0.331;07.10.2024;07.10.2024;23.01.2026;;
ПКНФ-000164;23.01.2026;Труба 25х25х2  ГОСТ;Черные трубы, листы, круги (ПК КСС);412.5;4543.5;;;23.01.2026;;
ПКНФ-000164;23.01.2026;Болт оцинк. М10х60 DIN933;Оцинкованные метизы (ПК КСС);0.01;0.43;;;23.01.2026;;
ПКНФ-000164;23.01.2026;Труба 60х30х2 ГОСТ 8639-82;Черные трубы, листы, круги (ПК КСС);31.25;343.75;;;23.01.2026;;
ПКНФ-000164;23.01.2026;7649.4.8 - Лестница;Составные части трубопровода (Пк КСС);1;1;;;23.01.2026;ПКНФ-000088;20.01.2026
ПКНФ-000164;23.01.2026;7649.4.8 - Трубопровод;Составные части трубопровода (Пк КСС);1;1;;;23.01.2026;ПКНФ-000038;20.01.2026
ПКНФ-000164;23.01.2026;Труба э/с 40х2 ГОСТ;Черные трубы, листы, круги (ПК КСС);62.5;687.5;;;23.01.2026;;
ПКНФ-000164;23.01.2026;Труба э/с 60х2,6 ГОСТ;Черные трубы, листы, круги (ПК КСС);37.5;412.5;;;23.01.2026;;
ПКНФ-000164;23.01.2026;Труба э/с 530х8 ГОСТ 10705-80;Черные трубы, листы, круги (ПК КСС);50;550;;;23.01.2026;;
ПКНФ-000164;23.01.2026;Труба э/с 159х4,5 ГОСТ 10704-91;Черные трубы, листы, круги (ПК КСС);0.094;4.034;;;23.01.2026;;
ПКНФ-000164;23.01.2026;Труба 50х25х2  ГОСТ 8639-82;Черные трубы, листы, круги (ПК КСС);56.25;618.75;;;23.01.2026;;
ПКНФ-000164;23.01.2026;Труба 40х25х2 ГОСТ;Черные трубы, листы, круги (ПК КСС);137.5;1512.5;;;23.01.2026;;
ПКНФ-000164;23.01.2026;Заглушка для трубы 25х25 мм пластик;Расходные материалы (ПК КСС);2;452;23.04.2024;;23.01.2026;;
ПКНФ-000164;23.01.2026;Труба 60х40х4  ГОСТ 8639-82;Черные трубы, листы, круги (ПК КСС);50;550;;;23.01.2026;;
ПКНФ-000164;23.01.2026;Шайба плоская оц. М10  DIN 125;Оцинкованные метизы (ПК КСС);0.01;0.644;;25.08.2025;23.01.2026;;
ПКНФ-000164;23.01.2026;Труба 20х20х2 ГОСТ 8639-82;Черные трубы, листы, круги (ПК КСС);115.625;1271.875;;29.01.2024;23.01.2026;;
ПКНФ-000164;23.01.2026;Труба 40х20х1.5 ГОСТ 8645-68;Черные трубы, листы, круги (ПК КСС);331.25;3643.75;;;23.01.2026;;
ПКНФ-000164;23.01.2026;Труба 40х40х2 ГОСТ 8639-82;Черные трубы, листы, круги (ПК КСС);37.5;412.5;;;23.01.2026;;
ПКНФ-000164;23.01.2026;Труба 40х40х3 ГОСТ 8639-82;Черные трубы, листы, круги (ПК КСС);25;277.4;;;23.01.2026;;
ПКНФ-000164;23.01.2026;Труба 40х20х2 ГОСТ 8639-82;Черные трубы, листы, круги (ПК КСС);100;1152;;29.01.2024;23.01.2026;;
ПКНФ-000164;23.01.2026;Труба 60х40х2 ГОСТ 8645-68;Черные трубы, листы, круги (ПК КСС);37.5;412.5;;;23.01.2026;;
ПКНФ-000164;23.01.2026;Труба 60х60х2  ГОСТ 8639-82;Черные трубы, листы, круги (ПК КСС);68.75;757.75;;;23.01.2026;;
ПКНФ-000164;23.01.2026;Болт М10*40 DIN 933 полная резьба  (А2, 10,0, 40,0, DIN 933);Нержавеющие метизы (ПК КСС);4;174;;;23.01.2026;;
ПКНФ-000164;23.01.2026;Гайка М10 DIN 934  (А2, 10,0, DIN 934);Нержавеющие метизы (ПК КСС);4;1113;;19.06.2024;23.01.2026;;
ПКНФ-000164;23.01.2026;Грибок канализационный;Полиэтелен, корсис, прагма, НПВХ (ПК КСС);1;14;;17.02.2026;23.01.2026;;
ПКНФ-000164;23.01.2026;Манжета резиновая переходная D 110/124 Уп., черн;Полиэтелен, корсис, прагма, НПВХ (ПК КСС);1;14;;;23.01.2026;;
ПКНФ-000164;23.01.2026;Отвод 90 гр. НПВХ DN110;Полиэтелен, корсис, прагма, НПВХ (ПК КСС);1;14;;;23.01.2026;;
ПКНФ-000164;23.01.2026;Труба 110/3,2/0560 наружная канализация;Полиэтелен, корсис, прагма, НПВХ (ПК КСС);2;86;;;23.01.2026;;
ПКНФ-000164;23.01.2026;Шайба М10 DIN 125  (А2, DIN 125);Нержавеющие метизы (ПК КСС);4;816;;;23.01.2026;;
ПКНФ-000165;23.01.2026;Труба э/с 108*4,0 ГОСТ 10704-91;СНГ;0.025;0.275;;;23.01.2026;;
ПКНФ-000165;23.01.2026;Гайка шестигр.М10 оц. DIN934;Оцинкованные метизы (ПК КСС);0.01;0.331;07.10.2024;07.10.2024;23.01.2026;;
ПКНФ-000165;23.01.2026;Труба 25х25х2  ГОСТ;Черные трубы, листы, круги (ПК КСС);412.5;4543.5;;;23.01.2026;;
ПКНФ-000165;23.01.2026;Болт оцинк. М10х60 DIN933;Оцинкованные метизы (ПК КСС);0.01;0.43;;;23.01.2026;;
ПКНФ-000165;23.01.2026;Труба 60х30х2 ГОСТ 8639-82;Черные трубы, листы, круги (ПК КСС);31.25;343.75;;;23.01.2026;;
ПКНФ-000165;23.01.2026;7649.4.9 - Лестница;Составные части трубопровода (Пк КСС);1;1;;;23.01.2026;ПКНФ-000087;20.01.2026
ПКНФ-000165;23.01.2026;7649.4.9 - Трубопровод;Составные части трубопровода (Пк КСС);1;1;;;23.01.2026;ПКНФ-000039;20.01.2026
ПКНФ-000165;23.01.2026;Труба э/с 40х2 ГОСТ;Черные трубы, листы, круги (ПК КСС);62.5;687.5;;;23.01.2026;;
ПКНФ-000165;23.01.2026;Труба э/с 60х2,6 ГОСТ;Черные трубы, листы, круги (ПК КСС);37.5;412.5;;;23.01.2026;;
ПКНФ-000165;23.01.2026;Труба э/с 530х8 ГОСТ 10705-80;Черные трубы, листы, круги (ПК КСС);50;550;;;23.01.2026;;
ПКНФ-000165;23.01.2026;Труба э/с 159х4,5 ГОСТ 10704-91;Черные трубы, листы, круги (ПК КСС);0.094;4.034;;;23.01.2026;;
ПКНФ-000165;23.01.2026;Труба 50х25х2  ГОСТ 8639-82;Черные трубы, листы, круги (ПК КСС);56.25;618.75;;;23.01.2026;;
ПКНФ-000165;23.01.2026;Труба 40х25х2 ГОСТ;Черные трубы, листы, круги (ПК КСС);137.5;1512.5;;;23.01.2026;;
ПКНФ-000165;23.01.2026;Заглушка для трубы 25х25 мм пластик;Расходные материалы (ПК КСС);2;452;23.04.2024;;23.01.2026;;
ПКНФ-000165;23.01.2026;Труба 60х40х4  ГОСТ 8639-82;Черные трубы, листы, круги (ПК КСС);50;550;;;23.01.2026;;
ПКНФ-000165;23.01.2026;Шайба плоская оц. М10  DIN 125;Оцинкованные метизы (ПК КСС);0.01;0.644;;25.08.2025;23.01.2026;;
ПКНФ-000165;23.01.2026;Труба 20х20х2 ГОСТ 8639-82;Черные трубы, листы, круги (ПК КСС);115.625;1271.875;;29.01.2024;23.01.2026;;
ПКНФ-000165;23.01.2026;Труба 40х20х1.5 ГОСТ 8645-68;Черные трубы, листы, круги (ПК КСС);331.25;3643.75;;;23.01.2026;;
ПКНФ-000165;23.01.2026;Труба 40х40х2 ГОСТ 8639-82;Черные трубы, листы, круги (ПК КСС);37.5;412.5;;;23.01.2026;;
ПКНФ-000165;23.01.2026;Труба 40х40х3 ГОСТ 8639-82;Черные трубы, листы, круги (ПК КСС);25;277.4;;;23.01.2026;;
ПКНФ-000165;23.01.2026;Труба 40х20х2 ГОСТ 8639-82;Черные трубы, листы, круги (ПК КСС);100;1152;;29.01.2024;23.01.2026;;
ПКНФ-000165;23.01.2026;Труба 60х40х2 ГОСТ 8645-68;Черные трубы, листы, круги (ПК КСС);37.5;412.5;;;23.01.2026;;
ПКНФ-000165;23.01.2026;Труба 60х60х2  ГОСТ 8639-82;Черные трубы, листы, круги (ПК КСС);68.75;757.75;;;23.01.2026;;
ПКНФ-000165;23.01.2026;Болт М10*40 DIN 933 полная резьба  (А2, 10,0, 40,0, DIN 933);Нержавеющие метизы (ПК КСС);4;174;;;23.01.2026;;
ПКНФ-000165;23.01.2026;Гайка М10 DIN 934  (А2, 10,0, DIN 934);Нержавеющие метизы (ПК КСС);4;1113;;19.06.2024;23.01.2026;;
ПКНФ-000165;23.01.2026;Грибок канализационный;Полиэтелен, корсис, прагма, НПВХ (ПК КСС);1;14;;17.02.2026;23.01.2026;;
ПКНФ-000165;23.01.2026;Манжета резиновая переходная D 110/124 Уп., черн;Полиэтелен, корсис, прагма, НПВХ (ПК КСС);1;14;;;23.01.2026;;
ПКНФ-000165;23.01.2026;Отвод 90 гр. НПВХ DN110;Полиэтелен, корсис, прагма, НПВХ (ПК КСС);1;14;;;23.01.2026;;
ПКНФ-000165;23.01.2026;Труба 110/3,2/0560 наружная канализация;Полиэтелен, корсис, прагма, НПВХ (ПК КСС);2;86;;;23.01.2026;;
ПКНФ-000165;23.01.2026;Шайба М10 DIN 125  (А2, DIN 125);Нержавеющие метизы (ПК КСС);4;816;;;23.01.2026;;
ПКНФ-000166;23.01.2026;Труба э/с 108*4,0 ГОСТ 10704-91;СНГ;0.025;0.275;;;23.01.2026;;
ПКНФ-000166;23.01.2026;Гайка шестигр.М10 оц. DIN934;Оцинкованные метизы (ПК КСС);0.01;0.331;07.10.2024;07.10.2024;23.01.2026;;
ПКНФ-000166;23.01.2026;Труба 25х25х2  ГОСТ;Черные трубы, листы, круги (ПК КСС);412.5;4543.5;;;23.01.2026;;
ПКНФ-000166;23.01.2026;Болт оцинк. М10х60 DIN933;Оцинкованные метизы (ПК КСС);0.01;0.43;;;23.01.2026;;
ПКНФ-000166;23.01.2026;Труба 60х30х2 ГОСТ 8639-82;Черные трубы, листы, круги (ПК КСС);31.25;343.75;;;23.01.2026;;
ПКНФ-000166;23.01.2026;7649.4.10 - Трубопровод;Составные части трубопровода (Пк КСС);1;1;;;23.01.2026;ПКНФ-000040;20.01.2026
ПКНФ-000166;23.01.2026;7649.4.10 - Лестница;Составные части трубопровода (Пк КСС);1;1;;;23.01.2026;ПКНФ-000086;20.01.2026
ПКНФ-000166;23.01.2026;Труба э/с 40х2 ГОСТ;Черные трубы, листы, круги (ПК КСС);62.5;687.5;;;23.01.2026;;
ПКНФ-000166;23.01.2026;Труба э/с 60х2,6 ГОСТ;Черные трубы, листы, круги (ПК КСС);37.5;412.5;;;23.01.2026;;
ПКНФ-000166;23.01.2026;Труба э/с 530х8 ГОСТ 10705-80;Черные трубы, листы, круги (ПК КСС);50;550;;;23.01.2026;;
ПКНФ-000166;23.01.2026;Труба э/с 159х4,5 ГОСТ 10704-91;Черные трубы, листы, круги (ПК КСС);0.094;4.034;;;23.01.2026;;
ПКНФ-000166;23.01.2026;Труба 50х25х2  ГОСТ 8639-82;Черные трубы, листы, круги (ПК КСС);56.25;618.75;;;23.01.2026;;
ПКНФ-000166;23.01.2026;Труба 40х25х2 ГОСТ;Черные трубы, листы, круги (ПК КСС);137.5;1512.5;;;23.01.2026;;
ПКНФ-000166;23.01.2026;Заглушка для трубы 25х25 мм пластик;Расходные материалы (ПК КСС);2;452;23.04.2024;;23.01.2026;;
ПКНФ-000166;23.01.2026;Труба 60х40х4  ГОСТ 8639-82;Черные трубы, листы, круги (ПК КСС);50;550;;;23.01.2026;;
ПКНФ-000166;23.01.2026;Шайба плоская оц. М10  DIN 125;Оцинкованные метизы (ПК КСС);0.01;0.644;;25.08.2025;23.01.2026;;
ПКНФ-000166;23.01.2026;Труба 20х20х2 ГОСТ 8639-82;Черные трубы, листы, круги (ПК КСС);115.625;1271.875;;29.01.2024;23.01.2026;;
ПКНФ-000166;23.01.2026;Труба 40х20х1.5 ГОСТ 8645-68;Черные трубы, листы, круги (ПК КСС);331.25;3643.75;;;23.01.2026;;
ПКНФ-000166;23.01.2026;Труба 40х40х2 ГОСТ 8639-82;Черные трубы, листы, круги (ПК КСС);37.5;412.5;;;23.01.2026;;
ПКНФ-000166;23.01.2026;Труба 40х40х3 ГОСТ 8639-82;Черные трубы, листы, круги (ПК КСС);25;277.4;;;23.01.2026;;
ПКНФ-000166;23.01.2026;Труба 40х20х2 ГОСТ 8639-82;Черные трубы, листы, круги (ПК КСС);100;1152;;29.01.2024;23.01.2026;;
ПКНФ-000166;23.01.2026;Труба 60х40х2 ГОСТ 8645-68;Черные трубы, листы, круги (ПК КСС);37.5;412.5;;;23.01.2026;;
ПКНФ-000166;23.01.2026;Труба 60х60х2  ГОСТ 8639-82;Черные трубы, листы, круги (ПК КСС);68.75;757.75;;;23.01.2026;;
ПКНФ-000166;23.01.2026;Болт М10*40 DIN 933 полная резьба  (А2, 10,0, 40,0, DIN 933);Нержавеющие метизы (ПК КСС);4;174;;;23.01.2026;;
ПКНФ-000166;23.01.2026;Гайка М10 DIN 934  (А2, 10,0, DIN 934);Нержавеющие метизы (ПК КСС);4;1113;;19.06.2024;23.01.2026;;
ПКНФ-000166;23.01.2026;Грибок канализационный;Полиэтелен, корсис, прагма, НПВХ (ПК КСС);1;14;;17.02.2026;23.01.2026;;
ПКНФ-000166;23.01.2026;Манжета резиновая переходная D 110/124 Уп., черн;Полиэтелен, корсис, прагма, НПВХ (ПК КСС);1;14;;;23.01.2026;;
ПКНФ-000166;23.01.2026;Отвод 90 гр. НПВХ DN110;Полиэтелен, корсис, прагма, НПВХ (ПК КСС);1;14;;;23.01.2026;;
ПКНФ-000166;23.01.2026;Труба 110/3,2/0560 наружная канализация;Полиэтелен, корсис, прагма, НПВХ (ПК КСС);2;86;;;23.01.2026;;
ПКНФ-000166;23.01.2026;Шайба М10 DIN 125  (А2, DIN 125);Нержавеющие метизы (ПК КСС);4;816;;;23.01.2026;;
ПКНФ-000167;23.01.2026;Труба э/с 108*4,0 ГОСТ 10704-91;СНГ;0.025;0.275;;;23.01.2026;;
ПКНФ-000167;23.01.2026;Гайка шестигр.М10 оц. DIN934;Оцинкованные метизы (ПК КСС);0.01;0.331;07.10.2024;07.10.2024;23.01.2026;;
ПКНФ-000167;23.01.2026;Труба 25х25х2  ГОСТ;Черные трубы, листы, круги (ПК КСС);412.5;4543.5;;;23.01.2026;;
ПКНФ-000167;23.01.2026;Болт оцинк. М10х60 DIN933;Оцинкованные метизы (ПК КСС);0.01;0.43;;;23.01.2026;;
ПКНФ-000167;23.01.2026;Труба 60х30х2 ГОСТ 8639-82;Черные трубы, листы, круги (ПК КСС);31.25;343.75;;;23.01.2026;;
ПКНФ-000167;23.01.2026;7649.4.11 - Лестница;Составные части трубопровода (Пк КСС);1;1;;;23.01.2026;ПКНФ-000085;20.01.2026
ПКНФ-000167;23.01.2026;7649.4.11 - Трубопровод;Составные части трубопровода (Пк КСС);1;1;;;23.01.2026;ПКНФ-000041;20.01.2026
ПКНФ-000167;23.01.2026;Труба э/с 40х2 ГОСТ;Черные трубы, листы, круги (ПК КСС);62.5;687.5;;;23.01.2026;;
ПКНФ-000167;23.01.2026;Труба э/с 60х2,6 ГОСТ;Черные трубы, листы, круги (ПК КСС);37.5;412.5;;;23.01.2026;;
ПКНФ-000167;23.01.2026;Труба э/с 530х8 ГОСТ 10705-80;Черные трубы, листы, круги (ПК КСС);50;550;;;23.01.2026;;
ПКНФ-000167;23.01.2026;Труба э/с 159х4,5 ГОСТ 10704-91;Черные трубы, листы, круги (ПК КСС);0.094;4.034;;;23.01.2026;;
ПКНФ-000167;23.01.2026;Труба 50х25х2  ГОСТ 8639-82;Черные трубы, листы, круги (ПК КСС);56.25;618.75;;;23.01.2026;;
ПКНФ-000167;23.01.2026;Труба 40х25х2 ГОСТ;Черные трубы, листы, круги (ПК КСС);137.5;1512.5;;;23.01.2026;;
ПКНФ-000167;23.01.2026;Заглушка для трубы 25х25 мм пластик;Расходные материалы (ПК КСС);2;452;23.04.2024;;23.01.2026;;
ПКНФ-000167;23.01.2026;Труба 60х40х4  ГОСТ 8639-82;Черные трубы, листы, круги (ПК КСС);50;550;;;23.01.2026;;
ПКНФ-000167;23.01.2026;Шайба плоская оц. М10  DIN 125;Оцинкованные метизы (ПК КСС);0.01;0.644;;25.08.2025;23.01.2026;;
ПКНФ-000167;23.01.2026;Труба 20х20х2 ГОСТ 8639-82;Черные трубы, листы, круги (ПК КСС);115.625;1271.875;;29.01.2024;23.01.2026;;
ПКНФ-000167;23.01.2026;Труба 40х20х1.5 ГОСТ 8645-68;Черные трубы, листы, круги (ПК КСС);331.25;3643.75;;;23.01.2026;;
ПКНФ-000167;23.01.2026;Труба 40х40х2 ГОСТ 8639-82;Черные трубы, листы, круги (ПК КСС);37.5;412.5;;;23.01.2026;;
ПКНФ-000167;23.01.2026;Труба 40х40х3 ГОСТ 8639-82;Черные трубы, листы, круги (ПК КСС);25;277.4;;;23.01.2026;;
ПКНФ-000167;23.01.2026;Труба 40х20х2 ГОСТ 8639-82;Черные трубы, листы, круги (ПК КСС);100;1152;;29.01.2024;23.01.2026;;
ПКНФ-000167;23.01.2026;Труба 60х40х2 ГОСТ 8645-68;Черные трубы, листы, круги (ПК КСС);37.5;412.5;;;23.01.2026;;
ПКНФ-000167;23.01.2026;Труба 60х60х2  ГОСТ 8639-82;Черные трубы, листы, круги (ПК КСС);68.75;757.75;;;23.01.2026;;
ПКНФ-000167;23.01.2026;Болт М10*40 DIN 933 полная резьба  (А2, 10,0, 40,0, DIN 933);Нержавеющие метизы (ПК КСС);4;174;;;23.01.2026;;
ПКНФ-000167;23.01.2026;Гайка М10 DIN 934  (А2, 10,0, DIN 934);Нержавеющие метизы (ПК КСС);4;1113;;19.06.2024;23.01.2026;;
ПКНФ-000167;23.01.2026;Грибок канализационный;Полиэтелен, корсис, прагма, НПВХ (ПК КСС);1;14;;17.02.2026;23.01.2026;;
ПКНФ-000167;23.01.2026;Манжета резиновая переходная D 110/124 Уп., черн;Полиэтелен, корсис, прагма, НПВХ (ПК КСС);1;14;;;23.01.2026;;
ПКНФ-000167;23.01.2026;Отвод 90 гр. НПВХ DN110;Полиэтелен, корсис, прагма, НПВХ (ПК КСС);1;14;;;23.01.2026;;
ПКНФ-000167;23.01.2026;Труба 110/3,2/0560 наружная канализация;Полиэтелен, корсис, прагма, НПВХ (ПК КСС);2;86;;;23.01.2026;;
ПКНФ-000167;23.01.2026;Шайба М10 DIN 125  (А2, DIN 125);Нержавеющие метизы (ПК КСС);4;816;;;23.01.2026;;
ПКНФ-000168;23.01.2026;Труба э/с 108*4,0 ГОСТ 10704-91;СНГ;0.025;0.275;;;23.01.2026;;
ПКНФ-000168;23.01.2026;Гайка шестигр.М10 оц. DIN934;Оцинкованные метизы (ПК КСС);0.01;0.331;07.10.2024;07.10.2024;23.01.2026;;
ПКНФ-000168;23.01.2026;Труба 25х25х2  ГОСТ;Черные трубы, листы, круги (ПК КСС);412.5;4543.5;;;23.01.2026;;
ПКНФ-000168;23.01.2026;Болт оцинк. М10х60 DIN933;Оцинкованные метизы (ПК КСС);0.01;0.43;;;23.01.2026;;
ПКНФ-000168;23.01.2026;Труба 60х30х2 ГОСТ 8639-82;Черные трубы, листы, круги (ПК КСС);31.25;343.75;;;23.01.2026;;
ПКНФ-000168;23.01.2026;7649.4.12 - Лестница;Составные части трубопровода (Пк КСС);1;1;;;23.01.2026;ПКНФ-000084;20.01.2026
ПКНФ-000168;23.01.2026;7649.4.12 - Трубопровод;Составные части трубопровода (Пк КСС);1;1;;;23.01.2026;ПКНФ-000042;20.01.2026
ПКНФ-000168;23.01.2026;Труба э/с 40х2 ГОСТ;Черные трубы, листы, круги (ПК КСС);62.5;687.5;;;23.01.2026;;
ПКНФ-000168;23.01.2026;Труба э/с 60х2,6 ГОСТ;Черные трубы, листы, круги (ПК КСС);37.5;412.5;;;23.01.2026;;
ПКНФ-000168;23.01.2026;Труба э/с 530х8 ГОСТ 10705-80;Черные трубы, листы, круги (ПК КСС);50;550;;;23.01.2026;;
ПКНФ-000168;23.01.2026;Труба э/с 159х4,5 ГОСТ 10704-91;Черные трубы, листы, круги (ПК КСС);0.094;4.034;;;23.01.2026;;
ПКНФ-000168;23.01.2026;Труба 50х25х2  ГОСТ 8639-82;Черные трубы, листы, круги (ПК КСС);56.25;618.75;;;23.01.2026;;
ПКНФ-000168;23.01.2026;Труба 40х25х2 ГОСТ;Черные трубы, листы, круги (ПК КСС);137.5;1512.5;;;23.01.2026;;
ПКНФ-000168;23.01.2026;Заглушка для трубы 25х25 мм пластик;Расходные материалы (ПК КСС);2;452;23.04.2024;;23.01.2026;;
ПКНФ-000168;23.01.2026;Труба 60х40х4  ГОСТ 8639-82;Черные трубы, листы, круги (ПК КСС);50;550;;;23.01.2026;;
ПКНФ-000168;23.01.2026;Шайба плоская оц. М10  DIN 125;Оцинкованные метизы (ПК КСС);0.01;0.644;;25.08.2025;23.01.2026;;
ПКНФ-000168;23.01.2026;Труба 20х20х2 ГОСТ 8639-82;Черные трубы, листы, круги (ПК КСС);115.625;1271.875;;29.01.2024;23.01.2026;;
ПКНФ-000168;23.01.2026;Труба 40х20х1.5 ГОСТ 8645-68;Черные трубы, листы, круги (ПК КСС);331.25;3643.75;;;23.01.2026;;
ПКНФ-000168;23.01.2026;Труба 40х40х2 ГОСТ 8639-82;Черные трубы, листы, круги (ПК КСС);37.5;412.5;;;23.01.2026;;
ПКНФ-000168;23.01.2026;Труба 40х40х3 ГОСТ 8639-82;Черные трубы, листы, круги (ПК КСС);25;277.4;;;23.01.2026;;
ПКНФ-000168;23.01.2026;Труба 40х20х2 ГОСТ 8639-82;Черные трубы, листы, круги (ПК КСС);100;1152;;29.01.2024;23.01.2026;;
ПКНФ-000168;23.01.2026;Труба 60х40х2 ГОСТ 8645-68;Черные трубы, листы, круги (ПК КСС);37.5;412.5;;;23.01.2026;;
ПКНФ-000168;23.01.2026;Труба 60х60х2  ГОСТ 8639-82;Черные трубы, листы, круги (ПК КСС);68.75;757.75;;;23.01.2026;;
ПКНФ-000168;23.01.2026;Болт М10*40 DIN 933 полная резьба  (А2, 10,0, 40,0, DIN 933);Нержавеющие метизы (ПК КСС);4;174;;;23.01.2026;;
ПКНФ-000168;23.01.2026;Гайка М10 DIN 934  (А2, 10,0, DIN 934);Нержавеющие метизы (ПК КСС);4;1113;;19.06.2024;23.01.2026;;
ПКНФ-000168;23.01.2026;Грибок канализационный;Полиэтелен, корсис, прагма, НПВХ (ПК КСС);1;14;;17.02.2026;23.01.2026;;
ПКНФ-000168;23.01.2026;Манжета резиновая переходная D 110/124 Уп., черн;Полиэтелен, корсис, прагма, НПВХ (ПК КСС);1;14;;;23.01.2026;;
ПКНФ-000168;23.01.2026;Отвод 90 гр. НПВХ DN110;Полиэтелен, корсис, прагма, НПВХ (ПК КСС);1;14;;;23.01.2026;;
ПКНФ-000168;23.01.2026;Труба 110/3,2/0560 наружная канализация;Полиэтелен, корсис, прагма, НПВХ (ПК КСС);2;86;;;23.01.2026;;
ПКНФ-000168;23.01.2026;Шайба М10 DIN 125  (А2, DIN 125);Нержавеющие метизы (ПК КСС);4;816;;;23.01.2026;;
ПКНФ-000108;26.01.2026;ZA 80.00 H v.2, Передние и задние элементы цоколя, 200х800 мм (комплект из 2 шт);Корпусы для ШУ;1;1;;;26.01.2026;;
ПКНФ-000108;26.01.2026;ZA 00.60 H v.2, Боковые элементы цоколя 200х600 мм (комплект из 2 шт);Корпусы для ШУ;2;3;;;26.01.2026;;
ПКНФ-000108;26.01.2026;Рубильник 3п 315А без рукоятки управления;Электротовары КСС ШУ;2;2;;;26.01.2026;;
ПКНФ-000108;26.01.2026;Клемма двухуровневая винтовой зажим 4 точки подключения 2.5кв.мм сер.;Электротовары КСС ШУ;58;328;;;26.01.2026;;
ПКНФ-000108;26.01.2026;ZA 120.00 H v.2, Передние и задние элементы цоколя 200х1200, сплошной;Корпусы для ШУ;1;1;;;26.01.2026;;
ПКНФ-000108;26.01.2026;Z 200, Угловой элемент цоколя, 4шт.;Корпусы для ШУ;2;2;;;26.01.2026;;
ПКНФ-000108;26.01.2026;Устройство блокировочное КТЭ 265-500;Электротовары КСС ШУ;1;1;;;26.01.2026;;
ПКНФ-000108;26.01.2026;Рукоятка управления для прямой установки на рубильники 315-400А;Электротовары КСС ШУ;2;2;;14.02.2025;26.01.2026;;
ПКНФ-000108;26.01.2026;Решетка вентиляционная с фильтром 176x176мм IP54;Электротовары КСС ШУ;2;6;;;26.01.2026;;
ПКНФ-000108;26.01.2026;Контактор КТЭ 330А 230В NO;Электротовары КСС ШУ;2;2;;;26.01.2026;;
ПКНФ-000108;26.01.2026;Коробка монтажная ОП 100х100х50 с 6 вводами;Электротовары КСС ШУ;1;1;;;26.01.2026;;
ПКНФ-000108;26.01.2026;Щит настен. 12 мод. (200х255х97) IP41 белый (ЩРН-П-12)/GENERICA;Электротовары КСС ШУ;1;3;;;26.01.2026;;
ПКНФ-000108;26.01.2026;Коробка распределительная ОП безгалогенная (HF) 70х70х40 IP55 Промрукав 40-0200;Электротовары КСС ШУ;12;15;;;26.01.2026;;
ПКНФ-000108;26.01.2026;Изолятор SM-51 680А 15кВ EKF PROxima;Электротовары КСС ШУ;18;18;;;26.01.2026;;
ПКНФ-000108;26.01.2026;Кабель КГтп-ХЛ 4х50;Электротовары КСС ШУ;30;30;;;26.01.2026;;
ПКНФ-000108;26.01.2026;Выключатель 1-кл. ОП Мурманск 10А IP54 сер. EKF EFV10-021-30-54;;1;1;;;26.01.2026;;
ПКНФ-000108;26.01.2026;Шина М1Т 3х15х4000 мм;Электротовары КСС ШУ;4.5;5;;;26.01.2026;;
ПКНФ-000108;26.01.2026;Шина М1Т 3х30х4000 мм;Электротовары КСС ШУ;4.5;5;;;26.01.2026;;
ПКНФ-000108;26.01.2026;Модуль расширения дискретного ввода/вывода ПРМ-24.6;Электротовары КСС ШУ;1;6;;27.02.2026;26.01.2026;;
ПКНФ-000108;26.01.2026;Изолятор SM-40 (M8) силовой с болтом;Электротовары КСС ШУ;12;12;;;26.01.2026;;
ПКНФ-000108;26.01.2026;Кабель-канал перфорированный 40х60 L2000 RL6 G DKC 01163RL;Электротовары КСС ШУ;3.5;21;;;26.01.2026;;
ПКНФ-000108;26.01.2026;Матрица светодиодная AD16-22HS крас. EKF ledm-ad16-r;Электротовары КСС ШУ;2;28;;;26.01.2026;;
ПКНФ-000108;26.01.2026;Провод ПУГВнг(А)-LS 1х0,5 С;Электротовары КСС ШУ;42;977;;;26.01.2026;;
ПКНФ-000108;26.01.2026;Наконечник штыревой втулочный изол. НШвИ(2) 0.5-8 (уп.50шт);Электротовары КСС ШУ;134;4094;;;26.01.2026;;
ПКНФ-000108;26.01.2026;Шайба плоская оц. М8  DIN 125;Оцинкованные метизы (ПК КСС);0.056;0.336;;;26.01.2026;;
ПКНФ-000108;26.01.2026;Знак ""Земля"" круглый d20мм EKF an-1-04;Электротовары КСС ШУ;2;52;;;26.01.2026;;
ПКНФ-000108;26.01.2026;Наконечник кольцевой изол. НКИ 1.5-6 (уп.50шт);Электротовары КСС ШУ;12;12;;;26.01.2026;;
ПКНФ-000108;26.01.2026;Выключатель автоматический модульный 3п C 6А 4.5кА ВА 47-63;Электротовары КСС ШУ;2;107;;;26.01.2026;;
ПКНФ-000108;26.01.2026;Трубка термоусадочная ТТУ нг-LS 2/1 красн. 1м IEK UDRS-D2-1-K04;Электротовары КСС ШУ;1;72.25;;;26.01.2026;;
ПКНФ-000108;26.01.2026;Трубка термоусадочная ТТУ нг-LS 2/1 желт. 1м IEK UDRS-D2-1-K05;Электротовары КСС ШУ;1.5;59.8;;;26.01.2026;;
ПКНФ-000108;26.01.2026;Трубка термоусадочная ТТУ нг-LS 2/1 зел. 1м IEK UDRS-D2-1-K06;Электротовары КСС ШУ;1;162.25;;;26.01.2026;;
ПКНФ-000108;26.01.2026;Ограничитель на DIN-рейку 1 винт HDW-211;Электротовары КСС ШУ;28;28;;;26.01.2026;;
ПКНФ-000108;26.01.2026;Выключатель автоматический модульный 1п C 6А 4.5кА ВА 47-63;Электротовары КСС ШУ;7;66;;;26.01.2026;;
ПКНФ-000108;26.01.2026;Кабель-канал перфорированный 25х40 L2000 RL6 G DKC 01163RL;Электротовары КСС ШУ;1.5;1.5;;;26.01.2026;;
ПКНФ-000108;26.01.2026;Механизм блокировки для КМЭ (09А-32А);Электротовары КСС ШУ;2;63;;;26.01.2026;;
ПКНФ-000108;26.01.2026;Переключатель BG33 3P 2NO с замком (не возврат.);Электротовары КСС ШУ;1;34;;;26.01.2026;;
ПКНФ-000108;26.01.2026;Переключатель BD21 2P короткая ручка NO IP65 PROxima EKF xb2-bd21-65;Электротовары КСС ШУ;4;9;;;26.01.2026;;
ПКНФ-000108;26.01.2026;Оповещатель светозвуковой ED16-22BMS 230В;Электротовары КСС ШУ;1;99;;;26.01.2026;;
ПКНФ-000108;26.01.2026;Панель оператора PRO-Screen 7 EKF RSC-7;Электротовары КСС ШУ;1;11;;;26.01.2026;;
ПКНФ-000108;26.01.2026;Держатель маркировки LH 20х25мм;Электротовары КСС ШУ;18;218;;;26.01.2026;;
ПКНФ-000108;26.01.2026;Символ ""Молния"" (треугольник) 50х50х50мм;Электротовары КСС ШУ;1;36;;;26.01.2026;;
ПКНФ-000108;26.01.2026;Контактор КМЭ 9А кат. 220В AC 1НЗ;Электротовары КСС ШУ;4;24;;;26.01.2026;;
ПКНФ-000108;26.01.2026;Кнопка BA21 черн. NO;Электротовары КСС ШУ;2;78;;;26.01.2026;;
ПКНФ-000108;26.01.2026;Резистор углеродистый CF-50 (C1-4) 0.5 Вт, 4,7 кОм, 5%;Электротовары КСС ШУ;48;1448;;;26.01.2026;;
ПКНФ-000108;26.01.2026;Модуль расширения дискретного ввода/вывода ПРМ-24.2;Электротовары КСС ШУ;1;12;;27.02.2026;26.01.2026;;
ПКНФ-000108;26.01.2026;Розетка 1-м ОП Эра Эксперт 11-2401-01 16А IP54 16AX 250В 2P+E бел. Эра Б0020712;Электротовары КСС ШУ;3;3;;;26.01.2026;;
ПКНФ-000108;26.01.2026;Вентилятор с фильтром 102 куб.м/ч 176х176мм 220В IP54;Электротовары КСС ШУ;2;6;;;26.01.2026;;
ПКНФ-000108;26.01.2026;Держатель для труб d20 мм;Электротовары КСС ШУ;300;550;;;26.01.2026;;
ПКНФ-000108;26.01.2026;Вентилятор бытовой Эвент Волна 150Сок;Электротовары КСС ШУ;1;2;;;26.01.2026;;
ПКНФ-000108;26.01.2026;Переключатель BG33 3P 2NO короткая ручка;Электротовары КСС ШУ;2;0;;;26.01.2026;;
ПКНФ-000108;26.01.2026;DIN-рейка перфорированная L2000 1мм 35х7,5;Электротовары КСС ШУ;2;2;;;26.01.2026;;
ПКНФ-000108;26.01.2026;Гайка оцинк. DIN 934 М8;Оцинкованные метизы (ПК КСС);0.028;0.1;;;26.01.2026;;
ПКНФ-000108;26.01.2026;Шайба гроверная оц.М6 DIN 127;Оцинкованные метизы (ПК КСС);0.039;0.039;;;26.01.2026;;
ПКНФ-000108;26.01.2026;Кабель-канал перфорированный 25х60 L2000 RL6 G DKC 01166RL;Электротовары КСС ШУ;2;170.975;;;26.01.2026;;
ПКНФ-000108;26.01.2026;MPS 200.120.60 RAL3020 Шкаф распределительный 2000х1200х600 мм;Корпусы для ШУ;1;0;;;26.01.2026;;
ПКНФ-000108;26.01.2026;Контакт дополнительный к ВА-99 250-400А EKF PROxima;Электротовары КСС ШУ;3;3;;;26.01.2026;;
ПКНФ-000108;26.01.2026;Выключатель автоматический 3п 250/160А 45кА ВА-99C;Электротовары КСС ШУ;3;3;;;26.01.2026;;
ПКНФ-000108;26.01.2026;Труба гофрированная d20 ПВХ серая с зондом н/г легкая;Электротовары КСС ШУ;100;100;;;26.01.2026;;
ПКНФ-000108;26.01.2026;Кабель КГВВнг(А) 3х2,5;Электротовары КСС ШУ;20;20;;25.08.2025;26.01.2026;;
ПКНФ-000108;26.01.2026;Кнопка ""Грибок"" BS542 NC поворотн. красн.;Электротовары КСС ШУ;1;69;;;26.01.2026;;
ПКНФ-000108;26.01.2026;Устройство плавного пуска ESQ-GS9-075 (150А, 380В, 75кВт, встроенный шунтирующий контактор);Электротовары КСС ШУ;3;4;;;26.01.2026;;
ПКНФ-000108;26.01.2026;Кабель КГВВнг(А) 3х1,5;Электротовары КСС ШУ;40;39;;;26.01.2026;;
ПКНФ-000108;26.01.2026;Кабель КГВВнг(А)-LS 3х0.75;Электротовары КСС ШУ;26;0;;;26.01.2026;;
ПКНФ-000108;26.01.2026;Выключатель автоматический для защиты двигателя 1.6-2.5А NS2-25 (R) CHINT;Электротовары КСС ШУ;3;0;;;26.01.2026;;
ПКНФ-000108;26.01.2026;Контакт дополнительный поперечный NS2-AE11 (R) CHINT 495968;Электротовары КСС ШУ;3;87;;;26.01.2026;;
ПКНФ-000108;26.01.2026;Термостат NO (охлаждение) на DIN-рейку 10А 230В IP20;Электротовары КСС ШУ;1;3;;;26.01.2026;;
ПКНФ-000108;26.01.2026;Колодка клеммная JXB-2.5/35 серая;Электротовары КСС ШУ;22;116;;;26.01.2026;;
ПКНФ-000108;26.01.2026;Заглушка для JXB-2,5/35 серая;Электротовары КСС ШУ;3;3;;;26.01.2026;;
ПКНФ-000108;26.01.2026;Провод ПуГВнг(А)-LS 1х1,5 Б;Электротовары КСС ШУ;16;16;;;26.01.2026;;
ПКНФ-000108;26.01.2026;Контактор КМЭ 9А 220В/АС3 1НО;Электротовары КСС ШУ;1;58;;;26.01.2026;;
ПКНФ-000108;26.01.2026;Колодка клеммная JXB-2.5/35 синяя;Электротовары КСС ШУ;4;162;;;26.01.2026;;
ПКНФ-000108;26.01.2026;Приставка контактная ПКЭ-11 доп. контакы 1з+1р;Электротовары КСС ШУ;4;59;;;26.01.2026;;
ПКНФ-000108;26.01.2026;MPS 200.80.60 RAL3020 Шкаф распределительный 2000х800х600 мм;Корпусы для ШУ;1;1;;;26.01.2026;;
ПКНФ-000108;26.01.2026;SP 200.60 RAL3020, Панель боковая 2000х600 (комплект из 2шт.);Корпусы для ШУ;1;1;;;26.01.2026;;
ПКНФ-000108;26.01.2026;Кабель КПСЭнг(А)-FRLS 1х2х0.5;Электротовары КСС ШУ;600;2742;;15.01.2026;26.01.2026;;
ПКНФ-000108;26.01.2026;Светильник светодиодный ДПО-108 36Вт 6500К IP40 3600лм 230В 1200мм бел. NEOX 4690612039190;Электротовары КСС ШУ;4;1;;;26.01.2026;;
ПКНФ-000108;26.01.2026;Изолятор торцевой для клемм KRUKB-3-5 DKC D-KRUKB-3-5;Электротовары КСС ШУ;10;170;;27.02.2026;26.01.2026;;
ПКНФ-000108;26.01.2026;Шайба плоская оц. М10  DIN 125;Оцинкованные метизы (ПК КСС);0.032;0.264;;25.08.2025;26.01.2026;;
ПКНФ-000108;26.01.2026;Выключатель автоматический модульный 1п C 25А 4.5кА ВА 47-63;Электротовары КСС ШУ;1;41;;;26.01.2026;;
ПКНФ-000108;26.01.2026;Хомут 2,5х150 нейл. (уп.100 шт);Электротовары КСС ШУ;100;0;;;26.01.2026;;
ПКНФ-000108;26.01.2026;Трубка термоус. ТУТ (HF)-4/2, красн. (уп.100м);Электротовары КСС ШУ;1.5;23.1;;;26.01.2026;;
ПКНФ-000108;26.01.2026;Трубка термоус. ТУТ (HF)-4/2, зел. (уп.100м);Электротовары КСС ШУ;1.5;22.9;;;26.01.2026;;
ПКНФ-000108;26.01.2026;Трубка термоус. ТУТ (HF)-4/2, желт. (уп.100м);Электротовары КСС ШУ;1.5;47.6;;;26.01.2026;;
ПКНФ-000108;26.01.2026;Лента двусторонняя клейкая (скотч), 20 ммх5 м, прозрачная;Электротовары КСС ШУ;4;16;;;26.01.2026;;
ПКНФ-000108;26.01.2026;Лента двусторонняя клейкая (скотч), 12 ммх5 м, прозрачная;Электротовары КСС ШУ;2;25;;;26.01.2026;;
ПКНФ-000108;26.01.2026;Реле контроля наличия и чередования фаз CKF-318-1;Электротовары КСС ШУ;2;24;;;26.01.2026;;
ПКНФ-000108;26.01.2026;Наконечник штыревой втулочный изол. НШвИ 0.5-8 (уп.50шт);Электротовары КСС ШУ;268;9916;;;26.01.2026;;
ПКНФ-000108;26.01.2026;Саморез 4.2х13 металл-металл с прессшайбой сверло цинк (уп.200шт);Электротовары КСС ШУ;42;534.91;;16.02.2026;26.01.2026;;
ПКНФ-000108;26.01.2026;Маркер для кабеля 0.5-1.5мм символ ""1"" (уп.200шт) ДКС;Электротовары КСС ШУ;52;8654;;;26.01.2026;;
ПКНФ-000108;26.01.2026;Маркер для кабеля 0.5-1.5мм символ ""2"" (уп.200шт) ДКС;Электротовары КСС ШУ;68;4035;;;26.01.2026;;
ПКНФ-000108;26.01.2026;Маркер для кабеля 0.5-1.5мм символ ""3"" (уп.200шт) ДКС;Электротовары КСС ШУ;69;4372;;;26.01.2026;;
ПКНФ-000108;26.01.2026;Маркер для JXB с нумерацией 1-50 (уп.100шт);Электротовары КСС ШУ;200;7197;;27.02.2026;26.01.2026;;
ПКНФ-000108;26.01.2026;Изолятор шинный ""Лесенка"" 600А 12кВ/EKF;Электротовары КСС ШУ;4;4;;04.03.2024;26.01.2026;;
ПКНФ-000108;26.01.2026;Гайка оц М10;Загружены, т.к. есть остатки из УТ (бит);16;0;;;26.01.2026;;
ПКНФ-000108;26.01.2026;Конвектор электрический  BEC/EZMR-1500 НС-1055666 Ballu;Электротовары КСС ШУ;3;3;;;26.01.2026;;
ПКНФ-000108;26.01.2026;Болт оцинк. М10х25 DIN933;Оцинкованные метизы (ПК КСС);0.016;0.1;;25.08.2025;26.01.2026;;
ПКНФ-000108;26.01.2026;HDR-60-24 MW (AC/DC ПРЕОБРАЗОВАТЕЛИ) 24B,2.5A,60Вт;Электротовары КСС ШУ;1;21;;;26.01.2026;;
ПКНФ-000108;26.01.2026;Болт оцинк. М6х20 DIN 933;Оцинкованные метизы (ПК КСС);0.054;0.054;;;26.01.2026;;
ПКНФ-000108;26.01.2026;Гайка оцинк. DIN 934 М6;Оцинкованные метизы (ПК КСС);0.026;0.026;;04.03.2025;26.01.2026;;
ПКНФ-000108;26.01.2026;Кабель-канал перфорированный 15х30 L2000 RL75 G ДКС;Электротовары КСС ШУ;3;85.3;;;26.01.2026;;
ПКНФ-000108;26.01.2026;Колодка клеммная ЕК-2.5/25 JXB земля;Электротовары КСС ШУ;5;13;;08.06.2024;26.01.2026;;
ПКНФ-000108;26.01.2026;Лампа AD-22DS(LED) матрица d22мм желтый 230В;Электротовары КСС ШУ;2;122;;;26.01.2026;;
ПКНФ-000108;26.01.2026;Лампа AD-22DS(LED) матрица d22мм зеленый 230В;Электротовары КСС ШУ;2;12;;;26.01.2026;;
ПКНФ-000108;26.01.2026;Маркер для кабеля 0.5-1.5мм символ ""0"" (уп.200шт) ДКС;Электротовары КСС ШУ;79;5971;;;26.01.2026;;
ПКНФ-000108;26.01.2026;Маркер для кабеля 0.5-1.5мм символ ""4"" (уп.200шт) ДКС;Электротовары КСС ШУ;58;386;;;26.01.2026;;
ПКНФ-000108;26.01.2026;Маркер для кабеля 0.5-1.5мм символ ""5"" (уп.200шт) ДКС;Электротовары КСС ШУ;54;5362;;;26.01.2026;;
ПКНФ-000108;26.01.2026;Маркер для кабеля 0.5-1.5мм символ ""6"" (уп.200шт) ДКС;Электротовары КСС ШУ;47;5314;;;26.01.2026;;
ПКНФ-000108;26.01.2026;Маркер для кабеля 0.5-1.5мм символ ""7"" (уп.200шт) ДКС;Электротовары КСС ШУ;56;1274;;;26.01.2026;;
ПКНФ-000108;26.01.2026;Маркер для кабеля 0.5-1.5мм символ ""8"" (уп.200шт) ДКС;Электротовары КСС ШУ;67;552;;;26.01.2026;;
ПКНФ-000108;26.01.2026;Маркер для кабеля 0.5-1.5мм символ ""9"" (уп.200шт) ДКС;Электротовары КСС ШУ;68;420;;;26.01.2026;;
ПКНФ-000108;26.01.2026;Маркер для JXB с нумерацией 1-10 (уп.100шт);Электротовары КСС ШУ;200;2161;;27.02.2026;26.01.2026;;
ПКНФ-000108;26.01.2026;Наконечник кольцевой НКИ 2.5-6;Электротовары КСС ШУ;8;241;;;26.01.2026;;
ПКНФ-000108;26.01.2026;Наконечник штыревой втулочный НШвИ 1,5-8 (100шт);Электротовары КСС ШУ;32;664;;;26.01.2026;;
ПКНФ-000108;26.01.2026;Провод ПУГВнг(А)-LS 1х0,5 Б;Электротовары КСС ШУ;268;1417;;;26.01.2026;;
ПКНФ-000108;26.01.2026;Провод ПУГВнг(А)-LS 1х0,5 К;Электротовары КСС ШУ;45;953;;;26.01.2026;;
ПКНФ-000108;26.01.2026;Провод ПУГВнг(А)-LS 1х0,5 Ч;Электротовары КСС ШУ;46;759;;;26.01.2026;;
ПКНФ-000108;26.01.2026;Провод ПУГВнг(А)-LS 1х1,5 ж/з;Электротовары КСС ШУ;3;396.6;;;26.01.2026;;
ПКНФ-000108;26.01.2026;Провод ПУГВнг(А)-LS 1х2,5 Б;Электротовары КСС ШУ;8;150.5;;;26.01.2026;;
ПКНФ-000108;26.01.2026;Провод ПУГВнг(А)-LS 1х2,5 С;Электротовары КСС ШУ;7;182;;;26.01.2026;;
ПКНФ-000108;26.01.2026;Программируемое реле ПР102-24.2416.03.2;Электротовары КСС ШУ;2;6;;27.02.2026;26.01.2026;;
ПКНФ-000108;26.01.2026;Реле RFT2CO730LT, 2CO, 8A(250VAC/30VDC), 230VAC, LED, мех. инд., тест-кнопка;Электротовары КСС ШУ;11;153;;;26.01.2026;;
ПКНФ-000108;26.01.2026;Спираль монтажная СМ-06-04 (10м);Электротовары КСС ШУ;0.4;22.235;;;26.01.2026;;
ПКНФ-000108;26.01.2026;Термоусаживаемая трубка ТУТнг 25/12,5 желтая (50 м/ролл) TDM;Электротовары КСС ШУ;6;41.5;;;26.01.2026;;
ПКНФ-000108;26.01.2026;Термоусаживаемая трубка ТУТнг 25/12,5 зеленая (50 м/ролл) TDM;Электротовары КСС ШУ;6;41.5;;;26.01.2026;;
ПКНФ-000108;26.01.2026;Термоусаживаемая трубка ТУТнг 25/12,5 красная (50 м/ролл) TDM;Электротовары КСС ШУ;6;41.5;;;26.01.2026;;
ПКНФ-000108;26.01.2026;Цоколь SRU08-E, 10A(300V), черный, на рейку DIN35/панель, для RFT2CO;Электротовары КСС ШУ;11;85;;;26.01.2026;;
ПКНФ-000108;26.01.2026;Кабель КГ 4х1,5;Расходные материалы (ПК КСС);10;25;;;26.01.2026;;
ПКНФ-000108;26.01.2026;Наконечник медный луженый ТМЛ 50-8-11 /КВТ;Электротовары КСС ШУ;28;78;;;26.01.2026;;
ПКНФ-000108;26.01.2026;Наконечник штыревой втулочный изол. НШвИ 2.5-8 (уп.50шт);Электротовары КСС ШУ;10;2793;;25.08.2025;26.01.2026;;
ПКНФ-000108;26.01.2026;Шайба  гровер М8 DIN 127 (А2, DIN 127);Нержавеющие метизы (ПК КСС);0.028;0;;;26.01.2026;;
ПКНФ-000108;26.01.2026;Шайба плоская оц. М6 DIN 125;Оцинкованные метизы (ПК КСС);0.052;0.203;;25.08.2025;26.01.2026;;
ПКНФ-000108;26.01.2026;Наконечник НШвИ(2) 1.5-8 (уп.50шт);Электротовары КСС ШУ;34;4485;;;26.01.2026;;
ПКНФ-000116;26.01.2026;Наконечник кабельный штифтовой НШМЛ 10-12 медный луженый;Электротовары КСС ШУ;12;32;;;26.01.2026;;
ПКНФ-000116;26.01.2026;Кабель-канал перфорированный 40х60 L2000 RL6 G DKC 01163RL;Электротовары КСС ШУ;3;20.5;;;26.01.2026;;
ПКНФ-000116;26.01.2026;Матрица светодиодная AD16-22HS крас. EKF ledm-ad16-r;Электротовары КСС ШУ;3;29;;;26.01.2026;;
ПКНФ-000116;26.01.2026;Провод ПУГВнг(А)-LS 1х0,5 С;Электротовары КСС ШУ;24;959;;;26.01.2026;;
ПКНФ-000116;26.01.2026;Наконечник штыревой втулочный изол. НШвИ(2) 0.5-8 (уп.50шт);Электротовары КСС ШУ;74;4034;;;26.01.2026;;
ПКНФ-000116;26.01.2026;Знак ""Земля"" круглый d20мм EKF an-1-04;Электротовары КСС ШУ;2;52;;;26.01.2026;;
ПКНФ-000116;26.01.2026;Выключатель автоматический модульный 3п C 6А 4.5кА ВА 47-63;Электротовары КСС ШУ;2;107;;;26.01.2026;;
ПКНФ-000116;26.01.2026;Ограничитель на DIN-рейку 1 винт HDW-211;Электротовары КСС ШУ;30;30;;;26.01.2026;;
ПКНФ-000116;26.01.2026;Выключатель автоматический модульный 1п C 6А 4.5кА ВА 47-63;Электротовары КСС ШУ;5;64;;;26.01.2026;;
ПКНФ-000116;26.01.2026;Кабель-канал перфорированный 25х40 L2000 RL6 G DKC 01163RL;Электротовары КСС ШУ;1.5;1.5;;;26.01.2026;;
ПКНФ-000116;26.01.2026;Держатель маркировки LH 20х25мм;Электротовары КСС ШУ;12;212;;;26.01.2026;;
ПКНФ-000116;26.01.2026;Символ ""Молния"" (треугольник) 50х50х50мм;Электротовары КСС ШУ;1;36;;;26.01.2026;;
ПКНФ-000116;26.01.2026;Термостат NO+NC (охлаждение и обогрев) на DIN-рейку 10A 230В IP20;Электротовары КСС ШУ;1;22;;;26.01.2026;;
ПКНФ-000116;26.01.2026;Саморез 4.2х25 металл-металл с прессшайбой сверло цинк (уп.200шт);Электротовары КСС ШУ;12;434;;;26.01.2026;;
ПКНФ-000116;26.01.2026;Устройство плавного пуска ESQ-GS9mini-030 (60А, 380В, 30кВт, встроенный шунтирующий контактор);Электротовары КСС ШУ;2;2;;;26.01.2026;;
ПКНФ-000116;26.01.2026;Контакт дополнительный NS2-AU20 для NS2-80 CHINT;Электротовары КСС ШУ;2;2;;;26.01.2026;;
ПКНФ-000116;26.01.2026;ИСКРА пассивный барьер искрозащиты  ИСКРА-АТ.03;Электротовары КСС ШУ;1;1;;;26.01.2026;;
ПКНФ-000116;26.01.2026;ИСКРА пассивный барьер искрозащиты ИСКРА-СК2.03;Электротовары КСС ШУ;2;2;;;26.01.2026;;
ПКНФ-000116;26.01.2026;DIN-рейка перфорированная L2000 1мм 35х7,5;Электротовары КСС ШУ;2;2;;;26.01.2026;;
ПКНФ-000116;26.01.2026;Рубильник 3п 100А с рукояткой управления для прямой установки;Электротовары КСС ШУ;2;0;;;26.01.2026;;
ПКНФ-000116;26.01.2026;Шайба гроверная оц.М6 DIN 127;Оцинкованные метизы (ПК КСС);0.006;0.006;;;26.01.2026;;
ПКНФ-000116;26.01.2026;Выключатель автоматический для защиты двигателя 40-63А NS2-80B (R) CHINT 495088;Электротовары КСС ШУ;2;3;;;26.01.2026;;
ПКНФ-000116;26.01.2026;Провод ПуГВнг(А)-LS 1х10 С;Электротовары КСС ШУ;3;0;;12.10.2025;26.01.2026;;
ПКНФ-000116;26.01.2026;Обогреватель на DIN-рейку клеммный 75Вт 230В;Электротовары КСС ШУ;1;2;;;26.01.2026;;
ПКНФ-000116;26.01.2026;Колодка клеммная JXB-2.5/35 серая;Электротовары КСС ШУ;22;116;;;26.01.2026;;
ПКНФ-000116;26.01.2026;Заглушка для JXB-2,5/35 серая;Электротовары КСС ШУ;4;4;;;26.01.2026;;
ПКНФ-000116;26.01.2026;Колодка клеммная JXB-35/35 синяя;Электротовары КСС ШУ;2;72;;;26.01.2026;;
ПКНФ-000116;26.01.2026;Сальник PG 29 (d проводника 18-24мм, D резьбовой 36мм) IP54;Электротовары КСС ШУ;2;81;;;26.01.2026;;
ПКНФ-000116;26.01.2026;Контактор КМЭ 95А 220В/АС3 1НО 1Н3;Электротовары КСС ШУ;2;4;;;26.01.2026;;
ПКНФ-000116;26.01.2026;Механизм блокировки для КМЭ (40А-95А);Электротовары КСС ШУ;1;99;;;26.01.2026;;
ПКНФ-000116;26.01.2026;Колодка клеммная ЕК-6/40 JXB земля;Электротовары КСС ШУ;2;85;;06.12.2024;26.01.2026;;
ПКНФ-000116;26.01.2026;Кабель витая пара F/UTP кат.5E 1х2х24AWG solid CU PVC сер (м);Электротовары КСС ШУ;5;636;;;26.01.2026;;
ПКНФ-000116;26.01.2026;Сальник PG 9;Электротовары КСС ШУ;100;360;;;26.01.2026;;
ПКНФ-000116;26.01.2026;Наконечник штыревой втулочный изол. НШвИ 6.0-12 (уп.50шт);Электротовары КСС ШУ;54;1178;;25.08.2025;26.01.2026;;
ПКНФ-000116;26.01.2026;Наконечник штыревой втулочный изол. НШвИ(2) 16.0-14 (уп.50шт);Электротовары КСС ШУ;6;276;;;26.01.2026;;
ПКНФ-000116;26.01.2026;Хомут 2,5х150 нейл. (уп.100 шт);Электротовары КСС ШУ;50;0;;;26.01.2026;;
ПКНФ-000116;26.01.2026;Трубка термоус. ТУТ (HF)-14/7, красн. (уп.50м) ;Электротовары КСС ШУ;1;32;;14.02.2025;26.01.2026;;
ПКНФ-000116;26.01.2026;Трубка термоус. ТУТ (HF)-14/7, зел. (уп.50м);Электротовары КСС ШУ;1;0;;;26.01.2026;;
ПКНФ-000116;26.01.2026;Трубка термоус. ТУТ (HF)-14/7, желт. (уп.50м);Электротовары КСС ШУ;1;167;;;26.01.2026;;
ПКНФ-000116;26.01.2026;Колодка клеммная JXB-6/35 (50а) сер.;Электротовары КСС ШУ;6;283;;;26.01.2026;;
ПКНФ-000116;26.01.2026;Колодка клеммная ЕК-35/125 JXB земля;Электротовары КСС ШУ;2;30;;19.02.2025;26.01.2026;;
ПКНФ-000116;26.01.2026;Реле контроля наличия и чередования фаз CKF-318-1;Электротовары КСС ШУ;2;24;;;26.01.2026;;
ПКНФ-000116;26.01.2026;Наконечник штыревой втулочный изол. НШвИ 0.5-8 (уп.50шт);Электротовары КСС ШУ;158;9806;;;26.01.2026;;
ПКНФ-000116;26.01.2026;Наконечник кольцевой изол. НКИ 6.0-6 (уп.50шт);Электротовары КСС ШУ;12;705;;;26.01.2026;;
ПКНФ-000116;26.01.2026;Саморез 4.2х13 металл-металл с прессшайбой сверло цинк (уп.200шт);Электротовары КСС ШУ;42;534.91;;16.02.2026;26.01.2026;;
ПКНФ-000116;26.01.2026;Маркер для кабеля 0.5-1.5мм символ ""1"" (уп.200шт) ДКС;Электротовары КСС ШУ;52;8654;;;26.01.2026;;
ПКНФ-000116;26.01.2026;Маркер для кабеля 0.5-1.5мм символ ""2"" (уп.200шт) ДКС;Электротовары КСС ШУ;68;4035;;;26.01.2026;;
ПКНФ-000116;26.01.2026;Маркер для кабеля 0.5-1.5мм символ ""3"" (уп.200шт) ДКС;Электротовары КСС ШУ;69;4372;;;26.01.2026;;
ПКНФ-000116;26.01.2026;Маркер для JXB с нумерацией 1-50 (уп.100шт);Электротовары КСС ШУ;200;7197;;27.02.2026;26.01.2026;;
ПКНФ-000116;26.01.2026;Сальник PG 16 10-14мм IP54;Электротовары КСС ШУ;6;127;;;26.01.2026;;
ПКНФ-000116;26.01.2026;Вентилятор с фильтром 52 м3/ч 124х124 мм;Электротовары КСС ШУ;1;11;;12.10.2025;26.01.2026;;
ПКНФ-000116;26.01.2026;Решетка вентиляционная с фильтром 124x124мм IP54;Электротовары КСС ШУ;1;5;;12.10.2025;26.01.2026;;
ПКНФ-000116;26.01.2026;Болт оцинк. М6х20 DIN 933;Оцинкованные метизы (ПК КСС);0.002;0.002;;;26.01.2026;;
ПКНФ-000116;26.01.2026;Гайка оцинк. DIN 934 М6;Оцинкованные метизы (ПК КСС);0.006;0.006;;04.03.2025;26.01.2026;;
ПКНФ-000116;26.01.2026;ID 100.80, Дверь внутренняя глухая для корпуса MEV 1000х800;Корпусы для ШУ;1;1;;;26.01.2026;;
ПКНФ-000116;26.01.2026;MES 100.80.30, Шкаф компактный распределительный 1000х800х300;Корпусы для ШУ;1;2;;;26.01.2026;;
ПКНФ-000116;26.01.2026;RKE4CO024LT Реле 4CO, 5A (250VAC/30VDC), 24VDC, мех. индикация, тест-кнопка с блокировкой, LED;Электротовары КСС ШУ;3;92;;;26.01.2026;;
ПКНФ-000116;26.01.2026;Колодка клеммная ЕК-2.5/25 JXB земля;Электротовары КСС ШУ;4;12;;08.06.2024;26.01.2026;;
ПКНФ-000116;26.01.2026;Лампа AD-22DS(LED) матрица d22мм желтый 230В;Электротовары КСС ШУ;2;122;;;26.01.2026;;
ПКНФ-000116;26.01.2026;Лампа AD-22DS(LED) матрица d22мм зеленый 230В;Электротовары КСС ШУ;5;15;;;26.01.2026;;
ПКНФ-000116;26.01.2026;Маркер для кабеля 0.5-1.5мм символ ""0"" (уп.200шт) ДКС;Электротовары КСС ШУ;79;5971;;;26.01.2026;;
ПКНФ-000116;26.01.2026;Маркер для кабеля 0.5-1.5мм символ ""4"" (уп.200шт) ДКС;Электротовары КСС ШУ;58;386;;;26.01.2026;;
ПКНФ-000116;26.01.2026;Маркер для кабеля 0.5-1.5мм символ ""5"" (уп.200шт) ДКС;Электротовары КСС ШУ;54;5362;;;26.01.2026;;
ПКНФ-000116;26.01.2026;Маркер для кабеля 0.5-1.5мм символ ""6"" (уп.200шт) ДКС;Электротовары КСС ШУ;47;5314;;;26.01.2026;;
ПКНФ-000116;26.01.2026;Маркер для кабеля 0.5-1.5мм символ ""7"" (уп.200шт) ДКС;Электротовары КСС ШУ;56;1274;;;26.01.2026;;
ПКНФ-000116;26.01.2026;Маркер для кабеля 0.5-1.5мм символ ""8"" (уп.200шт) ДКС;Электротовары КСС ШУ;67;552;;;26.01.2026;;
ПКНФ-000116;26.01.2026;Маркер для кабеля 0.5-1.5мм символ ""9"" (уп.200шт) ДКС;Электротовары КСС ШУ;68;420;;;26.01.2026;;
ПКНФ-000116;26.01.2026;Маркер для JXB с нумерацией 1-10 (уп.100шт);Электротовары КСС ШУ;200;2161;;27.02.2026;26.01.2026;;
ПКНФ-000116;26.01.2026;Провод ПУГВнг(А)-LS 1х0,5 Б;Электротовары КСС ШУ;126;1275;;;26.01.2026;;
ПКНФ-000116;26.01.2026;Провод ПУГВнг(А)-LS 1х0,5 К;Электротовары КСС ШУ;21;929;;;26.01.2026;;
ПКНФ-000116;26.01.2026;Провод ПУГВнг(А)-LS 1х0,5 Ч;Электротовары КСС ШУ;27;740;;;26.01.2026;;
ПКНФ-000116;26.01.2026;Провод ПУГВнг(А)-LS 1х1,5 ж/з;Электротовары КСС ШУ;1.5;395.1;;;26.01.2026;;
ПКНФ-000116;26.01.2026;Провод ПУГВнг(А)-LS 1х10 Б;Электротовары КСС ШУ;20;0;;;26.01.2026;;
ПКНФ-000116;26.01.2026;Провод ПУГВнг(А)-LS 1х6 Б;Электротовары КСС ШУ;32;142;;;26.01.2026;;
ПКНФ-000116;26.01.2026;Программируемое реле ПР200-24.2.2.0;Электротовары КСС ШУ;1;4;;26.02.2026;26.01.2026;;
ПКНФ-000116;26.01.2026;Блок распределительный КРОСС крепеж на панель и DIN КБР-160А;Электротовары КСС ШУ;4;48;;;26.01.2026;;
ПКНФ-000116;26.01.2026;Реле RFT2CO730LT, 2CO, 8A(250VAC/30VDC), 230VAC, LED, мех. инд., тест-кнопка;Электротовары КСС ШУ;3;145;;;26.01.2026;;
ПКНФ-000116;26.01.2026;Реле контроля уровня PZ-828 жидкости без датчика;Электротовары КСС ШУ;2;38;;;26.01.2026;;
ПКНФ-000116;26.01.2026;Спираль монтажная СМ-06-04 (10м);Электротовары КСС ШУ;0.2;22.035;;;26.01.2026;;
ПКНФ-000116;26.01.2026;Трубка термоус. ТУТ (HF)-8/4, жел. (уп.50м) КВТ;Электротовары КСС ШУ;2;20.6;;;26.01.2026;;
ПКНФ-000116;26.01.2026;Трубка термоус. ТУТ (HF)-8/4, зел. (уп.50м) КВТ;Электротовары КСС ШУ;2;20.6;;;26.01.2026;;
ПКНФ-000116;26.01.2026;Трубка термоус. ТУТ (HF)-8/4, красн. (уп.50м) КВТ;Электротовары КСС ШУ;2;21.8;;;26.01.2026;;
ПКНФ-000116;26.01.2026;Трубка термоусадочная 2.0/1.0 1м желт. Rexant 20-2002;Электротовары КСС ШУ;1.5;47;;;26.01.2026;;
ПКНФ-000116;26.01.2026;Трубка термоусадочная 2.0/1.0 1м зел. Rexant 20-2003;Электротовары КСС ШУ;1;41.2;;;26.01.2026;;
ПКНФ-000116;26.01.2026;Трубка термоусадочная 2.0/1.0 1м красн. Rexant 20-2004;Электротовары КСС ШУ;1;42.2;;19.12.2024;26.01.2026;;
ПКНФ-000116;26.01.2026;Цоколь SKC14-E, 10A(300V), черный, на рейку DIN35/панель, для RKE4CO, RKF4CO;Электротовары КСС ШУ;3;145;;;26.01.2026;;
ПКНФ-000116;26.01.2026;Цоколь SRU08-E, 10A(300V), черный, на рейку DIN35/панель, для RFT2CO;Электротовары КСС ШУ;3;77;;;26.01.2026;;
ПКНФ-000116;26.01.2026;Шайба плоская оц. М6 DIN 125;Оцинкованные метизы (ПК КСС);0.008;0.159;;25.08.2025;26.01.2026;;
ПКНФ-000116;26.01.2026;HDR-30-24 Блок питания, 24В,1.5А,36Вт;Электротовары КСС ШУ;1;20;;16.02.2026;26.01.2026;;
ПКНФ-000169;26.01.2026;Установка воздухообменная УВ-3 Тип В (250);Газоанализаторы, воздухообмен (ПК КСС);2;0;27.02.2026;27.02.2026;26.01.2026;;
ПКНФ-000150;27.01.2026;Шайба гроверная оц.Ф10 DIN 127;Оцинкованные метизы (ПК КСС);0.05;0.202;;;27.01.2026;;
ПКНФ-000150;27.01.2026;Гайка шестигр.М10 оц. DIN934;Оцинкованные метизы (ПК КСС);0.05;0.331;07.10.2024;07.10.2024;27.01.2026;;
ПКНФ-000150;27.01.2026;Заглушка для трубы 20х40 мм пластик;Полиэтелен, корсис, прагма, НПВХ (ПК КСС);4;481;;;27.01.2026;;
ПКНФ-000150;27.01.2026;Болт оцинк. 10х40 DIN933;Оцинкованные метизы (ПК КСС);0.05;0.451;;;27.01.2026;;
ПКНФ-000150;27.01.2026;7649.5  - Гильза DN 630 L=950 самодельная ;Составные части трубопровода (Пк КСС);1;0;;;27.01.2026;;
ПКНФ-000150;27.01.2026;7649.5  - Гильза DN 630 L=1710 самодельная;Составные части трубопровода (Пк КСС);1;0;;;27.01.2026;;
ПКНФ-000150;27.01.2026;Муфта Икапласт DN/OD 630;Полиэтелен, корсис, прагма, НПВХ (ПК КСС);2;2;;;27.01.2026;;
ПКНФ-000150;27.01.2026;7649.5 - Лестницы;Составные части трубопровода (Пк КСС);6;6;;;27.01.2026;ПКНФ-000103;22.01.2026
ПКНФ-000150;27.01.2026;Заглушка для трубы 25х25 мм пластик;Расходные материалы (ПК КСС);14;452;23.04.2024;;27.01.2026;;
ПКНФ-000150;27.01.2026;Шайба плоская оц. М10  DIN 125;Оцинкованные метизы (ПК КСС);0.1;0.644;;25.08.2025;27.01.2026;;
ПКНФ-000150;27.01.2026;Профиль стоечный 0,6 мм 50х50х3000 мм;Расходные материалы (ПК КСС);6;28;;;27.01.2026;;
ПКНФ-000150;27.01.2026;Труба 315/7,7/2000 наружная канализация;Полиэтелен, корсис, прагма, НПВХ (ПК КСС);3;3;;;27.01.2026;;
ПКНФ-000150;27.01.2026;Пуролат-Стандарт"" из антрацита фр.3,0-7,0 мм с учетом упаковки (полиэтиленовые мешки по 22,5кг (25 л;Засыпки и сорбенты для ЛОС, Водоподготовка;0.9;2.825;;;27.01.2026;;
ПКНФ-000150;27.01.2026;Песок кварцевый фр. 10,0-20,0;Засыпки и сорбенты для ЛОС, Водоподготовка;10.8;0;16.02.2026;16.02.2026;27.01.2026;;
ПКНФ-000150;27.01.2026;Заглушка НПВХ DN110;Полиэтелен, корсис, прагма, НПВХ (ПК КСС);1;23;;;27.01.2026;;
ПКНФ-000150;27.01.2026;Грибок канализационный;Полиэтелен, корсис, прагма, НПВХ (ПК КСС);3;14;;17.02.2026;27.01.2026;;
ПКНФ-000150;27.01.2026;Коалесцентный модуль 3М-ОДГ-60/25/0,5;Засыпки и сорбенты для ЛОС, Водоподготовка;120;124;02.02.2026;02.02.2026;27.01.2026;;
ПКНФ-000150;27.01.2026;Манжета резиновая переходная D 110/124 Уп., черн;Полиэтелен, корсис, прагма, НПВХ (ПК КСС);3;14;;;27.01.2026;;
ПКНФ-000150;27.01.2026;Отвод 90 гр. НПВХ DN110;Полиэтелен, корсис, прагма, НПВХ (ПК КСС);3;14;;;27.01.2026;;
ПКНФ-000150;27.01.2026;Сорбент Rx-Sorb, мешок гео ткань 62,5 л м3;Засыпки и сорбенты для ЛОС, Водоподготовка;0.9;1378.47;29.01.2026;29.01.2026;27.01.2026;;
ПКНФ-000150;27.01.2026;Труба 110/3,2/0560 наружная канализация;Полиэтелен, корсис, прагма, НПВХ (ПК КСС);6;86;;;27.01.2026;;
ПКНФ-000197;27.01.2026;7719.2 - Лестницы;Составные части трубопровода (Пк КСС);2;2;;;27.01.2026;ПКНФ-001335;15.12.2025
ПКНФ-000197;27.01.2026;Шайба гроверная оц.Ф10 DIN 127;Оцинкованные метизы (ПК КСС);0.03;0.27;;;27.01.2026;;
ПКНФ-000197;27.01.2026;Гайка шестигр.М10 оц. DIN934;Оцинкованные метизы (ПК КСС);0.03;0.269;07.10.2024;07.10.2024;27.01.2026;;
ПКНФ-000197;27.01.2026;Болт оцинк. М10х60 DIN933;Оцинкованные метизы (ПК КСС);0.01;0.398;;;27.01.2026;;
ПКНФ-000197;27.01.2026;Болт оцинк. 10х40 DIN933;Оцинкованные метизы (ПК КСС);0.02;0.421;;;27.01.2026;;
ПКНФ-000197;27.01.2026;Заглушка для трубы 25х25 мм пластик;Расходные материалы (ПК КСС);6;436;23.04.2024;;27.01.2026;;
ПКНФ-000197;27.01.2026;Шайба плоская оц. М10  DIN 125;Оцинкованные метизы (ПК КСС);0.06;0.602;;25.08.2025;27.01.2026;;
ПКНФ-000197;27.01.2026;Навесной замок с ключом GPLK-50L;Оцинкованные метизы (ПК КСС);1;48;;20.01.2025;27.01.2026;;
ПКНФ-000197;27.01.2026;Грибок канализационный;Полиэтелен, корсис, прагма, НПВХ (ПК КСС);1;4;;17.02.2026;27.01.2026;;
ПКНФ-000197;27.01.2026;Манжета резиновая переходная D 110/124 Уп., черн;Полиэтелен, корсис, прагма, НПВХ (ПК КСС);1;5;;;27.01.2026;;
ПКНФ-000197;27.01.2026;Муфта Корсис DN200 (OD);Полиэтелен, корсис, прагма, НПВХ (ПК КСС);1;12;;;27.01.2026;;
ПКНФ-000197;27.01.2026;Отвод 90 гр. НПВХ DN110;Полиэтелен, корсис, прагма, НПВХ (ПК КСС);1;2;;;27.01.2026;;
ПКНФ-000197;27.01.2026;Проушина прямая 30х70мм;Расходные материалы (ПК КСС);2;177;;;27.01.2026;;
ПКНФ-000197;27.01.2026;Труба 110/3,2/0560 наружная канализация;Полиэтелен, корсис, прагма, НПВХ (ПК КСС);2;63;;;27.01.2026;;
ПКНФ-000197;27.01.2026;Труба 200/4,9/1200 наружная канализация;Полиэтелен, корсис, прагма, НПВХ (ПК КСС);0.5;9;;;27.01.2026;;
ПКНФ-000183;27.01.2026;Насос CDM15-7FSWPC, 5.5кВт, станд. фланец, 3х380В, 50Гц, чугун, 70 С;Насосы CNP (ПК КСС);2;2;;;27.01.2026;;
ПКНФ-000183;27.01.2026;Болт оцинк. М12х60 DIN933;Оцинкованные метизы (ПК КСС);0.008;0.186;;03.06.2024;27.01.2026;;
ПКНФ-000183;27.01.2026;Шайба плоская оц. М12  DIN 125;Оцинкованные метизы (ПК КСС);0.024;1.065;;03.06.2024;27.01.2026;;
ПКНФ-000183;27.01.2026;Болт оцинк. М16х120 DIN933;Оцинкованные метизы (ПК КСС);0.024;0.012;;27.06.2024;27.01.2026;;
ПКНФ-000183;27.01.2026;Реле давления РД-2Р, диапазон 0,1...1 МПа, G 1/4 (ПК);Датчики уровня, преобразователи, реле (ПК КСС);1;12;;;27.01.2026;;
ПКНФ-000183;27.01.2026;5882.5У Коллектора, патрубки ;Составные части трубопровода (Пк КСС);1;0;02.03.2026;;27.01.2026;ПКНФ-000290;17.02.2026
ПКНФ-000183;27.01.2026;5882.5У Рама;Составные части трубопровода (Пк КСС);1;0;02.03.2026;;27.01.2026;ПКНФ-000291;17.02.2026
ПКНФ-000183;27.01.2026;Шаровой кран латунный 1/2"" ВР, с дренажем и воздухоотводчиком, ручка-бабочка, Pride LD 44.344.15;Арматура (ПК КСС);2;28;;;27.01.2026;;
ПКНФ-000183;27.01.2026;Ниппель прямой никелированный 1/2"" НР. LD Pride LD.67.501.15;Арматура (ПК КСС);2;21;;;27.01.2026;;
ПКНФ-000183;27.01.2026;Манометр с поверкой тип ТМ-310Т.00, 0..1,6 МПа, 63 мм, G1/4""(сзади), кл.1,5, корпус-сталь, Росма 000;Расходомеры, манометры (ПК КСС);2;2;;18.02.2026;27.01.2026;;
ПКНФ-000183;27.01.2026;Муфта никелированная 1/2"" ВР, LD Pride LD.67.502.15;Арматура (ПК КСС);2;11;;;27.01.2026;;
ПКНФ-000183;27.01.2026;Рым-болт DIN 580 М 12;Оцинкованные метизы (ПК КСС);4;41.992;;;27.01.2026;;
ПКНФ-000183;27.01.2026;Преобразователь давления EKF PRT-100-1.6-1.0-G2;Датчики уровня, преобразователи, реле (ПК КСС);1;21;;;27.01.2026;;
ПКНФ-000183;27.01.2026;Шайба оцинк гровер М12 DIN 127;Оцинкованные метизы (ПК КСС);0.012;0.7;;03.06.2024;27.01.2026;;
ПКНФ-000183;27.01.2026;Шайба гроверная оц. Ф16 DIN 127;Оцинкованные метизы (ПК КСС);0.024;0.993;;27.06.2024;27.01.2026;;
ПКНФ-000183;27.01.2026;Затвор Ridval тип RVB 01 DN50 PN16 рукоятка, синий;Арматура (ПК КСС);4;12;;;27.01.2026;;
ПКНФ-000183;27.01.2026;Клапан Ridval тип RVC 20 DN50 PN16, синий;Арматура (ПК КСС);2;12;;;27.01.2026;;
ПКНФ-000183;27.01.2026;Прокладка (паронит) 80;Полиэтелен, корсис, прагма, НПВХ (ПК КСС);2;196;;;27.01.2026;;
ПКНФ-000183;27.01.2026;Гайка шестигр. оц М12 DIN934;Оцинкованные метизы (ПК КСС);0.012;0.939;;03.06.2024;27.01.2026;;
ПКНФ-000183;27.01.2026;Гайка шестигр. оц М16  (тыс шт);Оцинкованные метизы (ПК КСС);0.024;1.108;;27.06.2024;27.01.2026;;
ПКНФ-000183;27.01.2026;Прокладка (паронит) 50;Полиэтелен, корсис, прагма, НПВХ (ПК КСС);6;78.994;;;27.01.2026;;
ПКНФ-000183;27.01.2026;Футорка ник. латун. 1/2х 1/4;Арматура (ПК КСС);1;37;;;27.01.2026;;
ПКНФ-000183;27.01.2026;Шайба плоская оц.М16  DIN 125;Оцинкованные метизы (ПК КСС);0.048;1.829;;27.06.2024;27.01.2026;;
ПКНФ-000187;28.01.2026;Частотный преобразователь ESQ-230-4T-11K 11кВт, 380В;Электротовары КСС ШУ;3;3;;;28.01.2026;;
ПКНФ-000187;28.01.2026;Провод ПУГВнг(А)-LS 1х0,5 С;Электротовары КСС ШУ;11;1051;;;28.01.2026;;
ПКНФ-000187;28.01.2026;Наконечник штыревой втулочный изол. НШвИ(2) 0.5-8 (уп.50шт);Электротовары КСС ШУ;20;4330;;;28.01.2026;;
ПКНФ-000187;28.01.2026;Знак ""Земля"" круглый d20мм EKF an-1-04;Электротовары КСС ШУ;2;60;;;28.01.2026;;
ПКНФ-000187;28.01.2026;Ограничитель на DIN-рейку 1 винт HDW-211;Электротовары КСС ШУ;24;0;;;28.01.2026;;
ПКНФ-000187;28.01.2026;Выключатель автоматический модульный 1п C 6А 4.5кА ВА 47-63;Электротовары КСС ШУ;2;71;;;28.01.2026;;
ПКНФ-000187;28.01.2026;Кабель-канал перфорированный 25х40 L2000 RL6 G DKC 01163RL;Электротовары КСС ШУ;1.5;7;;;28.01.2026;;
ПКНФ-000187;28.01.2026;Провод ПУГВнг(А)-LS 1х2,5 ж/з;Электротовары КСС ШУ;8;20;;25.08.2025;28.01.2026;;
ПКНФ-000187;28.01.2026;Провод ПуГВнг(А)-LS 1х4 Б;Электротовары КСС ШУ;9;61;;;28.01.2026;;
ПКНФ-000187;28.01.2026;DIN-рейка перфорированная L2000 1мм 35х7,5;Электротовары КСС ШУ;0.75;6;;;28.01.2026;;
ПКНФ-000187;28.01.2026;Термостат NO (охлаждение) на DIN-рейку 10А 230В IP20;Электротовары КСС ШУ;1;7;;;28.01.2026;;
ПКНФ-000187;28.01.2026;Колодка клеммная JXB-2.5/35 серая;Электротовары КСС ШУ;23;190;;;28.01.2026;;
ПКНФ-000187;28.01.2026;Заглушка для JXB-2,5/35 серая;Электротовары КСС ШУ;5;21;;;28.01.2026;;
ПКНФ-000187;28.01.2026;Сальник PG21;Электротовары КСС ШУ;1;502;;;28.01.2026;;
ПКНФ-000187;28.01.2026;Колодка клеммная ЕК-16/80 JXB земля;Электротовары КСС ШУ;1;120;;06.12.2024;28.01.2026;;
ПКНФ-000187;28.01.2026;Крышка защитная на 8 модулей под вырез в шкафу MT-WPC8;Электротовары КСС ШУ;1;14;;27.02.2026;28.01.2026;;
ПКНФ-000187;28.01.2026;Программируемое реле ПР200-24.4.2.0;Электротовары КСС ШУ;1;9;;27.02.2026;28.01.2026;;
ПКНФ-000187;28.01.2026;Кабель витая пара F/UTP кат.5E 1х2х24AWG solid CU PVC сер (м);Электротовары КСС ШУ;12;684;;;28.01.2026;;
ПКНФ-000187;28.01.2026;Сальник PG 9;Электротовары КСС ШУ;7;367;;;28.01.2026;;
ПКНФ-000187;28.01.2026;Выключатель автоматический модульный 3п C 25А 4.5кА ВА 47-63;Электротовары КСС ШУ;3;17;;;28.01.2026;;
ПКНФ-000187;28.01.2026;Трубка термоус. ТУТ (HF)-4/2, красн. (уп.100м);Электротовары КСС ШУ;1.2;27.7;;;28.01.2026;;
ПКНФ-000187;28.01.2026;Трубка термоус. ТУТ (HF)-4/2, зел. (уп.100м);Электротовары КСС ШУ;1.2;27.5;;;28.01.2026;;
ПКНФ-000187;28.01.2026;Трубка термоус. ТУТ (HF)-4/2, желт. (уп.100м);Электротовары КСС ШУ;1.2;52.2;;;28.01.2026;;
ПКНФ-000187;28.01.2026;Трубка термоус. ТУТ (HF)-6/3, красн. (уп.50м);Электротовары КСС ШУ;0.7;115.5;;;28.01.2026;;
ПКНФ-000187;28.01.2026;Трубка термоус. ТУТ (HF)-6/3, зел. (уп.50м);Электротовары КСС ШУ;0.7;15.5;;;28.01.2026;;
ПКНФ-000187;28.01.2026;Выключатель нагрузки 3п 32А ВН-63N;Электротовары КСС ШУ;1;21;;;28.01.2026;;
ПКНФ-000187;28.01.2026;Колодка клеммная JXB-16/35 син.;Электротовары КСС ШУ;1;66;;06.12.2024;28.01.2026;;
ПКНФ-000187;28.01.2026;Наконечник штыревой втулочный изол. НШвИ 0.5-8 (уп.50шт);Электротовары КСС ШУ;54;10382;;;28.01.2026;;
ПКНФ-000187;28.01.2026;Саморез 4.2х13 металл-металл с прессшайбой сверло цинк (уп.200шт);Электротовары КСС ШУ;38;754.91;;16.02.2026;28.01.2026;;
ПКНФ-000187;28.01.2026;Маркер для кабеля 0.5-1.5мм символ ""1"" (уп.200шт) ДКС;Электротовары КСС ШУ;18;8769;;;28.01.2026;;
ПКНФ-000187;28.01.2026;Маркер для кабеля 0.5-1.5мм символ ""2"" (уп.200шт) ДКС;Электротовары КСС ШУ;14;4149;;;28.01.2026;;
ПКНФ-000187;28.01.2026;Маркер для кабеля 0.5-1.5мм символ ""3"" (уп.200шт) ДКС;Электротовары КСС ШУ;6;4463;;;28.01.2026;;
ПКНФ-000187;28.01.2026;Сальник PG 16 10-14мм IP54;Электротовары КСС ШУ;3;134;;;28.01.2026;;
ПКНФ-000187;28.01.2026;Вентилятор с фильтром 52 м3/ч 124х124 мм;Электротовары КСС ШУ;1;14;;12.10.2025;28.01.2026;;
ПКНФ-000187;28.01.2026;Решетка вентиляционная с фильтром 124x124мм IP54;Электротовары КСС ШУ;1;8;;12.10.2025;28.01.2026;;
ПКНФ-000187;28.01.2026;ID 80.60, Дверь внутренняя для шкафов MEV;Корпусы для ШУ;1;2;;;28.01.2026;;
ПКНФ-000187;28.01.2026;MES 80.60.30, Шкаф компактный распределительный 800х600х300;Корпусы для ШУ;1;2;;;28.01.2026;;
ПКНФ-000187;28.01.2026;Кабель-канал перфорированный 15х30 L2000 RL75 G ДКС;Электротовары КСС ШУ;0.3;83.2;;;28.01.2026;;
ПКНФ-000187;28.01.2026;Колодка клеммная ЕК-2.5/25 JXB земля;Электротовары КСС ШУ;3;20;;08.06.2024;28.01.2026;;
ПКНФ-000187;28.01.2026;Маркер для кабеля 0.5-1.5мм символ ""0"" (уп.200шт) ДКС;Электротовары КСС ШУ;7;6071;;;28.01.2026;;
ПКНФ-000187;28.01.2026;Маркер для кабеля 0.5-1.5мм символ ""4"" (уп.200шт) ДКС;Электротовары КСС ШУ;14;492;;;28.01.2026;;
ПКНФ-000187;28.01.2026;Маркер для кабеля 0.5-1.5мм символ ""5"" (уп.200шт) ДКС;Электротовары КСС ШУ;6;5441;;;28.01.2026;;
ПКНФ-000187;28.01.2026;Маркер для кабеля 0.5-1.5мм символ ""6"" (уп.200шт) ДКС;Электротовары КСС ШУ;6;5381;;;28.01.2026;;
ПКНФ-000187;28.01.2026;Маркер для кабеля 0.5-1.5мм символ ""7"" (уп.200шт) ДКС;Электротовары КСС ШУ;6;1350;;;28.01.2026;;
ПКНФ-000187;28.01.2026;Маркер для кабеля 0.5-1.5мм символ ""8"" (уп.200шт) ДКС;Электротовары КСС ШУ;4;633;;;28.01.2026;;
ПКНФ-000187;28.01.2026;Маркер для кабеля 0.5-1.5мм символ ""9"" (уп.200шт) ДКС;Электротовары КСС ШУ;6;508;;;28.01.2026;;
ПКНФ-000187;28.01.2026;Маркер для JXB с нумерацией 1-10 (уп.100шт);Электротовары КСС ШУ;100;2621;;27.02.2026;28.01.2026;;
ПКНФ-000187;28.01.2026;Наконечник кольцевой НКИ 2.5-6;Электротовары КСС ШУ;18;251;;;28.01.2026;;
ПКНФ-000187;28.01.2026;Наконечник штыревой НШВИ 4-9 КВТ;Электротовары КСС ШУ;20;0;;;28.01.2026;;
ПКНФ-000187;28.01.2026;Наконечник штыревой втулочный изол. НШвИ(2) 2.5-10 (уп.50шт);Электротовары КСС ШУ;28;2475;;;28.01.2026;;
ПКНФ-000187;28.01.2026;Наконечник штыревой НШВИ(2) 4.0-12 КВТ;Электротовары КСС ШУ;18;0;;;28.01.2026;;
ПКНФ-000187;28.01.2026;Провод ПУГВнг(А)-LS 1х0,5 Б;Электротовары КСС ШУ;33;1690;;;28.01.2026;;
ПКНФ-000187;28.01.2026;Провод ПУГВнг(А)-LS 1х0,5 К;Электротовары КСС ШУ;16;1016;;;28.01.2026;;
ПКНФ-000187;28.01.2026;Провод ПУГВнг(А)-LS 1х0,5 Ч;Электротовары КСС ШУ;16;842;;;28.01.2026;;
ПКНФ-000187;28.01.2026;Провод ПУГВнг(А)-LS 1х2,5 Б;Электротовары КСС ШУ;25;173;;;28.01.2026;;
ПКНФ-000187;28.01.2026;Спираль монтажная СМ-06-04 (10м);Электротовары КСС ШУ;0.1;22.535;;;28.01.2026;;
ПКНФ-000187;28.01.2026;Шина нулевая ""N"" на DIN-рейку в корпусе 4х11 групп;Электротовары КСС ШУ;1;0;;;28.01.2026;;
ПКНФ-000187;28.01.2026;Наконечник штыревой втулочный изол. НШвИ 2.5-8 (уп.50шт);Электротовары КСС ШУ;58;3867;;25.08.2025;28.01.2026;;
ПКНФ-000187;28.01.2026;HDR-30-24 Блок питания, 24В,1.5А,36Вт;Электротовары КСС ШУ;1;22;;16.02.2026;28.01.2026;;
ПКНФ-000187;28.01.2026;Символ ""Молния"" (треугольник) 100х100х100мм;Электротовары КСС ШУ;1;141;;;28.01.2026;;
ПКНФ-000188;28.01.2026;Пресс-фланец ст.20 Ду125 Ру 16 ПФСР 100х16 (145 мм);Черные фланцы и фиттинги (ПК КСС);6;36;;;28.01.2026;;
ПКНФ-000188;28.01.2026;Пресс-фланец DN 150 PN 10/16 ст. C20/22 (172 мм);Черные фланцы и фиттинги (ПК КСС);8;23;;;28.01.2026;;
ПКНФ-000188;28.01.2026;Пресс-фланец ст.20 Ду100 Ру 16 ПФСР 100х16 (119 мм);Черные фланцы и фиттинги (ПК КСС);6;59;;;28.01.2026;;
ПКНФ-000188;28.01.2026;Труба СВ  21,3х2,0мм 08Х18Н10 (AISI 304);Нержавеющие трубы, листы, круги, сетки(ПК КСС);0.3;73.9;;;28.01.2026;;
ПКНФ-000188;28.01.2026;Труба СВ 139,7х2,0мм 08Х18Н10 (AISI 304);Нержавеющие трубы, листы, круги, сетки(ПК КСС);0.5;7.1;;;28.01.2026;;
ПКНФ-000188;28.01.2026;Труба СВ 168,3х2,0мм 08Х18Н10 (AISI 304);Нержавеющие трубы, листы, круги, сетки(ПК КСС);3;13.6;17.02.2026;17.02.2026;28.01.2026;;
ПКНФ-000188;28.01.2026;Отбортовка 139,7х2,0 AISI304;Нержавеющие фланцы и фиттинги (ПК КСС);6;47;;;28.01.2026;;
ПКНФ-000188;28.01.2026;Ниппель приварной DN15  1/2"" (AISI304, 08Х18H10);Нержавеющие фланцы и фиттинги (ПК КСС);3;3;03.06.2024;17.02.2026;28.01.2026;;
ПКНФ-000188;28.01.2026;Отбортовка 114,3х2,0 AISI304;Нержавеющие фланцы и фиттинги (ПК КСС);6;14;19.02.2026;19.02.2026;28.01.2026;;
ПКНФ-000188;28.01.2026;Отбортовка 168,3х2,0 AISI304;Нержавеющие фланцы и фиттинги (ПК КСС);8;30;07.03.2026;17.02.2026;28.01.2026;;
ПКНФ-000188;28.01.2026;Труба СВ 114,3х2,0мм 08Х18Н10 (AISI 304);Нержавеющие трубы, листы, круги, сетки(ПК КСС);0.5;1.4;;22.10.2024;28.01.2026;;
ПКНФ-000189;28.01.2026;Лист 5,0*1500*6000 ст3 (м2);Черные трубы, листы, круги (ПК КСС);0.01;1.688;;;28.01.2026;;
ПКНФ-000189;28.01.2026;Швеллер 10П ГОСТ 8240-97;Черные трубы, листы, круги (ПК КСС);8;16.2;17.02.2026;11.09.2025;28.01.2026;;
ПКНФ-000190;28.01.2026;Клемма двухуровневая винтовой зажим 4 точки подключения 2.5кв.мм сер.;Электротовары КСС ШУ;38;346;;;28.01.2026;;
ПКНФ-000190;28.01.2026;Выключатель автоматический для защиты двигателя 25-40А NS2-80B (R) CHINT 495087;Электротовары КСС ШУ;2;16;;;28.01.2026;;
ПКНФ-000190;28.01.2026;Клемма винтовая DC, 6 мм.кв., серый DC6-01P-11-00A(H);Электротовары КСС ШУ;6;88;;;28.01.2026;;
ПКНФ-000190;28.01.2026;Клемма винтовая DC, 6 мм.кв., PE DC6-PE-01P-1C-00A(H);Электротовары КСС ШУ;2;46;;;28.01.2026;;
ПКНФ-000190;28.01.2026;Устройство плавного пуска ESQ-GS9mini-018 (37А, 380В,18.5кВт, встроенный шунтирующий контактор);Электротовары КСС ШУ;2;2;;03.03.2026;28.01.2026;;
ПКНФ-000190;28.01.2026;Кабель-канал перфорированный 40х60 L2000 RL6 G DKC 01163RL;Электротовары КСС ШУ;2.5;24;;;28.01.2026;;
ПКНФ-000190;28.01.2026;Матрица светодиодная AD16-22HS крас. EKF ledm-ad16-r;Электротовары КСС ШУ;2;30;;;28.01.2026;;
ПКНФ-000190;28.01.2026;Матрица светодиодная AD16-22HS 230В AC IP65 зел. PROxima EKF ledm-ad16-g-65;Электротовары КСС ШУ;2;148;;;28.01.2026;;
ПКНФ-000190;28.01.2026;Провод ПУГВнг(А)-LS 1х0,5 С;Электротовары КСС ШУ;38;1051;;;28.01.2026;;
ПКНФ-000190;28.01.2026;Наконечник штыревой втулочный изол. НШвИ(2) 0.5-8 (уп.50шт);Электротовары КСС ШУ;134;4330;;;28.01.2026;;
ПКНФ-000190;28.01.2026;Знак ""Земля"" круглый d20мм EKF an-1-04;Электротовары КСС ШУ;2;60;;;28.01.2026;;
ПКНФ-000190;28.01.2026;Наконечник кольцевой изол. НКИ 1.5-6 (уп.50шт);Электротовары КСС ШУ;12;0;;;28.01.2026;;
ПКНФ-000190;28.01.2026;Выключатель автоматический модульный 3п C 6А 4.5кА ВА 47-63;Электротовары КСС ШУ;2;111;;;28.01.2026;;
ПКНФ-000190;28.01.2026;Трубка термоусадочная ТТУ нг-LS 2/1 красн. 1м IEK UDRS-D2-1-K04;Электротовары КСС ШУ;1;74.25;;;28.01.2026;;
ПКНФ-000190;28.01.2026;Трубка термоусадочная ТТУ нг-LS 2/1 желт. 1м IEK UDRS-D2-1-K05;Электротовары КСС ШУ;1.5;62.3;;;28.01.2026;;
ПКНФ-000190;28.01.2026;Трубка термоусадочная ТТУ нг-LS 2/1 зел. 1м IEK UDRS-D2-1-K06;Электротовары КСС ШУ;1;164.25;;;28.01.2026;;
ПКНФ-000190;28.01.2026;Ограничитель на DIN-рейку 1 винт HDW-211;Электротовары КСС ШУ;30;0;;;28.01.2026;;
ПКНФ-000190;28.01.2026;Выключатель автоматический модульный 1п C 6А 4.5кА ВА 47-63;Электротовары КСС ШУ;3;71;;;28.01.2026;;
ПКНФ-000190;28.01.2026;Кабель-канал перфорированный 25х40 L2000 RL6 G DKC 01163RL;Электротовары КСС ШУ;1.5;7;;;28.01.2026;;
ПКНФ-000190;28.01.2026;Переключатель BG33 3P 2NO с замком (не возврат.);Электротовары КСС ШУ;1;35;;;28.01.2026;;
ПКНФ-000190;28.01.2026;Переключатель BD21 2P короткая ручка NO IP65 PROxima EKF xb2-bd21-65;Электротовары КСС ШУ;2;8;;;28.01.2026;;
ПКНФ-000190;28.01.2026;Оповещатель светозвуковой ED16-22BMS 230В;Электротовары КСС ШУ;1;100;;;28.01.2026;;
ПКНФ-000190;28.01.2026;Панель оператора PRO-Screen 7 EKF RSC-7;Электротовары КСС ШУ;1;12;;;28.01.2026;;
ПКНФ-000190;28.01.2026;Держатель маркировки LH 20х25мм;Электротовары КСС ШУ;16;234;;;28.01.2026;;
ПКНФ-000190;28.01.2026;Контактор КМЭ 9А кат. 220В AC 1НЗ;Электротовары КСС ШУ;4;28;;;28.01.2026;;
ПКНФ-000190;28.01.2026;Кнопка BA21 черн. NO;Электротовары КСС ШУ;2;80;;;28.01.2026;;
ПКНФ-000190;28.01.2026;Резистор углеродистый CF-50 (C1-4) 0.5 Вт, 4,7 кОм, 5%;Электротовары КСС ШУ;36;1472;;;28.01.2026;;
ПКНФ-000190;28.01.2026;Модуль расширения дискретного ввода/вывода ПРМ-24.2;Электротовары КСС ШУ;1;13;;27.02.2026;28.01.2026;;
ПКНФ-000190;28.01.2026;Саморез 4.2х25 металл-металл с прессшайбой сверло цинк (уп.200шт);Электротовары КСС ШУ;10;442;;;28.01.2026;;
ПКНФ-000190;28.01.2026;Переключатель BG33 3P 2NO короткая ручка;Электротовары КСС ШУ;2;0;;;28.01.2026;;
ПКНФ-000190;28.01.2026;DIN-рейка перфорированная L2000 1мм 35х7,5;Электротовары КСС ШУ;2;6;;;28.01.2026;;
ПКНФ-000190;28.01.2026;Шайба гроверная оц.М6 DIN 127;Оцинкованные метизы (ПК КСС);0.002;0;;;28.01.2026;;
ПКНФ-000190;28.01.2026;Кнопка ""Грибок"" BS542 NC поворотн. красн.;Электротовары КСС ШУ;1;70;;;28.01.2026;;
ПКНФ-000190;28.01.2026;Контакт дополнительный NS2-AU11 для NS2-80B (длинный шток) (R) CHINT 495972;Электротовары КСС ШУ;3;26;;27.02.2026;28.01.2026;;
ПКНФ-000190;28.01.2026;Выключатель автоматический для защиты двигателя 1.6-2.5А NS2-25 (R) CHINT;Электротовары КСС ШУ;2;0;;;28.01.2026;;
ПКНФ-000190;28.01.2026;Сальник PG 36 диаметр проводника 22-32 мм IP54;Электротовары КСС ШУ;2;13;;;28.01.2026;;
ПКНФ-000190;28.01.2026;Термостат NO (охлаждение) на DIN-рейку 10А 230В IP20;Электротовары КСС ШУ;1;7;;;28.01.2026;;
ПКНФ-000190;28.01.2026;Колодка клеммная JXB-2.5/35 серая;Электротовары КСС ШУ;13;190;;;28.01.2026;;
ПКНФ-000190;28.01.2026;Заглушка для JXB-2,5/35 серая;Электротовары КСС ШУ;3;21;;;28.01.2026;;
ПКНФ-000190;28.01.2026;Провод ПуГВнг(А)-LS 1х1,5 Б;Электротовары КСС ШУ;16;47;;;28.01.2026;;
ПКНФ-000190;28.01.2026;Колодка клеммная JXB-35/35 синяя;Электротовары КСС ШУ;2;74;;;28.01.2026;;
ПКНФ-000190;28.01.2026;Сальник PG 29 (d проводника 18-24мм, D резьбовой 36мм) IP54;Электротовары КСС ШУ;2;86;;;28.01.2026;;
ПКНФ-000190;28.01.2026;Колодка клеммная JXB-2.5/35 синяя;Электротовары КСС ШУ;2;163;;;28.01.2026;;
ПКНФ-000190;28.01.2026;Механизм блокировки для КМЭ (40А-95А);Электротовары КСС ШУ;3;102;;;28.01.2026;;
ПКНФ-000190;28.01.2026;Приставка контактная ПКЭ-11 доп. контакы 1з+1р;Электротовары КСС ШУ;4;63;;;28.01.2026;;
ПКНФ-000190;28.01.2026;MES 120.80.30, RAL3020 Шкаф компактный распределительный 1200х800х300;Корпусы для ШУ;1;4;;;28.01.2026;;
ПКНФ-000190;28.01.2026;Изолятор торцевой для клемм KRUKB-3-5 DKC D-KRUKB-3-5;Электротовары КСС ШУ;6;172;;27.02.2026;28.01.2026;;
ПКНФ-000190;28.01.2026;Сальник PG 9;Электротовары КСС ШУ;38;367;;;28.01.2026;;
ПКНФ-000190;28.01.2026;Наконечник штыревой втулочный изол. НШвИ 6.0-12 (уп.50шт);Электротовары КСС ШУ;54;1224;;25.08.2025;28.01.2026;;
ПКНФ-000190;28.01.2026;Наконечник штыревой втулочный изол. НШвИ(2) 6.0-14 (уп.50шт);Электротовары КСС ШУ;8;794;;;28.01.2026;;
ПКНФ-000190;28.01.2026;Хомут 2,5х150 нейл. (уп.100 шт);Электротовары КСС ШУ;100;0;;;28.01.2026;;
ПКНФ-000190;28.01.2026;Трубка термоус. ТУТ (HF)-4/2, красн. (уп.100м);Электротовары КСС ШУ;1.5;27.7;;;28.01.2026;;
ПКНФ-000190;28.01.2026;Трубка термоус. ТУТ (HF)-4/2, зел. (уп.100м);Электротовары КСС ШУ;1.5;27.5;;;28.01.2026;;
ПКНФ-000190;28.01.2026;Трубка термоус. ТУТ (HF)-4/2, желт. (уп.100м);Электротовары КСС ШУ;1.5;52.2;;;28.01.2026;;
ПКНФ-000190;28.01.2026;Выключатель нагрузки 3п 63А ВН-63N;Электротовары КСС ШУ;2;18;;;28.01.2026;;
ПКНФ-000190;28.01.2026;Колодка клеммная ЕК-35/125 JXB земля;Электротовары КСС ШУ;2;32;;19.02.2025;28.01.2026;;
ПКНФ-000190;28.01.2026;Контактор КМЭ 40А 220В NO+NC;Электротовары КСС ШУ;2;13;;;28.01.2026;;
ПКНФ-000190;28.01.2026;Наконечник кабельный ТМЛ(DIN) 6-6;Электротовары КСС ШУ;22;70;;;28.01.2026;;
ПКНФ-000190;28.01.2026;Лента двусторонняя клейкая (скотч), 20 ммх5 м, прозрачная;Электротовары КСС ШУ;2;14;;;28.01.2026;;
ПКНФ-000190;28.01.2026;Лента двусторонняя клейкая (скотч), 12 ммх5 м, прозрачная;Электротовары КСС ШУ;2;25;;;28.01.2026;;
ПКНФ-000190;28.01.2026;Реле контроля наличия и чередования фаз CKF-318-1;Электротовары КСС ШУ;2;28;;;28.01.2026;;
ПКНФ-000190;28.01.2026;Наконечник штыревой втулочный изол. НШвИ 0.5-8 (уп.50шт);Электротовары КСС ШУ;268;10382;;;28.01.2026;;
ПКНФ-000190;28.01.2026;Наконечник штыревой втулочный изол. НШвИ 1.5-8 (уп.50шт);Электротовары КСС ШУ;32;1840;;;28.01.2026;;
ПКНФ-000190;28.01.2026;Саморез 4.2х13 металл-металл с прессшайбой сверло цинк (уп.200шт);Электротовары КСС ШУ;42;754.91;;16.02.2026;28.01.2026;;
ПКНФ-000190;28.01.2026;Маркер для кабеля 0.5-1.5мм символ ""1"" (уп.200шт) ДКС;Электротовары КСС ШУ;52;8769;;;28.01.2026;;
ПКНФ-000190;28.01.2026;Маркер для кабеля 0.5-1.5мм символ ""2"" (уп.200шт) ДКС;Электротовары КСС ШУ;68;4149;;;28.01.2026;;
ПКНФ-000190;28.01.2026;Маркер для кабеля 0.5-1.5мм символ ""3"" (уп.200шт) ДКС;Электротовары КСС ШУ;69;4463;;;28.01.2026;;
ПКНФ-000190;28.01.2026;Маркер для JXB с нумерацией 1-50 (уп.100шт);Электротовары КСС ШУ;200;7397;;27.02.2026;28.01.2026;;
ПКНФ-000190;28.01.2026;Сальник PG 16 10-14мм IP54;Электротовары КСС ШУ;3;134;;;28.01.2026;;
ПКНФ-000190;28.01.2026;Вентилятор с фильтром 52 м3/ч 124х124 мм;Электротовары КСС ШУ;1;14;;12.10.2025;28.01.2026;;
ПКНФ-000190;28.01.2026;Решетка вентиляционная с фильтром 124x124мм IP54;Электротовары КСС ШУ;1;8;;12.10.2025;28.01.2026;;
ПКНФ-000190;28.01.2026;HDR-60-24 MW (AC/DC ПРЕОБРАЗОВАТЕЛИ) 24B,2.5A,60Вт;Электротовары КСС ШУ;1;22;;;28.01.2026;;
ПКНФ-000190;28.01.2026;Болт оцинк. М6х20 DIN 933;Оцинкованные метизы (ПК КСС);0.002;0;;;28.01.2026;;
ПКНФ-000190;28.01.2026;Гайка оцинк. DIN 934 М6;Оцинкованные метизы (ПК КСС);0.002;0.004;;04.03.2025;28.01.2026;;
ПКНФ-000190;28.01.2026;ID 120.80, Дверь внутренняя;Корпусы для ШУ;1;2;;;28.01.2026;;
ПКНФ-000190;28.01.2026;Колодка клеммная ЕК-2.5/25 JXB земля;Электротовары КСС ШУ;3;20;;08.06.2024;28.01.2026;;
ПКНФ-000190;28.01.2026;Лампа AD-22DS(LED) матрица d22мм желтый 230В;Электротовары КСС ШУ;2;124;;;28.01.2026;;
ПКНФ-000190;28.01.2026;Маркер для кабеля 0.5-1.5мм символ ""0"" (уп.200шт) ДКС;Электротовары КСС ШУ;79;6071;;;28.01.2026;;
ПКНФ-000190;28.01.2026;Маркер для кабеля 0.5-1.5мм символ ""4"" (уп.200шт) ДКС;Электротовары КСС ШУ;58;492;;;28.01.2026;;
ПКНФ-000190;28.01.2026;Маркер для кабеля 0.5-1.5мм символ ""5"" (уп.200шт) ДКС;Электротовары КСС ШУ;54;5441;;;28.01.2026;;
ПКНФ-000190;28.01.2026;Маркер для кабеля 0.5-1.5мм символ ""6"" (уп.200шт) ДКС;Электротовары КСС ШУ;47;5381;;;28.01.2026;;
ПКНФ-000190;28.01.2026;Маркер для кабеля 0.5-1.5мм символ ""7"" (уп.200шт) ДКС;Электротовары КСС ШУ;56;1350;;;28.01.2026;;
ПКНФ-000190;28.01.2026;Маркер для кабеля 0.5-1.5мм символ ""8"" (уп.200шт) ДКС;Электротовары КСС ШУ;67;633;;;28.01.2026;;
ПКНФ-000190;28.01.2026;Маркер для кабеля 0.5-1.5мм символ ""9"" (уп.200шт) ДКС;Электротовары КСС ШУ;68;508;;;28.01.2026;;
ПКНФ-000190;28.01.2026;Маркер для JXB с нумерацией 1-10 (уп.100шт);Электротовары КСС ШУ;200;2621;;27.02.2026;28.01.2026;;
ПКНФ-000190;28.01.2026;Модуль расширения дискретного ввода/вывода ПРМ-24.1;Электротовары КСС ШУ;1;15;;;28.01.2026;;
ПКНФ-000190;28.01.2026;Провод ПУГВнг(А)-LS 1х0,5 Б;Электротовары КСС ШУ;215;1690;;;28.01.2026;;
ПКНФ-000190;28.01.2026;Провод ПУГВнг(А)-LS 1х0,5 К;Электротовары КСС ШУ;30;1016;;;28.01.2026;;
ПКНФ-000190;28.01.2026;Провод ПУГВнг(А)-LS 1х0,5 Ч;Электротовары КСС ШУ;34;842;;;28.01.2026;;
ПКНФ-000190;28.01.2026;Провод ПУГВнг(А)-LS 1х1,5 ж/з;Электротовары КСС ШУ;1.5;404.6;;;28.01.2026;;
ПКНФ-000190;28.01.2026;Провод ПУГВнг(А)-LS 1х2,5 С;Электротовары КСС ШУ;7;191;;;28.01.2026;;
ПКНФ-000190;28.01.2026;Провод ПУГВнг(А)-LS 1х6 Б;Электротовары КСС ШУ;32;150;;;28.01.2026;;
ПКНФ-000190;28.01.2026;Программируемое реле ПР102-24.2416.03.2;Электротовары КСС ШУ;1;6;;27.02.2026;28.01.2026;;
ПКНФ-000190;28.01.2026;Реле RFT2CO730LT, 2CO, 8A(250VAC/30VDC), 230VAC, LED, мех. инд., тест-кнопка;Электротовары КСС ШУ;11;164;;;28.01.2026;;
ПКНФ-000190;28.01.2026;Спираль монтажная СМ-06-04 (10м);Электротовары КСС ШУ;0.2;22.535;;;28.01.2026;;
ПКНФ-000190;28.01.2026;Трубка термоус. ТУТ (HF)-8/4, жел. (уп.50м) КВТ;Электротовары КСС ШУ;1.5;20.8;;;28.01.2026;;
ПКНФ-000190;28.01.2026;Трубка термоус. ТУТ (HF)-8/4, зел. (уп.50м) КВТ;Электротовары КСС ШУ;1.5;20.8;;;28.01.2026;;
ПКНФ-000190;28.01.2026;Трубка термоус. ТУТ (HF)-8/4, красн. (уп.50м) КВТ;Электротовары КСС ШУ;1.5;22;;;28.01.2026;;
ПКНФ-000190;28.01.2026;Цоколь SRU08-E, 10A(300V), черный, на рейку DIN35/панель, для RFT2CO;Электротовары КСС ШУ;11;96;;;28.01.2026;;
ПКНФ-000190;28.01.2026;Шина нулевая ""N"" на DIN-рейку в корпусе 4х11 групп;Электротовары КСС ШУ;1;0;;;28.01.2026;;
ПКНФ-000190;28.01.2026;Наконечник штыревой втулочный изол. НШвИ 2.5-8 (уп.50шт);Электротовары КСС ШУ;1000;3867;;25.08.2025;28.01.2026;;
ПКНФ-000190;28.01.2026;Шайба плоская оц. М6 DIN 125;Оцинкованные метизы (ПК КСС);0.002;0.153;;25.08.2025;28.01.2026;;
ПКНФ-000190;28.01.2026;Наконечник НШвИ(2) 1.5-8 (уп.50шт);Электротовары КСС ШУ;34;4571;;;28.01.2026;;
ПКНФ-000190;28.01.2026;Символ ""Молния"" (треугольник) 100х100х100мм;Электротовары КСС ШУ;1;141;;;28.01.2026;;
ПКНФ-000191;28.01.2026;Провод силовой ПУГВнг(А)-LS 1х6 С;;1.5;100;;;28.01.2026;;
ПКНФ-000191;28.01.2026;Клемма силовая вводная КСВ 16-95 cин.;Электротовары КСС ШУ;2;2;;;28.01.2026;;
ПКНФ-000191;28.01.2026;Матрица светодиодная AD16-22HS 230В AC IP65 желт. PROxima EKF ledm-ad16-y-65;Электротовары КСС ШУ;2;90;;;28.01.2026;;
ПКНФ-000191;28.01.2026;Провод ПУГВнг(А)-LS 1х0,5 С;Электротовары КСС ШУ;7;1051;;;28.01.2026;;
ПКНФ-000191;28.01.2026;Выключатель автоматический модульный 3п C 6А 4.5кА ВА 47-63;Электротовары КСС ШУ;2;111;;;28.01.2026;;
ПКНФ-000191;28.01.2026;Ограничитель на DIN-рейку 1 винт HDW-211;Электротовары КСС ШУ;18;0;;;28.01.2026;;
ПКНФ-000191;28.01.2026;Кабель-канал перфорированный 25х40 L2000 RL6 G DKC 01163RL;Электротовары КСС ШУ;1.5;7;;;28.01.2026;;
ПКНФ-000191;28.01.2026;Выключатель нагрузки 3п 40А ВН-63N;Электротовары КСС ШУ;2;8;;;28.01.2026;;
ПКНФ-000191;28.01.2026;Провод ПУГВнг(А)-LS 1х2,5 ж/з;Электротовары КСС ШУ;3;20;;25.08.2025;28.01.2026;;
ПКНФ-000191;28.01.2026;Держатель маркировки LH 20х25мм;Электротовары КСС ШУ;2;234;;;28.01.2026;;
ПКНФ-000191;28.01.2026;DIN-рейка перфорированная L2000 1мм 35х7,5;Электротовары КСС ШУ;0.5;6;;;28.01.2026;;
ПКНФ-000191;28.01.2026;Клемма силовая вводная КСВ 16-95 cерая;Электротовары КСС ШУ;6;3;;;28.01.2026;;
ПКНФ-000191;28.01.2026;Клемма силовая вводная КСВ 16-95 желто-зеленая;Электротовары КСС ШУ;2;4;;14.02.2025;28.01.2026;;
ПКНФ-000191;28.01.2026;Сальник PG 36 диаметр проводника 22-32 мм IP54;Электротовары КСС ШУ;1;13;;;28.01.2026;;
ПКНФ-000191;28.01.2026;Колодка клеммная JXB-2.5/35 серая;Электротовары КСС ШУ;1;190;;;28.01.2026;;
ПКНФ-000191;28.01.2026;Колодка клеммная JXB-6/35 синяя;Электротовары КСС ШУ;1;0;;;28.01.2026;;
ПКНФ-000191;28.01.2026;Колодка клеммная JXB-2.5/35 синяя;Электротовары КСС ШУ;1;163;;;28.01.2026;;
ПКНФ-000191;28.01.2026;Сальник PG21;Электротовары КСС ШУ;4;502;;;28.01.2026;;
ПКНФ-000191;28.01.2026;Механизм блокировки для КМЭ (40А-95А);Электротовары КСС ШУ;1;102;;;28.01.2026;;
ПКНФ-000191;28.01.2026;Колодка клеммная ЕК-6/40 JXB земля;Электротовары КСС ШУ;1;84;;06.12.2024;28.01.2026;;
ПКНФ-000191;28.01.2026;Выключатель автоматический модульный 1п C 25А 4.5кА ВА 47-63;Электротовары КСС ШУ;1;42;;;28.01.2026;;
ПКНФ-000191;28.01.2026;Наконечник штыревой втулочный изол. НШвИ 6.0-12 (уп.50шт);Электротовары КСС ШУ;28;1224;;25.08.2025;28.01.2026;;
ПКНФ-000191;28.01.2026;Наконечник штыревой втулочный изол. НШвИ(2) 6.0-14 (уп.50шт);Электротовары КСС ШУ;6;794;;;28.01.2026;;
ПКНФ-000191;28.01.2026;Трубка термоус. ТУТ (HF)-4/2, красн. (уп.100м);Электротовары КСС ШУ;0.7;27.7;;;28.01.2026;;
ПКНФ-000191;28.01.2026;Трубка термоус. ТУТ (HF)-4/2, зел. (уп.100м);Электротовары КСС ШУ;0.7;27.5;;;28.01.2026;;
ПКНФ-000191;28.01.2026;Трубка термоус. ТУТ (HF)-4/2, желт. (уп.100м);Электротовары КСС ШУ;0.7;52.2;;;28.01.2026;;
ПКНФ-000191;28.01.2026;Колодка клеммная JXB-6/35 (50а) сер.;Электротовары КСС ШУ;1;278;;;28.01.2026;;
ПКНФ-000191;28.01.2026;Контактор КМЭ 40А 220В NO+NC;Электротовары КСС ШУ;2;13;;;28.01.2026;;
ПКНФ-000191;28.01.2026;Реле контроля наличия и чередования фаз CKF-318-1;Электротовары КСС ШУ;2;28;;;28.01.2026;;
ПКНФ-000191;28.01.2026;Саморез 4.2х13 металл-металл с прессшайбой сверло цинк (уп.200шт);Электротовары КСС ШУ;32;754.91;;16.02.2026;28.01.2026;;
ПКНФ-000191;28.01.2026;Маркер для кабеля 0.5-1.5мм символ ""1"" (уп.200шт) ДКС;Электротовары КСС ШУ;9;8769;;;28.01.2026;;
ПКНФ-000191;28.01.2026;Маркер для кабеля 0.5-1.5мм символ ""2"" (уп.200шт) ДКС;Электротовары КСС ШУ;4;4149;;;28.01.2026;;
ПКНФ-000191;28.01.2026;Маркер для кабеля 0.5-1.5мм символ ""3"" (уп.200шт) ДКС;Электротовары КСС ШУ;4;4463;;;28.01.2026;;
ПКНФ-000191;28.01.2026;Выключатель автоматический модульный 3п C 40А 4.5кА ВА 47-63А;Электротовары КСС ШУ;1;18;;;28.01.2026;;
ПКНФ-000191;28.01.2026;Сальник PG 16 10-14мм IP54;Электротовары КСС ШУ;1;134;;;28.01.2026;;
ПКНФ-000191;28.01.2026;MES 70.50.25, Шкаф компактный распределительный 700х500х250;Корпусы для ШУ;1;1;;;28.01.2026;;
ПКНФ-000191;28.01.2026;Колодка клеммная ЕК-2.5/25 JXB земля;Электротовары КСС ШУ;1;20;;08.06.2024;28.01.2026;;
ПКНФ-000191;28.01.2026;Маркер для кабеля 0.5-1.5мм символ ""4"" (уп.200шт) ДКС;Электротовары КСС ШУ;6;492;;;28.01.2026;;
ПКНФ-000191;28.01.2026;Маркер для кабеля 0.5-1.5мм символ ""5"" (уп.200шт) ДКС;Электротовары КСС ШУ;7;5441;;;28.01.2026;;
ПКНФ-000191;28.01.2026;Маркер для кабеля 0.5-1.5мм символ ""6"" (уп.200шт) ДКС;Электротовары КСС ШУ;2;5381;;;28.01.2026;;
ПКНФ-000191;28.01.2026;Маркер для кабеля 0.5-1.5мм символ ""7"" (уп.200шт) ДКС;Электротовары КСС ШУ;2;1350;;;28.01.2026;;
ПКНФ-000191;28.01.2026;Маркер для кабеля 0.5-1.5мм символ ""8"" (уп.200шт) ДКС;Электротовары КСС ШУ;2;633;;;28.01.2026;;
ПКНФ-000191;28.01.2026;Маркер для кабеля 0.5-1.5мм символ ""9"" (уп.200шт) ДКС;Электротовары КСС ШУ;2;508;;;28.01.2026;;
ПКНФ-000191;28.01.2026;Маркер для JXB с нумерацией 1-10 (уп.100шт);Электротовары КСС ШУ;100;2621;;27.02.2026;28.01.2026;;
ПКНФ-000191;28.01.2026;Провод ПУГВнг(А)-LS 1х0,5 Б;Электротовары КСС ШУ;12;1690;;;28.01.2026;;
ПКНФ-000191;28.01.2026;Провод ПУГВнг(А)-LS 1х0,5 Ч;Электротовары КСС ШУ;13;842;;;28.01.2026;;
ПКНФ-000191;28.01.2026;Провод ПУГВнг(А)-LS 1х2,5 Б;Электротовары КСС ШУ;2;173;;;28.01.2026;;
ПКНФ-000191;28.01.2026;Провод ПУГВнг(А)-LS 1х2,5 С;Электротовары КСС ШУ;2;191;;;28.01.2026;;
ПКНФ-000191;28.01.2026;Провод ПУГВнг(А)-LS 1х6 Б;Электротовары КСС ШУ;8;150;;;28.01.2026;;
ПКНФ-000191;28.01.2026;Провод ПуГВнг(А)-LS 1х6 Ж/З;Электротовары КСС ШУ;1.5;162;;;28.01.2026;;
ПКНФ-000191;28.01.2026;Трубка термоус. ТУТ (HF)-8/4, жел. (уп.50м) КВТ;Электротовары КСС ШУ;0.7;20.8;;;28.01.2026;;
ПКНФ-000191;28.01.2026;Трубка термоус. ТУТ (HF)-8/4, зел. (уп.50м) КВТ;Электротовары КСС ШУ;0.7;20.8;;;28.01.2026;;
ПКНФ-000191;28.01.2026;Трубка термоус. ТУТ (HF)-8/4, красн. (уп.50м) КВТ;Электротовары КСС ШУ;0.7;22;;;28.01.2026;;
ПКНФ-000191;28.01.2026;Наконечник штыревой втулочный изол. НШвИ 2.5-8 (уп.50шт);Электротовары КСС ШУ;16;3867;;25.08.2025;28.01.2026;;
ПКНФ-000191;28.01.2026;Символ ""Молния"" (треугольник) 100х100х100мм;Электротовары КСС ШУ;1;141;;;28.01.2026;;
ПКНФ-000193;28.01.2026;8144.2 Трубопровод;Составные части трубопровода (Пк КСС);1;0;09.03.2026;;28.01.2026;ПКНФ-000277;16.02.2026
ПКНФ-000193;28.01.2026;8144.2 Лестница;Составные части трубопровода (Пк КСС);1;0;09.03.2026;;28.01.2026;ПКНФ-000278;16.02.2026
ПКНФ-000193;28.01.2026;8144.2 Рама ;Составные части трубопровода (Пк КСС);1;0;09.03.2026;;28.01.2026;ПКНФ-000286;17.02.2026
ПКНФ-000193;28.01.2026;Затвор поворотный межфланцевый ABRA BUV-VF826D100H DN100 PN16/10 корпус GG25 / диск GGG40 / седло EP;Арматура (ПК КСС);6;0;13.02.2026;13.02.2026;28.01.2026;;
ПКНФ-000193;28.01.2026;Канальный фильтр MAGICFILTER 250/100;Электротовары КСС ШУ;1;3;;;28.01.2026;;
ПКНФ-000193;28.01.2026;Установка повышения давления КСС-МЧ-2 CDM85-3-СХ-ГА8+УХЛ-1+Доп2;Установки ВНС и ПНС (ПК КСС);1;0;19.02.2026;;28.01.2026;ПКНФ-000215;16.02.2026
ПКНФ-000193;28.01.2026;Установка повышения давления КСС-МЧ-2 CDM15-4-СХ-ГА8+УХЛ-1+Доп2;Установки ВНС и ПНС (ПК КСС);1;0;22.02.2026;;28.01.2026;ПКНФ-000216;13.02.2026
ПКНФ-000193;28.01.2026;Установка подачи воды для пожаротушения КСС-П-2 CDM85-3-АВР-2ЭЗ-РК-УХЛ-1+Доп2;Установки ВНС и ПНС (ПК КСС);1;0;22.02.2026;;28.01.2026;ПКНФ-000217;16.02.2026
ПКНФ-000193;28.01.2026;Гибкая вставка Ду200 Ру10, EPDM, нейлоновый корд, фланцевая ABRA-EJF-10-200;Арматура (ПК КСС);6;6;13.02.2026;13.02.2026;28.01.2026;;
ПКНФ-000193;28.01.2026;Вентилятор канальный ВКК-100М;Датчики уровня, преобразователи, реле (ПК КСС);1;2;;;28.01.2026;;
ПКНФ-000193;28.01.2026;Насос дренажный «Leo» QDX 6-18-0.75А (закрытая крыльчатка) (ПК);Насосы LEO/ОНИС (ПК КСС);1;2;;;28.01.2026;;
ПКНФ-000193;28.01.2026;Затвор поворотный межфланцевый ABRA BUV-VF826D200H DN200 PN16/10 корпус GG25 / диск GGG40 / седло EP;Арматура (ПК КСС);4;3;13.02.2026;13.02.2026;28.01.2026;;
ПКНФ-000193;28.01.2026;Гибкая вставка Ду100 Ру10, EPDM, нейлоновый корд, фланцевая ABRA-EJF-10-100;Арматура (ПК КСС);6;0;13.02.2026;13.02.2026;28.01.2026;;
ПКНФ-000194;28.01.2026;Вентилятор с фильтром 170 куб.м./ч 176x176мм 220В IP54;Электротовары КСС ШУ;1;1;;;28.01.2026;;
ПКНФ-000194;28.01.2026;Решетка вентиляционная с фильтром 176x176мм IP54;Электротовары КСС ШУ;1;5;;;28.01.2026;;
ПКНФ-000194;28.01.2026;MES 100.60.30, Шкаф компактный распределительный 1000х600х300;Корпусы для ШУ;1;1;;;28.01.2026;;
ПКНФ-000194;28.01.2026;Преобразователь частоты LCI-G22/P30-4B (22кВт/30кВт, 45А/60А, 3Ф, 380В±15%, 50Гц/60Гц, IP20, LCI, IN;Электротовары КСС ШУ;2;2;;;28.01.2026;;
ПКНФ-000194;28.01.2026;Выключатель автоматический модульный 3п C 63А 4.5кА ВА 47-29 Basic;Электротовары КСС ШУ;2;2;;;28.01.2026;;
ПКНФ-000194;28.01.2026;Кабель-канал перфорированный 40х60 L2000 RL6 G DKC 01163RL;Электротовары КСС ШУ;1.5;24;;;28.01.2026;;
ПКНФ-000194;28.01.2026;Провод ПУГВнг(А)-LS 1х0,5 С;Электротовары КСС ШУ;11;1051;;;28.01.2026;;
ПКНФ-000194;28.01.2026;Наконечник штыревой втулочный изол. НШвИ(2) 0.5-8 (уп.50шт);Электротовары КСС ШУ;41;4330;;;28.01.2026;;
ПКНФ-000194;28.01.2026;Знак ""Земля"" круглый d20мм EKF an-1-04;Электротовары КСС ШУ;2;60;;;28.01.2026;;
ПКНФ-000194;28.01.2026;Наконечник медный луженый ТМЛ 10-8-5;Электротовары КСС ШУ;20;0;;;28.01.2026;;
ПКНФ-000194;28.01.2026;Трубка термоусадочная ТТУ нг-LS 2/1 красн. 1м IEK UDRS-D2-1-K04;Электротовары КСС ШУ;1;74.25;;;28.01.2026;;
ПКНФ-000194;28.01.2026;Трубка термоусадочная ТТУ нг-LS 2/1 желт. 1м IEK UDRS-D2-1-K05;Электротовары КСС ШУ;1;62.3;;;28.01.2026;;
ПКНФ-000194;28.01.2026;Трубка термоусадочная ТТУ нг-LS 2/1 зел. 1м IEK UDRS-D2-1-K06;Электротовары КСС ШУ;1;164.25;;;28.01.2026;;
ПКНФ-000194;28.01.2026;Ограничитель на DIN-рейку 1 винт HDW-211;Электротовары КСС ШУ;24;0;;;28.01.2026;;
ПКНФ-000194;28.01.2026;Выключатель автоматический модульный 1п C 6А 4.5кА ВА 47-63;Электротовары КСС ШУ;2;71;;;28.01.2026;;
ПКНФ-000194;28.01.2026;DIN-рейка перфорированная L2000 1мм 35х7,5;Электротовары КСС ШУ;0.75;6;;;28.01.2026;;
ПКНФ-000194;28.01.2026;Зажим наборный ЗНИ-16мм2 (JXB100А) серый;Электротовары КСС ШУ;6;120;;;28.01.2026;;
ПКНФ-000194;28.01.2026;ID 100.60, Дверь внутренняя;Корпусы для ШУ;1;1;;;28.01.2026;;
ПКНФ-000194;28.01.2026;Термостат NO (охлаждение) на DIN-рейку 10А 230В IP20;Электротовары КСС ШУ;1;7;;;28.01.2026;;
ПКНФ-000194;28.01.2026;Колодка клеммная JXB-2.5/35 серая;Электротовары КСС ШУ;23;190;;;28.01.2026;;
ПКНФ-000194;28.01.2026;Заглушка для JXB-2,5/35 серая;Электротовары КСС ШУ;5;21;;;28.01.2026;;
ПКНФ-000194;28.01.2026;Сальник PG 29 (d проводника 18-24мм, D резьбовой 36мм) IP54;Электротовары КСС ШУ;3;86;;;28.01.2026;;
ПКНФ-000194;28.01.2026;Сальник PG21;Электротовары КСС ШУ;2;502;;;28.01.2026;;
ПКНФ-000194;28.01.2026;Колодка клеммная ЕК-16/80 JXB земля;Электротовары КСС ШУ;3;120;;06.12.2024;28.01.2026;;
ПКНФ-000194;28.01.2026;Крышка защитная на 8 модулей под вырез в шкафу MT-WPC8;Электротовары КСС ШУ;1;14;;27.02.2026;28.01.2026;;
ПКНФ-000194;28.01.2026;Программируемое реле ПР200-24.4.2.0;Электротовары КСС ШУ;1;9;;27.02.2026;28.01.2026;;
ПКНФ-000194;28.01.2026;Кабель витая пара F/UTP кат.5E 1х2х24AWG solid CU PVC сер (м);Электротовары КСС ШУ;14;684;;;28.01.2026;;
ПКНФ-000194;28.01.2026;Сальник PG 9;Электротовары КСС ШУ;8;367;;;28.01.2026;;
ПКНФ-000194;28.01.2026;Наконечник штыревой втулочный изол. НШвИ 6.0-12 (уп.50шт);Электротовары КСС ШУ;6;1224;;25.08.2025;28.01.2026;;
ПКНФ-000194;28.01.2026;Наконечник штыревой втулочный изол. НШвИ 16.0-12 (уп.50шт);Электротовары КСС ШУ;36;804;;;28.01.2026;;
ПКНФ-000194;28.01.2026;Трубка термоус. ТУТ (HF)-16/8, красн. (уп.50м);Электротовары КСС ШУ;1.2;33.5;;;28.01.2026;;
ПКНФ-000194;28.01.2026;Выключатель нагрузки 3п 32А ВН-63N;Электротовары КСС ШУ;1;21;;;28.01.2026;;
ПКНФ-000194;28.01.2026;Колодка клеммная JXB-16/35 син.;Электротовары КСС ШУ;1;66;;06.12.2024;28.01.2026;;
ПКНФ-000194;28.01.2026;Наконечник штыревой втулочный изол. НШвИ 0.5-8 (уп.50шт);Электротовары КСС ШУ;72;10382;;;28.01.2026;;
ПКНФ-000194;28.01.2026;Саморез 4.2х13 металл-металл с прессшайбой сверло цинк (уп.200шт);Электротовары КСС ШУ;54;754.91;;16.02.2026;28.01.2026;;
ПКНФ-000194;28.01.2026;Саморез 4.2х19 металл-металл с прессшайбой сверло цинк (уп.200шт);Электротовары КСС ШУ;16;776;;;28.01.2026;;
ПКНФ-000194;28.01.2026;Маркер для кабеля 0.5-1.5мм символ ""1"" (уп.200шт) ДКС;Электротовары КСС ШУ;18;8769;;;28.01.2026;;
ПКНФ-000194;28.01.2026;Маркер для кабеля 0.5-1.5мм символ ""2"" (уп.200шт) ДКС;Электротовары КСС ШУ;14;4149;;;28.01.2026;;
ПКНФ-000194;28.01.2026;Маркер для кабеля 0.5-1.5мм символ ""3"" (уп.200шт) ДКС;Электротовары КСС ШУ;6;4463;;;28.01.2026;;
ПКНФ-000194;28.01.2026;Наконечник медный ТМЛ 6-6-4 (опрес.) луженый КВТ;Электротовары КСС ШУ;6;220;;;28.01.2026;;
ПКНФ-000194;28.01.2026;Кабель-канал перфорированный 15х30 L2000 RL75 G ДКС;Электротовары КСС ШУ;0.3;83.2;;;28.01.2026;;
ПКНФ-000194;28.01.2026;Маркер для кабеля 0.5-1.5мм символ ""0"" (уп.200шт) ДКС;Электротовары КСС ШУ;7;6071;;;28.01.2026;;
ПКНФ-000194;28.01.2026;Маркер для кабеля 0.5-1.5мм символ ""4"" (уп.200шт) ДКС;Электротовары КСС ШУ;14;492;;;28.01.2026;;
ПКНФ-000194;28.01.2026;Маркер для кабеля 0.5-1.5мм символ ""5"" (уп.200шт) ДКС;Электротовары КСС ШУ;6;5441;;;28.01.2026;;
ПКНФ-000194;28.01.2026;Маркер для кабеля 0.5-1.5мм символ ""6"" (уп.200шт) ДКС;Электротовары КСС ШУ;6;5381;;;28.01.2026;;
ПКНФ-000194;28.01.2026;Маркер для кабеля 0.5-1.5мм символ ""7"" (уп.200шт) ДКС;Электротовары КСС ШУ;6;1350;;;28.01.2026;;
ПКНФ-000194;28.01.2026;Маркер для кабеля 0.5-1.5мм символ ""8"" (уп.200шт) ДКС;Электротовары КСС ШУ;4;633;;;28.01.2026;;
ПКНФ-000194;28.01.2026;Маркер для кабеля 0.5-1.5мм символ ""9"" (уп.200шт) ДКС;Электротовары КСС ШУ;6;508;;;28.01.2026;;
ПКНФ-000194;28.01.2026;Маркер для JXB с нумерацией 1-10 (уп.100шт);Электротовары КСС ШУ;30;2621;;27.02.2026;28.01.2026;;
ПКНФ-000194;28.01.2026;Провод ПУГВнг(А)-LS 1х0,5 Б;Электротовары КСС ШУ;33;1690;;;28.01.2026;;
ПКНФ-000194;28.01.2026;Провод ПУГВнг(А)-LS 1х0,5 К;Электротовары КСС ШУ;16;1016;;;28.01.2026;;
ПКНФ-000194;28.01.2026;Провод ПУГВнг(А)-LS 1х0,5 Ч;Электротовары КСС ШУ;16;842;;;28.01.2026;;
ПКНФ-000194;28.01.2026;Провод ПУГВнг(А)-LS 1х10 Б;Электротовары КСС ШУ;26;0;;;28.01.2026;;
ПКНФ-000194;28.01.2026;Провод ПуГВнг(А)-LS 1х6 Ж/З;Электротовары КСС ШУ;8;162;;;28.01.2026;;
ПКНФ-000194;28.01.2026;Спираль монтажная СМ-06-04 (10м);Электротовары КСС ШУ;0.1;22.535;;;28.01.2026;;
ПКНФ-000194;28.01.2026;Трубка термоус. ТУТ (HF)-16/8, желт. (уп.50м) (КВТ);Электротовары КСС ШУ;1.2;33.5;;;28.01.2026;;
ПКНФ-000194;28.01.2026;Трубка термоус. ТУТ (HF)-16/8, зел. (уп.50м) КВТ;Электротовары КСС ШУ;1.2;83.5;;;28.01.2026;;
ПКНФ-000194;28.01.2026;HDR-30-24 Блок питания, 24В,1.5А,36Вт;Электротовары КСС ШУ;1;22;;16.02.2026;28.01.2026;;
ПКНФ-000194;28.01.2026;Символ ""Молния"" (треугольник) 100х100х100мм;Электротовары КСС ШУ;1;141;;;28.01.2026;;
ПКНФ-000195;28.01.2026;Выключатель нагрузки 3п 20А ВН-32N;Электротовары КСС ШУ;1;5;;;28.01.2026;;
ПКНФ-000195;28.01.2026;Частотный преобразователь ESQ-230-4T-5.5K 5.5кВт, 380В;Электротовары КСС ШУ;2;2;;;28.01.2026;;
ПКНФ-000195;28.01.2026;Провод ПУГВнг(А)-LS 1х0,5 С;Электротовары КСС ШУ;11;1051;;;28.01.2026;;
ПКНФ-000195;28.01.2026;Наконечник штыревой втулочный изол. НШвИ(2) 0.5-8 (уп.50шт);Электротовары КСС ШУ;41;4330;;;28.01.2026;;
ПКНФ-000195;28.01.2026;Знак ""Земля"" круглый d20мм EKF an-1-04;Электротовары КСС ШУ;2;60;;;28.01.2026;;
ПКНФ-000195;28.01.2026;Наконечник кольцевой изол. НКИ 1.5-6 (уп.50шт);Электротовары КСС ШУ;18;0;;;28.01.2026;;
ПКНФ-000195;28.01.2026;Ограничитель на DIN-рейку 1 винт HDW-211;Электротовары КСС ШУ;24;0;;;28.01.2026;;
ПКНФ-000195;28.01.2026;Выключатель автоматический модульный 1п C 6А 4.5кА ВА 47-63;Электротовары КСС ШУ;2;71;;;28.01.2026;;
ПКНФ-000195;28.01.2026;Кабель-канал перфорированный 25х40 L2000 RL6 G DKC 01163RL;Электротовары КСС ШУ;1.5;7;;;28.01.2026;;
ПКНФ-000195;28.01.2026;DIN-рейка перфорированная L2000 1мм 35х7,5;Электротовары КСС ШУ;0.75;6;;;28.01.2026;;
ПКНФ-000195;28.01.2026;Термостат NO (охлаждение) на DIN-рейку 10А 230В IP20;Электротовары КСС ШУ;1;7;;;28.01.2026;;
ПКНФ-000195;28.01.2026;Колодка клеммная JXB-2.5/35 серая;Электротовары КСС ШУ;23;190;;;28.01.2026;;
ПКНФ-000195;28.01.2026;Заглушка для JXB-2,5/35 серая;Электротовары КСС ШУ;5;21;;;28.01.2026;;
ПКНФ-000195;28.01.2026;Провод ПуГВнг(А)-LS 1х1,5 Б;Электротовары КСС ШУ;26;47;;;28.01.2026;;
ПКНФ-000195;28.01.2026;Сальник PG21;Электротовары КСС ШУ;1;502;;;28.01.2026;;
ПКНФ-000195;28.01.2026;Колодка клеммная ЕК-16/80 JXB земля;Электротовары КСС ШУ;1;120;;06.12.2024;28.01.2026;;
ПКНФ-000195;28.01.2026;Крышка защитная на 8 модулей под вырез в шкафу MT-WPC8;Электротовары КСС ШУ;1;14;;27.02.2026;28.01.2026;;
ПКНФ-000195;28.01.2026;Программируемое реле ПР200-24.4.2.0;Электротовары КСС ШУ;1;9;;27.02.2026;28.01.2026;;
ПКНФ-000195;28.01.2026;Кабель витая пара F/UTP кат.5E 1х2х24AWG solid CU PVC сер (м);Электротовары КСС ШУ;13;684;;;28.01.2026;;
ПКНФ-000195;28.01.2026;Сальник PG 9;Электротовары КСС ШУ;16;367;;;28.01.2026;;
ПКНФ-000195;28.01.2026;Выключатель автоматический модульный 3п C 10А 4.5кА ВА 47-63;Электротовары КСС ШУ;2;28;;;28.01.2026;;
ПКНФ-000195;28.01.2026;Трубка термоус. ТУТ (HF)-4/2, красн. (уп.100м);Электротовары КСС ШУ;1.2;27.7;;;28.01.2026;;
ПКНФ-000195;28.01.2026;Трубка термоус. ТУТ (HF)-4/2, зел. (уп.100м);Электротовары КСС ШУ;1.2;27.5;;;28.01.2026;;
ПКНФ-000195;28.01.2026;Трубка термоус. ТУТ (HF)-4/2, желт. (уп.100м);Электротовары КСС ШУ;1.2;52.2;;;28.01.2026;;
ПКНФ-000195;28.01.2026;Колодка клеммная JXB-16/35 син.;Электротовары КСС ШУ;1;66;;06.12.2024;28.01.2026;;
ПКНФ-000195;28.01.2026;Наконечник штыревой втулочный изол. НШвИ 0.5-8 (уп.50шт);Электротовары КСС ШУ;72;10382;;;28.01.2026;;
ПКНФ-000195;28.01.2026;Наконечник штыревой втулочный изол. НШвИ 1.5-8 (уп.50шт);Электротовары КСС ШУ;58;1840;;;28.01.2026;;
ПКНФ-000195;28.01.2026;Саморез 4.2х13 металл-металл с прессшайбой сверло цинк (уп.200шт);Электротовары КСС ШУ;54;754.91;;16.02.2026;28.01.2026;;
ПКНФ-000195;28.01.2026;Маркер для кабеля 0.5-1.5мм символ ""1"" (уп.200шт) ДКС;Электротовары КСС ШУ;18;8769;;;28.01.2026;;
ПКНФ-000195;28.01.2026;Маркер для кабеля 0.5-1.5мм символ ""2"" (уп.200шт) ДКС;Электротовары КСС ШУ;14;4149;;;28.01.2026;;
ПКНФ-000195;28.01.2026;Маркер для кабеля 0.5-1.5мм символ ""3"" (уп.200шт) ДКС;Электротовары КСС ШУ;6;4463;;;28.01.2026;;
ПКНФ-000195;28.01.2026;Сальник PG 16 10-14мм IP54;Электротовары КСС ШУ;3;134;;;28.01.2026;;
ПКНФ-000195;28.01.2026;Вентилятор с фильтром 52 м3/ч 124х124 мм;Электротовары КСС ШУ;1;14;;12.10.2025;28.01.2026;;
ПКНФ-000195;28.01.2026;Решетка вентиляционная с фильтром 124x124мм IP54;Электротовары КСС ШУ;1;8;;12.10.2025;28.01.2026;;
ПКНФ-000195;28.01.2026;ID 80.60, Дверь внутренняя для шкафов MEV;Корпусы для ШУ;1;2;;;28.01.2026;;
ПКНФ-000195;28.01.2026;MES 80.60.30, Шкаф компактный распределительный 800х600х300;Корпусы для ШУ;1;2;;;28.01.2026;;
ПКНФ-000195;28.01.2026;Кабель-канал перфорированный 15х30 L2000 RL75 G ДКС;Электротовары КСС ШУ;0.3;83.2;;;28.01.2026;;
ПКНФ-000195;28.01.2026;Колодка клеммная ЕК-2.5/25 JXB земля;Электротовары КСС ШУ;2;20;;08.06.2024;28.01.2026;;
ПКНФ-000195;28.01.2026;Маркер для кабеля 0.5-1.5мм символ ""0"" (уп.200шт) ДКС;Электротовары КСС ШУ;7;6071;;;28.01.2026;;
ПКНФ-000195;28.01.2026;Маркер для кабеля 0.5-1.5мм символ ""4"" (уп.200шт) ДКС;Электротовары КСС ШУ;14;492;;;28.01.2026;;
ПКНФ-000195;28.01.2026;Маркер для кабеля 0.5-1.5мм символ ""5"" (уп.200шт) ДКС;Электротовары КСС ШУ;6;5441;;;28.01.2026;;
ПКНФ-000195;28.01.2026;Маркер для кабеля 0.5-1.5мм символ ""6"" (уп.200шт) ДКС;Электротовары КСС ШУ;6;5381;;;28.01.2026;;
ПКНФ-000195;28.01.2026;Маркер для кабеля 0.5-1.5мм символ ""7"" (уп.200шт) ДКС;Электротовары КСС ШУ;6;1350;;;28.01.2026;;
ПКНФ-000195;28.01.2026;Маркер для кабеля 0.5-1.5мм символ ""8"" (уп.200шт) ДКС;Электротовары КСС ШУ;4;633;;;28.01.2026;;
ПКНФ-000195;28.01.2026;Маркер для кабеля 0.5-1.5мм символ ""9"" (уп.200шт) ДКС;Электротовары КСС ШУ;6;508;;;28.01.2026;;
ПКНФ-000195;28.01.2026;Маркер для JXB с нумерацией 1-10 (уп.100шт);Электротовары КСС ШУ;30;2621;;27.02.2026;28.01.2026;;
ПКНФ-000195;28.01.2026;Провод ПУГВнг(А)-LS 1х0,5 Б;Электротовары КСС ШУ;33;1690;;;28.01.2026;;
ПКНФ-000195;28.01.2026;Провод ПУГВнг(А)-LS 1х0,5 К;Электротовары КСС ШУ;16;1016;;;28.01.2026;;
ПКНФ-000195;28.01.2026;Провод ПУГВнг(А)-LS 1х0,5 Ч;Электротовары КСС ШУ;16;842;;;28.01.2026;;
ПКНФ-000195;28.01.2026;Провод ПУГВнг(А)-LS 1х1,5 ж/з;Электротовары КСС ШУ;8;404.6;;;28.01.2026;;
ПКНФ-000195;28.01.2026;Спираль монтажная СМ-06-04 (10м);Электротовары КСС ШУ;0.1;22.535;;;28.01.2026;;
ПКНФ-000195;28.01.2026;HDR-30-24 Блок питания, 24В,1.5А,36Вт;Электротовары КСС ШУ;1;22;;16.02.2026;28.01.2026;;
ПКНФ-000195;28.01.2026;Наконечник НШвИ(2) 1.5-8 (уп.50шт);Электротовары КСС ШУ;52;4571;;;28.01.2026;;
ПКНФ-000195;28.01.2026;Символ ""Молния"" (треугольник) 100х100х100мм;Электротовары КСС ШУ;1;141;;;28.01.2026;;
ПКНФ-000196;28.01.2026;Клемма двухуровневая винтовой зажим 4 точки подключения 2.5кв.мм сер.;Электротовары КСС ШУ;38;346;;;28.01.2026;;
ПКНФ-000196;28.01.2026;Кабель-канал перфорированный 80х60 L2000 RL6 G DKC 01139RL;Электротовары КСС ШУ;1;7;;19.02.2025;28.01.2026;;
ПКНФ-000196;28.01.2026;Устройство плавного пуска INSTART SBIM-22/44-04 22кВт 380В;Электротовары КСС ШУ;2;2;;;28.01.2026;;
ПКНФ-000196;28.01.2026;Кабель-канал перфорированный 40х60 L2000 RL6 G DKC 01163RL;Электротовары КСС ШУ;2.5;24;;;28.01.2026;;
ПКНФ-000196;28.01.2026;Матрица светодиодная AD16-22HS крас. EKF ledm-ad16-r;Электротовары КСС ШУ;2;30;;;28.01.2026;;
ПКНФ-000196;28.01.2026;Матрица светодиодная AD16-22HS 230В AC IP65 зел. PROxima EKF ledm-ad16-g-65;Электротовары КСС ШУ;2;148;;;28.01.2026;;
ПКНФ-000196;28.01.2026;Провод ПУГВнг(А)-LS 1х0,5 С;Электротовары КСС ШУ;38;1051;;;28.01.2026;;
ПКНФ-000196;28.01.2026;Наконечник штыревой втулочный изол. НШвИ(2) 0.5-8 (уп.50шт);Электротовары КСС ШУ;134;4330;;;28.01.2026;;
ПКНФ-000196;28.01.2026;Знак ""Земля"" круглый d20мм EKF an-1-04;Электротовары КСС ШУ;2;60;;;28.01.2026;;
ПКНФ-000196;28.01.2026;Наконечник кольцевой изол. НКИ 1.5-6 (уп.50шт);Электротовары КСС ШУ;12;0;;;28.01.2026;;
ПКНФ-000196;28.01.2026;Выключатель автоматический модульный 3п C 6А 4.5кА ВА 47-63;Электротовары КСС ШУ;2;111;;;28.01.2026;;
ПКНФ-000196;28.01.2026;Трубка термоусадочная ТТУ нг-LS 2/1 красн. 1м IEK UDRS-D2-1-K04;Электротовары КСС ШУ;1;74.25;;;28.01.2026;;
ПКНФ-000196;28.01.2026;Трубка термоусадочная ТТУ нг-LS 2/1 желт. 1м IEK UDRS-D2-1-K05;Электротовары КСС ШУ;1.5;62.3;;;28.01.2026;;
ПКНФ-000196;28.01.2026;Трубка термоусадочная ТТУ нг-LS 2/1 зел. 1м IEK UDRS-D2-1-K06;Электротовары КСС ШУ;1;164.25;;;28.01.2026;;
ПКНФ-000196;28.01.2026;Ограничитель на DIN-рейку 1 винт HDW-211;Электротовары КСС ШУ;30;0;;;28.01.2026;;
ПКНФ-000196;28.01.2026;Выключатель автоматический модульный 1п C 6А 4.5кА ВА 47-63;Электротовары КСС ШУ;3;71;;;28.01.2026;;
ПКНФ-000196;28.01.2026;Кабель-канал перфорированный 25х40 L2000 RL6 G DKC 01163RL;Электротовары КСС ШУ;1.5;7;;;28.01.2026;;
ПКНФ-000196;28.01.2026;Механизм блокировки для КМЭ (09А-32А);Электротовары КСС ШУ;2;63;;;28.01.2026;;
ПКНФ-000196;28.01.2026;Переключатель BG33 3P 2NO с замком (не возврат.);Электротовары КСС ШУ;1;35;;;28.01.2026;;
ПКНФ-000196;28.01.2026;Переключатель BD21 2P короткая ручка NO IP65 PROxima EKF xb2-bd21-65;Электротовары КСС ШУ;2;8;;;28.01.2026;;
ПКНФ-000196;28.01.2026;Оповещатель светозвуковой ED16-22BMS 230В;Электротовары КСС ШУ;1;100;;;28.01.2026;;
ПКНФ-000196;28.01.2026;Панель оператора PRO-Screen 7 EKF RSC-7;Электротовары КСС ШУ;1;12;;;28.01.2026;;
ПКНФ-000196;28.01.2026;Держатель маркировки LH 20х25мм;Электротовары КСС ШУ;16;234;;;28.01.2026;;
ПКНФ-000196;28.01.2026;Контактор КМЭ 9А кат. 220В AC 1НЗ;Электротовары КСС ШУ;4;28;;;28.01.2026;;
ПКНФ-000196;28.01.2026;Кнопка BA21 черн. NO;Электротовары КСС ШУ;2;80;;;28.01.2026;;
ПКНФ-000196;28.01.2026;Резистор углеродистый CF-50 (C1-4) 0.5 Вт, 4,7 кОм, 5%;Электротовары КСС ШУ;36;1472;;;28.01.2026;;
ПКНФ-000196;28.01.2026;Модуль расширения дискретного ввода/вывода ПРМ-24.2;Электротовары КСС ШУ;1;13;;27.02.2026;28.01.2026;;
ПКНФ-000196;28.01.2026;Саморез 4.2х25 металл-металл с прессшайбой сверло цинк (уп.200шт);Электротовары КСС ШУ;10;442;;;28.01.2026;;
ПКНФ-000196;28.01.2026;Переключатель BG33 3P 2NO короткая ручка;Электротовары КСС ШУ;2;0;;;28.01.2026;;
ПКНФ-000196;28.01.2026;DIN-рейка перфорированная L2000 1мм 35х7,5;Электротовары КСС ШУ;2;6;;;28.01.2026;;
ПКНФ-000196;28.01.2026;Шайба гроверная оц.М6 DIN 127;Оцинкованные метизы (ПК КСС);0.002;0;;;28.01.2026;;
ПКНФ-000196;28.01.2026;Кнопка ""Грибок"" BS542 NC поворотн. красн.;Электротовары КСС ШУ;1;70;;;28.01.2026;;
ПКНФ-000196;28.01.2026;Выключатель автоматический для защиты двигателя 40-63А NS2-80B (R) CHINT 495088;Электротовары КСС ШУ;2;3;;;28.01.2026;;
ПКНФ-000196;28.01.2026;Контакт дополнительный NS2-AU11 для NS2-80B (длинный шток) (R) CHINT 495972;Электротовары КСС ШУ;2;26;;27.02.2026;28.01.2026;;
ПКНФ-000196;28.01.2026;Выключатель автоматический для защиты двигателя 1.6-2.5А NS2-25 (R) CHINT;Электротовары КСС ШУ;2;0;;;28.01.2026;;
ПКНФ-000196;28.01.2026;Сальник PG 36 диаметр проводника 22-32 мм IP54;Электротовары КСС ШУ;2;13;;;28.01.2026;;
ПКНФ-000196;28.01.2026;Термостат NO (охлаждение) на DIN-рейку 10А 230В IP20;Электротовары КСС ШУ;1;7;;;28.01.2026;;
ПКНФ-000196;28.01.2026;Колодка клеммная JXB-2.5/35 серая;Электротовары КСС ШУ;13;190;;;28.01.2026;;
ПКНФ-000196;28.01.2026;Заглушка для JXB-2,5/35 серая;Электротовары КСС ШУ;3;21;;;28.01.2026;;
ПКНФ-000196;28.01.2026;Провод ПуГВнг(А)-LS 1х1,5 Б;Электротовары КСС ШУ;16;47;;;28.01.2026;;
ПКНФ-000196;28.01.2026;Колодка клеммная JXB-35/35 синяя;Электротовары КСС ШУ;2;74;;;28.01.2026;;
ПКНФ-000196;28.01.2026;Сальник PG 29 (d проводника 18-24мм, D резьбовой 36мм) IP54;Электротовары КСС ШУ;2;86;;;28.01.2026;;
ПКНФ-000196;28.01.2026;Колодка клеммная JXB-2.5/35 синяя;Электротовары КСС ШУ;2;163;;;28.01.2026;;
ПКНФ-000196;28.01.2026;Приставка контактная ПКЭ-11 доп. контакы 1з+1р;Электротовары КСС ШУ;4;63;;;28.01.2026;;
ПКНФ-000196;28.01.2026;Колодка клеммная JXB-16/35 серая;Электротовары КСС ШУ;6;0;;;28.01.2026;;
ПКНФ-000196;28.01.2026;Кабель витая пара F/UTP кат.5E 1х2х24AWG solid CU PVC сер (м);Электротовары КСС ШУ;14;684;;;28.01.2026;;
ПКНФ-000196;28.01.2026;MES 120.80.30, RAL3020 Шкаф компактный распределительный 1200х800х300;Корпусы для ШУ;1;4;;;28.01.2026;;
ПКНФ-000196;28.01.2026;Изолятор торцевой для клемм KRUKB-3-5 DKC D-KRUKB-3-5;Электротовары КСС ШУ;6;172;;27.02.2026;28.01.2026;;
ПКНФ-000196;28.01.2026;Сальник PG 9;Электротовары КСС ШУ;38;367;;;28.01.2026;;
ПКНФ-000196;28.01.2026;Выключатель автоматический модульный 1п C 25А 4.5кА ВА 47-63;Электротовары КСС ШУ;1;42;;;28.01.2026;;
ПКНФ-000196;28.01.2026;Наконечник штыревой втулочный изол. НШвИ 6.0-12 (уп.50шт);Электротовары КСС ШУ;12;1224;;25.08.2025;28.01.2026;;
ПКНФ-000196;28.01.2026;Наконечник штыревой втулочный изол. НШвИ 10.0-12 (уп.50шт);Электротовары КСС ШУ;42;564;;;28.01.2026;;
ПКНФ-000196;28.01.2026;Наконечник штыревой втулочный изол. НШвИ(2) 16.0-14 (уп.50шт);Электротовары КСС ШУ;6;276;;;28.01.2026;;
ПКНФ-000196;28.01.2026;Хомут 2,5х150 нейл. (уп.100 шт);Электротовары КСС ШУ;100;0;;;28.01.2026;;
ПКНФ-000196;28.01.2026;Трубка термоус. ТУТ (HF)-4/2, красн. (уп.100м);Электротовары КСС ШУ;1.5;27.7;;;28.01.2026;;
ПКНФ-000196;28.01.2026;Трубка термоус. ТУТ (HF)-4/2, зел. (уп.100м);Электротовары КСС ШУ;1.5;27.5;;;28.01.2026;;
ПКНФ-000196;28.01.2026;Трубка термоус. ТУТ (HF)-4/2, желт. (уп.100м);Электротовары КСС ШУ;1.5;52.2;;;28.01.2026;;
ПКНФ-000196;28.01.2026;Трубка термоус. ТУТ (HF)-16/8, красн. (уп.50м);Электротовары КСС ШУ;1;33.5;;;28.01.2026;;
ПКНФ-000196;28.01.2026;Выключатель нагрузки 3п 63А ВН-63N;Электротовары КСС ШУ;2;18;;;28.01.2026;;
ПКНФ-000196;28.01.2026;Колодка клеммная ЕК-35/125 JXB земля;Электротовары КСС ШУ;2;32;;19.02.2025;28.01.2026;;
ПКНФ-000196;28.01.2026;Контактор КМЭ 65А 220В NO+NC;Электротовары КСС ШУ;2;4;;;28.01.2026;;
ПКНФ-000196;28.01.2026;Наконечник кабельный ТМЛ(DIN) 16-8;Электротовары КСС ШУ;24;0;;;28.01.2026;;
ПКНФ-000196;28.01.2026;Реле контроля наличия и чередования фаз CKF-318-1;Электротовары КСС ШУ;2;28;;;28.01.2026;;
ПКНФ-000196;28.01.2026;Наконечник штыревой втулочный изол. НШвИ 0.5-8 (уп.50шт);Электротовары КСС ШУ;268;10382;;;28.01.2026;;
ПКНФ-000196;28.01.2026;Наконечник штыревой втулочный изол. НШвИ 1.5-8 (уп.50шт);Электротовары КСС ШУ;32;1840;;;28.01.2026;;
ПКНФ-000196;28.01.2026;Саморез 4.2х13 металл-металл с прессшайбой сверло цинк (уп.200шт);Электротовары КСС ШУ;42;754.91;;16.02.2026;28.01.2026;;
ПКНФ-000196;28.01.2026;Маркер для кабеля 0.5-1.5мм символ ""1"" (уп.200шт) ДКС;Электротовары КСС ШУ;52;8769;;;28.01.2026;;
ПКНФ-000196;28.01.2026;Маркер для кабеля 0.5-1.5мм символ ""2"" (уп.200шт) ДКС;Электротовары КСС ШУ;68;4149;;;28.01.2026;;
ПКНФ-000196;28.01.2026;Маркер для кабеля 0.5-1.5мм символ ""3"" (уп.200шт) ДКС;Электротовары КСС ШУ;69;4463;;;28.01.2026;;
ПКНФ-000196;28.01.2026;Маркер для JXB с нумерацией 1-50 (уп.100шт);Электротовары КСС ШУ;200;7397;;27.02.2026;28.01.2026;;
ПКНФ-000196;28.01.2026;Сальник PG 16 10-14мм IP54;Электротовары КСС ШУ;3;134;;;28.01.2026;;
ПКНФ-000196;28.01.2026;Вентилятор с фильтром 52 м3/ч 124х124 мм;Электротовары КСС ШУ;1;14;;12.10.2025;28.01.2026;;
ПКНФ-000196;28.01.2026;Решетка вентиляционная с фильтром 124x124мм IP54;Электротовары КСС ШУ;1;8;;12.10.2025;28.01.2026;;
ПКНФ-000196;28.01.2026;HDR-60-24 MW (AC/DC ПРЕОБРАЗОВАТЕЛИ) 24B,2.5A,60Вт;Электротовары КСС ШУ;1;22;;;28.01.2026;;
ПКНФ-000196;28.01.2026;Болт оцинк. М6х20 DIN 933;Оцинкованные метизы (ПК КСС);0.002;0;;;28.01.2026;;
ПКНФ-000196;28.01.2026;Гайка оцинк. DIN 934 М6;Оцинкованные метизы (ПК КСС);0.002;0.004;;04.03.2025;28.01.2026;;
ПКНФ-000196;28.01.2026;ID 120.80, Дверь внутренняя;Корпусы для ШУ;1;2;;;28.01.2026;;
ПКНФ-000196;28.01.2026;Колодка клеммная ЕК-2.5/25 JXB земля;Электротовары КСС ШУ;3;20;;08.06.2024;28.01.2026;;
ПКНФ-000196;28.01.2026;Лампа AD-22DS(LED) матрица d22мм желтый 230В;Электротовары КСС ШУ;2;124;;;28.01.2026;;
ПКНФ-000196;28.01.2026;Маркер для кабеля 0.5-1.5мм символ ""0"" (уп.200шт) ДКС;Электротовары КСС ШУ;79;6071;;;28.01.2026;;
ПКНФ-000196;28.01.2026;Маркер для кабеля 0.5-1.5мм символ ""4"" (уп.200шт) ДКС;Электротовары КСС ШУ;58;492;;;28.01.2026;;
ПКНФ-000196;28.01.2026;Маркер для кабеля 0.5-1.5мм символ ""5"" (уп.200шт) ДКС;Электротовары КСС ШУ;54;5441;;;28.01.2026;;
ПКНФ-000196;28.01.2026;Маркер для кабеля 0.5-1.5мм символ ""6"" (уп.200шт) ДКС;Электротовары КСС ШУ;47;5381;;;28.01.2026;;
ПКНФ-000196;28.01.2026;Маркер для кабеля 0.5-1.5мм символ ""7"" (уп.200шт) ДКС;Электротовары КСС ШУ;56;1350;;;28.01.2026;;
ПКНФ-000196;28.01.2026;Маркер для кабеля 0.5-1.5мм символ ""8"" (уп.200шт) ДКС;Электротовары КСС ШУ;67;633;;;28.01.2026;;
ПКНФ-000196;28.01.2026;Маркер для кабеля 0.5-1.5мм символ ""9"" (уп.200шт) ДКС;Электротовары КСС ШУ;68;508;;;28.01.2026;;
ПКНФ-000196;28.01.2026;Маркер для JXB с нумерацией 1-10 (уп.100шт);Электротовары КСС ШУ;200;2621;;27.02.2026;28.01.2026;;
ПКНФ-000196;28.01.2026;Модуль расширения дискретного ввода/вывода ПРМ-24.1;Электротовары КСС ШУ;1;15;;;28.01.2026;;
ПКНФ-000196;28.01.2026;Наконечник штыревой втулочный изол. НШвИ(2) 2.5-10 (уп.50шт);Электротовары КСС ШУ;12;2475;;;28.01.2026;;
ПКНФ-000196;28.01.2026;Провод ПУГВнг(А)-LS 1х0,5 Б;Электротовары КСС ШУ;215;1690;;;28.01.2026;;
ПКНФ-000196;28.01.2026;Провод ПУГВнг(А)-LS 1х0,5 К;Электротовары КСС ШУ;30;1016;;;28.01.2026;;
ПКНФ-000196;28.01.2026;Провод ПУГВнг(А)-LS 1х0,5 Ч;Электротовары КСС ШУ;34;842;;;28.01.2026;;
ПКНФ-000196;28.01.2026;Провод ПУГВнг(А)-LS 1х1,5 ж/з;Электротовары КСС ШУ;1.5;404.6;;;28.01.2026;;
ПКНФ-000196;28.01.2026;Провод ПУГВнг(А)-LS 1х10 Б;Электротовары КСС ШУ;20;0;;;28.01.2026;;
ПКНФ-000196;28.01.2026;Провод ПуГВнг(А)-LS 1х16 Б;Электротовары КСС ШУ;12;0;;;28.01.2026;;
ПКНФ-000196;28.01.2026;Провод ПУГВнг(А)-LS 1х2,5 Б;Электротовары КСС ШУ;3.5;173;;;28.01.2026;;
ПКНФ-000196;28.01.2026;Провод ПУГВнг(А)-LS 1х2,5 С;Электротовары КСС ШУ;7;191;;;28.01.2026;;
ПКНФ-000196;28.01.2026;Программируемое реле ПР102-24.2416.03.2;Электротовары КСС ШУ;1;6;;27.02.2026;28.01.2026;;
ПКНФ-000196;28.01.2026;Реле RFT2CO730LT, 2CO, 8A(250VAC/30VDC), 230VAC, LED, мех. инд., тест-кнопка;Электротовары КСС ШУ;11;164;;;28.01.2026;;
ПКНФ-000196;28.01.2026;Спираль монтажная СМ-06-04 (10м);Электротовары КСС ШУ;0.2;22.535;;;28.01.2026;;
ПКНФ-000196;28.01.2026;Термоусаживаемая трубка ТУТнг 25/12,5 желтая (50 м/ролл) TDM;Электротовары КСС ШУ;0.5;36;;;28.01.2026;;
ПКНФ-000196;28.01.2026;Термоусаживаемая трубка ТУТнг 25/12,5 зеленая (50 м/ролл) TDM;Электротовары КСС ШУ;0.5;36;;;28.01.2026;;
ПКНФ-000196;28.01.2026;Термоусаживаемая трубка ТУТнг 25/12,5 красная (50 м/ролл) TDM;Электротовары КСС ШУ;0.5;36;;;28.01.2026;;
ПКНФ-000196;28.01.2026;Трубка термоус. ТУТ (HF)-16/8, желт. (уп.50м) (КВТ);Электротовары КСС ШУ;1;33.5;;;28.01.2026;;
ПКНФ-000196;28.01.2026;Цоколь SRU08-E, 10A(300V), черный, на рейку DIN35/панель, для RFT2CO;Электротовары КСС ШУ;11;96;;;28.01.2026;;
ПКНФ-000196;28.01.2026;Шина нулевая ""N"" на DIN-рейку в корпусе 4х11 групп;Электротовары КСС ШУ;1;0;;;28.01.2026;;
ПКНФ-000196;28.01.2026;Наконечник штыревой втулочный изол. НШвИ 2.5-8 (уп.50шт);Электротовары КСС ШУ;10;3867;;25.08.2025;28.01.2026;;
ПКНФ-000196;28.01.2026;Шайба плоская оц. М6 DIN 125;Оцинкованные метизы (ПК КСС);0.002;0.153;;25.08.2025;28.01.2026;;
ПКНФ-000196;28.01.2026;Наконечник НШвИ(2) 1.5-8 (уп.50шт);Электротовары КСС ШУ;34;4571;;;28.01.2026;;
ПКНФ-000196;28.01.2026;Символ ""Молния"" (треугольник) 100х100х100мм;Электротовары КСС ШУ;1;141;;;28.01.2026;;
ПКНФ-000198;29.01.2026;Пресс-фланец DN 150 PN 10/16 ст. C20/22 (172 мм);Черные фланцы и фиттинги (ПК КСС);12;31;;;29.01.2026;;
ПКНФ-000198;29.01.2026;Пресс-фланец ст.20 Ду100 Ру 16 ПФСР 100х16 (119 мм);Черные фланцы и фиттинги (ПК КСС);18;71;;;29.01.2026;;
ПКНФ-000198;29.01.2026;Труба СВ  21,3х2,0мм 08Х18Н10 (AISI 304);Нержавеющие трубы, листы, круги, сетки(ПК КСС);0.3;73.9;;;29.01.2026;;
ПКНФ-000198;29.01.2026;Труба СВ 168,3х2,0мм 08Х18Н10 (AISI 304);Нержавеющие трубы, листы, круги, сетки(ПК КСС);3;11.6;17.02.2026;17.02.2026;29.01.2026;;
ПКНФ-000198;29.01.2026;Ниппель приварной DN15  1/2"" (AISI304, 08Х18H10);Нержавеющие фланцы и фиттинги (ПК КСС);4;4;19.02.2026;17.02.2026;29.01.2026;;
ПКНФ-000198;29.01.2026;Отбортовка 114,3х2,0 AISI304;Нержавеющие фланцы и фиттинги (ПК КСС);18;24;19.02.2026;19.02.2026;29.01.2026;;
ПКНФ-000198;29.01.2026;Отбортовка 168,3х2,0 AISI304;Нержавеющие фланцы и фиттинги (ПК КСС);12;26;17.02.2026;17.02.2026;29.01.2026;;
ПКНФ-000198;29.01.2026;Труба СВ 114,3х2,0мм 08Х18Н10 (AISI 304);Нержавеющие трубы, листы, круги, сетки(ПК КСС);2;2.4;;22.10.2024;29.01.2026;;
ПКНФ-000199;29.01.2026;Полоса 40*4 ГОСТ 103-76;Черные трубы, листы, круги (ПК КСС);2;26;19.08.2024;17.02.2026;29.01.2026;;
ПКНФ-000199;29.01.2026;Труба 40х40х2 ГОСТ 8639-82;Черные трубы, листы, круги (ПК КСС);3.5;26;;;29.01.2026;;
ПКНФ-000199;29.01.2026;Уголок 40х40х4 ГОСТ 8509-93;Черные трубы, листы, круги (ПК КСС);2;69.8;;;29.01.2026;;
ПКНФ-000199;29.01.2026;Швеллер 12П ГОСТ 8240-97;Черные трубы, листы, круги (ПК КСС);7.5;67;;;29.01.2026;;
ПКНФ-000105;30.01.2026;Труба СВ  60,3х4,0мм 08Х18Н10 (AISI 304);Нержавеющие трубы, листы, круги, сетки(ПК КСС);30;37.2;;;30.01.2026;;
ПКНФ-000105;30.01.2026;Лист 5,0*1500*6000 ст3 (м2);Черные трубы, листы, круги (ПК КСС);0.03;0.83;;;30.01.2026;;
ПКНФ-000105;30.01.2026;Арматура А-1 6 мм;Черные трубы, листы, круги (ПК КСС);1;14.4;;;30.01.2026;;
ПКНФ-000105;30.01.2026;Труба 40х40х2 ГОСТ 8639-82;Черные трубы, листы, круги (ПК КСС);3;40.5;;;30.01.2026;;
ПКНФ-000105;30.01.2026;Швеллер 12П ГОСТ 8240-97;Черные трубы, листы, круги (ПК КСС);17;43;;;30.01.2026;;
ПКНФ-000105;30.01.2026;Арматура ф 16 А-1 ГОСТ 5781-82 (м);Черные трубы, листы, круги (ПК КСС);4;100.3;;24.01.2024;30.01.2026;;
ПКНФ-000214;02.02.2026;Клапан Ridval тип RVC 20 DN100 PN16, красный;Арматура (ПК КСС);2;7;;;02.02.2026;;
ПКНФ-000214;02.02.2026;Болт оцинк. М16х140 DIN933;Оцинкованные метизы (ПК КСС);0.032;0.106;;;02.02.2026;;
ПКНФ-000214;02.02.2026;Болт оцинк. М12х80 DIN933;Оцинкованные метизы (ПК КСС);0.008;0.127;;;02.02.2026;;
ПКНФ-000214;02.02.2026;Насос CDM85-2FSWPC, 15кВт, станд. фланец, 3х380В, 50Гц, чугун, 70 С;Насосы CNP (ПК КСС);2;2;;;02.02.2026;;
ПКНФ-000214;02.02.2026;Шайба плоская оц. М12  DIN 125;Оцинкованные метизы (ПК КСС);0.016;1.145;;03.06.2024;02.02.2026;;
ПКНФ-000214;02.02.2026;Болт оцинк. М16х120 DIN933;Оцинкованные метизы (ПК КСС);0.032;0.188;;27.06.2024;02.02.2026;;
ПКНФ-000214;02.02.2026;Затвор Ridval тип RVB 01 DN100 PN16 рукоятка,с УКП о/з.IP64 (красный);Арматура (ПК КСС);4;13;;;02.02.2026;;
ПКНФ-000214;02.02.2026;Болт оцинк. М16х80  DIN933;Оцинкованные метизы (ПК КСС);0.016;0.148;;;02.02.2026;;
ПКНФ-000214;02.02.2026;Рым-болт DIN 580 М 16;Оцинкованные метизы (ПК КСС);4;88;;;02.02.2026;;
ПКНФ-000214;02.02.2026;8144.1.2У Трубопровод;Составные части трубопровода (Пк КСС);1;0;17.02.2026;;02.02.2026;ПКНФ-000247;16.02.2026
ПКНФ-000214;02.02.2026;8144.1.2У Рама, стойка;Составные части трубопровода (Пк КСС);1;0;09.03.2026;;02.02.2026;ПКНФ-000248;05.02.2026
ПКНФ-000214;02.02.2026;Ниппель прямой никелированный 1/2"" НР. LD Pride LD.67.501.15;Арматура (ПК КСС);3;32;;;02.02.2026;;
ПКНФ-000214;02.02.2026;Манометр с поверкой тип ТМ-310Т, 0...0,6МПа, 63 мм, G1/4""(сзади), кл.1,5, корпус-сталь, Росма 000000;Расходомеры, манометры (ПК КСС);1;19;;;02.02.2026;;
ПКНФ-000214;02.02.2026;Манометр с поверкой тип ТМ-310Т.00, 0..1,6 МПа, 63 мм, G1/4""(сзади), кл.1,5, корпус-сталь, Росма 000;Расходомеры, манометры (ПК КСС);1;6;;18.02.2026;02.02.2026;;
ПКНФ-000214;02.02.2026;Муфта никелированная 1/2"" ВР, LD Pride LD.67.502.15;Арматура (ПК КСС);3;22;;;02.02.2026;;
ПКНФ-000214;02.02.2026;Преобразователь давления EKF PRT-100-1.6-1.0-G2;Датчики уровня, преобразователи, реле (ПК КСС);2;25;;;02.02.2026;;
ПКНФ-000214;02.02.2026;Кран шаровой латунный 3/4"" ВР, ручка-бабочка, LD Pride 47.20.В-В.Б;Арматура (ПК КСС);3;9;;;02.02.2026;;
ПКНФ-000214;02.02.2026;Шайба оцинк гровер М12 DIN 127;Оцинкованные метизы (ПК КСС);0.008;0.744;;03.06.2024;02.02.2026;;
ПКНФ-000214;02.02.2026;Шайба гроверная оц. Ф16 DIN 127;Оцинкованные метизы (ПК КСС);0.084;1.269;;27.06.2024;02.02.2026;;
ПКНФ-000214;02.02.2026;CLS.H01-1-G12 — Кондуктометрический датчик уровня (наружная резьба G1/2"", резьба стержня М4, материа;Датчики уровня, преобразователи, реле (ПК КСС);1;7;;;02.02.2026;;
ПКНФ-000214;02.02.2026;Затвор Ridval тип RVB 01 DN150 PN16 рукоятка,с УКП о/з.IP64 (красный);Арматура (ПК КСС);1;1;;24.02.2026;02.02.2026;;
ПКНФ-000214;02.02.2026;Затвор Ridval тип RVB 01 DN200 PN16 рукоятка,с УКП о/з.IP64 (красный);Арматура (ПК КСС);1;2;;;02.02.2026;;
ПКНФ-000214;02.02.2026;Гайка шестигр. оц М12 DIN934;Оцинкованные метизы (ПК КСС);0.008;0.983;;03.06.2024;02.02.2026;;
ПКНФ-000214;02.02.2026;Гайка шестигр. оц М16  (тыс шт);Оцинкованные метизы (ПК КСС);0.084;1.384;;27.06.2024;02.02.2026;;
ПКНФ-000214;02.02.2026;Прокладка (паронит) 100;Полиэтелен, корсис, прагма, НПВХ (ПК КСС);6;134;;;02.02.2026;;
ПКНФ-000214;02.02.2026;Футорка ник. латун. 1/2х 1/4;Арматура (ПК КСС);2;44;;;02.02.2026;;
ПКНФ-000214;02.02.2026;Шайба плоская оц.М16  DIN 125;Оцинкованные метизы (ПК КСС);0.168;2.365;;27.06.2024;02.02.2026;;
ПКНФ-000219;02.02.2026;Лист 3,0*1250*2500 шт ст3 ;Черные трубы, листы, круги (ПК КСС);0.4;1;;;02.02.2026;;
ПКНФ-000219;02.02.2026;Швеллер 14П ГОСТ 8240-97;Черные трубы, листы, круги (ПК КСС);13.5;23.5;;;02.02.2026;;
ПКНФ-000219;02.02.2026;Уголок 50х50х5 ГОСТ 8509-93 (м);Черные трубы, листы, круги (ПК КСС);1.3;31.5;;;02.02.2026;;
ПКНФ-000219;02.02.2026;Труба 50х50х3 ГОСТ 8639-82, м.д;Черные трубы, листы, круги (ПК КСС);4;10;14.02.2026;14.02.2026;02.02.2026;;
ПКНФ-000224;02.02.2026;Фланец 114,3  (AISI304, 08*18H10, PN10) свободный;Нержавеющие фланцы и фиттинги (ПК КСС);2;19;;;02.02.2026;;
ПКНФ-000224;02.02.2026;Заглушка фланцевая 1-080-10/16 (88,9)  AISI 304;Нержавеющие фланцы и фиттинги (ПК КСС);2;0;;;02.02.2026;;
ПКНФ-000224;02.02.2026;Труба СВ  88,9х2,0мм 08Х18Н10 (AISI 304);Нержавеющие трубы, листы, круги, сетки(ПК КСС);0.5;27.7;05.08.2025;05.08.2025;02.02.2026;;
ПКНФ-000224;02.02.2026;Отвод 88,9х2,0 мм AISI 304;Нержавеющие фланцы и фиттинги (ПК КСС);2;2;;;02.02.2026;;
ПКНФ-000224;02.02.2026;Переход 114,3/88,9х2,0 (DN 100/80) AISI 304/08Х18Н10;Нержавеющие фланцы и фиттинги (ПК КСС);2;5;;;02.02.2026;;
ПКНФ-000224;02.02.2026;Фланец 88,9 (AISI304, 08*18H10, PN10/16) свободный;Нержавеющие фланцы и фиттинги (ПК КСС);2;11;;;02.02.2026;;
ПКНФ-000224;02.02.2026;Отбортовка 114,3х2,0 AISI304;Нержавеющие фланцы и фиттинги (ПК КСС);2;14;19.02.2026;19.02.2026;02.02.2026;;
ПКНФ-000224;02.02.2026;Отбортовка 88,9х2,0 AISI304;Нержавеющие фланцы и фиттинги (ПК КСС);2;78;;;02.02.2026;;
ПКНФ-000224;02.02.2026;Труба СВ 114,3х2,0мм 08Х18Н10 (AISI 304);Нержавеющие трубы, листы, круги, сетки(ПК КСС);0.5;1.4;;22.10.2024;02.02.2026;;
ПКНФ-000230;02.02.2026;Заглушка для трубы 20х40 мм пластик;Полиэтелен, корсис, прагма, НПВХ (ПК КСС);2;487;;;02.02.2026;;
ПКНФ-000230;02.02.2026;6176.5.1 - Лестница ;Составные части трубопровода (Пк КСС);1;1;;;02.02.2026;ПКНФ-000231;02.02.2026
ПКНФ-000230;02.02.2026;6176.5.1- Трубопровод;Составные части трубопровода (Пк КСС);1;1;;;02.02.2026;ПКНФ-000232;02.02.2026
ПКНФ-000230;02.02.2026;Болт М10*60 DIN 933 полная резьба  (А2, 10,0, 60,0, DIN 933);Нержавеющие метизы (ПК КСС);2;697;;;02.02.2026;;
ПКНФ-000230;02.02.2026;Гайка М10 DIN 934  (А2, 10,0, DIN 934);Нержавеющие метизы (ПК КСС);2;1125;;19.06.2024;02.02.2026;;
ПКНФ-000230;02.02.2026;Грибок канализационный;Полиэтелен, корсис, прагма, НПВХ (ПК КСС);1;5;;17.02.2026;02.02.2026;;
ПКНФ-000230;02.02.2026;Манжета резиновая переходная D 110/124 Уп., черн;Полиэтелен, корсис, прагма, НПВХ (ПК КСС);1;9;;;02.02.2026;;
ПКНФ-000230;02.02.2026;Отвод 90 гр. НПВХ DN110;Полиэтелен, корсис, прагма, НПВХ (ПК КСС);1;5;;;02.02.2026;;
ПКНФ-000230;02.02.2026;Труба 110/3,2/0560 наружная канализация;Полиэтелен, корсис, прагма, НПВХ (ПК КСС);2;74;;;02.02.2026;;
ПКНФ-000230;02.02.2026;Шайба М10 DIN 125  (А2, DIN 125);Нержавеющие метизы (ПК КСС);4;856;;;02.02.2026;;
ПКНФ-000230;02.02.2026;Шайба  гровер М10 DIN 127 (А2, DIN 127);Нержавеющие метизы (ПК КСС);2;1032;;;02.02.2026;;
ПКНФ-000233;02.02.2026;Заглушка для трубы 20х40 мм пластик;Полиэтелен, корсис, прагма, НПВХ (ПК КСС);2;487;;;02.02.2026;;
ПКНФ-000233;02.02.2026;6176.5.2 - Лестница;Составные части трубопровода (Пк КСС);1;1;;;02.02.2026;ПКНФ-000234;02.02.2026
ПКНФ-000233;02.02.2026;6176.5.2 - Трубопровод;Составные части трубопровода (Пк КСС);1;1;;;02.02.2026;ПКНФ-000235;02.02.2026
ПКНФ-000233;02.02.2026;Болт М10*60 DIN 933 полная резьба  (А2, 10,0, 60,0, DIN 933);Нержавеющие метизы (ПК КСС);2;697;;;02.02.2026;;
ПКНФ-000233;02.02.2026;Гайка М10 DIN 934  (А2, 10,0, DIN 934);Нержавеющие метизы (ПК КСС);2;1125;;19.06.2024;02.02.2026;;
ПКНФ-000233;02.02.2026;Грибок канализационный;Полиэтелен, корсис, прагма, НПВХ (ПК КСС);1;5;;17.02.2026;02.02.2026;;
ПКНФ-000233;02.02.2026;Манжета резиновая переходная D 110/124 Уп., черн;Полиэтелен, корсис, прагма, НПВХ (ПК КСС);1;9;;;02.02.2026;;
ПКНФ-000233;02.02.2026;Отвод 90 гр. НПВХ DN110;Полиэтелен, корсис, прагма, НПВХ (ПК КСС);1;5;;;02.02.2026;;
ПКНФ-000233;02.02.2026;Труба 110/3,2/0560 наружная канализация;Полиэтелен, корсис, прагма, НПВХ (ПК КСС);2;74;;;02.02.2026;;
ПКНФ-000233;02.02.2026;Шайба М10 DIN 125  (А2, DIN 125);Нержавеющие метизы (ПК КСС);4;856;;;02.02.2026;;
ПКНФ-000233;02.02.2026;Шайба  гровер М10 DIN 127 (А2, DIN 127);Нержавеющие метизы (ПК КСС);2;1032;;;02.02.2026;;
ПКНФ-000236;03.02.2026;Клемма двухуровневая винтовой зажим 4 точки подключения 2.5кв.мм сер.;Электротовары КСС ШУ;36;306;;;03.02.2026;;
ПКНФ-000236;03.02.2026;Хомут 3,0х150 нейлон черный (100 шт);Электротовары КСС ШУ;30;0;;;03.02.2026;;
ПКНФ-000236;03.02.2026;Стяжка нейлоновая КСС 4х200 (б) (100шт);Электротовары КСС ШУ;15;0;;;03.02.2026;;
ПКНФ-000236;03.02.2026;Модуль расширения дискретного ввода/вывода ПРМ-24.6;Электротовары КСС ШУ;1;5;;27.02.2026;03.02.2026;;
ПКНФ-000236;03.02.2026;Кабель-канал перфорированный 40х60 L2000 RL6 G DKC 01163RL;Электротовары КСС ШУ;2.5;20;;;03.02.2026;;
ПКНФ-000236;03.02.2026;MES 100.80.30 RAL3020 Шкаф компактный распределительный 1000х800х300;Корпусы для ШУ;1;2;;;03.02.2026;;
ПКНФ-000236;03.02.2026;Матрица светодиодная AD16-22HS крас. EKF ledm-ad16-r;Электротовары КСС ШУ;2;28;;;03.02.2026;;
ПКНФ-000236;03.02.2026;Провод ПУГВнг(А)-LS 1х0,5 С;Электротовары КСС ШУ;38;973;;;03.02.2026;;
ПКНФ-000236;03.02.2026;Наконечник штыревой втулочный изол. НШвИ(2) 0.5-8 (уп.50шт);Электротовары КСС ШУ;128;4088;;;03.02.2026;;
ПКНФ-000236;03.02.2026;Знак ""Земля"" круглый d20мм EKF an-1-04;Электротовары КСС ШУ;2;52;;;03.02.2026;;
ПКНФ-000236;03.02.2026;Выключатель автоматический модульный 3п C 6А 4.5кА ВА 47-63;Электротовары КСС ШУ;2;107;;;03.02.2026;;
ПКНФ-000236;03.02.2026;Выключатель автоматический для защиты двигателя АПД-32 1.6-2.5А;Электротовары КСС ШУ;2;30;;26.02.2026;03.02.2026;;
ПКНФ-000236;03.02.2026;Трубка термоусадочная ТТУ нг-LS 2/1 красн. 1м IEK UDRS-D2-1-K04;Электротовары КСС ШУ;1;72.25;;;03.02.2026;;
ПКНФ-000236;03.02.2026;Трубка термоусадочная ТТУ нг-LS 2/1 желт. 1м IEK UDRS-D2-1-K05;Электротовары КСС ШУ;1.5;59.8;;;03.02.2026;;
ПКНФ-000236;03.02.2026;Трубка термоусадочная ТТУ нг-LS 2/1 зел. 1м IEK UDRS-D2-1-K06;Электротовары КСС ШУ;1;162.25;;;03.02.2026;;
ПКНФ-000236;03.02.2026;Ограничитель на DIN-рейку 1 винт HDW-211;Электротовары КСС ШУ;30;0;;;03.02.2026;;
ПКНФ-000236;03.02.2026;Выключатель автоматический модульный 1п C 6А 4.5кА ВА 47-63;Электротовары КСС ШУ;2;61;;;03.02.2026;;
ПКНФ-000236;03.02.2026;Кабель-канал перфорированный 25х40 L2000 RL6 G DKC 01163RL;Электротовары КСС ШУ;1.5;0;;;03.02.2026;;
ПКНФ-000236;03.02.2026;Шина нулевая ""N"" на DIN-рейку в корпусе 4х7 групп;Электротовары КСС ШУ;1;28;;;03.02.2026;;
ПКНФ-000236;03.02.2026;Механизм блокировки для КМЭ (09А-32А);Электротовары КСС ШУ;3;64;;;03.02.2026;;
ПКНФ-000236;03.02.2026;Переключатель BG33 3P 2NO с замком (не возврат.);Электротовары КСС ШУ;1;34;;;03.02.2026;;
ПКНФ-000236;03.02.2026;Переключатель BD21 2P короткая ручка NO IP65 PROxima EKF xb2-bd21-65;Электротовары КСС ШУ;2;5;;;03.02.2026;;
ПКНФ-000236;03.02.2026;Оповещатель светозвуковой ED16-22BMS 230В;Электротовары КСС ШУ;1;99;;;03.02.2026;;
ПКНФ-000236;03.02.2026;Панель оператора PRO-Screen 7 EKF RSC-7;Электротовары КСС ШУ;1;10;;;03.02.2026;;
ПКНФ-000236;03.02.2026;Держатель маркировки LH 20х25мм;Электротовары КСС ШУ;15;215;;;03.02.2026;;
ПКНФ-000236;03.02.2026;Кнопка BA21 черн. NO;Электротовары КСС ШУ;2;78;;;03.02.2026;;
ПКНФ-000236;03.02.2026;Резистор углеродистый CF-50 (C1-4) 0.5 Вт, 4,7 кОм, 5%;Электротовары КСС ШУ;32;1432;;;03.02.2026;;
ПКНФ-000236;03.02.2026;Модуль расширения дискретного ввода/вывода ПРМ-24.2;Электротовары КСС ШУ;1;11;;27.02.2026;03.02.2026;;
ПКНФ-000236;03.02.2026;Переключатель BG33 3P 2NO короткая ручка;Электротовары КСС ШУ;2;0;;;03.02.2026;;
ПКНФ-000236;03.02.2026;DIN-рейка перфорированная L2000 1мм 35х7,5;Электротовары КСС ШУ;2;0;;;03.02.2026;;
ПКНФ-000236;03.02.2026;Кнопка ""Грибок"" BS542 NC поворотн. красн.;Электротовары КСС ШУ;1;69;;;03.02.2026;;
ПКНФ-000236;03.02.2026;Контакт дополнительный поперечный NS2-AE11 (R) CHINT 495968;Электротовары КСС ШУ;3;87;;;03.02.2026;;
ПКНФ-000236;03.02.2026;Колодка клеммная JXB-2.5/35 серая;Электротовары КСС ШУ;18;112;;;03.02.2026;;
ПКНФ-000236;03.02.2026;Заглушка для JXB-2,5/35 серая;Электротовары КСС ШУ;4;4;;;03.02.2026;;
ПКНФ-000236;03.02.2026;Провод ПуГВнг(А)-LS 1х1,5 Б;Электротовары КСС ШУ;32;0;;;03.02.2026;;
ПКНФ-000236;03.02.2026;Сальник PG 29 (d проводника 18-24мм, D резьбовой 36мм) IP54;Электротовары КСС ШУ;2;81;;;03.02.2026;;
ПКНФ-000236;03.02.2026;Контактор КМЭ 9А 220В/АС3 1НО;Электротовары КСС ШУ;4;61;;;03.02.2026;;
ПКНФ-000236;03.02.2026;Контактор КМЭ 25А 220В/АС3 1НЗ;Электротовары КСС ШУ;2;16;;;03.02.2026;;
ПКНФ-000236;03.02.2026;Колодка клеммная JXB-2.5/35 синяя;Электротовары КСС ШУ;2;160;;;03.02.2026;;
ПКНФ-000236;03.02.2026;Приставка контактная ПКЭ-11 доп. контакы 1з+1р;Электротовары КСС ШУ;4;59;;;03.02.2026;;
ПКНФ-000236;03.02.2026;Контактор КМЭ 12А 220В/АС3 1НО;Электротовары КСС ШУ;1;14;;;03.02.2026;;
ПКНФ-000236;03.02.2026;Выключатель автоматический модульный 3п D 16А 4.5кА ВА 47-63;Электротовары КСС ШУ;1;36;;;03.02.2026;;
ПКНФ-000236;03.02.2026;Кабель КПСЭнг(А)-FRLS 1х2х0.5;Электротовары КСС ШУ;57;2199;;15.01.2026;03.02.2026;;
ПКНФ-000236;03.02.2026;Изолятор торцевой для клемм KRUKB-3-5 DKC D-KRUKB-3-5;Электротовары КСС ШУ;6;166;;27.02.2026;03.02.2026;;
ПКНФ-000236;03.02.2026;Сальник PG 9;Электротовары КСС ШУ;36;296;;;03.02.2026;;
ПКНФ-000236;03.02.2026;Хомут 2,5х150 нейл. (уп.100 шт);Электротовары КСС ШУ;100;0;;;03.02.2026;;
ПКНФ-000236;03.02.2026;Трубка термоус. ТУТ (HF)-4/2, красн. (уп.100м);Электротовары КСС ШУ;1.5;23.1;;;03.02.2026;;
ПКНФ-000236;03.02.2026;Трубка термоус. ТУТ (HF)-4/2, зел. (уп.100м);Электротовары КСС ШУ;1.5;22.9;;;03.02.2026;;
ПКНФ-000236;03.02.2026;Трубка термоус. ТУТ (HF)-4/2, желт. (уп.100м);Электротовары КСС ШУ;1.5;47.6;;;03.02.2026;;
ПКНФ-000236;03.02.2026;Выключатель нагрузки 3п 32А ВН-63N;Электротовары КСС ШУ;2;21;;;03.02.2026;;
ПКНФ-000236;03.02.2026;Колодка клеммная JXB-16/35 син.;Электротовары КСС ШУ;2;65;;06.12.2024;03.02.2026;;
ПКНФ-000236;03.02.2026;Реле контроля наличия и чередования фаз CKF-318-1;Электротовары КСС ШУ;2;24;;;03.02.2026;;
ПКНФ-000236;03.02.2026;Наконечник штыревой втулочный изол. НШвИ 0.5-8 (уп.50шт);Электротовары КСС ШУ;257;9905;;;03.02.2026;;
ПКНФ-000236;03.02.2026;Наконечник штыревой втулочный изол. НШвИ 1.5-8 (уп.50шт);Электротовары КСС ШУ;62;1780;;;03.02.2026;;
ПКНФ-000236;03.02.2026;Саморез 4.2х13 металл-металл с прессшайбой сверло цинк (уп.200шт);Электротовары КСС ШУ;42;534.91;;16.02.2026;03.02.2026;;
ПКНФ-000236;03.02.2026;Маркер для кабеля 0.5-1.5мм символ ""1"" (уп.200шт) ДКС;Электротовары КСС ШУ;52;8654;;;03.02.2026;;
ПКНФ-000236;03.02.2026;Маркер для кабеля 0.5-1.5мм символ ""2"" (уп.200шт) ДКС;Электротовары КСС ШУ;68;4035;;;03.02.2026;;
ПКНФ-000236;03.02.2026;Маркер для кабеля 0.5-1.5мм символ ""3"" (уп.200шт) ДКС;Электротовары КСС ШУ;69;4372;;;03.02.2026;;
ПКНФ-000236;03.02.2026;Маркер для JXB с нумерацией 1-50 (уп.100шт);Электротовары КСС ШУ;200;7197;;27.02.2026;03.02.2026;;
ПКНФ-000236;03.02.2026;Автомат пуска двигателя АПД-32 9-14А;Электротовары КСС ШУ;1;7;;;03.02.2026;;
ПКНФ-000236;03.02.2026;Блок-контакт БК-47;Электротовары КСС ШУ;1;97;;;03.02.2026;;
ПКНФ-000236;03.02.2026;Сальник PG 16 10-14мм IP54;Электротовары КСС ШУ;4;125;;;03.02.2026;;
ПКНФ-000236;03.02.2026;HDR-60-24 MW (AC/DC ПРЕОБРАЗОВАТЕЛИ) 24B,2.5A,60Вт;Электротовары КСС ШУ;1;21;;;03.02.2026;;
ПКНФ-000236;03.02.2026;Болт оцинк. М6х20 DIN 933;Оцинкованные метизы (ПК КСС);0.002;0;;;03.02.2026;;
ПКНФ-000236;03.02.2026;Гайка оцинк. DIN 934 М6;Оцинкованные метизы (ПК КСС);0.002;0.002;;04.03.2025;03.02.2026;;
ПКНФ-000236;03.02.2026;RKE4CO730LT Реле 4CO, 5A (250VAC/30VDC), 230VAC, мех. индикация, тест-кнопка с блокировкой, LED;Электротовары КСС ШУ;1;84;;;03.02.2026;;
ПКНФ-000236;03.02.2026;Зажим наборный ЗНИ-16PEN 16мм2 (JXB-земля);Электротовары КСС ШУ;2;0;;;03.02.2026;;
ПКНФ-000236;03.02.2026;Колодка клеммная ЕК-2.5/25 JXB земля;Электротовары КСС ШУ;6;14;;08.06.2024;03.02.2026;;
ПКНФ-000236;03.02.2026;Лампа AD-22DS(LED) матрица d22мм желтый 230В;Электротовары КСС ШУ;2;122;;;03.02.2026;;
ПКНФ-000236;03.02.2026;Лампа AD-22DS(LED) матрица d22мм зеленый 230В;Электротовары КСС ШУ;2;12;;;03.02.2026;;
ПКНФ-000236;03.02.2026;Маркер для кабеля 0.5-1.5мм символ ""0"" (уп.200шт) ДКС;Электротовары КСС ШУ;79;5971;;;03.02.2026;;
ПКНФ-000236;03.02.2026;Маркер для кабеля 0.5-1.5мм символ ""4"" (уп.200шт) ДКС;Электротовары КСС ШУ;58;386;;;03.02.2026;;
ПКНФ-000236;03.02.2026;Маркер для кабеля 0.5-1.5мм символ ""5"" (уп.200шт) ДКС;Электротовары КСС ШУ;54;5362;;;03.02.2026;;
ПКНФ-000236;03.02.2026;Маркер для кабеля 0.5-1.5мм символ ""6"" (уп.200шт) ДКС;Электротовары КСС ШУ;47;5314;;;03.02.2026;;
ПКНФ-000236;03.02.2026;Маркер для кабеля 0.5-1.5мм символ ""7"" (уп.200шт) ДКС;Электротовары КСС ШУ;56;1274;;;03.02.2026;;
ПКНФ-000236;03.02.2026;Маркер для кабеля 0.5-1.5мм символ ""8"" (уп.200шт) ДКС;Электротовары КСС ШУ;67;552;;;03.02.2026;;
ПКНФ-000236;03.02.2026;Маркер для кабеля 0.5-1.5мм символ ""9"" (уп.200шт) ДКС;Электротовары КСС ШУ;68;420;;;03.02.2026;;
ПКНФ-000236;03.02.2026;Маркер для JXB с нумерацией 1-10 (уп.100шт);Электротовары КСС ШУ;200;2161;;27.02.2026;03.02.2026;;
ПКНФ-000236;03.02.2026;Наконечник кольцевой НКИ 2.5-6;Электротовары КСС ШУ;18;251;;;03.02.2026;;
ПКНФ-000236;03.02.2026;Наконечник штыревой втулочный изол. НШвИ(2) 2.5-10 (уп.50шт);Электротовары КСС ШУ;32;2467;;;03.02.2026;;
ПКНФ-000236;03.02.2026;Провод ПУГВнг(А)-LS 1х0,5 Б;Электротовары КСС ШУ;196;1345;;;03.02.2026;;
ПКНФ-000236;03.02.2026;Провод ПУГВнг(А)-LS 1х0,5 К;Электротовары КСС ШУ;30;938;;;03.02.2026;;
ПКНФ-000236;03.02.2026;Провод ПУГВнг(А)-LS 1х0,5 Ч;Электротовары КСС ШУ;34;747;;;03.02.2026;;
ПКНФ-000236;03.02.2026;Провод ПУГВнг(А)-LS 1х1,5 ж/з;Электротовары КСС ШУ;1.5;395.1;;;03.02.2026;;
ПКНФ-000236;03.02.2026;Провод ПУГВнг(А)-LS 1х2,5 Б;Электротовары КСС ШУ;52;194.5;;;03.02.2026;;
ПКНФ-000236;03.02.2026;Провод ПУГВнг(А)-LS 1х2,5 С;Электротовары КСС ШУ;3;178;;;03.02.2026;;
ПКНФ-000236;03.02.2026;Провод силовой ПУГВнг(А)-LS 1х1,5 С;Электротовары КСС ШУ;11;98;;;03.02.2026;;
ПКНФ-000236;03.02.2026;Программируемое реле ПР102-24.2416.03.2;Электротовары КСС ШУ;1;4;;27.02.2026;03.02.2026;;
ПКНФ-000236;03.02.2026;Реле RFT2CO730LT, 2CO, 8A(250VAC/30VDC), 230VAC, LED, мех. инд., тест-кнопка;Электротовары КСС ШУ;1;143;;;03.02.2026;;
ПКНФ-000236;03.02.2026;Спираль монтажная СМ-06-04 (10м);Электротовары КСС ШУ;0.1;21.935;;;03.02.2026;;
ПКНФ-000236;03.02.2026;Цоколь SKC14-E, 10A(300V), черный, на рейку DIN35/панель, для RKE4CO, RKF4CO;Электротовары КСС ШУ;1;143;;;03.02.2026;;
ПКНФ-000236;03.02.2026;Цоколь SRU08-E, 10A(300V), черный, на рейку DIN35/панель, для RFT2CO;Электротовары КСС ШУ;1;75;;;03.02.2026;;
ПКНФ-000236;03.02.2026;Кабель КГВВнг(А)-LS 4х2,5;Электротовары КСС ШУ;6;282;;;03.02.2026;;
ПКНФ-000236;03.02.2026;Наконечник штыревой втулочный изол. НШвИ 2.5-8 (уп.50шт);Электротовары КСС ШУ;54;2837;;25.08.2025;03.02.2026;;
ПКНФ-000236;03.02.2026;Шайба плоская оц. М6 DIN 125;Оцинкованные метизы (ПК КСС);0.002;0.153;;25.08.2025;03.02.2026;;
ПКНФ-000236;03.02.2026;Наконечник НШвИ(2) 1.5-8 (уп.50шт);Электротовары КСС ШУ;38;4489;;;03.02.2026;;
ПКНФ-000236;03.02.2026;Символ ""Молния"" (треугольник) 100х100х100мм;Электротовары КСС ШУ;1;136;;;03.02.2026;;
ПКНФ-000186;03.02.2026;Лист 2,0*1250*2500 ст3 т;Черные трубы, листы, круги (ПК КСС);4;4;;20.06.2024;03.02.2026;;
ПКНФ-000186;03.02.2026;Лист Г/К 10,0х1500х6000 ст.20 ГОСТ 19903-74 ;Черные трубы, листы, круги (ПК КСС);3;3.2;;;03.02.2026;;
ПКНФ-000186;03.02.2026;Труба СВ  60,3х4,0мм 08Х18Н10 (AISI 304);Нержавеющие трубы, листы, круги, сетки(ПК КСС);42;49.2;;;03.02.2026;;
ПКНФ-000186;03.02.2026;Лист 5,0*1500*6000 ст3 (м2);Черные трубы, листы, круги (ПК КСС);1;1.8;;;03.02.2026;;
ПКНФ-000186;03.02.2026;Швеллер 14П ГОСТ 8240-97;Черные трубы, листы, круги (ПК КСС);26;120;;;03.02.2026;;
ПКНФ-000186;03.02.2026;Арматура А-1 6 мм;Черные трубы, листы, круги (ПК КСС);0.6;14.6;;;03.02.2026;;
ПКНФ-000186;03.02.2026;Труба 80х80х5 ГОСТ 8639-82;Черные трубы, листы, круги (ПК КСС);7.5;7.5;;;03.02.2026;;
ПКНФ-000186;03.02.2026;Арматура ф 16 А-1 ГОСТ 5781-82 (м);Черные трубы, листы, круги (ПК КСС);4;100.3;;24.01.2024;03.02.2026;;
ПКНФ-000186;03.02.2026;Труба 50х50х3 ГОСТ 8639-82, м.д;Черные трубы, листы, круги (ПК КСС);4;7;17.02.2026;14.02.2026;03.02.2026;;
ПКНФ-000237;03.02.2026;Насос CDM15-7FSWPC, 5.5 кВт, станд. фланец, 3х380В, 50 Гц, чугун, 70 С (ПК);Насосы CNP (ПК КСС);2;2;;;03.02.2026;;
ПКНФ-000237;03.02.2026;Клапан Ridval тип RVC 20 DN50 PN16 (красный);Арматура (ПК КСС);2;13;27.02.2026;27.02.2026;03.02.2026;;
ПКНФ-000237;03.02.2026;Затвор Ridval тип RVB 01 DN50 PN16 рукоятка,с УКП о/з.IP64 (красный);Арматура (ПК КСС);4;18;27.02.2026;27.02.2026;03.02.2026;;
ПКНФ-000238;04.02.2026;Труба СВ 168,3х2,0мм 08Х18Н10 (AISI 304);Нержавеющие трубы, листы, круги, сетки(ПК КСС);2;13.6;17.02.2026;17.02.2026;04.02.2026;;
ПКНФ-000238;04.02.2026;Отвод 168,3х2,0 мм AISI 304;Нержавеющие фланцы и фиттинги (ПК КСС);6;8;07.03.2026;17.02.2026;04.02.2026;;
ПКНФ-000238;04.02.2026;Фланец 168,3 (AISI304, 08*18H10, PN10/16) свободный;Нержавеющие фланцы и фиттинги (ПК КСС);8;15;;;04.02.2026;;
ПКНФ-000238;04.02.2026;Отбортовка 168,3х2,0 AISI304;Нержавеющие фланцы и фиттинги (ПК КСС);8;30;07.03.2026;17.02.2026;04.02.2026;;
ПКНФ-000239;04.02.2026;Пластина 100х40 (AISI 304);Нержавеющие трубы, листы, круги, сетки(ПК КСС);6;126;;;04.02.2026;;
ПКНФ-000239;04.02.2026;Труба 40х20х2 (AISI304);Нержавеющие трубы, листы, круги, сетки(ПК КСС);1;9.7;09.09.2025;09.09.2025;04.02.2026;;
ПКНФ-000239;04.02.2026;Труба 25х25х2 (AISI 304);Нержавеющие трубы, листы, круги, сетки(ПК КСС);6.5;52.8;05.08.2025;05.08.2025;04.02.2026;;
ПКНФ-000241;04.02.2026;Полоса 2,0x50,0 (AISI304, 08X18H10, 2B);Нержавеющие трубы, листы, круги, сетки(ПК КСС);1.5;36;;;04.02.2026;;
ПКНФ-000241;04.02.2026;Труба 60,0х60,0х3,0  ГОСТ 8639-82;Черные трубы, листы, круги (ПК КСС);6.1;14;;;04.02.2026;;
ПКНФ-000241;04.02.2026;Фланец Ду150  PN10 Гост 12822-82;Черные фланцы и фиттинги (ПК КСС);4;4;;;04.02.2026;;
ПКНФ-000241;04.02.2026;Лист 5,0*1500*6000 ст3 (м2);Черные трубы, листы, круги (ПК КСС);0.4;1.6;;;04.02.2026;;
ПКНФ-000241;04.02.2026;Переход ПЭ/сталь 160/159 ПЭ100 SDR11 ВОДА;БС-Сервис;4;4;;;04.02.2026;;
ПКНФ-000241;04.02.2026;Труба э/с 159х4,5 ГОСТ 10704-91;Черные трубы, листы, круги (ПК КСС);3;6;;;04.02.2026;;
ПКНФ-000241;04.02.2026;Полоса 40*4 ГОСТ 103-76;Черные трубы, листы, круги (ПК КСС);0.6;18.2;19.08.2024;17.02.2026;04.02.2026;;
ПКНФ-000241;04.02.2026;Швеллер 10П ГОСТ 8240-97;Черные трубы, листы, круги (ПК КСС);21.1;57.6;17.02.2026;11.09.2025;04.02.2026;;
ПКНФ-000241;04.02.2026;Уголок 50х50х5 ГОСТ 8509-93 (м);Черные трубы, листы, круги (ПК КСС);1.2;48.4;;;04.02.2026;;
ПКНФ-000241;04.02.2026;Лист 1000х3000 ПВЛ 406;Черные трубы, листы, круги (ПК КСС);5;11;;;04.02.2026;;
ПКНФ-000241;04.02.2026;Труба 40х40х3 ГОСТ 8639-82;Черные трубы, листы, круги (ПК КСС);9.6;15.6;;;04.02.2026;;
ПКНФ-000241;04.02.2026;Арматура ф 16 А-1 ГОСТ 5781-82 (м);Черные трубы, листы, круги (ПК КСС);4;104.3;;24.01.2024;04.02.2026;;
ПКНФ-000241;04.02.2026;Труба 50х50х3 ГОСТ 8639-82, м.д;Черные трубы, листы, круги (ПК КСС);46.6;85.6;14.02.2026;14.02.2026;04.02.2026;;
ПКНФ-000244;05.02.2026;Карабин винтовой D6, нерж. сталь А4 (уп. 1 шт) длинный;Крепеж и цепи, тали (ПК КСС);6;6;;;05.02.2026;;
ПКНФ-000244;05.02.2026;Задвижка шиберная двухсторонняя SP Ду250 Pу7 нев.шток;Арматура (ПК КСС);1;1;;;05.02.2026;;
ПКНФ-000244;05.02.2026;7550 КСС ШУКПП- 2/3 -18,5кВт +АВР+GPRS+УХЛ1;Шкафы управления (ПК КСС);1;1;;;05.02.2026;;
ПКНФ-000244;05.02.2026;Скоба нержавеющая такелажная 6мм;Крепеж и цепи, тали (ПК КСС);6;6;;;05.02.2026;;
ПКНФ-000244;05.02.2026;Болт оцинк. М6х40 DIN 933;Оцинкованные метизы (ПК КСС);0.006;0.122;;;05.02.2026;;
ПКНФ-000244;05.02.2026;Болт М12*40 DIN 933 полная резьба  (А2, 12,0, 45,0, DIN 933) ;Нержавеющие метизы (ПК КСС);4;197;;;05.02.2026;;
ПКНФ-000244;05.02.2026;Гайка шестигр.М10 оц. DIN934;Оцинкованные метизы (ПК КСС);0.025;0.196;07.10.2024;07.10.2024;05.02.2026;;
ПКНФ-000244;05.02.2026;Труба 25х25х2  ГОСТ;Черные трубы, листы, круги (ПК КСС);60;66;;;05.02.2026;;
ПКНФ-000244;05.02.2026;7550- Трубопровод;Составные части трубопровода (Пк КСС);1;1;;;05.02.2026;ПКНФ-001362;18.12.2025
ПКНФ-000244;05.02.2026;7550- Рама под УПМ;Составные части трубопровода (Пк КСС);1;1;;;05.02.2026;ПКНФ-000176;27.01.2026
ПКНФ-000244;05.02.2026;7550-Направляющие под корзину  Площадка Лестница Балка транспортировочная;Составные части трубопровода (Пк КСС);1;1;;;05.02.2026;ПКНФ-001365;18.12.2025
ПКНФ-000244;05.02.2026;Разъемное соединение прямое ""американка"" никелированный 1"" ВР/НР, LD Pride;Арматура (ПК КСС);2;2;;;05.02.2026;;
ПКНФ-000244;05.02.2026;Разъемное соединение прямое ""американка"" никелированный 1"" ВР/ВР, Gappo;Арматура (ПК КСС);2;2;;;05.02.2026;;
ПКНФ-000244;05.02.2026;Кран шаровой полнопроходной, ВР/ВР, ручка бабочка 1"", Stout SVB-0002-200025;Арматура (ПК КСС);2;2;;;05.02.2026;;
ПКНФ-000244;05.02.2026;Заглушка для трубы 40х40 мм пластик;Расходные материалы (ПК КСС);2;266;;;05.02.2026;;
ПКНФ-000244;05.02.2026;Болт оцинк. М20х60 DIN933;Оцинкованные метизы (ПК КСС);0.012;0.256;;;05.02.2026;;
ПКНФ-000244;05.02.2026;Гайка шестигр. оц. М20 DIN 934 тыс шт;Оцинкованные метизы (ПК КСС);0.036;0.632;;27.06.2024;05.02.2026;;
ПКНФ-000244;05.02.2026;Болт оцинк. М16х80  DIN933;Оцинкованные метизы (ПК КСС);0.08;0.785;;;05.02.2026;;
ПКНФ-000244;05.02.2026;Канализационный насос 80WQ/S228-18.5 стандартный, кабель 10м;Насосы Kaiquan(ПК КСС);3;2;16.03.2026;16.03.2026;05.02.2026;;
ПКНФ-000244;05.02.2026;Труба э/с 40х2 ГОСТ;Черные трубы, листы, круги (ПК КСС);29;29;;;05.02.2026;;
ПКНФ-000244;05.02.2026;Труба э/с 60х2,6 ГОСТ;Черные трубы, листы, круги (ПК КСС);24;24;;;05.02.2026;;
ПКНФ-000244;05.02.2026;Скоба нержавеющая такелажная 4мм;Крепеж и цепи, тали (ПК КСС);6;6;;;05.02.2026;;
ПКНФ-000244;05.02.2026;Труба э/с 530х8 ГОСТ 10705-80;Черные трубы, листы, круги (ПК КСС);2;2;;;05.02.2026;;
ПКНФ-000244;05.02.2026;Труба э/с 325х7 ГОСТ 10705-80;Черные трубы, листы, круги (ПК КСС);16;16;;;05.02.2026;;
ПКНФ-000244;05.02.2026;Шпилька резьб. М20 L1000 DIN975 (Оцинк);Оцинкованные метизы (ПК КСС);3;31;;;05.02.2026;;
ПКНФ-000244;05.02.2026;Труба 50х25х2  ГОСТ 8639-82;Черные трубы, листы, круги (ПК КСС);150;150;;;05.02.2026;;
ПКНФ-000244;05.02.2026;Труба 40х25х2 ГОСТ;Черные трубы, листы, круги (ПК КСС);7;7;;;05.02.2026;;
ПКНФ-000244;05.02.2026;Таль ручная цепная VN г/п 0,5т в/п 6,0м;Крепеж и цепи, тали (ПК КСС);1;1;;;05.02.2026;;
ПКНФ-000244;05.02.2026;Труба АД31Т1 д.20х2х6000мм;Черные трубы, листы, круги (ПК КСС);87;87;;;05.02.2026;;
ПКНФ-000244;05.02.2026;Стеклоровинг ECR24-2400D-601 (Шандон) намотка Китай;Сырье стеклопластиковое;645;53426.5;;12.01.2025;05.02.2026;;
ПКНФ-000244;05.02.2026;Шайба гроверная оц. Ф16 DIN 127;Оцинкованные метизы (ПК КСС);0.02;1.114;;27.06.2024;05.02.2026;;
ПКНФ-000244;05.02.2026;Цепь 4х32,0 сварная длиннозвенная DIN 766 A2;Водоподготовка (ПК КСС);10.1;11.1;;;05.02.2026;;
ПКНФ-000244;05.02.2026;Карабин винтовой D4, нерж. сталь А4 (уп. 1 шт) длинный;Крепеж и цепи, тали (ПК КСС);6;6;;;05.02.2026;;
ПКНФ-000244;05.02.2026;Труба СВ  33,7х3,0мм 08Х18Н10 (AISI 304);Нержавеющие трубы, листы, круги, сетки(ПК КСС);30;32.5;;;05.02.2026;;
ПКНФ-000244;05.02.2026;Навесной замок с ключом GPLK-50L;Оцинкованные метизы (ПК КСС);2;47;;20.01.2025;05.02.2026;;
ПКНФ-000244;05.02.2026;Автоматическая трубная муфта 80WQL-00W;УПМ Kaiquan (Пк КСС);2;2;;;05.02.2026;;
ПКНФ-000244;05.02.2026;Труба 20х20х2 ГОСТ 8639-82;Черные трубы, листы, круги (ПК КСС);80;80;;29.01.2024;05.02.2026;;
ПКНФ-000244;05.02.2026;Прокладка (паронит) 80;Полиэтелен, корсис, прагма, НПВХ (ПК КСС);2;11;;;05.02.2026;;
ПКНФ-000244;05.02.2026;Шайба гровер М22 DIN 127 (А2, DIN 127);Нержавеющие метизы (ПК КСС);8;160;;;05.02.2026;;
ПКНФ-000244;05.02.2026;Болт оцинк. М10х100 DIN 933;Оцинкованные метизы (ПК КСС);0.002;0.187;;;05.02.2026;;
ПКНФ-000244;05.02.2026;Гайка шестигр. оц М16  (тыс шт);Оцинкованные метизы (ПК КСС);0.1;1.294;;27.06.2024;05.02.2026;;
ПКНФ-000244;05.02.2026;Труба 40х20х1.5 ГОСТ 8645-68;Черные трубы, листы, круги (ПК КСС);87;87;;;05.02.2026;;
ПКНФ-000244;05.02.2026;Труба 40х40х2 ГОСТ 8639-82;Черные трубы, листы, круги (ПК КСС);40;40;;;05.02.2026;;
ПКНФ-000244;05.02.2026;Труба 40х20х2 ГОСТ 8639-82;Черные трубы, листы, круги (ПК КСС);136;136;;29.01.2024;05.02.2026;;
ПКНФ-000244;05.02.2026;Труба 60х40х2 ГОСТ 8645-68;Черные трубы, листы, круги (ПК КСС);67;67;;;05.02.2026;;
ПКНФ-000244;05.02.2026;Труба 60х60х2  ГОСТ 8639-82;Черные трубы, листы, круги (ПК КСС);170;171.5;;;05.02.2026;;
ПКНФ-000244;05.02.2026;Шпилька М10 L1000 (А2, DIN975);Нержавеющие метизы (ПК КСС);1;10.494;;26.02.2026;05.02.2026;;
ПКНФ-000244;05.02.2026;Анкерный болт с гайкой 16*180 HNM тыс;Оцинкованные метизы (ПК КСС);0.014;0.3;;10.06.2024;05.02.2026;;
ПКНФ-000244;05.02.2026;Болт М10*60 DIN 933 полная резьба  (А2, 10,0, 60,0, DIN 933);Нержавеющие метизы (ПК КСС);30;679;;;05.02.2026;;
ПКНФ-000244;05.02.2026;Болт М16*80 DIN 933 полная резьба  (А2, 16,0, 80,0, DIN 933);Нержавеющие метизы (ПК КСС);8;372;;;05.02.2026;;
ПКНФ-000244;05.02.2026;Болт М22*90 DIN 933 полная резьба  (А2, 22,0, 90,0, DIN 933);Нержавеющие метизы (ПК КСС);24;200;;;05.02.2026;;
ПКНФ-000244;05.02.2026;Гайка М10 DIN 934  (А2, 10,0, DIN 934);Нержавеющие метизы (ПК КСС);38;1107;;19.06.2024;05.02.2026;;
ПКНФ-000244;05.02.2026;Гайка М12 DIN 934  (А2, 12,0, DIN 934);Нержавеющие метизы (ПК КСС);4;974;;;05.02.2026;;
ПКНФ-000244;05.02.2026;Гайка М16 DIN 934  (А2, 16,0, DIN 934);Нержавеющие метизы (ПК КСС);8;718;25.04.2024;25.04.2024;05.02.2026;;
ПКНФ-000244;05.02.2026;Гайка М22 DIN 934  (А2, 22,0, DIN 934);Нержавеющие метизы (ПК КСС);8;128;;;05.02.2026;;
ПКНФ-000244;05.02.2026;Грибок канализационный;Полиэтелен, корсис, прагма, НПВХ (ПК КСС);1;1;;17.02.2026;05.02.2026;;
ПКНФ-000244;05.02.2026;Задвижка клиновая Ду100 Ру16 штурвал 30ч39р;Арматура (ПК КСС);3;9;;;05.02.2026;;
ПКНФ-000244;05.02.2026;Карабин винтовой 6 мм;Водоподготовка (ПК КСС);12;77;;;05.02.2026;;
ПКНФ-000244;05.02.2026;Клапан обратный шаровой DN100 PN16 канализационный;Арматура (ПК КСС);2;6;;;05.02.2026;;
ПКНФ-000244;05.02.2026;Лента стеклянная 400, 250 мм, кг;Сырье стеклопластиковое;52;6630.5;;;05.02.2026;;
ПКНФ-000244;05.02.2026;Манжета резиновая переходная D 110/124 Уп., черн;Полиэтелен, корсис, прагма, НПВХ (ПК КСС);2;2;;;05.02.2026;;
ПКНФ-000244;05.02.2026;Манжета резиновая переходная D 50/72 Уп., черн;Полиэтелен, корсис, прагма, НПВХ (ПК КСС);1;138;;;05.02.2026;;
ПКНФ-000244;05.02.2026;Отвердитель Akperox А60 (30кг);Сырье стеклопластиковое;7.8;553.25;;;05.02.2026;;
ПКНФ-000244;05.02.2026;Отвод 90 гр. НПВХ DN110;Полиэтелен, корсис, прагма, НПВХ (ПК КСС);1;1;;;05.02.2026;;
ПКНФ-000244;05.02.2026;Пигмент железооксидный зеленый Green ТС 5605. Производство Китай.;Сырье стеклопластиковое;1;77.1;;;05.02.2026;;
ПКНФ-000244;05.02.2026;Поплавковый выключатель RL-1 10м;Датчики уровня, преобразователи, реле (ПК КСС);4;68;;05.02.2025;05.02.2026;;
ПКНФ-000244;05.02.2026;Прокладка (паронит) 100;Полиэтелен, корсис, прагма, НПВХ (ПК КСС);10;80;;;05.02.2026;;
ПКНФ-000244;05.02.2026;Проушина прямая 30х70мм;Расходные материалы (ПК КСС);2;179;;;05.02.2026;;
ПКНФ-000244;05.02.2026;Рым-гайка DIN 582 М10;Крепеж и цепи, тали (ПК КСС);6;19;;;05.02.2026;;
ПКНФ-000244;05.02.2026;Рым-гайка DIN 582 М 6;Крепеж и цепи, тали (ПК КСС);0.006;0.029;;17.02.2025;05.02.2026;;
ПКНФ-000244;05.02.2026;Скоба такелажная М6;Крепеж и цепи, тали (ПК КСС);12;42.1;;03.07.2025;05.02.2026;;
ПКНФ-000244;05.02.2026;Смола полимер 3401 ТА (1000кг);Сырье стеклопластиковое;285;40876.6;;12.01.2026;05.02.2026;;
ПКНФ-000244;05.02.2026;Смола полимер 3502 А ;Сырье стеклопластиковое;260;2241;;;05.02.2026;;
ПКНФ-000244;05.02.2026;Стекломат  E6CRMC600-1250-Е (45кг) Джуши Китай;Сырье стеклопластиковое;94;25510.7;;12.01.2025;05.02.2026;;
ПКНФ-000244;05.02.2026;Стеклорогожа EWR 560;Сырье стеклопластиковое;23;4684.6;;;05.02.2026;;
ПКНФ-000244;05.02.2026;Труба 110/3,2/0560 наружная канализация;Полиэтелен, корсис, прагма, НПВХ (ПК КСС);2;60;;;05.02.2026;;
ПКНФ-000244;05.02.2026;Труба двустенная для электропроводки d110 с протяжкой(внутр. d94)/ДКС ;Полиэтелен, корсис, прагма, НПВХ (ПК КСС);3;136;;;05.02.2026;;
ПКНФ-000244;05.02.2026;Труба двустенная для электропроводки d50 с протяжкой(внутр. d41,5) [ДКС] (код 19735) 121950;Полиэтелен, корсис, прагма, НПВХ (ПК КСС);3;91;;;05.02.2026;;
ПКНФ-000244;05.02.2026;Цепь 6х18,5 сварная короткозвенная DIN 766 A2;Крепеж и цепи, тали (ПК КСС);13.5;38.9;28.03.2024;;05.02.2026;;
ПКНФ-000244;05.02.2026;Цепь короткозвенная 6мм DIN766 оцинк;Крепеж и цепи, тали (ПК КСС);42;288.5;;;05.02.2026;;
ПКНФ-000244;05.02.2026;Шайба  гровер М12 DIN 127 (А2, DIN 127);Нержавеющие метизы (ПК КСС);4;840.964;;;05.02.2026;;
ПКНФ-000244;05.02.2026;Шайба гроверная оц.М20 DIN 127;Оцинкованные метизы (ПК КСС);0.036;1.217;;17.02.2026;05.02.2026;;
ПКНФ-000244;05.02.2026;Шайба М10 DIN 125  (А2, DIN 125);Нержавеющие метизы (ПК КСС);76;848;;;05.02.2026;;
ПКНФ-000244;05.02.2026;Шайба М12 DIN 125  (А2, DIN 125);Нержавеющие метизы (ПК КСС);8;355;;;05.02.2026;;
ПКНФ-000244;05.02.2026;Шайба М16 DIN 125  (А2, DIN 125);Нержавеющие метизы (ПК КСС);16;431;;;05.02.2026;;
ПКНФ-000244;05.02.2026;Шайба гровер М16 DIN 127 (А2, DIN 127);Нержавеющие метизы (ПК КСС);8;1550;;;05.02.2026;;
ПКНФ-000244;05.02.2026;Шайба М22 DIN 125  (А2, DIN 125);Нержавеющие метизы (ПК КСС);16;1472;;;05.02.2026;;
ПКНФ-000244;05.02.2026;Шайба плоская оц. М6 DIN 125;Оцинкованные метизы (ПК КСС);0.006;0.584;;25.08.2025;05.02.2026;;
ПКНФ-000244;05.02.2026;Шайба плоская оц.М16  DIN 125;Оцинкованные метизы (ПК КСС);0.2;1.48;;27.06.2024;05.02.2026;;
ПКНФ-000244;05.02.2026;Шайба плоская оц.М20  DIN 125;Оцинкованные метизы (ПК КСС);0.072;0.276;18.02.2026;27.06.2024;05.02.2026;;
ПКНФ-000245;05.02.2026;Пресс-фланец ст.20 Ду100 Ру 16 ПФСР 100х16 (119 мм);Черные фланцы и фиттинги (ПК КСС);20;73;;;05.02.2026;;
ПКНФ-000245;05.02.2026;Труба СВ  21,3х2,0мм 08Х18Н10 (AISI 304);Нержавеющие трубы, листы, круги, сетки(ПК КСС);0.3;73.9;;;05.02.2026;;
ПКНФ-000245;05.02.2026;Ниппель приварной DN15  1/2"" (AISI304, 08Х18H10);Нержавеющие фланцы и фиттинги (ПК КСС);3;3;17.02.2026;17.02.2026;05.02.2026;;
ПКНФ-000245;05.02.2026;Отбортовка 114,3х2,0 AISI304;Нержавеющие фланцы и фиттинги (ПК КСС);20;30;19.02.2026;19.02.2026;05.02.2026;;
ПКНФ-000245;05.02.2026;Труба СВ 114,3х2,0мм 08Х18Н10 (AISI 304);Нержавеющие трубы, листы, круги, сетки(ПК КСС);3.7;19.1;;22.10.2024;05.02.2026;;
ПКНФ-000246;05.02.2026;Швеллер 12П ГОСТ 8240-97;Черные трубы, листы, круги (ПК КСС);4.5;64;;;05.02.2026;;
ПКНФ-000248;05.02.2026;Швеллер 10П ГОСТ 8240-97;Черные трубы, листы, круги (ПК КСС);5;23.2;11.09.2025;11.09.2025;05.02.2026;;
ПКНФ-000249;06.02.2026;Пресс-фланец DN 150 PN 10/16 ст. C20/22 (172 мм);Черные фланцы и фиттинги (ПК КСС);4;31;;;06.02.2026;;
ПКНФ-000249;06.02.2026;Труба СВ 168,3х2,0мм 08Х18Н10 (AISI 304);Нержавеющие трубы, листы, круги, сетки(ПК КСС);11.5;11.6;03.06.2024;17.02.2026;06.02.2026;;
ПКНФ-000249;06.02.2026;Труба СВ 219,1х2,0мм 08Х18Н10 (AISI 304);Нержавеющие трубы, листы, круги, сетки(ПК КСС);0.5;1.848;17.02.2026;17.02.2026;06.02.2026;;
ПКНФ-000249;06.02.2026;Отвод 168,3х2,0 мм AISI 304;Нержавеющие фланцы и фиттинги (ПК КСС);4;2;07.03.2026;17.02.2026;06.02.2026;;
ПКНФ-000249;06.02.2026;Переход 219,1/168,3х2,0 (DN 200/150) AISI 304/08Х18Н10;Нержавеющие фланцы и фиттинги (ПК КСС);4;0;07.03.2026;17.02.2026;06.02.2026;;
ПКНФ-000249;06.02.2026;Фланец 219,1  (AISI304, 08*18H10, PN10) плоский;Нержавеющие фланцы и фиттинги (ПК КСС);4;0;17.02.2026;19.12.2024;06.02.2026;;
ПКНФ-000249;06.02.2026;Отбортовка 168,3х2,0 AISI304;Нержавеющие фланцы и фиттинги (ПК КСС);4;26;17.02.2026;17.02.2026;06.02.2026;;
ПКНФ-000008;09.02.2026;Лист 5,0*1500*6000 ст3 (м2);Черные трубы, листы, круги (ПК КСС);0.004;0.804;;;09.02.2026;;
ПКНФ-000008;09.02.2026;Арматура А-1 6 мм;Черные трубы, листы, круги (ПК КСС);1;15;;;09.02.2026;;
ПКНФ-000008;09.02.2026;Швеллер 10П ГОСТ 8240-97;Черные трубы, листы, круги (ПК КСС);8;28;11.09.2025;11.09.2025;09.02.2026;;
ПКНФ-000008;09.02.2026;Труба 40х40х3 ГОСТ 8639-82;Черные трубы, листы, круги (ПК КСС);1.2;120.9;;;09.02.2026;;
ПКНФ-000008;09.02.2026;Арматура ф 16 А-1 ГОСТ 5781-82 (м);Черные трубы, листы, круги (ПК КСС);0.4;100.7;;24.01.2024;09.02.2026;;
ПКНФ-000070;09.02.2026;Карабин винтовой 5 мм;Крепеж и цепи, тали (ПК КСС);6;174;;;09.02.2026;;
ПКНФ-000070;09.02.2026;Круглый канальный вентилятор BDTX 100;Электротовары КСС ШУ;1;2;;;09.02.2026;;
ПКНФ-000070;09.02.2026;Болт оцинк. М6х40 DIN 933;Оцинкованные метизы (ПК КСС);0.006;0.128;;;09.02.2026;;
ПКНФ-000070;09.02.2026;Кронштейн ""телескопический"" для крепления к стенке колодца L=400-600 мм;Арматура (ПК КСС);3;3;;;09.02.2026;;
ПКНФ-000070;09.02.2026;Труба э/с 108*4,0 ГОСТ 10704-91;СНГ;0.025;0.025;;;09.02.2026;;
ПКНФ-000070;09.02.2026;Болт М12*40 DIN 933 полная резьба  (А2, 12,0, 45,0, DIN 933) ;Нержавеющие метизы (ПК КСС);4;197;;;09.02.2026;;
ПКНФ-000070;09.02.2026;Американка 1"" ВР латунь;Арматура (ПК КСС);3;3;;;09.02.2026;;
ПКНФ-000070;09.02.2026;Болт мебельный М10х50 DIN603;Оцинкованные метизы (ПК КСС);0.03;0.08;;;09.02.2026;;
ПКНФ-000070;09.02.2026;Болт мебельный М10х40 DIN603;Оцинкованные метизы (ПК КСС);0.03;0.08;;;09.02.2026;;
ПКНФ-000070;09.02.2026;Скоба такелажная М4;Крепеж и цепи, тали (ПК КСС);6;39;;;09.02.2026;;
ПКНФ-000070;09.02.2026;Переход под. эл. привод, штанга двух-составная L-5128 мм со втулкой на вал шиберной задвижки Ду150,;Арматура (ПК КСС);1;1;;;09.02.2026;;
ПКНФ-000070;09.02.2026;6228.1 КСС ШУК- 2/3 -1,1кВт +Гидростат+ЭЗ+Вентилятор+УХЛ1;Шкафы управления (ПК КСС);1;0;;;09.02.2026;;
ПКНФ-000070;09.02.2026;Труба 25х25х2  ГОСТ;Черные трубы, листы, круги (ПК КСС);412.5;418.5;;;09.02.2026;;
ПКНФ-000070;09.02.2026;Труба 60х30х2 ГОСТ 8639-82;Черные трубы, листы, круги (ПК КСС);31.25;31.25;;;09.02.2026;;
ПКНФ-000070;09.02.2026;Кран шаровой полнопроходной, ВР/ВР, ручка бабочка 1"", Stout SVB-0002-200025;Арматура (ПК КСС);2;2;;;09.02.2026;;
ПКНФ-000070;09.02.2026;Труба 110/3,2/2000 наружная канализация;Полиэтелен, корсис, прагма, НПВХ (ПК КСС);1;3;;;09.02.2026;;
ПКНФ-000070;09.02.2026;МПУ-01 диаметром корпуса 26,5 мм бюджетный преобразователь (датчик) уровня гидростатический (МПУ01.1;Датчики уровня, преобразователи, реле (ПК КСС);1;2;;;09.02.2026;;
ПКНФ-000070;09.02.2026;6228.1 - Трубопровод;Составные части трубопровода (Пк КСС);1;1;;;09.02.2026;ПКНФ-000074;01.02.2026
ПКНФ-000070;09.02.2026;6228.1 - Рама под УПМ Балка под крышку Стойки для взмучивателя, Конусное дно;Составные части трубопровода (Пк КСС);1;0;03.12.2025;;09.02.2026;ПКНФ-000073;22.01.2026
ПКНФ-000070;09.02.2026;6228.1 - Направляющие под корзину  Площадка Лестница Балка трансп. Корзина, Упор под шибер, Крыш;Составные части трубопровода (Пк КСС);1;1;;;09.02.2026;ПКНФ-000075;01.02.2026
ПКНФ-000070;09.02.2026;Заглушка для трубы 40х40 мм пластик;Расходные материалы (ПК КСС);2;268;;;09.02.2026;;
ПКНФ-000070;09.02.2026;Болт оцинк. М20х60 DIN933;Оцинкованные метизы (ПК КСС);0.012;0.28;;;09.02.2026;;
ПКНФ-000070;09.02.2026;Задвижка 30ч39р Ду50 Pу16 штурвал;Арматура (ПК КСС);5;6;02.02.2026;02.02.2026;09.02.2026;;
ПКНФ-000070;09.02.2026;Болт М18*80 DIN 933 полная резьба  (А2, 18,0, 80,0, DIN 933);Нержавеющие метизы (ПК КСС);8;99;;;09.02.2026;;
ПКНФ-000070;09.02.2026;Задвижка шиб. двухстор. Ду150 Ру10 нев. шток;Арматура (ПК КСС);1;1;;;09.02.2026;;
ПКНФ-000070;09.02.2026;Гайка шестигр. оц. М20 DIN 934 тыс шт;Оцинкованные метизы (ПК КСС);0.06;0.791;;27.06.2024;09.02.2026;;
ПКНФ-000070;09.02.2026;Болт оцинк. М16х80  DIN933;Оцинкованные метизы (ПК КСС);0.064;0.769;;;09.02.2026;;
ПКНФ-000070;09.02.2026;Канализационный насос 50WQ/S218-1.1 стандартный, кабель 10м;Насосы Kaiquan(ПК КСС);2;2;;;09.02.2026;;
ПКНФ-000070;09.02.2026;Канальный фильтр MAGICFILTER 250/100;Электротовары КСС ШУ;1;2;;;09.02.2026;;
ПКНФ-000070;09.02.2026;Труба э/с 40х2 ГОСТ;Черные трубы, листы, круги (ПК КСС);62.5;62.5;;;09.02.2026;;
ПКНФ-000070;09.02.2026;Труба э/с 60х2,6 ГОСТ;Черные трубы, листы, круги (ПК КСС);37.5;37.5;;;09.02.2026;;
ПКНФ-000070;09.02.2026;Уплотнитель самоклеящийся для дверей и окон D профиль 12х10 мм, 6 м черный;Полиэтелен, корсис, прагма, НПВХ (ПК КСС);1;1;;;09.02.2026;;
ПКНФ-000070;09.02.2026;Труба э/с 530х8 ГОСТ 10705-80;Черные трубы, листы, круги (ПК КСС);50;50;;;09.02.2026;;
ПКНФ-000070;09.02.2026;Труба э/с 159х4,5 ГОСТ 10704-91;Черные трубы, листы, круги (ПК КСС);0.094;3.094;;;09.02.2026;;
ПКНФ-000070;09.02.2026;Труба 50х25х2  ГОСТ 8639-82;Черные трубы, листы, круги (ПК КСС);56.25;56.25;;;09.02.2026;;
ПКНФ-000070;09.02.2026;Труба 40х25х2 ГОСТ;Черные трубы, листы, круги (ПК КСС);137.5;137.5;;;09.02.2026;;
ПКНФ-000070;09.02.2026;Клапан обратный шаровой Ду50 Ру16 канализационный;Арматура (ПК КСС);2;2;;;09.02.2026;;
ПКНФ-000070;09.02.2026;Электропривод SP-M-10-W-Y1 IP67 380V ;Арматура (ПК КСС);1;1;;;09.02.2026;;
ПКНФ-000070;09.02.2026;Заглушка для трубы 25х25 мм пластик;Расходные материалы (ПК КСС);2;438;23.04.2024;;09.02.2026;;
ПКНФ-000070;09.02.2026;АТМ Kaiquan WQL DN50;УПМ Kaiquan (Пк КСС);2;2;;;09.02.2026;;
ПКНФ-000070;09.02.2026;Шайба гроверная оц. Ф16 DIN 127;Оцинкованные метизы (ПК КСС);0.064;1.158;;27.06.2024;09.02.2026;;
ПКНФ-000070;09.02.2026;Труба 60х40х4  ГОСТ 8639-82;Черные трубы, листы, круги (ПК КСС);50;50;;;09.02.2026;;
ПКНФ-000070;09.02.2026;Болт оцинк. М20х80 DIN933;Оцинкованные метизы (ПК КСС);0.048;0.496;;27.06.2024;09.02.2026;;
ПКНФ-000070;09.02.2026;Навесной замок с ключом GPLK-50L;Оцинкованные метизы (ПК КСС);1;47;;20.01.2025;09.02.2026;;
ПКНФ-000070;09.02.2026;Труба 20х20х2 ГОСТ 8639-82;Черные трубы, листы, круги (ПК КСС);115.625;115.625;;29.01.2024;09.02.2026;;
ПКНФ-000070;09.02.2026;Шайба гровер М20 DIN 127 (А2, DIN 127);Нержавеющие метизы (ПК КСС);16;1961;;;09.02.2026;;
ПКНФ-000070;09.02.2026;Гайка шестигр. оц М16  (тыс шт);Оцинкованные метизы (ПК КСС);0.064;1.258;;27.06.2024;09.02.2026;;
ПКНФ-000070;09.02.2026;Труба 40х20х1.5 ГОСТ 8645-68;Черные трубы, листы, круги (ПК КСС);331.25;331.25;;;09.02.2026;;
ПКНФ-000070;09.02.2026;Труба 40х40х2 ГОСТ 8639-82;Черные трубы, листы, круги (ПК КСС);37.5;37.5;;;09.02.2026;;
ПКНФ-000070;09.02.2026;Труба 40х40х3 ГОСТ 8639-82;Черные трубы, листы, круги (ПК КСС);25;28.7;;;09.02.2026;;
ПКНФ-000070;09.02.2026;Труба 40х20х2 ГОСТ 8639-82;Черные трубы, листы, круги (ПК КСС);100;100;;29.01.2024;09.02.2026;;
ПКНФ-000070;09.02.2026;Труба 60х40х2 ГОСТ 8645-68;Черные трубы, листы, круги (ПК КСС);37.5;37.5;;;09.02.2026;;
ПКНФ-000070;09.02.2026;Труба 60х60х2  ГОСТ 8639-82;Черные трубы, листы, круги (ПК КСС);68.75;70.25;;;09.02.2026;;
ПКНФ-000070;09.02.2026;Шпилька М10 L1000 (А2, DIN975);Нержавеющие метизы (ПК КСС);1;10.494;;26.02.2026;09.02.2026;;
ПКНФ-000070;09.02.2026;Шпилька М20 L1000 (А2, DIN975);Нержавеющие метизы (ПК КСС);2;15;;;09.02.2026;;
ПКНФ-000070;09.02.2026;Анкерный болт с гайкой 12*120 HNM ПК (тыс);Оцинкованные метизы (ПК КСС);0.012;0.191;;;09.02.2026;;
ПКНФ-000070;09.02.2026;Болт М10*60 DIN 933 полная резьба  (А2, 10,0, 60,0, DIN 933);Нержавеющие метизы (ПК КСС);50;759;;;09.02.2026;;
ПКНФ-000070;09.02.2026;Болт М12*80 DIN 933 полная резьба  (А2, 12,0, 80,0, DIN 933);Нержавеющие метизы (ПК КСС);8;68;;;09.02.2026;;
ПКНФ-000070;09.02.2026;Гайка М10 DIN 934  (А2, 10,0, DIN 934);Нержавеющие метизы (ПК КСС);58;1187;;19.06.2024;09.02.2026;;
ПКНФ-000070;09.02.2026;Гайка М12 DIN 934  (А2, 12,0, DIN 934);Нержавеющие метизы (ПК КСС);12;994;;;09.02.2026;;
ПКНФ-000070;09.02.2026;Гайка М18 DIN 934  (А2, 18,0, DIN 934);Нержавеющие метизы (ПК КСС);8;514;;;09.02.2026;;
ПКНФ-000070;09.02.2026;Гайка М20 DIN 934  (А2, 20,0, DIN 934);Нержавеющие метизы (ПК КСС);16;147;;;09.02.2026;;
ПКНФ-000070;09.02.2026;Грибок канализационный;Полиэтелен, корсис, прагма, НПВХ (ПК КСС);1;2;;17.02.2026;09.02.2026;;
ПКНФ-000070;09.02.2026;Карабин винтовой 4 мм;Крепеж и цепи, тали (ПК КСС);6;39;;;09.02.2026;;
ПКНФ-000070;09.02.2026;Манжета резиновая переходная D 110/124 Уп., черн;Полиэтелен, корсис, прагма, НПВХ (ПК КСС);2;6;;;09.02.2026;;
ПКНФ-000070;09.02.2026;Манжета резиновая переходная D 50/72 Уп., черн;Полиэтелен, корсис, прагма, НПВХ (ПК КСС);1;139;;;09.02.2026;;
ПКНФ-000070;09.02.2026;Отвод 90 гр. НПВХ DN110;Полиэтелен, корсис, прагма, НПВХ (ПК КСС);2;2;;;09.02.2026;;
ПКНФ-000070;09.02.2026;Поплавковый выключатель RL-1 10м;Датчики уровня, преобразователи, реле (ПК КСС);2;68;;05.02.2025;09.02.2026;;
ПКНФ-000070;09.02.2026;Прокладка (паронит) 150;Полиэтелен, корсис, прагма, НПВХ (ПК КСС);2;54;;;09.02.2026;;
ПКНФ-000070;09.02.2026;Прокладка (паронит) 50;Полиэтелен, корсис, прагма, НПВХ (ПК КСС);14;52;;;09.02.2026;;
ПКНФ-000070;09.02.2026;Проушина прямая 30х70мм;Расходные материалы (ПК КСС);2;175;;;09.02.2026;;
ПКНФ-000070;09.02.2026;Рым-гайка DIN 582 М10;Крепеж и цепи, тали (ПК КСС);6;25;;;09.02.2026;;
ПКНФ-000070;09.02.2026;Рым-гайка DIN 582 М 6;Крепеж и цепи, тали (ПК КСС);0.006;0.035;;17.02.2025;09.02.2026;;
ПКНФ-000070;09.02.2026;Скоба с вкручивающимся штифтом 0,33 т, 1/2т 1/4, тип G209, для насосов до 250 кг;Крепеж и цепи, тали (ПК КСС);6;73;;;09.02.2026;;
ПКНФ-000070;09.02.2026;Труба 110/3,2/0560 наружная канализация;Полиэтелен, корсис, прагма, НПВХ (ПК КСС);3;64;;;09.02.2026;;
ПКНФ-000070;09.02.2026;Труба двустенная для электропроводки d110 с протяжкой(внутр. d94)/ДКС ;Полиэтелен, корсис, прагма, НПВХ (ПК КСС);3;139;;;09.02.2026;;
ПКНФ-000070;09.02.2026;Труба двустенная для электропроводки d50 с протяжкой(внутр. d41,5) [ДКС] (код 19735) 121950;Полиэтелен, корсис, прагма, НПВХ (ПК КСС);3;94;;;09.02.2026;;
ПКНФ-000070;09.02.2026;Цепь короткозвенная 4мм DIN766 оцинк;Крепеж и цепи, тали (ПК КСС);13.9;235.46;;05.07.2024;09.02.2026;;
ПКНФ-000070;09.02.2026;Цепь Т6-6х18 мм ГОСТ 30441-97 (покрытие хим.окс.);Крепеж и цепи, тали (ПК КСС);21.6;142.6;;;09.02.2026;;
ПКНФ-000070;09.02.2026;Шайба  гровер М12 DIN 127 (А2, DIN 127);Нержавеющие метизы (ПК КСС);12;860.964;;;09.02.2026;;
ПКНФ-000070;09.02.2026;Шайба  гровер М18 DIN 127 (А2, DIN 127);Нержавеющие метизы (ПК КСС);8;1614;;;09.02.2026;;
ПКНФ-000070;09.02.2026;Шайба гроверная оц.М20 DIN 127;Оцинкованные метизы (ПК КСС);0.06;1.376;;17.02.2026;09.02.2026;;
ПКНФ-000070;09.02.2026;Шайба М10 DIN 125  (А2, DIN 125);Нержавеющие метизы (ПК КСС);116;900;;;09.02.2026;;
ПКНФ-000070;09.02.2026;Шайба  гровер М10 DIN 127 (А2, DIN 127);Нержавеющие метизы (ПК КСС);58;1118;;;09.02.2026;;
ПКНФ-000070;09.02.2026;Шайба М12 DIN 125  (А2, DIN 125);Нержавеющие метизы (ПК КСС);24;395;;;09.02.2026;;
ПКНФ-000070;09.02.2026;Шайба М18 DIN 125  (А2, DIN 125);Нержавеющие метизы (ПК КСС);16;932;;;09.02.2026;;
ПКНФ-000070;09.02.2026;Шайба М20 DIN 125  (А2, DIN 125);Нержавеющие метизы (ПК КСС);16;1318;;;09.02.2026;;
ПКНФ-000070;09.02.2026;Шайба плоская оц. М6 DIN 125;Оцинкованные метизы (ПК КСС);0.006;0.59;;25.08.2025;09.02.2026;;
ПКНФ-000070;09.02.2026;Шайба плоская оц.М16  DIN 125;Оцинкованные метизы (ПК КСС);0.128;1.408;;27.06.2024;09.02.2026;;
ПКНФ-000070;09.02.2026;Шайба плоская оц.М20  DIN 125;Оцинкованные метизы (ПК КСС);0.12;0.594;18.02.2026;27.06.2024;09.02.2026;;
ПКНФ-000071;09.02.2026;Болт М36*100 DIN 933 полная резьба  (А4, 36,0, 100,0, DIN 933);Нержавеющие метизы (ПК КСС);12;18;;;09.02.2026;;
ПКНФ-000071;09.02.2026;Карабин винтовой 5 мм;Крепеж и цепи, тали (ПК КСС);8;174;;;09.02.2026;;
ПКНФ-000071;09.02.2026;Круглый канальный вентилятор BDTX 100;Электротовары КСС ШУ;1;2;;;09.02.2026;;
ПКНФ-000071;09.02.2026;6228.2 - Пластины;Черные фланцы и фиттинги (ПК КСС);7;7;;;09.02.2026;ПКНФ-000273;16.02.2026
ПКНФ-000071;09.02.2026;Болт оцинк. М6х40 DIN 933;Оцинкованные метизы (ПК КСС);0.006;0.128;;;09.02.2026;;
ПКНФ-000071;09.02.2026;Болт мебельный М10х50 DIN603;Оцинкованные метизы (ПК КСС);0.05;0.08;;;09.02.2026;;
ПКНФ-000071;09.02.2026;Болт мебельный М10х40 DIN603;Оцинкованные метизы (ПК КСС);0.05;0.08;;;09.02.2026;;
ПКНФ-000071;09.02.2026;Скоба такелажная М4;Крепеж и цепи, тали (ПК КСС);12;39;;;09.02.2026;;
ПКНФ-000071;09.02.2026;6228.2 КСС ШУК- 3/3 -2кВт +Гидростат+ЭЗ+Вентилятор+УХЛ1;Шкафы управления (ПК КСС);1;0;;;09.02.2026;;
ПКНФ-000071;09.02.2026;Задвижка шиберная двухсторонняя SP Ду 600 Pу5 нев.шток.;Арматура (ПК КСС);1;1;;;09.02.2026;;
ПКНФ-000071;09.02.2026;Электропривод SP-М-45-W-У1 IP67 380V;Арматура (ПК КСС);1;1;;;09.02.2026;;
ПКНФ-000071;09.02.2026;Упорный фланец F16, штанга L-1760 мм с креплением на вал шиберной задвижки Ду600, колонка управления;Арматура (ПК КСС);1;1;;;09.02.2026;;
ПКНФ-000071;09.02.2026;Канализационный насос 250WQ500-12-22;Насосы Kaiquan(ПК КСС);3;0;;05.03.2026;09.02.2026;;
ПКНФ-000071;09.02.2026;Болт М16*40 DIN 933 полная резьба  (А2, 16,0, 40,0, DIN 933);Нержавеющие метизы (ПК КСС);6;45;;;09.02.2026;;
ПКНФ-000071;09.02.2026;Труба 110/3,2/2000 наружная канализация;Полиэтелен, корсис, прагма, НПВХ (ПК КСС);1;3;;;09.02.2026;;
ПКНФ-000071;09.02.2026;МПУ-01 диаметром корпуса 26,5 мм бюджетный преобразователь (датчик) уровня гидростатический (МПУ01.1;Датчики уровня, преобразователи, реле (ПК КСС);1;2;;;09.02.2026;;
ПКНФ-000071;09.02.2026;Заглушка для трубы 40х40 мм пластик;Расходные материалы (ПК КСС);2;268;;;09.02.2026;;
ПКНФ-000071;09.02.2026;Прокладка (паронит) 600;Полиэтелен, корсис, прагма, НПВХ (ПК КСС);2;10;;;09.02.2026;;
ПКНФ-000071;09.02.2026;Болт оцинк. М20х60 DIN933;Оцинкованные метизы (ПК КСС);0.024;0.28;;;09.02.2026;;
ПКНФ-000071;09.02.2026;Гайка шестигр. оц. М20 DIN 934 тыс шт;Оцинкованные метизы (ПК КСС);0.135;0.791;;27.06.2024;09.02.2026;;
ПКНФ-000071;09.02.2026;6228.2 - Трубопровод;Составные части трубопровода (Пк КСС);1;1;;;09.02.2026;ПКНФ-000184;09.02.2026
ПКНФ-000071;09.02.2026;6228.2 - Рама под УПМ Балка под крышку Стойки для взмучивателя, Конусное дно, Направляющ. Насоса;Составные части трубопровода (Пк КСС);1;0;16.02.2026;;09.02.2026;ПКНФ-000186;03.02.2026
ПКНФ-000071;09.02.2026;6228.2 - Направляющие под корзину  Площадка Лестница Балка транспортировочная Корзина, Упор под ;Составные части трубопровода (Пк КСС);1;1;;;09.02.2026;ПКНФ-000185;09.02.2026
ПКНФ-000071;09.02.2026;Конусное соединение никелированное 2"" ВР, Stout SFT-0034-000002 американка;Арматура (ПК КСС);1;1;;;09.02.2026;;
ПКНФ-000071;09.02.2026;Канальный фильтр MAGICFILTER 250/100;Электротовары КСС ШУ;1;2;;;09.02.2026;;
ПКНФ-000071;09.02.2026;Уплотнитель самоклеящийся для дверей и окон D профиль 12х10 мм, 6 м черный;Полиэтелен, корсис, прагма, НПВХ (ПК КСС);1;1;;;09.02.2026;;
ПКНФ-000071;09.02.2026;Кран шаровой полнопроходной ручка-бабочка G2"" ВР-НР;Арматура (ПК КСС);1;1;;;09.02.2026;;
ПКНФ-000071;09.02.2026;Автоматическая трубная муфта 250WQYL-00;УПМ Kaiquan (Пк КСС);3;3;;;09.02.2026;;
ПКНФ-000071;09.02.2026;Задвижка 30ч39р Ду250 Pу10 штурвал;Арматура (ПК КСС);3;3;;;09.02.2026;;
ПКНФ-000071;09.02.2026;Заглушка для трубы 25х25 мм пластик;Расходные материалы (ПК КСС);6;438;23.04.2024;;09.02.2026;;
ПКНФ-000071;09.02.2026;Болт оцинк. М20х80 DIN933;Оцинкованные метизы (ПК КСС);0.108;0.496;;27.06.2024;09.02.2026;;
ПКНФ-000071;09.02.2026;Навесной замок с ключом GPLK-50L;Оцинкованные метизы (ПК КСС);2;47;;20.01.2025;09.02.2026;;
ПКНФ-000071;09.02.2026;Эструдированный пенополистирол 30мм ""Прочный"" Т-15 585х1185 мм 0,69м2;Расходные материалы (ПК КСС);4;107;;01.04.2025;09.02.2026;;
ПКНФ-000071;09.02.2026;Гайка М27 DIN 934  (А2, 27,0, DIN 934);Нержавеющие метизы (ПК КСС);40;77;;;09.02.2026;;
ПКНФ-000071;09.02.2026;Шайба гровер М27 DIN 127 (А2, DIN 127);Нержавеющие метизы (ПК КСС);40;100;;;09.02.2026;;
ПКНФ-000071;09.02.2026;Шайба М27 DIN 125  (А2, DIN 125);Нержавеющие метизы (ПК КСС);40;101;;;09.02.2026;;
ПКНФ-000071;09.02.2026;Шпилька М12 L1000 (А2, DIN975);Нержавеющие метизы (ПК КСС);4;6;;;09.02.2026;;
ПКНФ-000071;09.02.2026;Шпилька М27 L1000 (А2, DIN975/ DIN976);Нержавеющие метизы (ПК КСС);7;7;;;09.02.2026;;
ПКНФ-000071;09.02.2026;Анкерный болт с гайкой 16*180 HNM тыс;Оцинкованные метизы (ПК КСС);0.024;0.31;;10.06.2024;09.02.2026;;
ПКНФ-000071;09.02.2026;Болт М10*60 DIN 933 полная резьба  (А2, 10,0, 60,0, DIN 933);Нержавеющие метизы (ПК КСС);60;759;;;09.02.2026;;
ПКНФ-000071;09.02.2026;Болт М16*80 DIN 933 полная резьба  (А2, 16,0, 80,0, DIN 933);Нержавеющие метизы (ПК КСС);64;428;;;09.02.2026;;
ПКНФ-000071;09.02.2026;Гайка М10 DIN 934  (А2, 10,0, DIN 934);Нержавеющие метизы (ПК КСС);60;1187;;19.06.2024;09.02.2026;;
ПКНФ-000071;09.02.2026;Гайка М12 DIN 934  (А2, 12,0, DIN 934);Нержавеющие метизы (ПК КСС);12;994;;;09.02.2026;;
ПКНФ-000071;09.02.2026;Гайка М16 DIN 934  (А2, 16,0, DIN 934);Нержавеющие метизы (ПК КСС);70;780;15.05.2024;25.04.2024;09.02.2026;;
ПКНФ-000071;09.02.2026;Гайка М36 DIN 934  А2;Нержавеющие метизы (ПК КСС);12;38;;05.08.2025;09.02.2026;;
ПКНФ-000071;09.02.2026;Грибок канализационный;Полиэтелен, корсис, прагма, НПВХ (ПК КСС);1;2;;17.02.2026;09.02.2026;;
ПКНФ-000071;09.02.2026;Карабин винтовой 4 мм;Крепеж и цепи, тали (ПК КСС);12;39;;;09.02.2026;;
ПКНФ-000071;09.02.2026;Клапан обратный шаровой DN250 PN10 канализационный;Арматура (ПК КСС);3;3;;;09.02.2026;;
ПКНФ-000071;09.02.2026;Манжета резиновая переходная D 110/124 Уп., черн;Полиэтелен, корсис, прагма, НПВХ (ПК КСС);4;6;;;09.02.2026;;
ПКНФ-000071;09.02.2026;Манжета резиновая переходная D 50/72 Уп., черн;Полиэтелен, корсис, прагма, НПВХ (ПК КСС);1;139;;;09.02.2026;;
ПКНФ-000071;09.02.2026;Поплавковый выключатель RL-1 10м;Датчики уровня, преобразователи, реле (ПК КСС);2;68;;05.02.2025;09.02.2026;;
ПКНФ-000071;09.02.2026;Прокладка (паронит) 250;Полиэтелен, корсис, прагма, НПВХ (ПК КСС);12;74;;;09.02.2026;;
ПКНФ-000071;09.02.2026;Проушина прямая 30х70мм;Расходные материалы (ПК КСС);4;175;;;09.02.2026;;
ПКНФ-000071;09.02.2026;Рым-гайка DIN 582 М10;Крепеж и цепи, тали (ПК КСС);6;25;;;09.02.2026;;
ПКНФ-000071;09.02.2026;Рым-гайка DIN 582 М 6;Крепеж и цепи, тали (ПК КСС);0.006;0.035;;17.02.2025;09.02.2026;;
ПКНФ-000071;09.02.2026;Скоба с вкручивающимся штифтом 0,33 т, 1/2т 1/4, тип G209, для насосов до 250 кг;Крепеж и цепи, тали (ПК КСС);8;73;;;09.02.2026;;
ПКНФ-000071;09.02.2026;Труба 110/3,2/0560 наружная канализация;Полиэтелен, корсис, прагма, НПВХ (ПК КСС);3;64;;;09.02.2026;;
ПКНФ-000071;09.02.2026;Труба двустенная для электропроводки d110 с протяжкой(внутр. d94)/ДКС ;Полиэтелен, корсис, прагма, НПВХ (ПК КСС);3;139;;;09.02.2026;;
ПКНФ-000071;09.02.2026;Труба двустенная для электропроводки d50 с протяжкой(внутр. d41,5) [ДКС] (код 19735) 121950;Полиэтелен, корсис, прагма, НПВХ (ПК КСС);3;94;;;09.02.2026;;
ПКНФ-000071;09.02.2026;Цепь короткозвенная 4мм DIN766 оцинк;Крепеж и цепи, тали (ПК КСС);31.1;235.46;;05.07.2024;09.02.2026;;
ПКНФ-000071;09.02.2026;Цепь Т6-6х18 мм ГОСТ 30441-97 (покрытие хим.окс.);Крепеж и цепи, тали (ПК КСС);26.6;142.6;;;09.02.2026;;
ПКНФ-000071;09.02.2026;Шайба  гровер М12 DIN 127 (А2, DIN 127);Нержавеющие метизы (ПК КСС);12;860.964;;;09.02.2026;;
ПКНФ-000071;09.02.2026;Шайба гровер М36 DIN 127;Нержавеющие метизы (ПК КСС);12;59;;;09.02.2026;;
ПКНФ-000071;09.02.2026;Шайба гроверная оц.М20 DIN 127;Оцинкованные метизы (ПК КСС);0.135;1.376;;17.02.2026;09.02.2026;;
ПКНФ-000071;09.02.2026;Шайба М10 DIN 125  (А2, DIN 125);Нержавеющие метизы (ПК КСС);12;900;;;09.02.2026;;
ПКНФ-000071;09.02.2026;Шайба  гровер М10 DIN 127 (А2, DIN 127);Нержавеющие метизы (ПК КСС);60;1118;;;09.02.2026;;
ПКНФ-000071;09.02.2026;Шайба М12 DIN 125  (А2, DIN 125);Нержавеющие метизы (ПК КСС);24;395;;;09.02.2026;;
ПКНФ-000071;09.02.2026;Шайба М16 DIN 125  (А2, DIN 125);Нержавеющие метизы (ПК КСС);140;555;;;09.02.2026;;
ПКНФ-000071;09.02.2026;Шайба гровер М16 DIN 127 (А2, DIN 127);Нержавеющие метизы (ПК КСС);70;1612;;;09.02.2026;;
ПКНФ-000071;09.02.2026;Шайба М36 DIN 125  (А2, DIN 125);Нержавеющие метизы (ПК КСС);24;38;;;09.02.2026;;
ПКНФ-000071;09.02.2026;Шайба плоская оц. М6 DIN 125;Оцинкованные метизы (ПК КСС);0.006;0.59;;25.08.2025;09.02.2026;;
ПКНФ-000071;09.02.2026;Шайба плоская оц.М20  DIN 125;Оцинкованные метизы (ПК КСС);0.27;0.594;18.02.2026;27.06.2024;09.02.2026;;
ПКНФ-000090;09.02.2026;Карабин винтовой 5 мм;Крепеж и цепи, тали (ПК КСС);6;172;;;09.02.2026;;
ПКНФ-000090;09.02.2026;Болт оцинк. М6х40 DIN 933;Оцинкованные метизы (ПК КСС);0.006;0.128;;;09.02.2026;;
ПКНФ-000090;09.02.2026;Труба э/с 108*4,0 ГОСТ 10704-91;СНГ;0.088;0.108;;;09.02.2026;;
ПКНФ-000090;09.02.2026;Обратный клапан фланцевый чугунный шаровый NBR Ду050 Ру10/16 GGG50 ABRA-D-022-NBR-50;Арматура (ПК КСС);2;10;;;09.02.2026;;
ПКНФ-000090;09.02.2026;Болт М12*40 DIN 933 полная резьба  (А2, 12,0, 45,0, DIN 933) ;Нержавеющие метизы (ПК КСС);4;201;;;09.02.2026;;
ПКНФ-000090;09.02.2026;7614.1 - Трубопровод;Составные части трубопровода (Пк КСС);1;1;;;09.02.2026;ПКНФ-000007;22.01.2026
ПКНФ-000090;09.02.2026;7614.1 - Рама под УПМ Балка под крышку;Составные части трубопровода (Пк КСС);1;0;27.01.2026;;09.02.2026;ПКНФ-000008;09.02.2026
ПКНФ-000090;09.02.2026;7614.1 - Направляющие под корзину  Площадка Лестница Балка транспортировочная Корзина;Составные части трубопровода (Пк КСС);1;1;;;09.02.2026;ПКНФ-000009;22.01.2026
ПКНФ-000090;09.02.2026;Скоба такелажная М4;Крепеж и цепи, тали (ПК КСС);6;33;;;09.02.2026;;
ПКНФ-000090;09.02.2026;Труба 25х25х2  ГОСТ;Черные трубы, листы, круги (ПК КСС);315;505;;;09.02.2026;;
ПКНФ-000090;09.02.2026;7614.1 КСС ШУК- 2/3 -0,75кВт АВР+УХЛ1;Шкафы управления (ПК КСС);1;0;;;09.02.2026;;
ПКНФ-000090;09.02.2026;Труба 60х30х2 ГОСТ 8639-82;Черные трубы, листы, круги (ПК КСС);97;179;;;09.02.2026;;
ПКНФ-000090;09.02.2026;Заглушка для трубы 40х40 мм пластик;Расходные материалы (ПК КСС);2;268;;;09.02.2026;;
ПКНФ-000090;09.02.2026;Болт оцинк. М20х60 DIN933;Оцинкованные метизы (ПК КСС);0.012;0.268;;;09.02.2026;;
ПКНФ-000090;09.02.2026;Задвижка 30ч39р Ду50 Pу16 штурвал;Арматура (ПК КСС);2;3;02.02.2026;02.02.2026;09.02.2026;;
ПКНФ-000090;09.02.2026;Труба 160/4,0/580 наружная канализация;Полиэтелен, корсис, прагма, НПВХ (ПК КСС);1;4.5;;;09.02.2026;;
ПКНФ-000090;09.02.2026;Гайка шестигр. оц. М20 DIN 934 тыс шт;Оцинкованные метизы (ПК КСС);0.012;0.668;;27.06.2024;09.02.2026;;
ПКНФ-000090;09.02.2026;Болт оцинк. М16х80  DIN933;Оцинкованные метизы (ПК КСС);0.036;0.757;;;09.02.2026;;
ПКНФ-000090;09.02.2026;Насос 50WQ10-10-0.75ACW(I), 0.75кВт, без АТМ DN50, с реж.механизмом, 2-х полюс. (ПК);Насосы CNP (ПК КСС);2;2;;;09.02.2026;;
ПКНФ-000090;09.02.2026;Труба э/с 40х2 ГОСТ;Черные трубы, листы, круги (ПК КСС);63;63;;;09.02.2026;;
ПКНФ-000090;09.02.2026;Труба э/с 60х2,6 ГОСТ;Черные трубы, листы, круги (ПК КСС);25;73;;;09.02.2026;;
ПКНФ-000090;09.02.2026;Труба э/с 530х8 ГОСТ 10705-80;Черные трубы, листы, круги (ПК КСС);18;35;;;09.02.2026;;
ПКНФ-000090;09.02.2026;Труба э/с 325х7 ГОСТ 10705-80;Черные трубы, листы, круги (ПК КСС);70;70;;;09.02.2026;;
ПКНФ-000090;09.02.2026;Труба э/с 159х4,5 ГОСТ 10704-91;Черные трубы, листы, круги (ПК КСС);0.067;3.1;;;09.02.2026;;
ПКНФ-000090;09.02.2026;Труба 50х25х2  ГОСТ 8639-82;Черные трубы, листы, круги (ПК КСС);84;121;;;09.02.2026;;
ПКНФ-000090;09.02.2026;Труба 40х25х2 ГОСТ;Черные трубы, листы, круги (ПК КСС);115;207;;;09.02.2026;;
ПКНФ-000090;09.02.2026;Автоматическая трубная муфта для насоса WQ DN50,TOS-50, мощность 0.55кВт и выше (ПК);УПМ СNP (ПК КСС);2;4;;;09.02.2026;;
ПКНФ-000090;09.02.2026;Заглушка для трубы 25х25 мм пластик;Расходные материалы (ПК КСС);2;432;23.04.2024;;09.02.2026;;
ПКНФ-000090;09.02.2026;Шайба гроверная оц. Ф16 DIN 127;Оцинкованные метизы (ПК КСС);0.036;1.146;;27.06.2024;09.02.2026;;
ПКНФ-000090;09.02.2026;Труба 60х40х4  ГОСТ 8639-82;Черные трубы, листы, круги (ПК КСС);87;203;;;09.02.2026;;
ПКНФ-000090;09.02.2026;Навесной замок с ключом GPLK-50L;Оцинкованные метизы (ПК КСС);1;46;;20.01.2025;09.02.2026;;
ПКНФ-000090;09.02.2026;Труба 20х20х2 ГОСТ 8639-82;Черные трубы, листы, круги (ПК КСС);200;300;;29.01.2024;09.02.2026;;
ПКНФ-000090;09.02.2026;Муфта Корсис DN160 (OD);Полиэтелен, корсис, прагма, НПВХ (ПК КСС);1;12;;;09.02.2026;;
ПКНФ-000090;09.02.2026;Гайка шестигр. оц М16  (тыс шт);Оцинкованные метизы (ПК КСС);0.036;1.246;;27.06.2024;09.02.2026;;
ПКНФ-000090;09.02.2026;Труба 40х20х1.5 ГОСТ 8645-68;Черные трубы, листы, круги (ПК КСС);18;189;;;09.02.2026;;
ПКНФ-000090;09.02.2026;Труба 40х40х2 ГОСТ 8639-82;Черные трубы, листы, круги (ПК КСС);100;200;;;09.02.2026;;
ПКНФ-000090;09.02.2026;Труба 40х40х3 ГОСТ 8639-82;Черные трубы, листы, круги (ПК КСС);115;120.9;;;09.02.2026;;
ПКНФ-000090;09.02.2026;Труба 40х20х2 ГОСТ 8639-82;Черные трубы, листы, круги (ПК КСС);29;111;;29.01.2024;09.02.2026;;
ПКНФ-000090;09.02.2026;Труба 60х40х2 ГОСТ 8645-68;Черные трубы, листы, круги (ПК КСС);113;146;;;09.02.2026;;
ПКНФ-000090;09.02.2026;Труба 60х60х2  ГОСТ 8639-82;Черные трубы, листы, круги (ПК КСС);69;94.5;;;09.02.2026;;
ПКНФ-000090;09.02.2026;Шпилька М10 L1000 (А2, DIN975);Нержавеющие метизы (ПК КСС);1;11.494;;26.02.2026;09.02.2026;;
ПКНФ-000090;09.02.2026;Анкерный болт с гайкой 12*120 HNM ПК (тыс);Оцинкованные метизы (ПК КСС);0.01;0.189;;;09.02.2026;;
ПКНФ-000090;09.02.2026;Болт М10*60 DIN 933 полная резьба  (А2, 10,0, 60,0, DIN 933);Нержавеющие метизы (ПК КСС);30;719;;;09.02.2026;;
ПКНФ-000090;09.02.2026;Болт М12*80 DIN 933 полная резьба  (А2, 12,0, 80,0, DIN 933);Нержавеющие метизы (ПК КСС);8;68;;;09.02.2026;;
ПКНФ-000090;09.02.2026;Болт М16*80 DIN 933 полная резьба  (А2, 16,0, 80,0, DIN 933);Нержавеющие метизы (ПК КСС);8;388;;;09.02.2026;;
ПКНФ-000090;09.02.2026;Гайка М10 DIN 934  (А2, 10,0, DIN 934);Нержавеющие метизы (ПК КСС);34;1147;;19.06.2024;09.02.2026;;
ПКНФ-000090;09.02.2026;Гайка М12 DIN 934  (А2, 12,0, DIN 934);Нержавеющие метизы (ПК КСС);12;986;;;09.02.2026;;
ПКНФ-000090;09.02.2026;Гайка М16 DIN 934  (А2, 16,0, DIN 934);Нержавеющие метизы (ПК КСС);8;734;15.05.2024;25.04.2024;09.02.2026;;
ПКНФ-000090;09.02.2026;Грибок канализационный;Полиэтелен, корсис, прагма, НПВХ (ПК КСС);1;2;;17.02.2026;09.02.2026;;
ПКНФ-000090;09.02.2026;Карабин винтовой 4 мм;Крепеж и цепи, тали (ПК КСС);6;45;;;09.02.2026;;
ПКНФ-000090;09.02.2026;Манжета резиновая переходная D 110/124 Уп., черн;Полиэтелен, корсис, прагма, НПВХ (ПК КСС);2;4;;;09.02.2026;;
ПКНФ-000090;09.02.2026;Манжета резиновая переходная D 50/72 Уп., черн;Полиэтелен, корсис, прагма, НПВХ (ПК КСС);1;139;;;09.02.2026;;
ПКНФ-000090;09.02.2026;Отвод 90 гр. НПВХ DN110;Полиэтелен, корсис, прагма, НПВХ (ПК КСС);1;2;;;09.02.2026;;
ПКНФ-000090;09.02.2026;Поплавковый выключатель RL-1 10м;Датчики уровня, преобразователи, реле (ПК КСС);4;72;;05.02.2025;09.02.2026;;
ПКНФ-000090;09.02.2026;Прокладка (паронит) 50;Полиэтелен, корсис, прагма, НПВХ (ПК КСС);8;46;;;09.02.2026;;
ПКНФ-000090;09.02.2026;Проушина прямая 30х70мм;Расходные материалы (ПК КСС);2;173;;;09.02.2026;;
ПКНФ-000090;09.02.2026;Рым-гайка DIN 582 М10;Крепеж и цепи, тали (ПК КСС);6;25;;;09.02.2026;;
ПКНФ-000090;09.02.2026;Рым-гайка DIN 582 М 6;Крепеж и цепи, тали (ПК КСС);0.006;0.035;;17.02.2025;09.02.2026;;
ПКНФ-000090;09.02.2026;Скоба с вкручивающимся штифтом 0,33 т, 1/2т 1/4, тип G209, для насосов до 250 кг;Крепеж и цепи, тали (ПК КСС);6;65;;;09.02.2026;;
ПКНФ-000090;09.02.2026;Труба 110/3,2/0560 наружная канализация;Полиэтелен, корсис, прагма, НПВХ (ПК КСС);2;62;;;09.02.2026;;
ПКНФ-000090;09.02.2026;Труба двустенная для электропроводки d110 с протяжкой(внутр. d94)/ДКС ;Полиэтелен, корсис, прагма, НПВХ (ПК КСС);3;139;;;09.02.2026;;
ПКНФ-000090;09.02.2026;Труба двустенная для электропроводки d50 с протяжкой(внутр. d41,5) [ДКС] (код 19735) 121950;Полиэтелен, корсис, прагма, НПВХ (ПК КСС);3;94;;;09.02.2026;;
ПКНФ-000090;09.02.2026;Цепь короткозвенная 4мм DIN766 оцинк;Крепеж и цепи, тали (ПК КСС);9.7;211.86;;05.07.2024;09.02.2026;;
ПКНФ-000090;09.02.2026;Цепь Т6-6х18 мм ГОСТ 30441-97 (покрытие хим.окс.);Крепеж и цепи, тали (ПК КСС);12.8;124.6;;;09.02.2026;;
ПКНФ-000090;09.02.2026;Шайба  гровер М12 DIN 127 (А2, DIN 127);Нержавеющие метизы (ПК КСС);12;852.964;;;09.02.2026;;
ПКНФ-000090;09.02.2026;Шайба гроверная оц.М20 DIN 127;Оцинкованные метизы (ПК КСС);0.012;1.253;;17.02.2026;09.02.2026;;
ПКНФ-000090;09.02.2026;Шайба М10 DIN 125  (А2, DIN 125);Нержавеющие метизы (ПК КСС);68;860;;;09.02.2026;;
ПКНФ-000090;09.02.2026;Шайба  гровер М10 DIN 127 (А2, DIN 127);Нержавеющие метизы (ПК КСС);34;1034;;;09.02.2026;;
ПКНФ-000090;09.02.2026;Шайба М12 DIN 125  (А2, DIN 125);Нержавеющие метизы (ПК КСС);24;379;;;09.02.2026;;
ПКНФ-000090;09.02.2026;Шайба М16 DIN 125  (А2, DIN 125);Нержавеющие метизы (ПК КСС);16;463;;;09.02.2026;;
ПКНФ-000090;09.02.2026;Шайба гровер М16 DIN 127 (А2, DIN 127);Нержавеющие метизы (ПК КСС);8;1566;;;09.02.2026;;
ПКНФ-000090;09.02.2026;Шайба плоская оц. М6 DIN 125;Оцинкованные метизы (ПК КСС);0.006;0.59;;25.08.2025;09.02.2026;;
ПКНФ-000090;09.02.2026;Шайба плоская оц.М16  DIN 125;Оцинкованные метизы (ПК КСС);0.072;1.384;;27.06.2024;09.02.2026;;
ПКНФ-000090;09.02.2026;Шайба плоская оц.М20  DIN 125;Оцинкованные метизы (ПК КСС);0.024;0.348;18.02.2026;27.06.2024;09.02.2026;;
ПКНФ-000123;09.02.2026;Карабин винтовой 5 мм;Крепеж и цепи, тали (ПК КСС);6;166;;;09.02.2026;;
ПКНФ-000123;09.02.2026;579 КСС ШУКПП- 2/3 -30кВт +Расходомер+УХЛ1;Шкафы управления (ПК КСС);1;0;08.12.2025;;09.02.2026;;
ПКНФ-000123;09.02.2026;Канализационный насос WQ2290-4172A-200;Насосы Kaiquan(ПК КСС);2;0;01.04.2026;01.04.2026;09.02.2026;;
ПКНФ-000123;09.02.2026;Болт оцинк. М6х40 DIN 933;Оцинкованные метизы (ПК КСС);0.002;0.118;;;09.02.2026;;
ПКНФ-000123;09.02.2026;579 - Трубопровод;Составные части трубопровода (Пк КСС);1;1;;;09.02.2026;ПКНФ-000112;27.01.2026
ПКНФ-000123;09.02.2026;579 - Рама под УПМ Балка под крышку Направляющ. насосов;Составные части трубопровода (Пк КСС);1;0;04.02.2026;;09.02.2026;ПКНФ-000105;30.01.2026
ПКНФ-000123;09.02.2026;579 - Площадка Лестница Корзина и ее направляющие Транспортировочная балка;Составные части трубопровода (Пк КСС);1;1;;;09.02.2026;ПКНФ-000111;30.01.2026
ПКНФ-000123;09.02.2026;Труба э/с 108*4,0 ГОСТ 10704-91;СНГ;0.025;0.025;;;09.02.2026;;
ПКНФ-000123;09.02.2026;Скоба такелажная М4;Крепеж и цепи, тали (ПК КСС);10;31;;;09.02.2026;;
ПКНФ-000123;09.02.2026;Труба 25х25х2  ГОСТ;Черные трубы, листы, круги (ПК КСС);412.5;418.5;;;09.02.2026;;
ПКНФ-000123;09.02.2026;579 - Пластины 1400х670;Составные части трубопровода (Пк КСС);2;0;17.02.2026;;09.02.2026;ПКНФ-000287;17.02.2026
ПКНФ-000123;09.02.2026;Труба 60х30х2 ГОСТ 8639-82;Черные трубы, листы, круги (ПК КСС);31.25;31.25;;;09.02.2026;;
ПКНФ-000123;09.02.2026;Болт оцинк. М12х60 DIN933;Оцинкованные метизы (ПК КСС);0.004;0.4;;03.06.2024;09.02.2026;;
ПКНФ-000123;09.02.2026;Шайба плоская оц. М12  DIN 125;Оцинкованные метизы (ПК КСС);0.004;0.723;;03.06.2024;09.02.2026;;
ПКНФ-000123;09.02.2026;Заглушка для трубы 40х40 мм пластик;Расходные материалы (ПК КСС);2;266;;;09.02.2026;;
ПКНФ-000123;09.02.2026;Расходомер ЭТАЛОН-РМ-1К2Л-RS485-250ФЛ/50М-И (Одноканальный двухлучевой Р=1,6 МПа, RS485, архив, усил;Расходомеры, манометры (ПК КСС);2;2;;;09.02.2026;;
ПКНФ-000123;09.02.2026;Труба э/с 40х2 ГОСТ;Черные трубы, листы, круги (ПК КСС);62.5;62.5;;;09.02.2026;;
ПКНФ-000123;09.02.2026;Труба э/с 60х2,6 ГОСТ;Черные трубы, листы, круги (ПК КСС);37.5;37.5;;;09.02.2026;;
ПКНФ-000123;09.02.2026;Труба э/с 530х8 ГОСТ 10705-80;Черные трубы, листы, круги (ПК КСС);50;50;;;09.02.2026;;
ПКНФ-000123;09.02.2026;Труба э/с 159х4,5 ГОСТ 10704-91;Черные трубы, листы, круги (ПК КСС);0.094;3.094;;;09.02.2026;;
ПКНФ-000123;09.02.2026;Труба 50х25х2  ГОСТ 8639-82;Черные трубы, листы, круги (ПК КСС);56.25;56.25;;;09.02.2026;;
ПКНФ-000123;09.02.2026;Труба 40х25х2 ГОСТ;Черные трубы, листы, круги (ПК КСС);137.5;137.5;;;09.02.2026;;
ПКНФ-000123;09.02.2026;Задвижка 30ч39р Ду250 Pу10 штурвал;Арматура (ПК КСС);3;3;;;09.02.2026;;
ПКНФ-000123;09.02.2026;Заглушка для трубы 25х25 мм пластик;Расходные материалы (ПК КСС);2;432;23.04.2024;;09.02.2026;;
ПКНФ-000123;09.02.2026;Болт М14*060 DIN 933 полная резьба  (А2, 14,0, 100,0, DIN 933);Нержавеющие метизы (ПК КСС);27;486;25.04.2024;;09.02.2026;;
ПКНФ-000123;09.02.2026;Шайба оцинк гровер М12 DIN 127;Оцинкованные метизы (ПК КСС);0.004;0.73;;03.06.2024;09.02.2026;;
ПКНФ-000123;09.02.2026;Труба 60х40х4  ГОСТ 8639-82;Черные трубы, листы, круги (ПК КСС);50;50;;;09.02.2026;;
ПКНФ-000123;09.02.2026;Навесной замок с ключом GPLK-50L;Оцинкованные метизы (ПК КСС);1;45;;20.01.2025;09.02.2026;;
ПКНФ-000123;09.02.2026;Автоматическая трубная муфта 200WQL-00A;Другие насосы и УПМ (ПК КСС);2;2;;;09.02.2026;;
ПКНФ-000123;09.02.2026;Труба 20х20х2 ГОСТ 8639-82;Черные трубы, листы, круги (ПК КСС);115.625;115.625;;29.01.2024;09.02.2026;;
ПКНФ-000123;09.02.2026;Шайба гровер М20 DIN 127 (А2, DIN 127);Нержавеющие метизы (ПК КСС);72;1993;;;09.02.2026;;
ПКНФ-000123;09.02.2026;Болт М24*100 DIN 933 полная резьба  (А2, 24,0, 100,0, DIN 933);Нержавеющие метизы (ПК КСС);72;300;;;09.02.2026;;
ПКНФ-000123;09.02.2026;Болт М20*100 DIN 933 полная резьба  (А2, 20,0, 90,0, DIN 933);Нержавеющие метизы (ПК КСС);72;66;;;09.02.2026;;
ПКНФ-000123;09.02.2026;Гайка шестигр. оц М12 DIN934;Оцинкованные метизы (ПК КСС);0.004;1.204;;03.06.2024;09.02.2026;;
ПКНФ-000123;09.02.2026;Труба 40х20х1.5 ГОСТ 8645-68;Черные трубы, листы, круги (ПК КСС);331.25;331.25;;;09.02.2026;;
ПКНФ-000123;09.02.2026;Труба 40х40х2 ГОСТ 8639-82;Черные трубы, листы, круги (ПК КСС);37.5;40.5;;;09.02.2026;;
ПКНФ-000123;09.02.2026;Труба 40х40х3 ГОСТ 8639-82;Черные трубы, листы, круги (ПК КСС);25;27.4;;;09.02.2026;;
ПКНФ-000123;09.02.2026;Труба 40х20х2 ГОСТ 8639-82;Черные трубы, листы, круги (ПК КСС);100;100;;29.01.2024;09.02.2026;;
ПКНФ-000123;09.02.2026;Труба 60х40х2 ГОСТ 8645-68;Черные трубы, листы, круги (ПК КСС);37.5;37.5;;;09.02.2026;;
ПКНФ-000123;09.02.2026;Труба 60х60х2  ГОСТ 8639-82;Черные трубы, листы, круги (ПК КСС);68.75;70.25;;;09.02.2026;;
ПКНФ-000123;09.02.2026;Шпилька М10 L1000 (А2, DIN975);Нержавеющие метизы (ПК КСС);2;11.494;;26.02.2026;09.02.2026;;
ПКНФ-000123;09.02.2026;Анкерный болт с гайкой 16*180 HNM тыс;Оцинкованные метизы (ПК КСС);0.016;0.302;;10.06.2024;09.02.2026;;
ПКНФ-000123;09.02.2026;Болт М10*60 DIN 933 полная резьба  (А2, 10,0, 60,0, DIN 933);Нержавеющие метизы (ПК КСС);50;699;;;09.02.2026;;
ПКНФ-000123;09.02.2026;Болт М12*60 DIN 933 полная резьба  (А2, 12,0, 60,0, DIN 933);Нержавеющие метизы (ПК КСС);30;326;;;09.02.2026;;
ПКНФ-000123;09.02.2026;Болт М16*80 DIN 933 полная резьба  (А2, 16,0, 80,0, DIN 933);Нержавеющие метизы (ПК КСС);16;380;;;09.02.2026;;
ПКНФ-000123;09.02.2026;Болт М30*090 DIN 933 полная резьба  (А2, 30,0, 90,0, DIN 933);Нержавеющие метизы (ПК КСС);8;20;;;09.02.2026;;
ПКНФ-000123;09.02.2026;Гайка М10 DIN 934  (А2, 10,0, DIN 934);Нержавеющие метизы (ПК КСС);50;1119;;19.06.2024;09.02.2026;;
ПКНФ-000123;09.02.2026;Гайка М12 DIN 934  (А2, 12,0, DIN 934);Нержавеющие метизы (ПК КСС);30;1000;;;09.02.2026;;
ПКНФ-000123;09.02.2026;Гайка М14 DIN 934  (А2, 14,0, DIN 934);Нержавеющие метизы (ПК КСС);27;795;;;09.02.2026;;
ПКНФ-000123;09.02.2026;Гайка М20 DIN 934  (А2, 20,0, DIN 934);Нержавеющие метизы (ПК КСС);72;179;;;09.02.2026;;
ПКНФ-000123;09.02.2026;Гайка М24 DIN 934  (А2, 24,0, DIN 934);Нержавеющие метизы (ПК КСС);72;782;;08.10.2024;09.02.2026;;
ПКНФ-000123;09.02.2026;Гайка М30 DIN 934  (А2, 20,0, DIN 934);Нержавеющие метизы (ПК КСС);8;70;;;09.02.2026;;
ПКНФ-000123;09.02.2026;Грибок канализационный;Полиэтелен, корсис, прагма, НПВХ (ПК КСС);1;1;;17.02.2026;09.02.2026;;
ПКНФ-000123;09.02.2026;Карабин винтовой 4 мм;Крепеж и цепи, тали (ПК КСС);10;43;;;09.02.2026;;
ПКНФ-000123;09.02.2026;Клапан обратный шаровой DN250 PN10 канализационный;Арматура (ПК КСС);2;2;;;09.02.2026;;
ПКНФ-000123;09.02.2026;Манжета резиновая переходная D 110/124 Уп., черн;Полиэтелен, корсис, прагма, НПВХ (ПК КСС);2;2;;;09.02.2026;;
ПКНФ-000123;09.02.2026;Манжета резиновая переходная D 50/72 Уп., черн;Полиэтелен, корсис, прагма, НПВХ (ПК КСС);1;138;;;09.02.2026;;
ПКНФ-000123;09.02.2026;Отвод 90 гр. НПВХ DN110;Полиэтелен, корсис, прагма, НПВХ (ПК КСС);1;1;;;09.02.2026;;
ПКНФ-000123;09.02.2026;Поплавковый выключатель RL-1 10м;Датчики уровня, преобразователи, реле (ПК КСС);4;68;;05.02.2025;09.02.2026;;
ПКНФ-000123;09.02.2026;Прокладка (паронит) 200;Полиэтелен, корсис, прагма, НПВХ (ПК КСС);2;63;;;09.02.2026;;
ПКНФ-000123;09.02.2026;Прокладка (паронит) 250;Полиэтелен, корсис, прагма, НПВХ (ПК КСС);12;74;;;09.02.2026;;
ПКНФ-000123;09.02.2026;Проушина прямая 30х70мм;Расходные материалы (ПК КСС);2;171;;;09.02.2026;;
ПКНФ-000123;09.02.2026;Рым-гайка DIN 582 М10;Крепеж и цепи, тали (ПК КСС);2;15;;;09.02.2026;;
ПКНФ-000123;09.02.2026;Рым-гайка DIN 582 М 6;Крепеж и цепи, тали (ПК КСС);0.002;0.025;;17.02.2025;09.02.2026;;
ПКНФ-000123;09.02.2026;Скоба с вкручивающимся штифтом 0,33 т, 1/2т 1/4, тип G209, для насосов до 250 кг;Крепеж и цепи, тали (ПК КСС);6;65;;;09.02.2026;;
ПКНФ-000123;09.02.2026;Труба двустенная для электропроводки d110 с протяжкой(внутр. d94)/ДКС ;Полиэтелен, корсис, прагма, НПВХ (ПК КСС);4;137;;;09.02.2026;;
ПКНФ-000123;09.02.2026;Труба двустенная для электропроводки d50 с протяжкой(внутр. d41,5) [ДКС] (код 19735) 121950;Полиэтелен, корсис, прагма, НПВХ (ПК КСС);1;89;;;09.02.2026;;
ПКНФ-000123;09.02.2026;Цепь короткозвенная 4мм DIN766 оцинк;Крепеж и цепи, тали (ПК КСС);18.3;208.76;;05.07.2024;09.02.2026;;
ПКНФ-000123;09.02.2026;Цепь Т6-6х18 мм ГОСТ 30441-97 (покрытие хим.окс.);Крепеж и цепи, тали (ПК КСС);21;115.4;;;09.02.2026;;
ПКНФ-000123;09.02.2026;Шайба  гровер М12 DIN 127 (А2, DIN 127);Нержавеющие метизы (ПК КСС);30;866.964;;;09.02.2026;;
ПКНФ-000123;09.02.2026;Шайба  гровер М14 DIN 127 (А2, DIN 127);Нержавеющие метизы (ПК КСС);27;1906;;;09.02.2026;;
ПКНФ-000123;09.02.2026;Шайба гровер М24 DIN 127 (А2, DIN 127);Нержавеющие метизы (ПК КСС);72;445;;08.10.2024;09.02.2026;;
ПКНФ-000123;09.02.2026;Шайба М10 DIN 125  (А2, DIN 125);Нержавеющие метизы (ПК КСС);100;872;;;09.02.2026;;
ПКНФ-000123;09.02.2026;Шайба  гровер М10 DIN 127 (А2, DIN 127);Нержавеющие метизы (ПК КСС);50;1050;;;09.02.2026;;
ПКНФ-000123;09.02.2026;Шайба М12 DIN 125  (А2, DIN 125);Нержавеющие метизы (ПК КСС);60;407;;;09.02.2026;;
ПКНФ-000123;09.02.2026;Шайба М14 DIN 125  (А2, DIN 125);Нержавеющие метизы (ПК КСС);54;376;;;09.02.2026;;
ПКНФ-000123;09.02.2026;Шайба М16 DIN 125  (А2, DIN 125);Нержавеющие метизы (ПК КСС);32;447;;;09.02.2026;;
ПКНФ-000123;09.02.2026;Шайба гровер М16 DIN 127 (А2, DIN 127);Нержавеющие метизы (ПК КСС);32;1574;;;09.02.2026;;
ПКНФ-000123;09.02.2026;Шайба М20 DIN 125  (А2, DIN 125);Нержавеющие метизы (ПК КСС);144;1398;;;09.02.2026;;
ПКНФ-000123;09.02.2026;Шайба М24 DIN 125  (А2, DIN 125);Нержавеющие метизы (ПК КСС);144;916;;;09.02.2026;;
ПКНФ-000123;09.02.2026;Шайба М30 DIN 125  (А2, DIN 125);Нержавеющие метизы (ПК КСС);24;74;;;09.02.2026;;
ПКНФ-000123;09.02.2026;Шайба  гровер М30 DIN 127 (А2, DIN 127);Нержавеющие метизы (ПК КСС);8;50;;;09.02.2026;;
ПКНФ-000123;09.02.2026;Шайба плоская оц. М6 DIN 125;Оцинкованные метизы (ПК КСС);0.002;0.58;;25.08.2025;09.02.2026;;
ПКНФ-000132;09.02.2026;Труба ПЭ100 для газоснабжения DN/OD 75 SDR 11;Полиэтелен, корсис, прагма, НПВХ (ПК КСС);184;184;;;09.02.2026;;
ПКНФ-000132;09.02.2026;Труба PPR SDR 6 PN20 50/8,3/4000 мм, БЕЛАЯ, Pro Aqua PA10014;Полиэтелен, корсис, прагма, НПВХ (ПК КСС);5;15.5;18.02.2026;18.02.2026;09.02.2026;;
ПКНФ-000132;09.02.2026;Муфта PPR комбинированная 50х1 1/2""НР под ключ, белая, Pro Aqua PA23522P;Полиэтелен, корсис, прагма, НПВХ (ПК КСС);3;8;18.02.2026;18.02.2026;09.02.2026;;
ПКНФ-000132;09.02.2026;Муфта PPR комбинированная 50х1 1/2""ВР под ключ, белая, Pro Aqua PA22522P;Полиэтелен, корсис, прагма, НПВХ (ПК КСС);2;6;18.02.2026;18.02.2026;09.02.2026;;
ПКНФ-000132;09.02.2026;Угольник PPR 50/90°, белый, Pro Aqua PA13016P;Полиэтелен, корсис, прагма, НПВХ (ПК КСС);1;2;18.02.2026;18.02.2026;09.02.2026;;
ПКНФ-000132;09.02.2026;Установка повышения давления КСС-МЧ-3 CDM1-8+СХ+ГА8;Установки ВНС и ПНС (ПК КСС);1;1;;;09.02.2026;ПКНФ-000095;22.01.2026
ПКНФ-000132;09.02.2026;Уплотнитель кольцевого пространства марки АктивРинг ТУ 2531-002-58859224-2014 изм. 1 (АР 350 оцинк.);Полиэтелен, корсис, прагма, НПВХ (ПК КСС);27;27;;;09.02.2026;;
ПКНФ-000132;09.02.2026;7719.4 - Трубопровод, патрубки;Составные части трубопровода (Пк КСС);1;1;;;09.02.2026;ПКНФ-001447;25.12.2025
ПКНФ-000132;09.02.2026;7719.4 - Лестница;Составные части трубопровода (Пк КСС);1;1;;;09.02.2026;ПКНФ-000142;22.01.2026
ПКНФ-000132;09.02.2026;7719.4 -  Рама под установку Балка под крышку Транспортировочные петли;Составные части трубопровода (Пк КСС);1;1;;;09.02.2026;ПКНФ-000174;21.01.2026
ПКНФ-000132;09.02.2026;Гайка шестигр.М10 оц. DIN934;Оцинкованные метизы (ПК КСС);0.028;0.269;07.10.2024;07.10.2024;09.02.2026;;
ПКНФ-000132;09.02.2026;Труба 25х25х2  ГОСТ;Черные трубы, листы, круги (ПК КСС);70;488.5;;;09.02.2026;;
ПКНФ-000132;09.02.2026;Болт оцинк. М10х60 DIN933;Оцинкованные метизы (ПК КСС);0.028;0.398;;;09.02.2026;;
ПКНФ-000132;09.02.2026;Труба 60х30х2 ГОСТ 8639-82;Черные трубы, листы, круги (ПК КСС);63;94.25;;;09.02.2026;;
ПКНФ-000132;09.02.2026;Болт оцинк. М12х40 DIN 933;Оцинкованные метизы (ПК КСС);0.004;0.479;;27.06.2024;09.02.2026;;
ПКНФ-000132;09.02.2026;Шайба плоская оц. М12  DIN 125;Оцинкованные метизы (ПК КСС);0.028;0.759;;03.06.2024;09.02.2026;;
ПКНФ-000132;09.02.2026;Болт оцинк. М16х120 DIN933;Оцинкованные метизы (ПК КСС);0.016;0.094;;27.06.2024;09.02.2026;;
ПКНФ-000132;09.02.2026;Труба 160/4,0/580 наружная канализация;Полиэтелен, корсис, прагма, НПВХ (ПК КСС);3;6.5;;;09.02.2026;;
ПКНФ-000132;09.02.2026;Болт оцинк. М16х80  DIN933;Оцинкованные метизы (ПК КСС);0.012;0.749;;;09.02.2026;;
ПКНФ-000132;09.02.2026;Ниппель приварной (резьба) DN40 1 1/2"" чермет;Черные фланцы и фиттинги (ПК КСС);2;25;;;09.02.2026;;
ПКНФ-000132;09.02.2026;Труба э/с 60х2,6 ГОСТ;Черные трубы, листы, круги (ПК КСС);142;179.5;;;09.02.2026;;
ПКНФ-000132;09.02.2026;Труба 30х20х2 ГОСТ;Черные трубы, листы, круги (ПК КСС);100;100;;;09.02.2026;;
ПКНФ-000132;09.02.2026;Труба 40х25х2 ГОСТ;Черные трубы, листы, круги (ПК КСС);60;197.5;;;09.02.2026;;
ПКНФ-000132;09.02.2026;Шаровой кран латунный 1 1/2"" ВР-НР, ручка-рычаг, красный - полнопрох. с полусгоном, MVI BV.920.08;Арматура (ПК КСС);1;2;18.02.2026;18.02.2026;09.02.2026;;
ПКНФ-000132;09.02.2026;Труба АД31Т1 д.20х2х6000мм;Черные трубы, листы, круги (ПК КСС);87;87;;;09.02.2026;;
ПКНФ-000132;09.02.2026;Стеклоровинг ECR24-2400D-601 (Шандон) намотка Китай;Сырье стеклопластиковое;1285;54436.5;;12.01.2025;09.02.2026;;
ПКНФ-000132;09.02.2026;Заглушка для трубы 25х25 мм пластик;Расходные материалы (ПК КСС);2;436;23.04.2024;;09.02.2026;;
ПКНФ-000132;09.02.2026;Затвор поворотный межфланцевый ABRA BUV-VF826D050H DN050 PN16/10 корпус GG25 /диск GGG40 / седло EPD;Арматура (ПК КСС);3;3;;;09.02.2026;;
ПКНФ-000132;09.02.2026;Гибкая вставка эластичная - антивибрационный компенсатор (виброкомпенсатор) DN050 PN10, фланец/флане;Арматура (ПК КСС);3;4;;;09.02.2026;;
ПКНФ-000132;09.02.2026;Шайба оцинк гровер М12 DIN 127;Оцинкованные метизы (ПК КСС);0.004;0.736;;03.06.2024;09.02.2026;;
ПКНФ-000132;09.02.2026;Шайба гроверная оц. Ф16 DIN 127;Оцинкованные метизы (ПК КСС);0.028;1.186;;27.06.2024;09.02.2026;;
ПКНФ-000132;09.02.2026;Труба 60х40х4  ГОСТ 8639-82;Черные трубы, листы, круги (ПК КСС);100;150;;;09.02.2026;;
ПКНФ-000132;09.02.2026;Насос дренажный «Leo» QDX 6-18-0.75А (закрытая крыльчатка) (ПК);Насосы LEO/ОНИС (ПК КСС);1;2;;;09.02.2026;;
ПКНФ-000132;09.02.2026;Обратный клапан с лат. сердечником AquaHit 1 1/2"", MVI CV.320.08;Арматура (ПК КСС);1;8;;;09.02.2026;;
ПКНФ-000132;09.02.2026;Шайба плоская оц. М10  DIN 125;Оцинкованные метизы (ПК КСС);0.028;0.602;;25.08.2025;09.02.2026;;
ПКНФ-000132;09.02.2026;Навесной замок с ключом GPLK-50L;Оцинкованные метизы (ПК КСС);1;48;;20.01.2025;09.02.2026;;
ПКНФ-000132;09.02.2026;Труба 20х20х2 ГОСТ 8639-82;Черные трубы, листы, круги (ПК КСС);130;245.625;;29.01.2024;09.02.2026;;
ПКНФ-000132;09.02.2026;Гайка шестигр. оц М12 DIN934;Оцинкованные метизы (ПК КСС);0.004;1.21;;03.06.2024;09.02.2026;;
ПКНФ-000132;09.02.2026;Гайка шестигр. оц М16  (тыс шт);Оцинкованные метизы (ПК КСС);0.028;1.258;;27.06.2024;09.02.2026;;
ПКНФ-000132;09.02.2026;Труба 40х20х1.5 ГОСТ 8645-68;Черные трубы, листы, круги (ПК КСС);87;418.25;;;09.02.2026;;
ПКНФ-000132;09.02.2026;Труба ВГП ОЦ 40х3,5 ГОСТ 3262-75 (м);Черные трубы, листы, круги (ПК КСС);0.2;0.2;;;09.02.2026;;
ПКНФ-000132;09.02.2026;Труба 40х20х2 ГОСТ 8639-82;Черные трубы, листы, круги (ПК КСС);33;133;;29.01.2024;09.02.2026;;
ПКНФ-000132;09.02.2026;Труба 60х40х2 ГОСТ 8645-68;Черные трубы, листы, круги (ПК КСС);50;87.5;;;09.02.2026;;
ПКНФ-000132;09.02.2026;Труба 60х40х3  ГОСТ 8645-68;Черные трубы, листы, круги (ПК КСС);70;70;;;09.02.2026;;
ПКНФ-000132;09.02.2026;Труба 60х60х2  ГОСТ 8639-82;Черные трубы, листы, круги (ПК КСС);13;83.25;;;09.02.2026;;
ПКНФ-000132;09.02.2026;Шпилька М10 L1000 (А2, DIN975);Нержавеющие метизы (ПК КСС);1;10.494;;26.02.2026;09.02.2026;;
ПКНФ-000132;09.02.2026;Анкерный болт с гайкой 16*180 HNM тыс;Оцинкованные метизы (ПК КСС);0.02;0.328;;10.06.2024;09.02.2026;;
ПКНФ-000132;09.02.2026;Грибок канализационный;Полиэтелен, корсис, прагма, НПВХ (ПК КСС);1;4;;17.02.2026;09.02.2026;;
ПКНФ-000132;09.02.2026;Лента стеклянная 400, 250 мм, кг;Сырье стеклопластиковое;97;6711.5;;;09.02.2026;;
ПКНФ-000132;09.02.2026;Манжета резиновая переходная D 110/124 Уп., черн;Полиэтелен, корсис, прагма, НПВХ (ПК КСС);1;5;;;09.02.2026;;
ПКНФ-000132;09.02.2026;Отвердитель Akperox А60 (30кг);Сырье стеклопластиковое;12.5;559.65;;;09.02.2026;;
ПКНФ-000132;09.02.2026;Отвод 90 гр. НПВХ DN110;Полиэтелен, корсис, прагма, НПВХ (ПК КСС);1;2;;;09.02.2026;;
ПКНФ-000132;09.02.2026;Пигмент железооксидный зеленый Green ТС 5605. Производство Китай.;Сырье стеклопластиковое;1;77.1;;;09.02.2026;;
ПКНФ-000132;09.02.2026;Прокладка (паронит) 50;Полиэтелен, корсис, прагма, НПВХ (ПК КСС);1;39;;;09.02.2026;;
ПКНФ-000132;09.02.2026;Проушина прямая 30х70мм;Расходные материалы (ПК КСС);2;177;;;09.02.2026;;
ПКНФ-000132;09.02.2026;Смола полимер 3401 А (1000кг);Сырье стеклопластиковое;533;10725.2;;12.01.2026;09.02.2026;;
ПКНФ-000132;09.02.2026;Смола полимер 3401 ТА (1000кг);Сырье стеклопластиковое;572;41155.6;;12.01.2026;09.02.2026;;
ПКНФ-000132;09.02.2026;Стекломат  E6CRMC600-1250-Е (45кг) Джуши Китай;Сырье стеклопластиковое;189;25593.7;;12.01.2025;09.02.2026;;
ПКНФ-000132;09.02.2026;Стеклорогожа EWR 560;Сырье стеклопластиковое;49;4710.6;;;09.02.2026;;
ПКНФ-000132;09.02.2026;Труба 110/3,2/0560 наружная канализация;Полиэтелен, корсис, прагма, НПВХ (ПК КСС);2;63;;;09.02.2026;;
ПКНФ-000132;09.02.2026;Труба двустенная для электропроводки d110 с протяжкой(внутр. d94)/ДКС ;Полиэтелен, корсис, прагма, НПВХ (ПК КСС);2;138;;;09.02.2026;;
ПКНФ-000132;09.02.2026;Шайба плоская оц.М16  DIN 125;Оцинкованные метизы (ПК КСС);0.056;1.348;;27.06.2024;09.02.2026;;
ПКНФ-000132;09.02.2026;Электроконвектор ЭВПТ-2,0 IP54;Расходомеры, манометры (ПК КСС);1;4;;26.02.2026;09.02.2026;;
ПКНФ-000134;09.02.2026;Труба ПЭ100 для газоснабжения DN/OD 75 SDR 11;Полиэтелен, корсис, прагма, НПВХ (ПК КСС);85;85;;;09.02.2026;;
ПКНФ-000134;09.02.2026;Болт М24*80 DIN 933 полная резьба  (А2, 24,0, 80,0, DIN 933);Нержавеющие метизы (ПК КСС);8;306;;;09.02.2026;;
ПКНФ-000134;09.02.2026;Насос 250WQ600-10-22-6PAC(I), 22кВт, без АТМ DN250, 6-и полюс.;Насосы CNP (ПК КСС);2;0;;;09.02.2026;;
ПКНФ-000134;09.02.2026;7038.1 КСС ШУКПП- 2/3 -22кВт +УХЛ1;Шкафы управления (ПК КСС);1;1;;;09.02.2026;;
ПКНФ-000134;09.02.2026;Муфта соединительная ПЭ для гофрированной трубы OD 500;Полиэтелен, корсис, прагма, НПВХ (ПК КСС);1;1;;;09.02.2026;;
ПКНФ-000134;09.02.2026;7038.1 - Трубопровод;Составные части трубопровода (Пк КСС);1;1;;;09.02.2026;ПКНФ-000061;18.01.2026
ПКНФ-000134;09.02.2026;7038.1 - Рама под УПМ, Балка под крышку;Составные части трубопровода (Пк КСС);1;1;;;09.02.2026;ПКНФ-000159;29.01.2026
ПКНФ-000134;09.02.2026;7038.1 - Направляющие под корзину  Площадка Лестница Балка трансп. Корзина;Составные части трубопровода (Пк КСС);1;1;;;09.02.2026;ПКНФ-000062;18.01.2026
ПКНФ-000134;09.02.2026;Болт оцинк. М6х40 DIN 933;Оцинкованные метизы (ПК КСС);0.006;0.122;;;09.02.2026;;
ПКНФ-000134;09.02.2026;Труба э/с 108*4,0 ГОСТ 10704-91;СНГ;0.05;0.05;;;09.02.2026;;
ПКНФ-000134;09.02.2026;Болт М12*40 DIN 933 полная резьба  (А2, 12,0, 45,0, DIN 933) ;Нержавеющие метизы (ПК КСС);6;199;;;09.02.2026;;
ПКНФ-000134;09.02.2026;Скоба такелажная М4;Крепеж и цепи, тали (ПК КСС);12;33;;;09.02.2026;;
ПКНФ-000134;09.02.2026;Труба 25х25х2  ГОСТ;Черные трубы, листы, круги (ПК КСС);100;106;;;09.02.2026;;
ПКНФ-000134;09.02.2026;Труба 60х30х2 ГОСТ 8639-82;Черные трубы, листы, круги (ПК КСС);62;62;;;09.02.2026;;
ПКНФ-000134;09.02.2026;Труба 500/12,3/580 наружная канализация;Полиэтелен, корсис, прагма, НПВХ (ПК КСС);1;1;;;09.02.2026;;
ПКНФ-000134;09.02.2026;Автоматическая трубная муфта для насоса WQ DN250, TO-250, мощность 0.55кВт и выше;УПМ СNP (ПК КСС);2;2;;;09.02.2026;;
ПКНФ-000134;09.02.2026;Заглушка для трубы 40х40 мм пластик;Расходные материалы (ПК КСС);2;266;;;09.02.2026;;
ПКНФ-000134;09.02.2026;Болт оцинк. М20х60 DIN933;Оцинкованные метизы (ПК КСС);0.012;0.256;;;09.02.2026;;
ПКНФ-000134;09.02.2026;Гайка шестигр. оц. М20 DIN 934 тыс шт;Оцинкованные метизы (ПК КСС);0.084;0.68;;27.06.2024;09.02.2026;;
ПКНФ-000134;09.02.2026;Болт оцинк. М16х80  DIN933;Оцинкованные метизы (ПК КСС);0.028;0.733;;;09.02.2026;;
ПКНФ-000134;09.02.2026;Труба э/с 80х3 ГОСТ;Черные трубы, листы, круги (ПК КСС);180;180;;;09.02.2026;;
ПКНФ-000134;09.02.2026;Труба 30х20х2 ГОСТ;Черные трубы, листы, круги (ПК КСС);50;50;;;09.02.2026;;
ПКНФ-000134;09.02.2026;Труба э/с 325х7 ГОСТ 10705-80;Черные трубы, листы, круги (ПК КСС);67;67;;;09.02.2026;;
ПКНФ-000134;09.02.2026;Труба э/с 159х4,5 ГОСТ 10704-91;Черные трубы, листы, круги (ПК КСС);0.015;3.015;;;09.02.2026;;
ПКНФ-000134;09.02.2026;Труба э/с 133х4,0 ГОСТ 10704-91;Черные трубы, листы, круги (ПК КСС);20;20;;;09.02.2026;;
ПКНФ-000134;09.02.2026;Болт оцинк. М20х100 DIN 933;Оцинкованные метизы (ПК КСС);0.072;0.226;;;09.02.2026;;
ПКНФ-000134;09.02.2026;Труба 50х25х2  ГОСТ 8639-82;Черные трубы, листы, круги (ПК КСС);45;45;;;09.02.2026;;
ПКНФ-000134;09.02.2026;Труба 40х25х2 ГОСТ;Черные трубы, листы, круги (ПК КСС);18;18;;;09.02.2026;;
ПКНФ-000134;09.02.2026;Труба АД31Т1 д.20х2х6000мм;Черные трубы, листы, круги (ПК КСС);200;200;;;09.02.2026;;
ПКНФ-000134;09.02.2026;Задвижка 30ч39р Ду250 Pу10 штурвал;Арматура (ПК КСС);2;2;;;09.02.2026;;
ПКНФ-000134;09.02.2026;Стеклоровинг ECR24-2400D-601 (Шандон) намотка Китай;Сырье стеклопластиковое;1405;54186.5;;12.01.2025;09.02.2026;;
ПКНФ-000134;09.02.2026;Заглушка для трубы 25х25 мм пластик;Расходные материалы (ПК КСС);4;434;23.04.2024;;09.02.2026;;
ПКНФ-000134;09.02.2026;Шайба гроверная оц. Ф16 DIN 127;Оцинкованные метизы (ПК КСС);0.028;1.122;;27.06.2024;09.02.2026;;
ПКНФ-000134;09.02.2026;Труба 60х40х4  ГОСТ 8639-82;Черные трубы, листы, круги (ПК КСС);70;70;;;09.02.2026;;
ПКНФ-000134;09.02.2026;Навесной замок с ключом GPLK-50L;Оцинкованные метизы (ПК КСС);2;46;;20.01.2025;09.02.2026;;
ПКНФ-000134;09.02.2026;Труба 20х20х2 ГОСТ 8639-82;Черные трубы, листы, круги (ПК КСС);50;50;;29.01.2024;09.02.2026;;
ПКНФ-000134;09.02.2026;Гайка шестигр. оц М16  (тыс шт);Оцинкованные метизы (ПК КСС);0.028;1.222;;27.06.2024;09.02.2026;;
ПКНФ-000134;09.02.2026;Труба 40х20х1.5 ГОСТ 8645-68;Черные трубы, листы, круги (ПК КСС);85;85;;;09.02.2026;;
ПКНФ-000134;09.02.2026;Труба 40х40х2 ГОСТ 8639-82;Черные трубы, листы, круги (ПК КСС);17;17;;;09.02.2026;;
ПКНФ-000134;09.02.2026;Труба ВГП ОЦ 40х3 ГОСТ 3262-75 (м);Черные трубы, листы, круги (ПК КСС);20.8;162.8;;;09.02.2026;;
ПКНФ-000134;09.02.2026;Труба 40х40х3 ГОСТ 8639-82;Черные трубы, листы, круги (ПК КСС);62;64.4;;;09.02.2026;;
ПКНФ-000134;09.02.2026;Труба 40х20х2 ГОСТ 8639-82;Черные трубы, листы, круги (ПК КСС);133;133;;29.01.2024;09.02.2026;;
ПКНФ-000134;09.02.2026;Труба 60х40х2 ГОСТ 8645-68;Черные трубы, листы, круги (ПК КСС);16;16;;;09.02.2026;;
ПКНФ-000134;09.02.2026;Труба 60х40х3  ГОСТ 8645-68;Черные трубы, листы, круги (ПК КСС);15;15;;;09.02.2026;;
ПКНФ-000134;09.02.2026;Труба 60х60х2  ГОСТ 8639-82;Черные трубы, листы, круги (ПК КСС);153;154.5;;;09.02.2026;;
ПКНФ-000134;09.02.2026;Шпилька М12 L1000 (А2, DIN975);Нержавеющие метизы (ПК КСС);2;4;;;09.02.2026;;
ПКНФ-000134;09.02.2026;Анкерный болт с гайкой 16*180 HNM тыс;Оцинкованные метизы (ПК КСС);0.022;0.308;;10.06.2024;09.02.2026;;
ПКНФ-000134;09.02.2026;Болт М10*60 DIN 933 полная резьба  (А2, 10,0, 60,0, DIN 933);Нержавеющие метизы (ПК КСС);45;694;;;09.02.2026;;
ПКНФ-000134;09.02.2026;Болт М16*80 DIN 933 полная резьба  (А2, 16,0, 80,0, DIN 933);Нержавеющие метизы (ПК КСС);24;388;;;09.02.2026;;
ПКНФ-000134;09.02.2026;Гайка М10 DIN 934  (А2, 10,0, DIN 934);Нержавеющие метизы (ПК КСС);45;1114;;19.06.2024;09.02.2026;;
ПКНФ-000134;09.02.2026;Гайка М12 DIN 934  (А2, 12,0, DIN 934);Нержавеющие метизы (ПК КСС);14;984;;;09.02.2026;;
ПКНФ-000134;09.02.2026;Гайка М16 DIN 934  (А2, 16,0, DIN 934);Нержавеющие метизы (ПК КСС);24;734;25.04.2024;25.04.2024;09.02.2026;;
ПКНФ-000134;09.02.2026;Гайка М24 DIN 934  (А2, 24,0, DIN 934);Нержавеющие метизы (ПК КСС);8;742;;08.10.2024;09.02.2026;;
ПКНФ-000134;09.02.2026;Грибок канализационный;Полиэтелен, корсис, прагма, НПВХ (ПК КСС);1;1;;17.02.2026;09.02.2026;;
ПКНФ-000134;09.02.2026;Карабин винтовой 4 мм;Крепеж и цепи, тали (ПК КСС);12;45;;;09.02.2026;;
ПКНФ-000134;09.02.2026;Карабин винтовой 6 мм;Водоподготовка (ПК КСС);6;71;;;09.02.2026;;
ПКНФ-000134;09.02.2026;Клапан обратный шаровой DN250 PN10 канализационный;Арматура (ПК КСС);2;2;;;09.02.2026;;
ПКНФ-000134;09.02.2026;Лента стеклянная 400, 250 мм, кг;Сырье стеклопластиковое;92;6670.5;;;09.02.2026;;
ПКНФ-000134;09.02.2026;Манжета резиновая переходная D 110/124 Уп., черн;Полиэтелен, корсис, прагма, НПВХ (ПК КСС);3;3;;;09.02.2026;;
ПКНФ-000134;09.02.2026;Манжета резиновая переходная D 50/72 Уп., черн;Полиэтелен, корсис, прагма, НПВХ (ПК КСС);1;138;;;09.02.2026;;
ПКНФ-000134;09.02.2026;Отвердитель Akperox А60 (30кг);Сырье стеклопластиковое;14.9;560.35;;;09.02.2026;;
ПКНФ-000134;09.02.2026;Отвод 90 гр. НПВХ DN110;Полиэтелен, корсис, прагма, НПВХ (ПК КСС);1;1;;;09.02.2026;;
ПКНФ-000134;09.02.2026;Пигмент железооксидный зеленый Green ТС 5605. Производство Китай.;Сырье стеклопластиковое;1;77.1;;;09.02.2026;;
ПКНФ-000134;09.02.2026;Поплавковый выключатель RL-1 10м;Датчики уровня, преобразователи, реле (ПК КСС);4;68;;05.02.2025;09.02.2026;;
ПКНФ-000134;09.02.2026;Прокладка (паронит) 250;Полиэтелен, корсис, прагма, НПВХ (ПК КСС);8;70;;;09.02.2026;;
ПКНФ-000134;09.02.2026;Проушина прямая 30х70мм;Расходные материалы (ПК КСС);4;173;;;09.02.2026;;
ПКНФ-000134;09.02.2026;Рым-гайка DIN 582 М10;Крепеж и цепи, тали (ПК КСС);6;19;;;09.02.2026;;
ПКНФ-000134;09.02.2026;Рым-гайка DIN 582 М 6;Крепеж и цепи, тали (ПК КСС);0.006;0.029;;17.02.2025;09.02.2026;;
ПКНФ-000134;09.02.2026;Скоба с вкручивающимся штифтом 0,33 т, 1/2т 1/4, тип G209, для насосов до 250 кг;Крепеж и цепи, тали (ПК КСС);6;65;;;09.02.2026;;
ПКНФ-000134;09.02.2026;Смола полимер 3401 А (1000кг);Сырье стеклопластиковое;540;10585.2;;12.01.2026;09.02.2026;;
ПКНФ-000134;09.02.2026;Смола полимер 3401 ТА (1000кг);Сырье стеклопластиковое;509;41100.6;;12.01.2026;09.02.2026;;
ПКНФ-000134;09.02.2026;Стекломат  E6CRMC600-1250-Е (45кг) Джуши Китай;Сырье стеклопластиковое;176;25592.7;;12.01.2025;09.02.2026;;
ПКНФ-000134;09.02.2026;Стеклорогожа EWR 560;Сырье стеклопластиковое;44;4705.6;;;09.02.2026;;
ПКНФ-000134;09.02.2026;Труба 110/3,2/0560 наружная канализация;Полиэтелен, корсис, прагма, НПВХ (ПК КСС);2;60;;;09.02.2026;;
ПКНФ-000134;09.02.2026;Труба двустенная для электропроводки d110 с протяжкой(внутр. d94)/ДКС ;Полиэтелен, корсис, прагма, НПВХ (ПК КСС);3;136;;;09.02.2026;;
ПКНФ-000134;09.02.2026;Труба двустенная для электропроводки d50 с протяжкой(внутр. d41,5) [ДКС] (код 19735) 121950;Полиэтелен, корсис, прагма, НПВХ (ПК КСС);3;91;;;09.02.2026;;
ПКНФ-000134;09.02.2026;Цепь короткозвенная 4мм DIN766 оцинк;Крепеж и цепи, тали (ПК КСС);22;212.46;;05.07.2024;09.02.2026;;
ПКНФ-000134;09.02.2026;Цепь Т6-6х18 мм ГОСТ 30441-97 (покрытие хим.окс.);Крепеж и цепи, тали (ПК КСС);15.7;110.1;;;09.02.2026;;
ПКНФ-000134;09.02.2026;Шайба  гровер М12 DIN 127 (А2, DIN 127);Нержавеющие метизы (ПК КСС);14;850.964;;;09.02.2026;;
ПКНФ-000134;09.02.2026;Шайба гровер М24 DIN 127 (А2, DIN 127);Нержавеющие метизы (ПК КСС);8;405;;08.10.2024;09.02.2026;;
ПКНФ-000134;09.02.2026;Шайба гроверная оц.М20 DIN 127;Оцинкованные метизы (ПК КСС);0.084;1.265;;17.02.2026;09.02.2026;;
ПКНФ-000134;09.02.2026;Шайба М10 DIN 125  (А2, DIN 125);Нержавеющие метизы (ПК КСС);90;862;;;09.02.2026;;
ПКНФ-000134;09.02.2026;Шайба  гровер М10 DIN 127 (А2, DIN 127);Нержавеющие метизы (ПК КСС);45;1000;;;09.02.2026;;
ПКНФ-000134;09.02.2026;Шайба М12 DIN 125  (А2, DIN 125);Нержавеющие метизы (ПК КСС);28;375;;;09.02.2026;;
ПКНФ-000134;09.02.2026;Шайба М16 DIN 125  (А2, DIN 125);Нержавеющие метизы (ПК КСС);48;463;;;09.02.2026;;
ПКНФ-000134;09.02.2026;Шайба гровер М16 DIN 127 (А2, DIN 127);Нержавеющие метизы (ПК КСС);24;1566;;;09.02.2026;;
ПКНФ-000134;09.02.2026;Шайба М24 DIN 125  (А2, DIN 125);Нержавеющие метизы (ПК КСС);16;836;;;09.02.2026;;
ПКНФ-000134;09.02.2026;Шайба плоская оц. М6 DIN 125;Оцинкованные метизы (ПК КСС);0.006;0.584;;25.08.2025;09.02.2026;;
ПКНФ-000134;09.02.2026;Шайба плоская оц.М16  DIN 125;Оцинкованные метизы (ПК КСС);0.056;1.336;;27.06.2024;09.02.2026;;
ПКНФ-000134;09.02.2026;Шайба плоская оц.М20  DIN 125;Оцинкованные метизы (ПК КСС);0.168;0.372;18.02.2026;27.06.2024;09.02.2026;;
ПКНФ-000140;09.02.2026;3024 - Лестницы;Составные части трубопровода (Пк КСС);1;1;;;09.02.2026;ПКНФ-001456;29.12.2025
ПКНФ-000140;09.02.2026;Труба 110/3,2/2000 наружная канализация;Полиэтелен, корсис, прагма, НПВХ (ПК КСС);1;2;;;09.02.2026;;
ПКНФ-000140;09.02.2026;Заглушка для трубы 25х25 мм пластик;Расходные материалы (ПК КСС);4;434;23.04.2024;;09.02.2026;;
ПКНФ-000140;09.02.2026;Муфта Корсис DN110 (OD);Полиэтелен, корсис, прагма, НПВХ (ПК КСС);2;14;;;09.02.2026;;
ПКНФ-000140;09.02.2026;Заглушка НПВХ DN110;Полиэтелен, корсис, прагма, НПВХ (ПК КСС);1;23;;;09.02.2026;;
ПКНФ-000140;09.02.2026;Болт М10*40 DIN 933 полная резьба  (А2, 10,0, 40,0, DIN 933);Нержавеющие метизы (ПК КСС);10;140;;;09.02.2026;;
ПКНФ-000140;09.02.2026;Гайка М10 DIN 934  (А2, 10,0, DIN 934);Нержавеющие метизы (ПК КСС);10;1079;;19.06.2024;09.02.2026;;
ПКНФ-000140;09.02.2026;Грибок канализационный;Полиэтелен, корсис, прагма, НПВХ (ПК КСС);1;1;;17.02.2026;09.02.2026;;
ПКНФ-000140;09.02.2026;Коалесцентный модуль 3М-ОДГ-60/25/0,5;Засыпки и сорбенты для ЛОС, Водоподготовка;4;8;02.02.2026;02.02.2026;09.02.2026;;
ПКНФ-000140;09.02.2026;Манжета резиновая переходная D 110/124 Уп., черн;Полиэтелен, корсис, прагма, НПВХ (ПК КСС);1;1;;;09.02.2026;;
ПКНФ-000140;09.02.2026;Отвод 90 гр. НПВХ DN110;Полиэтелен, корсис, прагма, НПВХ (ПК КСС);1;1;;;09.02.2026;;
ПКНФ-000140;09.02.2026;Труба 110/3,2/0560 наружная канализация;Полиэтелен, корсис, прагма, НПВХ (ПК КСС);2;60;;;09.02.2026;;
ПКНФ-000140;09.02.2026;Шайба М10 DIN 125  (А2, DIN 125);Нержавеющие метизы (ПК КСС);20;792;;;09.02.2026;;
ПКНФ-000140;09.02.2026;Шайба  гровер М10 DIN 127 (А2, DIN 127);Нержавеющие метизы (ПК КСС);10;1010;;;09.02.2026;;
ПКНФ-000177;09.02.2026;5882.1.1 - Лестницы;Составные части трубопровода (Пк КСС);1;1;;;09.02.2026;ПКНФ-000209;30.01.2026
ПКНФ-000177;09.02.2026;5882.1.1 - Трубопровод ;Составные части трубопровода (Пк КСС);1;1;;;09.02.2026;ПКНФ-000210;30.01.2026
ПКНФ-000177;09.02.2026;Ремень стяжной 10,0/14000 100мм;Крепеж и цепи, тали (ПК КСС);18;49;;;09.02.2026;;
ПКНФ-000177;09.02.2026;Заглушка для трубы 25х25 мм пластик;Расходные материалы (ПК КСС);4;440;23.04.2024;;09.02.2026;;
ПКНФ-000177;09.02.2026;Болт М10*60 DIN 933 полная резьба  (А2, 10,0, 60,0, DIN 933);Нержавеющие метизы (ПК КСС);12;673;;;09.02.2026;;
ПКНФ-000177;09.02.2026;Гайка М10 DIN 934  (А2, 10,0, DIN 934);Нержавеющие метизы (ПК КСС);12;1093;;19.06.2024;09.02.2026;;
ПКНФ-000177;09.02.2026;Грибок канализационный;Полиэтелен, корсис, прагма, НПВХ (ПК КСС);2;6;;17.02.2026;09.02.2026;;
ПКНФ-000177;09.02.2026;Манжета резиновая переходная D 110/124 Уп., черн;Полиэтелен, корсис, прагма, НПВХ (ПК КСС);2;7;;;09.02.2026;;
ПКНФ-000177;09.02.2026;Отвод 90 гр. НПВХ DN110;Полиэтелен, корсис, прагма, НПВХ (ПК КСС);2;4;;;09.02.2026;;
ПКНФ-000177;09.02.2026;Труба 110/3,2/0560 наружная канализация;Полиэтелен, корсис, прагма, НПВХ (ПК КСС);4;68;;;09.02.2026;;
ПКНФ-000177;09.02.2026;Шайба М10 DIN 125  (А2, DIN 125);Нержавеющие метизы (ПК КСС);24;820;;;09.02.2026;;
ПКНФ-000177;09.02.2026;Шайба  гровер М10 DIN 127 (А2, DIN 127);Нержавеющие метизы (ПК КСС);12;1024;;;09.02.2026;;
ПКНФ-000178;09.02.2026;5882.1.2 - Трубопровод;Составные части трубопровода (Пк КСС);1;1;;;09.02.2026;ПКНФ-000211;30.01.2026
ПКНФ-000178;09.02.2026;5882.1.2 - Лестницы;Составные части трубопровода (Пк КСС);1;1;;;09.02.2026;ПКНФ-000212;30.01.2026
ПКНФ-000178;09.02.2026;Ремень стяжной 10,0/14000 100мм;Крепеж и цепи, тали (ПК КСС);18;49;;;09.02.2026;;
ПКНФ-000178;09.02.2026;Заглушка для трубы 25х25 мм пластик;Расходные материалы (ПК КСС);4;440;23.04.2024;;09.02.2026;;
ПКНФ-000178;09.02.2026;Болт М10*60 DIN 933 полная резьба  (А2, 10,0, 60,0, DIN 933);Нержавеющие метизы (ПК КСС);12;673;;;09.02.2026;;
ПКНФ-000178;09.02.2026;Гайка М10 DIN 934  (А2, 10,0, DIN 934);Нержавеющие метизы (ПК КСС);12;1093;;19.06.2024;09.02.2026;;
ПКНФ-000178;09.02.2026;Грибок канализационный;Полиэтелен, корсис, прагма, НПВХ (ПК КСС);2;6;;17.02.2026;09.02.2026;;
ПКНФ-000178;09.02.2026;Манжета резиновая переходная D 110/124 Уп., черн;Полиэтелен, корсис, прагма, НПВХ (ПК КСС);2;7;;;09.02.2026;;
ПКНФ-000178;09.02.2026;Отвод 90 гр. НПВХ DN110;Полиэтелен, корсис, прагма, НПВХ (ПК КСС);2;4;;;09.02.2026;;
ПКНФ-000178;09.02.2026;Труба 110/3,2/0560 наружная канализация;Полиэтелен, корсис, прагма, НПВХ (ПК КСС);4;68;;;09.02.2026;;
ПКНФ-000178;09.02.2026;Шайба М10 DIN 125  (А2, DIN 125);Нержавеющие метизы (ПК КСС);24;820;;;09.02.2026;;
ПКНФ-000178;09.02.2026;Шайба  гровер М10 DIN 127 (А2, DIN 127);Нержавеющие метизы (ПК КСС);12;1024;;;09.02.2026;;
ПКНФ-000179;09.02.2026;5882.3 Лестницы;Составные части трубопровода (Пк КСС);1;0;22.12.2025;;09.02.2026;ПКНФ-000288;17.02.2026
ПКНФ-000179;09.02.2026;5882.3 Трубопровод;Составные части трубопровода (Пк КСС);1;0;22.12.2025;;09.02.2026;ПКНФ-000289;17.02.2026
ПКНФ-000179;09.02.2026;Ремень стяжной 10,0/14000 100мм;Крепеж и цепи, тали (ПК КСС);13;26;;;09.02.2026;;
ПКНФ-000179;09.02.2026;Заглушка для трубы 25х25 мм пластик;Расходные материалы (ПК КСС);2;432;23.04.2024;;09.02.2026;;
ПКНФ-000179;09.02.2026;Болт М10*60 DIN 933 полная резьба  (А2, 10,0, 60,0, DIN 933);Нержавеющие метизы (ПК КСС);6;655;;;09.02.2026;;
ПКНФ-000179;09.02.2026;Гайка М10 DIN 934  (А2, 10,0, DIN 934);Нержавеющие метизы (ПК КСС);6;1075;;19.06.2024;09.02.2026;;
ПКНФ-000179;09.02.2026;Грибок канализационный;Полиэтелен, корсис, прагма, НПВХ (ПК КСС);1;0;;17.02.2026;09.02.2026;;
ПКНФ-000179;09.02.2026;Манжета резиновая переходная D 110/124 Уп., черн;Полиэтелен, корсис, прагма, НПВХ (ПК КСС);1;0;;;09.02.2026;;
ПКНФ-000179;09.02.2026;Отвод 90 гр. НПВХ DN110;Полиэтелен, корсис, прагма, НПВХ (ПК КСС);1;1;;;09.02.2026;;
ПКНФ-000179;09.02.2026;Труба 110/3,2/0560 наружная канализация;Полиэтелен, корсис, прагма, НПВХ (ПК КСС);2;60;;;09.02.2026;;
ПКНФ-000179;09.02.2026;Шайба М10 DIN 125  (А2, DIN 125);Нержавеющие метизы (ПК КСС);12;784;;;09.02.2026;;
ПКНФ-000179;09.02.2026;Шайба  гровер М10 DIN 127 (А2, DIN 127);Нержавеющие метизы (ПК КСС);6;1000;;;09.02.2026;;
ПКНФ-000180;09.02.2026;Ремень стяжной 10,0/14000 100мм;Крепеж и цепи, тали (ПК КСС);13;26;;;09.02.2026;;
ПКНФ-000225;09.02.2026;Пластина 100х40 (AISI 304);Нержавеющие трубы, листы, круги, сетки(ПК КСС);20;140;;;09.02.2026;;
ПКНФ-000225;09.02.2026;Труба 30х30х2 (AISI 304);Нержавеющие трубы, листы, круги, сетки(ПК КСС);0.2;104.6;09.09.2025;09.09.2025;09.02.2026;;
ПКНФ-000225;09.02.2026;Труба 40х20х2 (AISI304);Нержавеющие трубы, листы, круги, сетки(ПК КСС);2;37.2;17.09.2025;09.09.2025;09.02.2026;;
ПКНФ-000225;09.02.2026;Труба 25х25х2 (AISI 304);Нержавеющие трубы, листы, круги, сетки(ПК КСС);25;51.3;17.09.2025;05.08.2025;09.02.2026;;
ПКНФ-000229;09.02.2026;Полоса 2,0x50,0 (AISI304, 08X18H10, 2B);Нержавеющие трубы, листы, круги, сетки(ПК КСС);0.5;36;;;09.02.2026;;
ПКНФ-000229;09.02.2026;Труба 60,0х60,0х3,0  ГОСТ 8639-82;Черные трубы, листы, круги (ПК КСС);6;14;;;09.02.2026;;
ПКНФ-000229;09.02.2026;Лист 5,0*1500*6000 ст3 (м2);Черные трубы, листы, круги (ПК КСС);0.4;1.6;;;09.02.2026;;
ПКНФ-000229;09.02.2026;Фланец стальной плоский Ду 100 Ру 10 Ст.20 ГОСТ 33259-15, ЧФЗ 01001020;Разное;2;2;;;09.02.2026;;
ПКНФ-000229;09.02.2026;Труба св. 108*3,0 ГОСТ 10704-91;Черные трубы, листы, круги (ПК КСС);1.5;1.5;;;09.02.2026;;
ПКНФ-000229;09.02.2026;Переход ПЭ/сталь 125/108;Полиэтелен, корсис, прагма, НПВХ (ПК КСС);2;2;;;09.02.2026;;
ПКНФ-000229;09.02.2026;Полоса 40*4 ГОСТ 103-76;Черные трубы, листы, круги (ПК КСС);0.56;18.2;19.08.2024;17.02.2026;09.02.2026;;
ПКНФ-000229;09.02.2026;Швеллер 10П ГОСТ 8240-97;Черные трубы, листы, круги (ПК КСС);16.5;57.6;11.09.2025;11.09.2025;09.02.2026;;
ПКНФ-000229;09.02.2026;Уголок 50х50х5 ГОСТ 8509-93 (м);Черные трубы, листы, круги (ПК КСС);1;48.4;;;09.02.2026;;
ПКНФ-000229;09.02.2026;Лист 1000х3000 ПВЛ 406;Черные трубы, листы, круги (ПК КСС);4;11;;;09.02.2026;;
ПКНФ-000229;09.02.2026;Труба 40х40х3 ГОСТ 8639-82;Черные трубы, листы, круги (ПК КСС);3.6;15.6;;;09.02.2026;;
ПКНФ-000229;09.02.2026;Труба 40х20х2 ГОСТ 8639-82;Черные трубы, листы, круги (ПК КСС);0.4;0.4;;29.01.2024;09.02.2026;;
ПКНФ-000229;09.02.2026;Арматура ф 16 А-1 ГОСТ 5781-82 (м);Черные трубы, листы, круги (ПК КСС);4;104.3;;24.01.2024;09.02.2026;;
ПКНФ-000229;09.02.2026;Труба 50х50х3 ГОСТ 8639-82, м.д;Черные трубы, листы, круги (ПК КСС);39;85.6;14.02.2026;14.02.2026;09.02.2026;;
ПКНФ-000072;09.02.2026;Шайба гроверная оц.Ф10 DIN 127;Оцинкованные метизы (ПК КСС);0.016;0.216;;;09.02.2026;;
ПКНФ-000072;09.02.2026;Гайка шестигр.М10 оц. DIN934;Оцинкованные метизы (ПК КСС);0.016;0.187;07.10.2024;07.10.2024;09.02.2026;;
ПКНФ-000072;09.02.2026;Болт оцинк. 10х40 DIN933;Оцинкованные метизы (ПК КСС);0.016;0.419;;;09.02.2026;;
ПКНФ-000072;09.02.2026;Переход ПЭ/сталь 160/159 ПЭ100 SDR11 ВОДА;БС-Сервис;2;2;;;09.02.2026;;
ПКНФ-000072;09.02.2026;6176.4 - Лестницы;Составные части трубопровода (Пк КСС);1;0;19.02.2026;;09.02.2026;ПКНФ-000225;09.02.2026
ПКНФ-000072;09.02.2026;Заглушка для трубы 25х25 мм пластик;Расходные материалы (ПК КСС);6;436;23.04.2024;;09.02.2026;;
ПКНФ-000072;09.02.2026;Шайба плоская оц. М10  DIN 125;Оцинкованные метизы (ПК КСС);0.016;0.454;;25.08.2025;09.02.2026;;
ПКНФ-000072;09.02.2026;Пуролат-Стандарт"" из антрацита фр.3,0-7,0 мм с учетом упаковки (полиэтиленовые мешки по 22,5кг (25 л;Засыпки и сорбенты для ЛОС, Водоподготовка;0.04;1.965;;;09.02.2026;;
ПКНФ-000072;09.02.2026;Песок кварцевый фр. 10,0-20,0;Засыпки и сорбенты для ЛОС, Водоподготовка;0.95;0;09.03.2026;16.02.2026;09.02.2026;;
ПКНФ-000072;09.02.2026;Заглушка НПВХ DN110;Полиэтелен, корсис, прагма, НПВХ (ПК КСС);1;23;;;09.02.2026;;
ПКНФ-000072;09.02.2026;Грибок канализационный;Полиэтелен, корсис, прагма, НПВХ (ПК КСС);3;5;;17.02.2026;09.02.2026;;
ПКНФ-000072;09.02.2026;Коалесцентный модуль 3М-ОДГ-60/25/0,5;Засыпки и сорбенты для ЛОС, Водоподготовка;2;4;02.02.2026;02.02.2026;09.02.2026;;
ПКНФ-000072;09.02.2026;Манжета резиновая переходная D 110/124 Уп., черн;Полиэтелен, корсис, прагма, НПВХ (ПК КСС);4;9;;;09.02.2026;;
ПКНФ-000072;09.02.2026;Отвод 90 гр. НПВХ DN110;Полиэтелен, корсис, прагма, НПВХ (ПК КСС);3;5;;;09.02.2026;;
ПКНФ-000072;09.02.2026;Сорбент Rx-Sorb, мешок гео ткань 62,5 л м3;Засыпки и сорбенты для ЛОС, Водоподготовка;0.04;1377.57;29.01.2026;29.01.2026;09.02.2026;;
ПКНФ-000072;09.02.2026;Труба 110/3,2/0560 наружная канализация;Полиэтелен, корсис, прагма, НПВХ (ПК КСС);7;74;;;09.02.2026;;
ПКНФ-000256;09.02.2026;Пластина 100х40 (AISI 304);Нержавеющие трубы, листы, круги, сетки(ПК КСС);12;132;;;09.02.2026;;
ПКНФ-000256;09.02.2026;Труба 40х20х2 (AISI304);Нержавеющие трубы, листы, круги, сетки(ПК КСС);2;9.7;07.03.2026;09.09.2025;09.02.2026;;
ПКНФ-000256;09.02.2026;Труба 25х25х2 (AISI 304);Нержавеющие трубы, листы, круги, сетки(ПК КСС);13;53.3;09.09.2025;05.08.2025;09.02.2026;;
ПКНФ-000256;09.02.2026;Труба 40х40х2,0 (AISI 304);Нержавеющие трубы, листы, круги, сетки(ПК КСС);3;90.7;17.09.2025;05.08.2025;09.02.2026;;
ПКНФ-000257;09.02.2026;Полоса 2,0x50,0 (AISI304, 08X18H10, 2B);Нержавеющие трубы, листы, круги, сетки(ПК КСС);3;37;;;09.02.2026;;
ПКНФ-000257;09.02.2026;Труба 60,0х60,0х3,0  ГОСТ 8639-82;Черные трубы, листы, круги (ПК КСС);6;7.9;;;09.02.2026;;
ПКНФ-000257;09.02.2026;Лист 5,0*1500*6000 ст3 (м2);Черные трубы, листы, круги (ПК КСС);0.4;3.8;;;09.02.2026;;
ПКНФ-000257;09.02.2026;Полоса 40*4 ГОСТ 103-76;Черные трубы, листы, круги (ПК КСС);6.6;23.64;19.08.2024;17.02.2026;09.02.2026;;
ПКНФ-000257;09.02.2026;Уголок 50х50х5 ГОСТ 8509-93 (м);Черные трубы, листы, круги (ПК КСС);1;47.2;;;09.02.2026;;
ПКНФ-000257;09.02.2026;Лист 1000х3000 ПВЛ 406;Черные трубы, листы, круги (ПК КСС);4;6;;;09.02.2026;;
ПКНФ-000257;09.02.2026;Труба 40х40х3 ГОСТ 8639-82;Черные трубы, листы, круги (ПК КСС);7;14.4;;;09.02.2026;;
ПКНФ-000257;09.02.2026;Труба 40х20х2 ГОСТ 8639-82;Черные трубы, листы, круги (ПК КСС);1.5;6;;29.01.2024;09.02.2026;;
ПКНФ-000257;09.02.2026;Швеллер 12П ГОСТ 8240-97;Черные трубы, листы, круги (ПК КСС);34;60;;;09.02.2026;;
ПКНФ-000257;09.02.2026;Арматура ф 16 А-1 ГОСТ 5781-82 (м);Черные трубы, листы, круги (ПК КСС);4;100.3;;24.01.2024;09.02.2026;;
ПКНФ-000257;09.02.2026;Труба 50х50х3 ГОСТ 8639-82, м.д;Черные трубы, листы, круги (ПК КСС);28;30;14.02.2026;14.02.2026;09.02.2026;;
ПКНФ-000259;10.02.2026;Уголок 50х50х5 ГОСТ 8509-93 (м);Черные трубы, листы, круги (ПК КСС);3.5;36.7;;;10.02.2026;;
ПКНФ-000259;10.02.2026;Труба 50х50х3 ГОСТ 8639-82, м.д;Черные трубы, листы, круги (ПК КСС);7.5;19;17.02.2026;14.02.2026;10.02.2026;;
ПКНФ-000260;10.02.2026;Фланец стальной (расточенный) DN0200 PN10 диаметр внутр.отв. 224;Черные фланцы и фиттинги (ПК КСС);2;12;18.02.2026;18.02.2026;10.02.2026;;
ПКНФ-000260;10.02.2026;Отвод 114,3х2,0 мм 45 гр AISI 304;Нержавеющие фланцы и фиттинги (ПК КСС);2;2;;24.02.2026;10.02.2026;;
ПКНФ-000260;10.02.2026;Пресс-фланец ст.20 Ду100 Ру 16 ПФСР 100х16 (119 мм);Черные фланцы и фиттинги (ПК КСС);16;105;;;10.02.2026;;
ПКНФ-000260;10.02.2026;Отбортовка 219,1х2,0 AISI304;Нержавеющие фланцы и фиттинги (ПК КСС);4;27;16.05.2025;19.02.2026;10.02.2026;;
ПКНФ-000260;10.02.2026;Труба СВ  21,3х2,0мм 08Х18Н10 (AISI 304);Нержавеющие трубы, листы, круги, сетки(ПК КСС);0.2;74.4;;;10.02.2026;;
ПКНФ-000260;10.02.2026;Труба СВ 219,1х2,0мм 08Х18Н10 (AISI 304);Нержавеющие трубы, листы, круги, сетки(ПК КСС);1;12.348;19.02.2026;17.02.2026;10.02.2026;;
ПКНФ-000260;10.02.2026;Ниппель приварной DN15  1/2"" (AISI304, 08Х18H10);Нержавеющие фланцы и фиттинги (ПК КСС);2;4;17.02.2026;17.02.2026;10.02.2026;;
ПКНФ-000260;10.02.2026;Ниппель приварной DN20  3/4"" (26,9мм) ( AISI304 08Х18H10);Нержавеющие фланцы и фиттинги (ПК КСС);1;27;;;10.02.2026;;
ПКНФ-000260;10.02.2026;Отбортовка 114,3х2,0 AISI304;Нержавеющие фланцы и фиттинги (ПК КСС);16;44;19.02.2026;19.02.2026;10.02.2026;;
ПКНФ-000260;10.02.2026;Тройник 114,3х2,0 AISI 304 короткий;Нержавеющие фланцы и фиттинги (ПК КСС);2;4;;;10.02.2026;;
ПКНФ-000260;10.02.2026;Труба СВ 114,3х2,0мм 08Х18Н10 (AISI 304);Нержавеющие трубы, листы, круги, сетки(ПК КСС);2.5;14.9;;22.10.2024;10.02.2026;;
ПКНФ-000261;10.02.2026;Швеллер 10П ГОСТ 8240-97;Черные трубы, листы, круги (ПК КСС);5;23.2;11.09.2025;11.09.2025;10.02.2026;;
ПКНФ-000265;12.02.2026;Лист 2,0*1000*2000  AISI 304 (08х18Н10), х/к, мат (2В);Нержавеющие трубы, листы, круги, сетки(ПК КСС);0.2;1.2;17.09.2025;17.09.2025;12.02.2026;;
ПКНФ-000265;12.02.2026;Пластина 100х40 (AISI 304);Нержавеющие трубы, листы, круги, сетки(ПК КСС);10;146;;;12.02.2026;;
ПКНФ-000265;12.02.2026;Труба 40х20х2 (AISI304);Нержавеющие трубы, листы, круги, сетки(ПК КСС);11;18.7;17.02.2026;09.09.2025;12.02.2026;;
ПКНФ-000265;12.02.2026;Труба 25х25х2 (AISI 304);Нержавеющие трубы, листы, круги, сетки(ПК КСС);6.2;52.5;05.08.2025;05.08.2025;12.02.2026;;
ПКНФ-000265;12.02.2026;Труба 50х50х3,0 AISI 304;Нержавеющие трубы, листы, круги, сетки(ПК КСС);0.1;26.5;;05.08.2025;12.02.2026;;
ПКНФ-000266;12.02.2026;Полоса 2,0x50,0 (AISI304, 08X18H10, 2B);Нержавеющие трубы, листы, круги, сетки(ПК КСС);10;50;;;12.02.2026;;
ПКНФ-000266;12.02.2026;Лист 5,0*1500*6000 ст3 (м2);Черные трубы, листы, круги (ПК КСС);1;1.8;;;12.02.2026;;
ПКНФ-000266;12.02.2026;Полоса 40*4 ГОСТ 103-76;Черные трубы, листы, круги (ПК КСС);12;29.04;17.02.2026;17.02.2026;12.02.2026;;
ПКНФ-000266;12.02.2026;Швеллер 10П ГОСТ 8240-97;Черные трубы, листы, круги (ПК КСС);96;20;17.02.2026;11.09.2025;12.02.2026;;
ПКНФ-000266;12.02.2026;Лист 1000х3000 ПВЛ 406;Черные трубы, листы, круги (ПК КСС);8;10;;;12.02.2026;;
ПКНФ-000266;12.02.2026;Труба 40х40х3 ГОСТ 8639-82;Черные трубы, листы, круги (ПК КСС);2.5;8.4;;;12.02.2026;;
ПКНФ-000266;12.02.2026;Труба 40х20х2 ГОСТ 8639-82;Черные трубы, листы, круги (ПК КСС);5.5;6;;29.01.2024;12.02.2026;;
ПКНФ-000266;12.02.2026;Труба 50х50х3 ГОСТ 8639-82, м.д;Черные трубы, листы, круги (ПК КСС);157;138;14.02.2026;14.02.2026;12.02.2026;;
ПКНФ-000001;13.02.2026;Труба PPR SDR 6 PN20 50/8,3/4000 мм, БЕЛАЯ, Pro Aqua PA10014;Полиэтелен, корсис, прагма, НПВХ (ПК КСС);5;12.5;18.02.2026;18.02.2026;13.02.2026;;
ПКНФ-000001;13.02.2026;Муфта PPR комбинированная 50х1 1/2""НР под ключ, белая, Pro Aqua PA23522P;Полиэтелен, корсис, прагма, НПВХ (ПК КСС);3;8;18.02.2026;18.02.2026;13.02.2026;;
ПКНФ-000001;13.02.2026;Муфта PPR комбинированная 50х1 1/2""ВР под ключ, белая, Pro Aqua PA22522P;Полиэтелен, корсис, прагма, НПВХ (ПК КСС);2;6;18.02.2026;18.02.2026;13.02.2026;;
ПКНФ-000001;13.02.2026;Угольник PPR 50/90°, белый, Pro Aqua PA13016P;Полиэтелен, корсис, прагма, НПВХ (ПК КСС);1;2;18.02.2026;18.02.2026;13.02.2026;;
ПКНФ-000001;13.02.2026;Шайба гроверная оц.Ф10 DIN 127;Оцинкованные метизы (ПК КСС);0.048;0.24;;;13.02.2026;;
ПКНФ-000001;13.02.2026;Гайка шестигр.М10 оц. DIN934;Оцинкованные метизы (ПК КСС);0.048;0.259;07.10.2024;07.10.2024;13.02.2026;;
ПКНФ-000001;13.02.2026;7726.1У - Установка повышения давления ;Установки ВНС и ПНС (ПК КСС);1;0;;;13.02.2026;ПКНФ-000002;12.01.2026
ПКНФ-000001;13.02.2026;Скоба такелажная М4;Крепеж и цепи, тали (ПК КСС);4;27;;;13.02.2026;;
ПКНФ-000001;13.02.2026;Болт оцинк. М10х60 DIN933;Оцинкованные метизы (ПК КСС);0.04;0.4;;;13.02.2026;;
ПКНФ-000001;13.02.2026;Труба 110/3,2/2000 наружная канализация;Полиэтелен, корсис, прагма, НПВХ (ПК КСС);1;3;;;13.02.2026;;
ПКНФ-000001;13.02.2026;Затвор поворотный межфланцевый ABRA BUV-VF826D080H DN080 PN16/10 корпус GG25 / диск GGG40 / седло EP;Арматура (ПК КСС);2;2;;;13.02.2026;;
ПКНФ-000001;13.02.2026;Болт оцинк. М16х120 DIN933;Оцинкованные метизы (ПК КСС);0.016;0.094;;27.06.2024;13.02.2026;;
ПКНФ-000001;13.02.2026;Болт оцинк. М16х60 DIN933;Оцинкованные метизы (ПК КСС);0.006;0.782;;;13.02.2026;;
ПКНФ-000001;13.02.2026;Шайба плоская оц. М8  DIN 125;Оцинкованные метизы (ПК КСС);0.004;0.451;;;13.02.2026;;
ПКНФ-000001;13.02.2026;Гайка шестигр. оц М8 DIN934;Оцинкованные метизы (ПК КСС);0.004;0.522;;;13.02.2026;;
ПКНФ-000001;13.02.2026;Шайба гроверная оц. Ф8 DIN 127;Оцинкованные метизы (ПК КСС);0.004;1.233;;;13.02.2026;;
ПКНФ-000001;13.02.2026;Болт оцинк. М20х60 DIN933;Оцинкованные метизы (ПК КСС);0.012;0.268;;;13.02.2026;;
ПКНФ-000001;13.02.2026;Гайка шестигр. оц. М20 DIN 934 тыс шт;Оцинкованные метизы (ПК КСС);0.012;0.716;;27.06.2024;13.02.2026;;
ПКНФ-000001;13.02.2026;Болт оцинк. М16х80  DIN933;Оцинкованные метизы (ПК КСС);0.048;0.753;;;13.02.2026;;
ПКНФ-000001;13.02.2026;Ниппель приварной (резьба) DN40 1 1/2"" чермет;Черные фланцы и фиттинги (ПК КСС);2;25;;;13.02.2026;;
ПКНФ-000001;13.02.2026;7726.1 Трубопровод, патрубки;Составные части трубопровода (Пк КСС);1;0;23.02.2026;;13.02.2026;ПКНФ-000224;02.02.2026
ПКНФ-000001;13.02.2026;7726.1 Лестница;Составные части трубопровода (Пк КСС);1;0;23.02.2026;;13.02.2026;ПКНФ-000226;13.02.2026
ПКНФ-000001;13.02.2026;7726.1 Рама под установку Балка под крышку;Составные части трубопровода (Пк КСС);1;0;23.02.2026;;13.02.2026;ПКНФ-000229;09.02.2026
ПКНФ-000001;13.02.2026;Шаровой кран латунный 1 1/2"" ВР-НР, ручка-рычаг, красный - полнопрох. с полусгоном, MVI BV.920.08;Арматура (ПК КСС);1;2;18.02.2026;18.02.2026;13.02.2026;;
ПКНФ-000001;13.02.2026;Шпилька резьб. DIN 975 М8х1000  оц. ;Оцинкованные метизы (ПК КСС);1;66;;;13.02.2026;;
ПКНФ-000001;13.02.2026;Уплотнитель кольцевого пространства марки АктивРинг ТУ 2531-002-58859224-2014 изм. 1 (АР 310 оцинк.);Полиэтелен, корсис, прагма, НПВХ (ПК КСС);14;14;;;13.02.2026;;
ПКНФ-000001;13.02.2026;Обратный клапан AquaHit с латунным сердечником 1 1/2"" MVI;AquaHit;1;2;;;13.02.2026;;
ПКНФ-000001;13.02.2026;Заглушка для трубы 25х25 мм пластик;Расходные материалы (ПК КСС);2;434;23.04.2024;;13.02.2026;;
ПКНФ-000001;13.02.2026;Гибкая вставка эластичная - антивибрационный компенсатор (виброкомпенсатор) DN080 PN16, фланец/флане;Арматура (ПК КСС);2;4;;;13.02.2026;;
ПКНФ-000001;13.02.2026;Шайба гроверная оц. Ф16 DIN 127;Оцинкованные метизы (ПК КСС);0.07;1.17;;27.06.2024;13.02.2026;;
ПКНФ-000001;13.02.2026;Насос дренажный «Leo» QDX 6-18-0.75А (закрытая крыльчатка) (ПК);Насосы LEO/ОНИС (ПК КСС);1;2;;;13.02.2026;;
ПКНФ-000001;13.02.2026;Шайба плоская оц. М10  DIN 125;Оцинкованные метизы (ПК КСС);0.096;0.61;;25.08.2025;13.02.2026;;
ПКНФ-000001;13.02.2026;Навесной замок с ключом GPLK-50L;Оцинкованные метизы (ПК КСС);2;47;;20.01.2025;13.02.2026;;
ПКНФ-000001;13.02.2026;Гайка шестигр. оц М16  (тыс шт);Оцинкованные метизы (ПК КСС);0.07;1.27;;27.06.2024;13.02.2026;;
ПКНФ-000001;13.02.2026;Труба ВГП ОЦ 40х3 ГОСТ 3262-75 (м);Черные трубы, листы, круги (ПК КСС);0.2;142.4;;;13.02.2026;;
ПКНФ-000001;13.02.2026;Шпилька М10 L1000 (А2, DIN975);Нержавеющие метизы (ПК КСС);1;11.494;;26.02.2026;13.02.2026;;
ПКНФ-000001;13.02.2026;Анкерный болт с гайкой 16*180 HNM тыс;Оцинкованные метизы (ПК КСС);0.02;0.328;;10.06.2024;13.02.2026;;
ПКНФ-000001;13.02.2026;Грибок канализационный;Полиэтелен, корсис, прагма, НПВХ (ПК КСС);2;4;;17.02.2026;13.02.2026;;
ПКНФ-000001;13.02.2026;Карабин винтовой 4 мм;Крепеж и цепи, тали (ПК КСС);4;39;;;13.02.2026;;
ПКНФ-000001;13.02.2026;Манжета резиновая переходная D 110/124 Уп., черн;Полиэтелен, корсис, прагма, НПВХ (ПК КСС);4;7;;;13.02.2026;;
ПКНФ-000001;13.02.2026;Проушина прямая 30х70мм;Расходные материалы (ПК КСС);4;175;;;13.02.2026;;
ПКНФ-000001;13.02.2026;Труба 110/3,2/0560 наружная канализация;Полиэтелен, корсис, прагма, НПВХ (ПК КСС);3;63;;;13.02.2026;;
ПКНФ-000001;13.02.2026;Труба 160/4,0/1000 наружная канализация;Полиэтелен, корсис, прагма, НПВХ (ПК КСС);1;4.4;;;13.02.2026;;
ПКНФ-000001;13.02.2026;Труба двустенная для электропроводки d110 с протяжкой(внутр. d94)/ДКС ;Полиэтелен, корсис, прагма, НПВХ (ПК КСС);3;139;;;13.02.2026;;
ПКНФ-000001;13.02.2026;Цепь короткозвенная 4мм DIN766 оцинк;Крепеж и цепи, тали (ПК КСС);4;197.46;;05.07.2024;13.02.2026;;
ПКНФ-000001;13.02.2026;Шайба гроверная оц.М20 DIN 127;Оцинкованные метизы (ПК КСС);0.012;1.205;;17.02.2026;13.02.2026;;
ПКНФ-000001;13.02.2026;Шайба плоская оц.М16  DIN 125;Оцинкованные метизы (ПК КСС);0.14;1.432;;27.06.2024;13.02.2026;;
ПКНФ-000001;13.02.2026;Шайба плоская оц.М20  DIN 125;Оцинкованные метизы (ПК КСС);0.024;0.444;18.02.2026;27.06.2024;13.02.2026;;
ПКНФ-000001;13.02.2026;Электроконвектор ЭВПТ-2,0 IP54;Расходомеры, манометры (ПК КСС);1;4;;26.02.2026;13.02.2026;;
ПКНФ-000003;13.02.2026;Затвор поворотный межфланцевый ABRA BUV-VF866D150H DN150 PN16/10 корпус GG25 / КРАСНЫЙ;Арматура (ПК КСС);4;4;;;13.02.2026;;
ПКНФ-000003;13.02.2026;Труба PPR SDR 6 PN20 50/8,3/4000 мм, БЕЛАЯ, Pro Aqua PA10014;Полиэтелен, корсис, прагма, НПВХ (ПК КСС);5;12.5;18.02.2026;18.02.2026;13.02.2026;;
ПКНФ-000003;13.02.2026;Муфта PPR комбинированная 50х1 1/2""НР под ключ, белая, Pro Aqua PA23522P;Полиэтелен, корсис, прагма, НПВХ (ПК КСС);3;8;18.02.2026;18.02.2026;13.02.2026;;
ПКНФ-000003;13.02.2026;Муфта PPR комбинированная 50х1 1/2""ВР под ключ, белая, Pro Aqua PA22522P;Полиэтелен, корсис, прагма, НПВХ (ПК КСС);2;6;18.02.2026;18.02.2026;13.02.2026;;
ПКНФ-000003;13.02.2026;Угольник PPR 50/90°, белый, Pro Aqua PA13016P;Полиэтелен, корсис, прагма, НПВХ (ПК КСС);1;2;18.02.2026;18.02.2026;13.02.2026;;
ПКНФ-000003;13.02.2026;Болт оцинк. М20х140 DIN933;Оцинкованные метизы (ПК КСС);0.032;0.289;;27.06.2024;13.02.2026;;
ПКНФ-000003;13.02.2026;Шайба гроверная оц.Ф10 DIN 127;Оцинкованные метизы (ПК КСС);0.04;0.24;;;13.02.2026;;
ПКНФ-000003;13.02.2026;Гайка шестигр.М10 оц. DIN934;Оцинкованные метизы (ПК КСС);0.04;0.259;07.10.2024;07.10.2024;13.02.2026;;
ПКНФ-000003;13.02.2026;7726.2У - Установка пожаротушения;Установки ВНС и ПНС (ПК КСС);1;0;16.02.2026;;13.02.2026;ПКНФ-000004;13.02.2026
ПКНФ-000003;13.02.2026;Уплотнитель кольцевого пространства марки АктивРинг ТУ2531-002-58859224-2014 изм. 1 (АР 415 оцинк.);Полиэтелен, корсис, прагма, НПВХ (ПК КСС);36;36;;;13.02.2026;;
ПКНФ-000003;13.02.2026;Скоба такелажная М4;Крепеж и цепи, тали (ПК КСС);2;27;;;13.02.2026;;
ПКНФ-000003;13.02.2026;Болт оцинк. М10х60 DIN933;Оцинкованные метизы (ПК КСС);0.04;0.4;;;13.02.2026;;
ПКНФ-000003;13.02.2026;Труба 110/3,2/2000 наружная канализация;Полиэтелен, корсис, прагма, НПВХ (ПК КСС);1;3;;;13.02.2026;;
ПКНФ-000003;13.02.2026;Шайба плоская оц. М8  DIN 125;Оцинкованные метизы (ПК КСС);0.004;0.451;;;13.02.2026;;
ПКНФ-000003;13.02.2026;Шайба гроверная оц. Ф8 DIN 127;Оцинкованные метизы (ПК КСС);0.004;1.233;;;13.02.2026;;
ПКНФ-000003;13.02.2026;Болт оцинк. М20х60 DIN933;Оцинкованные метизы (ПК КСС);0.012;0.268;;;13.02.2026;;
ПКНФ-000003;13.02.2026;Гайка шестигр. оц. М20 DIN 934 тыс шт;Оцинкованные метизы (ПК КСС);0.108;0.716;;27.06.2024;13.02.2026;;
ПКНФ-000003;13.02.2026;7726.2 Трубопровод;Составные части трубопровода (Пк КСС);1;0;23.02.2026;;13.02.2026;ПКНФ-000238;04.02.2026
ПКНФ-000003;13.02.2026;7726.2 Лестница;Составные части трубопровода (Пк КСС);1;0;23.02.2026;;13.02.2026;ПКНФ-000239;04.02.2026
ПКНФ-000003;13.02.2026;7726.2 Рама под установку Балка под крышку;Составные части трубопровода (Пк КСС);1;0;23.02.2026;;13.02.2026;ПКНФ-000241;04.02.2026
ПКНФ-000003;13.02.2026;Ниппель приварной (резьба) DN40 1 1/2"" чермет;Черные фланцы и фиттинги (ПК КСС);2;25;;;13.02.2026;;
ПКНФ-000003;13.02.2026;Гибкая вставка эластичная - антивибрационный компенсатор (виброкомпенсатор) DN150 PN16, фланец/флане;Арматура (ПК КСС);4;4;;;13.02.2026;;
ПКНФ-000003;13.02.2026;Гайка оцинк. DIN 934 М8;Оцинкованные метизы (ПК КСС);0.004;0.296;;;13.02.2026;;
ПКНФ-000003;13.02.2026;Болт оцинк. М20х100 DIN 933;Оцинкованные метизы (ПК КСС);0.064;0.218;;;13.02.2026;;
ПКНФ-000003;13.02.2026;Шаровой кран латунный 1 1/2"" ВР-НР, ручка-рычаг, красный - полнопрох. с полусгоном, MVI BV.920.08;Арматура (ПК КСС);1;2;18.02.2026;18.02.2026;13.02.2026;;
ПКНФ-000003;13.02.2026;Обратный клапан AquaHit с латунным сердечником 1 1/2"" MVI;AquaHit;1;2;;;13.02.2026;;
ПКНФ-000003;13.02.2026;Заглушка для трубы 25х25 мм пластик;Расходные материалы (ПК КСС);2;434;23.04.2024;;13.02.2026;;
ПКНФ-000003;13.02.2026;Шайба гроверная оц. Ф16 DIN 127;Оцинкованные метизы (ПК КСС);0.006;1.17;;27.06.2024;13.02.2026;;
ПКНФ-000003;13.02.2026;Труба 250/6,2/2000 наружная канализация;Полиэтелен, корсис, прагма, НПВХ (ПК КСС);1;9;;;13.02.2026;;
ПКНФ-000003;13.02.2026;Насос дренажный «Leo» QDX 6-18-0.75А (закрытая крыльчатка) (ПК);Насосы LEO/ОНИС (ПК КСС);1;2;;;13.02.2026;;
ПКНФ-000003;13.02.2026;Болт оцинк. М16х100 DIN933;Оцинкованные метизы (ПК КСС);0.006;0.184;;;13.02.2026;;
ПКНФ-000003;13.02.2026;Шайба плоская оц. М10  DIN 125;Оцинкованные метизы (ПК КСС);0.08;0.61;;25.08.2025;13.02.2026;;
ПКНФ-000003;13.02.2026;Навесной замок с ключом GPLK-50L;Оцинкованные метизы (ПК КСС);1;47;;20.01.2025;13.02.2026;;
ПКНФ-000003;13.02.2026;Гайка шестигр. оц М16  (тыс шт);Оцинкованные метизы (ПК КСС);0.006;1.27;;27.06.2024;13.02.2026;;
ПКНФ-000003;13.02.2026;Труба ВГП ОЦ 40х3 ГОСТ 3262-75 (м);Черные трубы, листы, круги (ПК КСС);0.2;142.4;;;13.02.2026;;
ПКНФ-000003;13.02.2026;Шпилька М10 L1000 (А2, DIN975);Нержавеющие метизы (ПК КСС);1;11.494;;26.02.2026;13.02.2026;;
ПКНФ-000003;13.02.2026;Анкерный болт с гайкой 16*180 HNM тыс;Оцинкованные метизы (ПК КСС);0.022;0.328;;10.06.2024;13.02.2026;;
ПКНФ-000003;13.02.2026;Грибок канализационный;Полиэтелен, корсис, прагма, НПВХ (ПК КСС);2;4;;17.02.2026;13.02.2026;;
ПКНФ-000003;13.02.2026;Карабин винтовой 4 мм;Крепеж и цепи, тали (ПК КСС);2;39;;;13.02.2026;;
ПКНФ-000003;13.02.2026;Манжета резиновая переходная D 110/124 Уп., черн;Полиэтелен, корсис, прагма, НПВХ (ПК КСС);3;7;;;13.02.2026;;
ПКНФ-000003;13.02.2026;Проушина прямая 30х70мм;Расходные материалы (ПК КСС);2;175;;;13.02.2026;;
ПКНФ-000003;13.02.2026;Труба 110/3,2/0560 наружная канализация;Полиэтелен, корсис, прагма, НПВХ (ПК КСС);2;63;;;13.02.2026;;
ПКНФ-000003;13.02.2026;Труба двустенная для электропроводки d110 с протяжкой(внутр. d94)/ДКС ;Полиэтелен, корсис, прагма, НПВХ (ПК КСС);3;139;;;13.02.2026;;
ПКНФ-000003;13.02.2026;Цепь короткозвенная 4мм DIN766 оцинк;Крепеж и цепи, тали (ПК КСС);3;197.46;;05.07.2024;13.02.2026;;
ПКНФ-000003;13.02.2026;Шайба гроверная оц.М20 DIN 127;Оцинкованные метизы (ПК КСС);0.108;1.205;;17.02.2026;13.02.2026;;
ПКНФ-000003;13.02.2026;Шайба плоская оц.М16  DIN 125;Оцинкованные метизы (ПК КСС);0.012;1.432;;27.06.2024;13.02.2026;;
ПКНФ-000003;13.02.2026;Шайба плоская оц.М20  DIN 125;Оцинкованные метизы (ПК КСС);0.216;0.444;18.02.2026;27.06.2024;13.02.2026;;
ПКНФ-000003;13.02.2026;Электроконвектор ЭВПТ-2,0 IP54;Расходомеры, манометры (ПК КСС);1;4;;26.02.2026;13.02.2026;;
ПКНФ-000004;13.02.2026;Клапан Ridval тип RVC 20 DN100 PN16, красный;Арматура (ПК КСС);2;5;;;13.02.2026;;
ПКНФ-000004;13.02.2026;Болт оцинк. М16х140 DIN933;Оцинкованные метизы (ПК КСС);0.048;0.09;;;13.02.2026;;
ПКНФ-000004;13.02.2026;Затвор Ridval тип RVB 01 DN125 PN16 рукоятка,с УКП о/з.IP64 (красный);Арматура (ПК КСС);2;2;27.02.2026;27.02.2026;13.02.2026;;
ПКНФ-000004;13.02.2026;Прокладка (паронит) 125;Полиэтелен, корсис, прагма, НПВХ (ПК КСС);2;148;;;13.02.2026;;
ПКНФ-000004;13.02.2026;Болт оцинк. М20х140 DIN933;Оцинкованные метизы (ПК КСС);0.016;0.274;;27.06.2024;13.02.2026;;
ПКНФ-000004;13.02.2026;7726.2У - Коллекторы, патрубки;Составные части трубопровода (Пк КСС);1;0;11.02.2026;;13.02.2026;ПКНФ-000188;28.01.2026
ПКНФ-000004;13.02.2026;7726.2У - Рама, стойка;Составные части трубопровода (Пк КСС);1;0;15.12.2025;;13.02.2026;ПКНФ-000189;28.01.2026
ПКНФ-000004;13.02.2026;Насос NIS125-100-200/37SWH, 37кВт, 3х380В, 50Гц, чугун ;Насосы CNP (ПК КСС);2;2;;;13.02.2026;;
ПКНФ-000004;13.02.2026;Болт оцинк. М16х60 DIN933;Оцинкованные метизы (ПК КСС);0.008;0.418;;;13.02.2026;;
ПКНФ-000004;13.02.2026;Затвор Ridval тип RVB 01 DN100 PN16 рукоятка,с УКП о/з.IP64 (красный);Арматура (ПК КСС);2;6;;;13.02.2026;;
ПКНФ-000004;13.02.2026;Гайка шестигр. оц. М20 DIN 934 тыс шт;Оцинкованные метизы (ПК КСС);0.016;0.235;;27.06.2024;13.02.2026;;
ПКНФ-000004;13.02.2026;Болт оцинк. М16х80  DIN933;Оцинкованные метизы (ПК КСС);0.016;0.116;;;13.02.2026;;
ПКНФ-000004;13.02.2026;Манометр с поверкой тип ТМ-310T.00, 0..1МПа, 63 мм, G1/4""(сзади), кл.2,5, корпус-сталь, Росма;Расходомеры, манометры (ПК КСС);1;34;;;13.02.2026;;
ПКНФ-000004;13.02.2026;Реле давления РД-2Р 0,5..1,6МПа, G1/4"" ;Датчики уровня, преобразователи, реле (ПК КСС);2;15;;;13.02.2026;;
ПКНФ-000004;13.02.2026;Шаровой кран латунный 1/2"" ВР, с дренажем и воздухоотводчиком, ручка-бабочка, Pride LD 44.344.15;Арматура (ПК КСС);3;29;;;13.02.2026;;
ПКНФ-000004;13.02.2026;Ниппель прямой никелированный 1/2"" НР. LD Pride LD.67.501.15;Арматура (ПК КСС);3;22;;;13.02.2026;;
ПКНФ-000004;13.02.2026;Манометр с поверкой тип ТМ-310Т.00, 0..1,6 МПа, 63 мм, G1/4""(сзади), кл.1,5, корпус-сталь, Росма 000;Расходомеры, манометры (ПК КСС);1;1;;18.02.2026;13.02.2026;;
ПКНФ-000004;13.02.2026;Муфта никелированная 1/2"" ВР, LD Pride LD.67.502.15;Арматура (ПК КСС);3;12;;;13.02.2026;;
ПКНФ-000004;13.02.2026;Шайба гроверная оц. Ф16 DIN 127;Оцинкованные метизы (ПК КСС);0.08;1.049;;27.06.2024;13.02.2026;;
ПКНФ-000004;13.02.2026;CLS.H01-1-G12 — Кондуктометрический датчик уровня (наружная резьба G1/2"", резьба стержня М4, материа;Датчики уровня, преобразователи, реле (ПК КСС);1;6;;;13.02.2026;;
ПКНФ-000004;13.02.2026;Затвор Ridval тип RVB 01 DN150 PN16 рукоятка,с УКП о/з.IP64 (красный);Арматура (ПК КСС);4;0;;24.02.2026;13.02.2026;;
ПКНФ-000004;13.02.2026;Шпилька М4 L1000 (А2, DIN975);Нержавеющие метизы (ПК КСС);0.15;7.3;;;13.02.2026;;
ПКНФ-000004;13.02.2026;Гайка шестигр. оц М16  (тыс шт);Оцинкованные метизы (ПК КСС);0.08;1.164;;27.06.2024;13.02.2026;;
ПКНФ-000004;13.02.2026;Прокладка (паронит) 100;Полиэтелен, корсис, прагма, НПВХ (ПК КСС);4;120;;;13.02.2026;;
ПКНФ-000004;13.02.2026;Футорка ник. латун. 1/2х 1/4;Арматура (ПК КСС);2;38;;;13.02.2026;;
ПКНФ-000004;13.02.2026;Шайба гроверная оц.М20 DIN 127;Оцинкованные метизы (ПК КСС);0.016;0.432;;17.02.2026;13.02.2026;;
ПКНФ-000004;13.02.2026;Шайба плоская оц.М16  DIN 125;Оцинкованные метизы (ПК КСС);0.16;1.941;;27.06.2024;13.02.2026;;
ПКНФ-000004;13.02.2026;Шайба плоская оц.М20  DIN 125;Оцинкованные метизы (ПК КСС);0.032;0.293;18.02.2026;27.06.2024;13.02.2026;;
ПКНФ-000139;13.02.2026;Карабин винтовой 5 мм;Крепеж и цепи, тали (ПК КСС);6;172;;;13.02.2026;;
ПКНФ-000139;13.02.2026;Болт оцинк. М6х40 DIN 933;Оцинкованные метизы (ПК КСС);0.006;0.128;;;13.02.2026;;
ПКНФ-000139;13.02.2026;Труба э/с 108*4,0 ГОСТ 10704-91;СНГ;0.02;0.108;;;13.02.2026;;
ПКНФ-000139;13.02.2026;Болт М12*40 DIN 933 полная резьба  (А2, 12,0, 45,0, DIN 933) ;Нержавеющие метизы (ПК КСС);4;201;;;13.02.2026;;
ПКНФ-000139;13.02.2026;Скоба такелажная М4;Крепеж и цепи, тали (ПК КСС);6;33;;;13.02.2026;;
ПКНФ-000139;13.02.2026;Труба 25х25х2  ГОСТ;Черные трубы, листы, круги (ПК КСС);184;505;;;13.02.2026;;
ПКНФ-000139;13.02.2026;7614.2 КСС ШУКПП- 2/3 -30кВт +УХЛ1;Шкафы управления (ПК КСС);1;0;;;13.02.2026;;
ПКНФ-000139;13.02.2026;Труба 60х30х2 ГОСТ 8639-82;Черные трубы, листы, круги (ПК КСС);82;179;;;13.02.2026;;
ПКНФ-000139;13.02.2026;Заглушка для трубы 40х40 мм пластик;Расходные материалы (ПК КСС);2;268;;;13.02.2026;;
ПКНФ-000139;13.02.2026;Болт оцинк. М20х60 DIN933;Оцинкованные метизы (ПК КСС);0.012;0.268;;;13.02.2026;;
ПКНФ-000139;13.02.2026;Клапан обратный шаровой DN200 PN10 канализационный;Арматура (ПК КСС);2;2;;;13.02.2026;;
ПКНФ-000139;13.02.2026;Гайка шестигр. оц. М20 DIN 934 тыс шт;Оцинкованные метизы (ПК КСС);0.06;0.668;;27.06.2024;13.02.2026;;
ПКНФ-000139;13.02.2026;Болт оцинк. М16х80  DIN933;Оцинкованные метизы (ПК КСС);0.016;0.757;;;13.02.2026;;
ПКНФ-000139;13.02.2026;Насос 150WQ270-16-22AC(I), 22кВт, без АТМ DN150, 4-х полюс. ;Насосы CNP (ПК КСС);2;0;02.03.2026;02.03.2026;13.02.2026;;
ПКНФ-000139;13.02.2026;Труба э/с 60х2,6 ГОСТ;Черные трубы, листы, круги (ПК КСС);48;73;;;13.02.2026;;
ПКНФ-000139;13.02.2026;Автоматическая трубная муфта для насоса WQ DN150, TOS-150, мощность до 22кВт включительно (ПК);УПМ СNP (ПК КСС);2;2;;;13.02.2026;;
ПКНФ-000139;13.02.2026;Труба э/с 530х8 ГОСТ 10705-80;Черные трубы, листы, круги (ПК КСС);17;35;;;13.02.2026;;
ПКНФ-000139;13.02.2026;Труба э/с 159х4,5 ГОСТ 10704-91;Черные трубы, листы, круги (ПК КСС);0.033;3.1;;;13.02.2026;;
ПКНФ-000139;13.02.2026;Труба э/с 133х4,0 ГОСТ 10704-91;Черные трубы, листы, круги (ПК КСС);50;50;;;13.02.2026;;
ПКНФ-000139;13.02.2026;7614.2 - Трубопровод;Составные части трубопровода (Пк КСС);1;1;;;13.02.2026;ПКНФ-000048;19.01.2026
ПКНФ-000139;13.02.2026;7614.2 - Рама под УПМ, Балка под крышку;Составные части трубопровода (Пк КСС);1;0;11.02.2026;;13.02.2026;ПКНФ-000050;19.01.2026
ПКНФ-000139;13.02.2026;7614.2 - Направляющие под корзину  Площадка Лестница Балка транспортировочная Корзина;Составные части трубопровода (Пк КСС);1;1;;;13.02.2026;ПКНФ-000049;30.01.2026
ПКНФ-000139;13.02.2026;Труба 50х25х2  ГОСТ 8639-82;Черные трубы, листы, круги (ПК КСС);37;121;;;13.02.2026;;
ПКНФ-000139;13.02.2026;Труба 40х25х2 ГОСТ;Черные трубы, листы, круги (ПК КСС);92;207;;;13.02.2026;;
ПКНФ-000139;13.02.2026;Задвижка 30ч39р Ду200 Pу10 штурвал;Арматура (ПК КСС);2;2;02.02.2026;02.02.2026;13.02.2026;;
ПКНФ-000139;13.02.2026;Заглушка для трубы 25х25 мм пластик;Расходные материалы (ПК КСС);2;432;23.04.2024;;13.02.2026;;
ПКНФ-000139;13.02.2026;Шайба гроверная оц. Ф16 DIN 127;Оцинкованные метизы (ПК КСС);0.016;1.146;;27.06.2024;13.02.2026;;
ПКНФ-000139;13.02.2026;Труба 60х40х4  ГОСТ 8639-82;Черные трубы, листы, круги (ПК КСС);116;203;;;13.02.2026;;
ПКНФ-000139;13.02.2026;Болт оцинк. М20х80 DIN933;Оцинкованные метизы (ПК КСС);0.048;0.436;;27.06.2024;13.02.2026;;
ПКНФ-000139;13.02.2026;Навесной замок с ключом GPLK-50L;Оцинкованные метизы (ПК КСС);1;46;;20.01.2025;13.02.2026;;
ПКНФ-000139;13.02.2026;Труба 20х20х2 ГОСТ 8639-82;Черные трубы, листы, круги (ПК КСС);100;300;;29.01.2024;13.02.2026;;
ПКНФ-000139;13.02.2026;Шайба гровер М20 DIN 127 (А2, DIN 127);Нержавеющие метизы (ПК КСС);8;1953;;;13.02.2026;;
ПКНФ-000139;13.02.2026;Труба 315/7,7/1200 наружная канализация;Полиэтелен, корсис, прагма, НПВХ (ПК КСС);1;0.8;23.01.2026;23.01.2026;13.02.2026;;
ПКНФ-000139;13.02.2026;Муфта Корсис DN315 (OD);Полиэтелен, корсис, прагма, НПВХ (ПК КСС);1;9;;;13.02.2026;;
ПКНФ-000139;13.02.2026;Гайка шестигр. оц М16  (тыс шт);Оцинкованные метизы (ПК КСС);0.016;1.246;;27.06.2024;13.02.2026;;
ПКНФ-000139;13.02.2026;Труба 40х20х1.5 ГОСТ 8645-68;Черные трубы, листы, круги (ПК КСС);171;189;;;13.02.2026;;
ПКНФ-000139;13.02.2026;Труба 40х40х2 ГОСТ 8639-82;Черные трубы, листы, круги (ПК КСС);100;200;;;13.02.2026;;
ПКНФ-000139;13.02.2026;Труба 40х20х2 ГОСТ 8639-82;Черные трубы, листы, круги (ПК КСС);82;111;;29.01.2024;13.02.2026;;
ПКНФ-000139;13.02.2026;Труба 60х40х2 ГОСТ 8645-68;Черные трубы, листы, круги (ПК КСС);33;146;;;13.02.2026;;
ПКНФ-000139;13.02.2026;Труба 60х60х2  ГОСТ 8639-82;Черные трубы, листы, круги (ПК КСС);24;94.5;;;13.02.2026;;
ПКНФ-000139;13.02.2026;Шпилька М10 L1000 (А2, DIN975);Нержавеющие метизы (ПК КСС);1;11.494;;26.02.2026;13.02.2026;;
ПКНФ-000139;13.02.2026;Анкерный болт с гайкой 16*180 HNM тыс;Оцинкованные метизы (ПК КСС);0.016;0.302;;10.06.2024;13.02.2026;;
ПКНФ-000139;13.02.2026;Болт М10*60 DIN 933 полная резьба  (А2, 10,0, 60,0, DIN 933);Нержавеющие метизы (ПК КСС);40;719;;;13.02.2026;;
ПКНФ-000139;13.02.2026;Болт М16*80 DIN 933 полная резьба  (А2, 16,0, 80,0, DIN 933);Нержавеющие метизы (ПК КСС);16;388;;;13.02.2026;;
ПКНФ-000139;13.02.2026;Болт М20*80 DIN 933 полная резьба  (А2, 20,0, 80,0, DIN 933);Нержавеющие метизы (ПК КСС);8;96;;;13.02.2026;;
ПКНФ-000139;13.02.2026;Гайка М10 DIN 934  (А2, 10,0, DIN 934);Нержавеющие метизы (ПК КСС);44;1147;;19.06.2024;13.02.2026;;
ПКНФ-000139;13.02.2026;Гайка М12 DIN 934  (А2, 12,0, DIN 934);Нержавеющие метизы (ПК КСС);4;986;;;13.02.2026;;
ПКНФ-000139;13.02.2026;Гайка М16 DIN 934  (А2, 16,0, DIN 934);Нержавеющие метизы (ПК КСС);16;734;25.04.2024;25.04.2024;13.02.2026;;
ПКНФ-000139;13.02.2026;Гайка М20 DIN 934  (А2, 20,0, DIN 934);Нержавеющие метизы (ПК КСС);8;139;;;13.02.2026;;
ПКНФ-000139;13.02.2026;Грибок канализационный;Полиэтелен, корсис, прагма, НПВХ (ПК КСС);1;2;;17.02.2026;13.02.2026;;
ПКНФ-000139;13.02.2026;Карабин винтовой 4 мм;Крепеж и цепи, тали (ПК КСС);6;45;;;13.02.2026;;
ПКНФ-000139;13.02.2026;Манжета резиновая переходная D 110/124 Уп., черн;Полиэтелен, корсис, прагма, НПВХ (ПК КСС);2;4;;;13.02.2026;;
ПКНФ-000139;13.02.2026;Манжета резиновая переходная D 50/72 Уп., черн;Полиэтелен, корсис, прагма, НПВХ (ПК КСС);1;139;;;13.02.2026;;
ПКНФ-000139;13.02.2026;Отвод 90 гр. НПВХ DN110;Полиэтелен, корсис, прагма, НПВХ (ПК КСС);1;2;;;13.02.2026;;
ПКНФ-000139;13.02.2026;Поплавковый выключатель RL-1 10м;Датчики уровня, преобразователи, реле (ПК КСС);4;72;;05.02.2025;13.02.2026;;
ПКНФ-000139;13.02.2026;Прокладка (паронит) 150;Полиэтелен, корсис, прагма, НПВХ (ПК КСС);2;54;;;13.02.2026;;
ПКНФ-000139;13.02.2026;Прокладка (паронит) 200;Полиэтелен, корсис, прагма, НПВХ (ПК КСС);6;67;;;13.02.2026;;
ПКНФ-000139;13.02.2026;Проушина прямая 30х70мм;Расходные материалы (ПК КСС);2;173;;;13.02.2026;;
ПКНФ-000139;13.02.2026;Рым-гайка DIN 582 М10;Крепеж и цепи, тали (ПК КСС);6;25;;;13.02.2026;;
ПКНФ-000139;13.02.2026;Рым-гайка DIN 582 М 6;Крепеж и цепи, тали (ПК КСС);0.006;0.035;;17.02.2025;13.02.2026;;
ПКНФ-000139;13.02.2026;Скоба с вкручивающимся штифтом 0,33 т, 1/2т 1/4, тип G209, для насосов до 250 кг;Крепеж и цепи, тали (ПК КСС);6;65;;;13.02.2026;;
ПКНФ-000139;13.02.2026;Труба 110/3,2/0560 наружная канализация;Полиэтелен, корсис, прагма, НПВХ (ПК КСС);2;62;;;13.02.2026;;
ПКНФ-000139;13.02.2026;Труба двустенная для электропроводки d110 с протяжкой(внутр. d94)/ДКС ;Полиэтелен, корсис, прагма, НПВХ (ПК КСС);3;139;;;13.02.2026;;
ПКНФ-000139;13.02.2026;Труба двустенная для электропроводки d50 с протяжкой(внутр. d41,5) [ДКС] (код 19735) 121950;Полиэтелен, корсис, прагма, НПВХ (ПК КСС);3;94;;;13.02.2026;;
ПКНФ-000139;13.02.2026;Цепь короткозвенная 4мм DIN766 оцинк;Крепеж и цепи, тали (ПК КСС);11.7;211.86;;05.07.2024;13.02.2026;;
ПКНФ-000139;13.02.2026;Цепь Т6-6х18 мм ГОСТ 30441-97 (покрытие хим.окс.);Крепеж и цепи, тали (ПК КСС);17.4;124.6;;;13.02.2026;;
ПКНФ-000139;13.02.2026;Шайба  гровер М12 DIN 127 (А2, DIN 127);Нержавеющие метизы (ПК КСС);4;852.964;;;13.02.2026;;
ПКНФ-000139;13.02.2026;Шайба гроверная оц.М20 DIN 127;Оцинкованные метизы (ПК КСС);0.06;1.253;;17.02.2026;13.02.2026;;
ПКНФ-000139;13.02.2026;Шайба М10 DIN 125  (А2, DIN 125);Нержавеющие метизы (ПК КСС);88;860;;;13.02.2026;;
ПКНФ-000139;13.02.2026;Шайба  гровер М10 DIN 127 (А2, DIN 127);Нержавеющие метизы (ПК КСС);44;1034;;;13.02.2026;;
ПКНФ-000139;13.02.2026;Шайба М12 DIN 125  (А2, DIN 125);Нержавеющие метизы (ПК КСС);8;379;;;13.02.2026;;
ПКНФ-000139;13.02.2026;Шайба М16 DIN 125  (А2, DIN 125);Нержавеющие метизы (ПК КСС);32;463;;;13.02.2026;;
ПКНФ-000139;13.02.2026;Шайба гровер М16 DIN 127 (А2, DIN 127);Нержавеющие метизы (ПК КСС);16;1566;;;13.02.2026;;
ПКНФ-000139;13.02.2026;Шайба М20 DIN 125  (А2, DIN 125);Нержавеющие метизы (ПК КСС);16;1318;;;13.02.2026;;
ПКНФ-000139;13.02.2026;Шайба плоская оц. М6 DIN 125;Оцинкованные метизы (ПК КСС);0.006;0.59;;25.08.2025;13.02.2026;;
ПКНФ-000139;13.02.2026;Шайба плоская оц.М16  DIN 125;Оцинкованные метизы (ПК КСС);0.032;1.384;;27.06.2024;13.02.2026;;
ПКНФ-000139;13.02.2026;Шайба плоская оц.М20  DIN 125;Оцинкованные метизы (ПК КСС);0.12;0.348;18.02.2026;27.06.2024;13.02.2026;;
ПКНФ-000158;13.02.2026;Болт оцинк. М20х60 DIN933;Оцинкованные метизы (ПК КСС);0.002;0.246;;;13.02.2026;;
ПКНФ-000158;13.02.2026;Стеклоровинг ECR24-2400D-601 (Шандон) намотка Китай;Сырье стеклопластиковое;1;52781.5;;12.01.2025;13.02.2026;;
ПКНФ-000158;13.02.2026;Отвод 45 гр. НПВХ DN110;Полиэтелен, корсис, прагма, НПВХ (ПК КСС);1;40;;;13.02.2026;;
ПКНФ-000158;13.02.2026;Труба 315/7,7/1200 наружная канализация;Полиэтелен, корсис, прагма, НПВХ (ПК КСС);1.2;2;23.01.2026;23.01.2026;13.02.2026;;
ПКНФ-000158;13.02.2026;Анкерный болт с гайкой 12*120 HNM ПК (тыс);Оцинкованные метизы (ПК КСС);0.01;0.189;;;13.02.2026;;
ПКНФ-000158;13.02.2026;Лента стеклянная 400, 250 мм, кг;Сырье стеклопластиковое;1;6578.5;;;13.02.2026;;
ПКНФ-000158;13.02.2026;Отвердитель Akperox А60 (30кг);Сырье стеклопластиковое;1;545.45;;;13.02.2026;;
ПКНФ-000158;13.02.2026;Пигмент железооксидный зеленый Green ТС 5605. Производство Китай.;Сырье стеклопластиковое;1;76.1;;;13.02.2026;;
ПКНФ-000158;13.02.2026;Рым-гайка DIN 582 М 20;Крепеж и цепи, тали (ПК КСС);2;76;;;13.02.2026;;
ПКНФ-000158;13.02.2026;Смола полимер 3401 А (1000кг);Сырье стеклопластиковое;1;10045.2;;12.01.2026;13.02.2026;;
ПКНФ-000158;13.02.2026;Смола полимер 3401 ТА (1000кг);Сырье стеклопластиковое;1;40591.6;;12.01.2026;13.02.2026;;
ПКНФ-000158;13.02.2026;Стекломат  E6CRMC600-1250-Е (45кг) Джуши Китай;Сырье стеклопластиковое;1;25416.7;;12.01.2025;13.02.2026;;
ПКНФ-000158;13.02.2026;Стеклорогожа EWR 560;Сырье стеклопластиковое;1;4661.6;;;13.02.2026;;
ПКНФ-000158;13.02.2026;Тройник НПВХ DN110;Полиэтелен, корсис, прагма, НПВХ (ПК КСС);1;45;;;13.02.2026;;
ПКНФ-000158;13.02.2026;Труба 110/3,2/0560 наружная канализация;Полиэтелен, корсис, прагма, НПВХ (ПК КСС);4;62;;;13.02.2026;;
ПКНФ-000158;13.02.2026;Шайба плоская оц.М20  DIN 125;Оцинкованные метизы (ПК КСС);0.002;0.206;18.02.2026;27.06.2024;13.02.2026;;
ПКНФ-000172;13.02.2026;Болт оцинк. М16х140 DIN933;Оцинкованные метизы (ПК КСС);0.032;0.183;;;13.02.2026;;
ПКНФ-000172;13.02.2026;Труба PPR SDR 6 PN20 50/8,3/4000 мм, БЕЛАЯ, Pro Aqua PA10014;Полиэтелен, корсис, прагма, НПВХ (ПК КСС);6;8.5;18.02.2026;18.02.2026;13.02.2026;;
ПКНФ-000172;13.02.2026;Муфта PPR комбинированная 50х1 1/2""НР под ключ, белая, Pro Aqua PA23522P;Полиэтелен, корсис, прагма, НПВХ (ПК КСС);3;5;18.02.2026;18.02.2026;13.02.2026;;
ПКНФ-000172;13.02.2026;Муфта PPR комбинированная 50х1 1/2""ВР под ключ, белая, Pro Aqua PA22522P;Полиэтелен, корсис, прагма, НПВХ (ПК КСС);2;4;18.02.2026;18.02.2026;13.02.2026;;
ПКНФ-000172;13.02.2026;Угольник PPR 50/90°, белый, Pro Aqua PA13016P;Полиэтелен, корсис, прагма, НПВХ (ПК КСС);1;1;18.02.2026;18.02.2026;13.02.2026;;
ПКНФ-000172;13.02.2026;Труба 110/3,2/6060 наружная канализация;Полиэтелен, корсис, прагма, НПВХ (ПК КСС);1;1.6;;;13.02.2026;;
ПКНФ-000172;13.02.2026;5882.2 Трубопровод, патрубки;Составные части трубопровода (Пк КСС);1;0;10.03.2026;;13.02.2026;ПКНФ-000255;16.02.2026
ПКНФ-000172;13.02.2026;5882.2 Лестница, транспортная балка Б1;Составные части трубопровода (Пк КСС);1;0;03.03.2026;;13.02.2026;ПКНФ-000256;09.02.2026
ПКНФ-000172;13.02.2026;5882.2 Рама под установку, балка под крышку ;Составные части трубопровода (Пк КСС);1;0;10.03.2026;;13.02.2026;ПКНФ-000257;09.02.2026
ПКНФ-000172;13.02.2026;Шайба гроверная оц.Ф10 DIN 127;Оцинкованные метизы (ПК КСС);0.06;0.26;;;13.02.2026;;
ПКНФ-000172;13.02.2026;Гайка шестигр.М10 оц. DIN934;Оцинкованные метизы (ПК КСС);0.06;0.231;07.10.2024;07.10.2024;13.02.2026;;
ПКНФ-000172;13.02.2026;Скоба такелажная М4;Крепеж и цепи, тали (ПК КСС);4;25;;;13.02.2026;;
ПКНФ-000172;13.02.2026;Болт оцинк. М10х60 DIN933;Оцинкованные метизы (ПК КСС);0.04;0.36;;;13.02.2026;;
ПКНФ-000172;13.02.2026;Болт оцинк. М16х60 DIN933;Оцинкованные метизы (ПК КСС);0.006;0.782;;;13.02.2026;;
ПКНФ-000172;13.02.2026;Шайба плоская оц. М8  DIN 125;Оцинкованные метизы (ПК КСС);0.004;0.447;;;13.02.2026;;
ПКНФ-000172;13.02.2026;Шайба гроверная оц. Ф8 DIN 127;Оцинкованные метизы (ПК КСС);0.004;1.229;;;13.02.2026;;
ПКНФ-000172;13.02.2026;Болт оцинк. М20х60 DIN933;Оцинкованные метизы (ПК КСС);0.012;0.256;;;13.02.2026;;
ПКНФ-000172;13.02.2026;Гайка шестигр. оц. М20 DIN 934 тыс шт;Оцинкованные метизы (ПК КСС);0.012;0.608;;27.06.2024;13.02.2026;;
ПКНФ-000172;13.02.2026;Болт оцинк. М16х80  DIN933;Оцинкованные метизы (ПК КСС);0.032;0.737;;;13.02.2026;;
ПКНФ-000172;13.02.2026;Ниппель приварной (резьба) DN40 1 1/2"" чермет;Черные фланцы и фиттинги (ПК КСС);2;25;;;13.02.2026;;
ПКНФ-000172;13.02.2026;Гайка оцинк. DIN 934 М8;Оцинкованные метизы (ПК КСС);0.004;0.296;;;13.02.2026;;
ПКНФ-000172;13.02.2026;Насосная станция пожаротушения КСС-П-2 CDM65-5-АВР-2ЭЗ-РК-УХЛ1;Установки ВНС и ПНС (ПК КСС);1;0;22.12.2025;;13.02.2026;ПКНФ-000182;13.02.2026
ПКНФ-000172;13.02.2026;Шаровой кран латунный 1 1/2"" ВР-НР, ручка-рычаг, красный - полнопрох. с полусгоном, MVI BV.920.08;Арматура (ПК КСС);1;1;18.02.2026;18.02.2026;13.02.2026;;
ПКНФ-000172;13.02.2026;Шпилька резьб. DIN 975 М8х1000  оц. ;Оцинкованные метизы (ПК КСС);1;66;;;13.02.2026;;
ПКНФ-000172;13.02.2026;Заглушка для трубы 25х25 мм пластик;Расходные материалы (ПК КСС);2;440;23.04.2024;;13.02.2026;;
ПКНФ-000172;13.02.2026;Затвор поворотный межфланцевый ABRA BUV-VF866D150H DN100 PN16/10 корпус GG25 / диск AISI316 / седло ;Арматура (ПК КСС);4;4;;;13.02.2026;;
ПКНФ-000172;13.02.2026;Гибкая вставка эластичная - антивибрационный компенсатор (виброкомпенсатор) DN100 PN10, фланец/флане;Арматура (ПК КСС);4;6;03.05.2024;;13.02.2026;;
ПКНФ-000172;13.02.2026;Шайба гроверная оц. Ф16 DIN 127;Оцинкованные метизы (ПК КСС);0.07;1.164;;27.06.2024;13.02.2026;;
ПКНФ-000172;13.02.2026;Насос дренажный «Leo» QDX 6-18-0.75А (закрытая крыльчатка) (ПК);Насосы LEO/ОНИС (ПК КСС);2;2;;;13.02.2026;;
ПКНФ-000172;13.02.2026;Обратный клапан с лат. сердечником AquaHit 1 1/2"", MVI CV.320.08;Арматура (ПК КСС);1;9;;;13.02.2026;;
ПКНФ-000172;13.02.2026;Шайба плоская оц. М10  DIN 125;Оцинкованные метизы (ПК КСС);0.12;0.554;;25.08.2025;13.02.2026;;
ПКНФ-000172;13.02.2026;Навесной замок с ключом GPLK-50L;Оцинкованные метизы (ПК КСС);2;46;;20.01.2025;13.02.2026;;
ПКНФ-000172;13.02.2026;Гайка шестигр. оц М16  (тыс шт);Оцинкованные метизы (ПК КСС);0.07;1.264;;27.06.2024;13.02.2026;;
ПКНФ-000172;13.02.2026;Труба ВГП ОЦ 40х3 ГОСТ 3262-75 (м);Черные трубы, листы, круги (ПК КСС);0.2;142.2;;;13.02.2026;;
ПКНФ-000172;13.02.2026;Шпилька М10 L1000 (А2, DIN975);Нержавеющие метизы (ПК КСС);3;12.494;;26.02.2026;13.02.2026;;
ПКНФ-000172;13.02.2026;Анкерный болт с гайкой 16*180 HNM тыс;Оцинкованные метизы (ПК КСС);0.02;0.306;;10.06.2024;13.02.2026;;
ПКНФ-000172;13.02.2026;Грибок канализационный;Полиэтелен, корсис, прагма, НПВХ (ПК КСС);2;6;;17.02.2026;13.02.2026;;
ПКНФ-000172;13.02.2026;Карабин винтовой 4 мм;Крепеж и цепи, тали (ПК КСС);4;37;;;13.02.2026;;
ПКНФ-000172;13.02.2026;Манжета резиновая переходная D 110/124 Уп., черн;Полиэтелен, корсис, прагма, НПВХ (ПК КСС);3;7;;;13.02.2026;;
ПКНФ-000172;13.02.2026;Проушина прямая 30х70мм;Расходные материалы (ПК КСС);4;173;;;13.02.2026;;
ПКНФ-000172;13.02.2026;Труба 110/3,2/0560 наружная канализация;Полиэтелен, корсис, прагма, НПВХ (ПК КСС);2;68;;;13.02.2026;;
ПКНФ-000172;13.02.2026;Труба 160/4,0/2000 наружная канализация;Полиэтелен, корсис, прагма, НПВХ (ПК КСС);1;9;;;13.02.2026;;
ПКНФ-000172;13.02.2026;Труба двустенная для электропроводки d110 с протяжкой(внутр. d94)/ДКС ;Полиэтелен, корсис, прагма, НПВХ (ПК КСС);3;136;;;13.02.2026;;
ПКНФ-000172;13.02.2026;Уплотнитель кольцевого пространства марки АктивРинг ТУ 2531-002-58859224-2014 изм. 1 (АР 265 оцинк) ;Полиэтелен, корсис, прагма, НПВХ (ПК КСС);40;0;23.02.2026;23.02.2026;13.02.2026;;
ПКНФ-000172;13.02.2026;Цепь короткозвенная 4мм DIN766 оцинк;Крепеж и цепи, тали (ПК КСС);4;194.46;;05.07.2024;13.02.2026;;
ПКНФ-000172;13.02.2026;Шайба гроверная оц.М20 DIN 127;Оцинкованные метизы (ПК КСС);0.012;1.193;;17.02.2026;13.02.2026;;
ПКНФ-000172;13.02.2026;Шайба плоская оц.М16  DIN 125;Оцинкованные метизы (ПК КСС);0.14;1.42;;27.06.2024;13.02.2026;;
ПКНФ-000172;13.02.2026;Шайба плоская оц.М20  DIN 125;Оцинкованные метизы (ПК КСС);0.024;0.228;18.02.2026;27.06.2024;13.02.2026;;
ПКНФ-000172;13.02.2026;Электроконвектор ЭВПТ-2,0 IP54;Расходомеры, манометры (ПК КСС);1;3;;26.02.2026;13.02.2026;;
ПКНФ-000181;13.02.2026;Затвор поворотный межфланцевый ABRA BUV-VF826D080H DN080 PN16/10 корпус GG25 / диск GGG40 / седло EP;Арматура (ПК КСС);2;2;;;13.02.2026;;
ПКНФ-000181;13.02.2026;Установка повышения давления КСС-МЧ-2 CDM15-7-СХ;Установки ВНС и ПНС (ПК КСС);1;0;05.03.2026;;13.02.2026;ПКНФ-000183;27.01.2026
ПКНФ-000181;13.02.2026;Гибкая вставка эластичная - антивибрационный компенсатор (виброкомпенсатор) DN080 PN16, фланец/флане;Арматура (ПК КСС);2;4;;;13.02.2026;;
ПКНФ-000181;13.02.2026;Насос дренажный «Leo» QDX 6-18-0.75А (закрытая крыльчатка) (ПК);Насосы LEO/ОНИС (ПК КСС);1;1;;;13.02.2026;;
ПКНФ-000182;13.02.2026;Клапан Ridval тип RVC 20 DN100 PN16, красный;Арматура (ПК КСС);2;5;;;13.02.2026;;
ПКНФ-000182;13.02.2026;Шайба плоская оц. М12  DIN 125;Оцинкованные метизы (ПК КСС);0.016;1.057;;03.06.2024;13.02.2026;;
ПКНФ-000182;13.02.2026;Болт оцинк. М12х100 DIN933;Оцинкованные метизы (ПК КСС);0.008;0.164;;;13.02.2026;;
ПКНФ-000182;13.02.2026;Болт оцинк. М16х120 DIN933;Оцинкованные метизы (ПК КСС);0.048;0.06;;27.06.2024;13.02.2026;;
ПКНФ-000182;13.02.2026;Затвор Ridval тип RVB 01 DN100 PN16 рукоятка,с УКП о/з.IP64 (красный);Арматура (ПК КСС);6;10;;;13.02.2026;;
ПКНФ-000182;13.02.2026;Болт оцинк. М16х80  DIN933;Оцинкованные метизы (ПК КСС);0.016;0.116;;;13.02.2026;;
ПКНФ-000182;13.02.2026;Рым-болт DIN 580 М 16;Оцинкованные метизы (ПК КСС);4;80;;;13.02.2026;;
ПКНФ-000182;13.02.2026;Реле давления РД-2Р 0,5..1,6МПа, G1/4"" ;Датчики уровня, преобразователи, реле (ПК КСС);2;15;;;13.02.2026;;
ПКНФ-000182;13.02.2026;5882.2У Коллектора, патрубки;Составные части трубопровода (Пк КСС);1;0;22.12.2025;;13.02.2026;ПКНФ-000245;05.02.2026
ПКНФ-000182;13.02.2026;5882.2У Рама;Составные части трубопровода (Пк КСС);1;0;22.12.2025;;13.02.2026;ПКНФ-000246;05.02.2026
ПКНФ-000182;13.02.2026;Шаровой кран латунный 1/2"" ВР, с дренажем и воздухоотводчиком, ручка-бабочка, Pride LD 44.344.15;Арматура (ПК КСС);3;29;;;13.02.2026;;
ПКНФ-000182;13.02.2026;Ниппель прямой никелированный 1/2"" НР. LD Pride LD.67.501.15;Арматура (ПК КСС);3;22;;;13.02.2026;;
ПКНФ-000182;13.02.2026;Манометр с поверкой тип ТМ-310Т.00, 0..1,6 МПа, 63 мм, G1/4""(сзади), кл.1,5, корпус-сталь, Росма 000;Расходомеры, манометры (ПК КСС);2;2;;18.02.2026;13.02.2026;;
ПКНФ-000182;13.02.2026;Муфта никелированная 1/2"" ВР, LD Pride LD.67.502.15;Арматура (ПК КСС);3;12;;;13.02.2026;;
ПКНФ-000182;13.02.2026;Насос CDM65-5FSWPC, 30кВт, станд. фланец, 3х380В, 50Гц, чугун, 70 С ;Насосы CNP (ПК КСС);2;2;;;13.02.2026;;
ПКНФ-000182;13.02.2026;Шайба оцинк гровер М12 DIN 127;Оцинкованные метизы (ПК КСС);0.008;0.696;;03.06.2024;13.02.2026;;
ПКНФ-000182;13.02.2026;Шайба гроверная оц. Ф16 DIN 127;Оцинкованные метизы (ПК КСС);0.1;1.069;;27.06.2024;13.02.2026;;
ПКНФ-000182;13.02.2026;CLS.H01-1-G12 — Кондуктометрический датчик уровня (наружная резьба G1/2"", резьба стержня М4, материа;Датчики уровня, преобразователи, реле (ПК КСС);1;6;;;13.02.2026;;
ПКНФ-000182;13.02.2026;Шпилька М4 L1000 (А2, DIN975);Нержавеющие метизы (ПК КСС);0.15;7.3;;;13.02.2026;;
ПКНФ-000182;13.02.2026;Гайка шестигр. оц М12 DIN934;Оцинкованные метизы (ПК КСС);0.008;0.935;;03.06.2024;13.02.2026;;
ПКНФ-000182;13.02.2026;Гайка шестигр. оц М16  (тыс шт);Оцинкованные метизы (ПК КСС);0.1;1.184;;27.06.2024;13.02.2026;;
ПКНФ-000182;13.02.2026;Прокладка (паронит) 100;Полиэтелен, корсис, прагма, НПВХ (ПК КСС);6;122;;;13.02.2026;;
ПКНФ-000182;13.02.2026;Футорка ник. латун. 1/2х 1/4;Арматура (ПК КСС);2;38;;;13.02.2026;;
ПКНФ-000182;13.02.2026;Шайба плоская оц.М16  DIN 125;Оцинкованные метизы (ПК КСС);0.164;1.945;;27.06.2024;13.02.2026;;
ПКНФ-000182;13.02.2026;Шпилька М16*1000 DIN 975 оц;Оцинкованные метизы (ПК КСС);3;12.8;;;13.02.2026;;
ПКНФ-000192;13.02.2026;Болт оцинк. М12х80 DIN933;Оцинкованные метизы (ПК КСС);0.004;0.517;;;13.02.2026;;
ПКНФ-000192;13.02.2026;Труба PPR SDR 6 PN20 50/8,3/4000 мм, БЕЛАЯ, Pro Aqua PA10014;Полиэтелен, корсис, прагма, НПВХ (ПК КСС);6;2.5;18.02.2026;18.02.2026;13.02.2026;;
ПКНФ-000192;13.02.2026;Муфта PPR комбинированная 50х1 1/2""НР под ключ, белая, Pro Aqua PA23522P;Полиэтелен, корсис, прагма, НПВХ (ПК КСС);3;2;18.02.2026;18.02.2026;13.02.2026;;
ПКНФ-000192;13.02.2026;Муфта PPR комбинированная 50х1 1/2""ВР под ключ, белая, Pro Aqua PA22522P;Полиэтелен, корсис, прагма, НПВХ (ПК КСС);2;2;18.02.2026;18.02.2026;13.02.2026;;
ПКНФ-000192;13.02.2026;Угольник PPR 50/90°, белый, Pro Aqua PA13016P;Полиэтелен, корсис, прагма, НПВХ (ПК КСС);1;0;18.02.2026;18.02.2026;13.02.2026;;
ПКНФ-000192;13.02.2026;Труба 110/3,2/6060 наружная канализация;Полиэтелен, корсис, прагма, НПВХ (ПК КСС);1;2.6;;;13.02.2026;;
ПКНФ-000192;13.02.2026;Затвор поворотный межфланцевый ABRA BUV-VF826D150H DN150 PN16/10 корпус GG25 / диск GGG40 / синий;Арматура (ПК КСС);3;6;;;13.02.2026;;
ПКНФ-000192;13.02.2026;Гибкая подводка для воды НР 1 1/4 х ВР 1 1/4 длина 1000 мм;Расходомеры, манометры (ПК КСС);1;1;;;13.02.2026;;
ПКНФ-000192;13.02.2026;Угольник 90° никелированный 1 1/4"" ВР-ВР, LD.67.512.32;Арматура (ПК КСС);1;1;;;13.02.2026;;
ПКНФ-000192;13.02.2026;8144.1 - Трубопровод, патрубки;Составные части трубопровода (Пк КСС);1;0;09.03.2026;;13.02.2026;ПКНФ-000264;16.02.2026
ПКНФ-000192;13.02.2026;8144.1 - Лестницы;Составные части трубопровода (Пк КСС);1;0;09.03.2026;;13.02.2026;ПКНФ-000265;12.02.2026
ПКНФ-000192;13.02.2026;8144.1 -  Рама под фальшпол  Подставки под трубопровод  Полоса для заземления;Составные части трубопровода (Пк КСС);1;0;09.03.2026;;13.02.2026;ПКНФ-000266;12.02.2026
ПКНФ-000192;13.02.2026;Скоба такелажная М4;Крепеж и цепи, тали (ПК КСС);6;27;;;13.02.2026;;
ПКНФ-000192;13.02.2026;Кран шаровой полнопроходной, ВР/НР, ручка бабочка 1 1/4, ГОСТ Р 59553-2021;Арматура (ПК КСС);1;0;18.02.2026;18.02.2026;13.02.2026;;
ПКНФ-000192;13.02.2026;Болт оцинк. М10х60 DIN933;Оцинкованные метизы (ПК КСС);0.04;0.36;;;13.02.2026;;
ПКНФ-000192;13.02.2026;Болт оцинк. М12х60 DIN933;Оцинкованные метизы (ПК КСС);0.004;0.4;;03.06.2024;13.02.2026;;
ПКНФ-000192;13.02.2026;Шайба плоская оц. М12  DIN 125;Оцинкованные метизы (ПК КСС);0.016;0.735;;03.06.2024;13.02.2026;;
ПКНФ-000192;13.02.2026;Заглушка для трубы 20х40 мм пластик;Полиэтелен, корсис, прагма, НПВХ (ПК КСС);6;483;;;13.02.2026;;
ПКНФ-000192;13.02.2026;Гайка шестигр. оц. М20 DIN 934 тыс шт;Оцинкованные метизы (ПК КСС);0.176;0.772;;27.06.2024;13.02.2026;;
ПКНФ-000192;13.02.2026;Болт оцинк. М20х150 DIN933;Оцинкованные метизы (ПК КСС);0.048;0;18.02.2026;18.02.2026;13.02.2026;;
ПКНФ-000192;13.02.2026;Ниппель приварной (резьба) DN40 1 1/2"" чермет;Черные фланцы и фиттинги (ПК КСС);2;25;;;13.02.2026;;
ПКНФ-000192;13.02.2026;Канальный фильтр MAGICFILTER 250/100;Электротовары КСС ШУ;1;3;;;13.02.2026;;
ПКНФ-000192;13.02.2026;Установка повышения давления КСС-МЧ-3 CDM15-8-СХ-ГА500+УХЛ-1+Доп2;Установки ВНС и ПНС (ПК КСС);1;0;20.02.2026;;13.02.2026;ПКНФ-000213;13.02.2026
ПКНФ-000192;13.02.2026;Установка подачи воды для пожаротушения КСС-П-2 CDM85-2-АВР-2ЭЗ-РК+УХЛ-1+Доп2;Установки ВНС и ПНС (ПК КСС);1;0;19.02.2026;;13.02.2026;ПКНФ-000214;02.02.2026
ПКНФ-000192;13.02.2026;Гибкая вставка Ду150 Ру10, EPDM, нейлоновый корд, фланцевая ABRA-EJF-10-150;Арматура (ПК КСС);4;4;;;13.02.2026;;
ПКНФ-000192;13.02.2026;Болт оцинк. М20х100 DIN 933;Оцинкованные метизы (ПК КСС);0.128;0.282;;;13.02.2026;;
ПКНФ-000192;13.02.2026;Шаровой кран латунный 1 1/2"" ВР-НР, ручка-рычаг, красный - полнопрох. с полусгоном, MVI BV.920.08;Арматура (ПК КСС);1;0;18.02.2026;18.02.2026;13.02.2026;;
ПКНФ-000192;13.02.2026;Гибкая вставка Ду200 Ру10, EPDM, нейлоновый корд, фланцевая ABRA-EJF-10-200;Арматура (ПК КСС);4;6;13.02.2026;13.02.2026;13.02.2026;;
ПКНФ-000192;13.02.2026;Шайба оцинк гровер М12 DIN 127;Оцинкованные метизы (ПК КСС);0.008;0.734;;03.06.2024;13.02.2026;;
ПКНФ-000192;13.02.2026;Вентилятор канальный ВКК-100М;Датчики уровня, преобразователи, реле (ПК КСС);1;2;;;13.02.2026;;
ПКНФ-000192;13.02.2026;Насос дренажный «Leo» QDX 6-18-0.75А (закрытая крыльчатка) (ПК);Насосы LEO/ОНИС (ПК КСС);1;2;;;13.02.2026;;
ПКНФ-000192;13.02.2026;Затвор поворотный межфланцевый ABRA BUV-VF826D200H DN200 PN16/10 корпус GG25 / диск GGG40 / седло EP;Арматура (ПК КСС);3;3;13.02.2026;13.02.2026;13.02.2026;;
ПКНФ-000192;13.02.2026;Обратный клапан с лат. сердечником AquaHit 1 1/2"", MVI CV.320.08;Арматура (ПК КСС);1;8;;;13.02.2026;;
ПКНФ-000192;13.02.2026;Навесной замок с ключом GPLK-50L;Оцинкованные метизы (ПК КСС);3;47;;20.01.2025;13.02.2026;;
ПКНФ-000192;13.02.2026;Гайка шестигр. оц М12 DIN934;Оцинкованные метизы (ПК КСС);0.008;1.208;;03.06.2024;13.02.2026;;
ПКНФ-000192;13.02.2026;Труба ВГП ОЦ 40х3 ГОСТ 3262-75 (м);Черные трубы, листы, круги (ПК КСС);0.2;142.2;;;13.02.2026;;
ПКНФ-000192;13.02.2026;Шпилька М10 L1000 (А2, DIN975);Нержавеющие метизы (ПК КСС);9;18.5;;26.02.2026;13.02.2026;;
ПКНФ-000192;13.02.2026;Гайка М10 DIN 934  (А2, 10,0, DIN 934);Нержавеющие метизы (ПК КСС);60;1129;;19.06.2024;13.02.2026;;
ПКНФ-000192;13.02.2026;Грибок канализационный;Полиэтелен, корсис, прагма, НПВХ (ПК КСС);1;0;;17.02.2026;13.02.2026;;
ПКНФ-000192;13.02.2026;Карабин винтовой 4 мм;Крепеж и цепи, тали (ПК КСС);6;39;;;13.02.2026;;
ПКНФ-000192;13.02.2026;Манжета резиновая переходная D 110/124 Уп., черн;Полиэтелен, корсис, прагма, НПВХ (ПК КСС);3;3;;;13.02.2026;;
ПКНФ-000192;13.02.2026;Манжета резиновая переходная D 50/72 Уп., черн;Полиэтелен, корсис, прагма, НПВХ (ПК КСС);2;139;;;13.02.2026;;
ПКНФ-000192;13.02.2026;Отвод 90 гр. НПВХ DN110;Полиэтелен, корсис, прагма, НПВХ (ПК КСС);2;2;;;13.02.2026;;
ПКНФ-000192;13.02.2026;Проушина прямая 30х70мм;Расходные материалы (ПК КСС);6;175;;;13.02.2026;;
ПКНФ-000192;13.02.2026;Труба 110/3,2/0560 наружная канализация;Полиэтелен, корсис, прагма, НПВХ (ПК КСС);3;61;;;13.02.2026;;
ПКНФ-000192;13.02.2026;Труба двустенная для электропроводки d110 с протяжкой(внутр. d94)/ДКС ;Полиэтелен, корсис, прагма, НПВХ (ПК КСС);3;136;;;13.02.2026;;
ПКНФ-000192;13.02.2026;Труба двустенная для электропроводки d50 с протяжкой(внутр. d41,5) [ДКС] (код 19735) 121950;Полиэтелен, корсис, прагма, НПВХ (ПК КСС);3;91;;;13.02.2026;;
ПКНФ-000192;13.02.2026;Цепь короткозвенная 4мм DIN766 оцинк;Крепеж и цепи, тали (ПК КСС);8;198.46;;05.07.2024;13.02.2026;;
ПКНФ-000192;13.02.2026;Шайба гроверная оц.М20 DIN 127;Оцинкованные метизы (ПК КСС);0.176;1.357;;17.02.2026;13.02.2026;;
ПКНФ-000192;13.02.2026;Шайба М10 DIN 125  (А2, DIN 125);Нержавеющие метизы (ПК КСС);120;892;;;13.02.2026;;
ПКНФ-000192;13.02.2026;Шайба  гровер М10 DIN 127 (А2, DIN 127);Нержавеющие метизы (ПК КСС);60;1000;;;13.02.2026;;
ПКНФ-000192;13.02.2026;Шайба плоская оц.М20  DIN 125;Оцинкованные метизы (ПК КСС);0.352;0.204;18.02.2026;27.06.2024;13.02.2026;;
ПКНФ-000192;13.02.2026;Электроконвектор ЭВПТ-2,0 IP54;Расходомеры, манометры (ПК КСС);1;3;;26.02.2026;13.02.2026;;
ПКНФ-000205;13.02.2026;Клапан Ridval тип RVC 20 DN100 PN16, красный;Арматура (ПК КСС);6;9;;;13.02.2026;;
ПКНФ-000205;13.02.2026;Болт оцинк. М16х140 DIN933;Оцинкованные метизы (ПК КСС);0.024;0.066;;;13.02.2026;;
ПКНФ-000205;13.02.2026;Болт оцинк. М12х80 DIN933;Оцинкованные метизы (ПК КСС);0.012;0.115;;;13.02.2026;;
ПКНФ-000205;13.02.2026;6176.3 КСС-ШУПФС-Д-3-3- 18.5К+2ЭЗ+АВР;Шкафы управления (ПК КСС);1;0;02.02.2026;;13.02.2026;;
ПКНФ-000205;13.02.2026;Насос CDM85-3-2FSWPC, 18.5кВт, станд. фланец, 3х380В, 50Гц, чугун, 70 С ;Насосы CNP (ПК КСС);3;3;;;13.02.2026;;
ПКНФ-000205;13.02.2026;6176.3У - Трубопровод;Составные части трубопровода (Пк КСС);1;0;26.12.2025;;13.02.2026;ПКНФ-000198;29.01.2026
ПКНФ-000205;13.02.2026;6176.3У - Рама, Стойка;Составные части трубопровода (Пк КСС);1;0;26.12.2025;;13.02.2026;ПКНФ-000199;29.01.2026
ПКНФ-000205;13.02.2026;Болт оцинк. М12х40 DIN 933;Оцинкованные метизы (ПК КСС);0.004;0.196;;27.06.2024;13.02.2026;;
ПКНФ-000205;13.02.2026;Шайба плоская оц. М12  DIN 125;Оцинкованные метизы (ПК КСС);0.032;1.073;;03.06.2024;13.02.2026;;
ПКНФ-000205;13.02.2026;Болт оцинк. М16х120 DIN933;Оцинкованные метизы (ПК КСС);0.048;0.06;;27.06.2024;13.02.2026;;
ПКНФ-000205;13.02.2026;Шайба плоская оц. М8  DIN 125;Оцинкованные метизы (ПК КСС);0.012;1.229;;;13.02.2026;;
ПКНФ-000205;13.02.2026;Гайка шестигр. оц М8 DIN934;Оцинкованные метизы (ПК КСС);0.012;0.731;;;13.02.2026;;
ПКНФ-000205;13.02.2026;Шайба гроверная оц. Ф8 DIN 127;Оцинкованные метизы (ПК КСС);0.012;0.826;;;13.02.2026;;
ПКНФ-000205;13.02.2026;Затвор Ridval тип RVB 01 DN100 PN16 рукоятка,с УКП о/з.IP64 (красный);Арматура (ПК КСС);6;10;;;13.02.2026;;
ПКНФ-000205;13.02.2026;Болт оцинк. М16х80  DIN933;Оцинкованные метизы (ПК КСС);0.024;0.124;;;13.02.2026;;
ПКНФ-000205;13.02.2026;Рым-болт DIN 580 М 16;Оцинкованные метизы (ПК КСС);4;80;;;13.02.2026;;
ПКНФ-000205;13.02.2026;Реле давления РД-2Р 0,5..1,6МПа, G1/4"" ;Датчики уровня, преобразователи, реле (ПК КСС);2;15;;;13.02.2026;;
ПКНФ-000205;13.02.2026;Шаровой кран латунный 1/2"" ВР, с дренажем и воздухоотводчиком, ручка-бабочка, Pride LD 44.344.15;Арматура (ПК КСС);4;30;;;13.02.2026;;
ПКНФ-000205;13.02.2026;Ниппель прямой никелированный 1/2"" НР. LD Pride LD.67.501.15;Арматура (ПК КСС);4;23;;;13.02.2026;;
ПКНФ-000205;13.02.2026;Манометр с поверкой тип ТМ-310Т.00, 0..1,6 МПа, 63 мм, G1/4""(сзади), кл.1,5, корпус-сталь, Росма 000;Расходомеры, манометры (ПК КСС);2;2;;18.02.2026;13.02.2026;;
ПКНФ-000205;13.02.2026;Муфта никелированная 1/2"" ВР, LD Pride LD.67.502.15;Арматура (ПК КСС);4;13;;;13.02.2026;;
ПКНФ-000205;13.02.2026;Шпилька резьб. DIN 975 М8х1000  оц. ;Оцинкованные метизы (ПК КСС);0.004;0.006;;;13.02.2026;;
ПКНФ-000205;13.02.2026;Преобразователь давления EKF PRT-100-1.6-1.0-G2;Датчики уровня, преобразователи, реле (ПК КСС);1;21;;;13.02.2026;;
ПКНФ-000205;13.02.2026;Шайба оцинк гровер М12 DIN 127;Оцинкованные метизы (ПК КСС);0.016;0.704;;03.06.2024;13.02.2026;;
ПКНФ-000205;13.02.2026;Шайба гроверная оц. Ф16 DIN 127;Оцинкованные метизы (ПК КСС);0.096;1.065;;27.06.2024;13.02.2026;;
ПКНФ-000205;13.02.2026;CLS.H01-1-G12 — Кондуктометрический датчик уровня (наружная резьба G1/2"", резьба стержня М4, материа;Датчики уровня, преобразователи, реле (ПК КСС);1;6;;;13.02.2026;;
ПКНФ-000205;13.02.2026;Затвор Ridval тип RVB 01 DN150 PN16 рукоятка,с УКП о/з.IP64 (красный);Арматура (ПК КСС);4;4;;24.02.2026;13.02.2026;;
ПКНФ-000205;13.02.2026;Болт оцинк. М8х30 DIN 933;Оцинкованные метизы (ПК КСС);0.004;0.614;;;13.02.2026;;
ПКНФ-000205;13.02.2026;Гайка шестигр. оц М12 DIN934;Оцинкованные метизы (ПК КСС);0.016;0.943;;03.06.2024;13.02.2026;;
ПКНФ-000205;13.02.2026;Гайка шестигр. оц М16  (тыс шт);Оцинкованные метизы (ПК КСС);0.096;1.18;;27.06.2024;13.02.2026;;
ПКНФ-000205;13.02.2026;Прокладка (паронит) 100;Полиэтелен, корсис, прагма, НПВХ (ПК КСС);9;125;;;13.02.2026;;
ПКНФ-000205;13.02.2026;Футорка ник. латун. 1/2х 1/4;Арматура (ПК КСС);3;39;;;13.02.2026;;
ПКНФ-000205;13.02.2026;Шайба плоская оц.М16  DIN 125;Оцинкованные метизы (ПК КСС);0.192;1.973;;27.06.2024;13.02.2026;;
ПКНФ-000213;13.02.2026;Шпилька резьб. б.ц.  DIN 975 М10х1000  оц.;Оцинкованные метизы (ПК КСС);0.001;0.007;07.10.2024;07.10.2024;13.02.2026;;
ПКНФ-000213;13.02.2026;8144.1.1У Коллекторы;Составные части трубопровода (Пк КСС);1;0;15.02.2026;;13.02.2026;ПКНФ-000258;16.02.2026
ПКНФ-000213;13.02.2026;8144.1.1У Рама;Составные части трубопровода (Пк КСС);1;0;17.03.2026;;13.02.2026;ПКНФ-000259;10.02.2026
ПКНФ-000213;13.02.2026;Насос CDM15-8FSWPC, 7.5кВт, станд. фланец, 3х380В, 50Гц, чугун, 70 С;Насосы CNP (ПК КСС);3;3;;;13.02.2026;;
ПКНФ-000213;13.02.2026;Болт оцинк. М12х60 DIN933;Оцинкованные метизы (ПК КСС);0.012;0.202;;03.06.2024;13.02.2026;;
ПКНФ-000213;13.02.2026;Шайба плоская оц. М12  DIN 125;Оцинкованные метизы (ПК КСС);0.028;1.145;;03.06.2024;13.02.2026;;
ПКНФ-000213;13.02.2026;Болт оцинк. М16х120 DIN933;Оцинкованные метизы (ПК КСС);0.036;0.188;;27.06.2024;13.02.2026;;
ПКНФ-000213;13.02.2026;Реле давления РД-2Р, диапазон 0,1...1 МПа, G 1/4 (ПК);Датчики уровня, преобразователи, реле (ПК КСС);1;17;;;13.02.2026;;
ПКНФ-000213;13.02.2026;Вертикальный бак с ножками и манометром CRUWA 500л, 16 бар, присоед. 1 1/4"", красный, замен. мембран;Расходомеры, манометры (ПК КСС);1;0;17.02.2026;17.02.2026;13.02.2026;;
ПКНФ-000213;13.02.2026;Шаровой кран латунный 1/2"" ВР, с дренажем и воздухоотводчиком, ручка-бабочка, Pride LD 44.344.15;Арматура (ПК КСС);2;33;;;13.02.2026;;
ПКНФ-000213;13.02.2026;Ниппель прямой никелированный 1/2"" НР. LD Pride LD.67.501.15;Арматура (ПК КСС);2;32;;;13.02.2026;;
ПКНФ-000213;13.02.2026;Манометр с поверкой тип ТМ-310Т.00, 0..1,6 МПа, 63 мм, G1/4""(сзади), кл.1,5, корпус-сталь, Росма 000;Расходомеры, манометры (ПК КСС);2;6;;18.02.2026;13.02.2026;;
ПКНФ-000213;13.02.2026;Муфта никелированная 1/2"" ВР, LD Pride LD.67.502.15;Арматура (ПК КСС);2;22;;;13.02.2026;;
ПКНФ-000213;13.02.2026;Хомут трубный оцинкованный 60-64 (2"") c резиновым уплотнением, гайка М8, со шпилькой и дюбелем, комп;Комплектующие для водоподготовки;6;0;25.02.2026;01.11.2024;13.02.2026;;
ПКНФ-000213;13.02.2026;Рым-болт DIN 580 М 12;Оцинкованные метизы (ПК КСС);4;45.992;;;13.02.2026;;
ПКНФ-000213;13.02.2026;Преобразователь давления EKF PRT-100-1.6-1.0-G2;Датчики уровня, преобразователи, реле (ПК КСС);1;25;;;13.02.2026;;
ПКНФ-000213;13.02.2026;Шайба оцинк гровер М12 DIN 127;Оцинкованные метизы (ПК КСС);0.016;0.744;;03.06.2024;13.02.2026;;
ПКНФ-000213;13.02.2026;Шайба гроверная оц. Ф16 DIN 127;Оцинкованные метизы (ПК КСС);0.036;1.269;;27.06.2024;13.02.2026;;
ПКНФ-000213;13.02.2026;Затвор Ridval тип RVB 01 DN50 PN16 рукоятка, синий;Арматура (ПК КСС);6;18;;;13.02.2026;;
ПКНФ-000213;13.02.2026;Клапан Ridval тип RVC 20 DN50 PN16, синий;Арматура (ПК КСС);3;15;;;13.02.2026;;
ПКНФ-000213;13.02.2026;Гайка шестигр. оц М12 DIN934;Оцинкованные метизы (ПК КСС);0.016;0.983;;03.06.2024;13.02.2026;;
ПКНФ-000213;13.02.2026;Гайка шестигр. оц М16  (тыс шт);Оцинкованные метизы (ПК КСС);0.036;1.384;;27.06.2024;13.02.2026;;
ПКНФ-000213;13.02.2026;Прокладка (паронит) 50;Полиэтелен, корсис, прагма, НПВХ (ПК КСС);9;87.994;;;13.02.2026;;
ПКНФ-000213;13.02.2026;Футорка ник. латун. 1/2х 1/4;Арматура (ПК КСС);1;44;;;13.02.2026;;
ПКНФ-000213;13.02.2026;Шайба плоская оц.М16  DIN 125;Оцинкованные метизы (ПК КСС);0.064;2.365;;27.06.2024;13.02.2026;;
ПКНФ-000216;13.02.2026;Шпилька резьб. б.ц.  DIN 975 М10х1000  оц.;Оцинкованные метизы (ПК КСС);0.001;0.007;07.10.2024;07.10.2024;13.02.2026;;
ПКНФ-000216;13.02.2026;Трубный хомут DGP combo 2"" (60-64) M8/М10;Арматура (ПК КСС);4;0;25.02.2026;25.02.2026;13.02.2026;;
ПКНФ-000216;13.02.2026;8144.2У - Коллекторы;Составные части трубопровода (Пк КСС);1;0;09.03.2026;;13.02.2026;ПКНФ-000270;16.02.2026
ПКНФ-000216;13.02.2026;8144.2У - Рама;Составные части трубопровода (Пк КСС);1;0;19.02.2026;;13.02.2026;ПКНФ-000271;13.02.2026
ПКНФ-000216;13.02.2026;Болт оцинк. М12х60 DIN933;Оцинкованные метизы (ПК КСС);0.012;0.202;;03.06.2024;13.02.2026;;
ПКНФ-000216;13.02.2026;Шайба плоская оц. М12  DIN 125;Оцинкованные метизы (ПК КСС);0.028;1.145;;03.06.2024;13.02.2026;;
ПКНФ-000216;13.02.2026;Мембранный бак для водоснабжения вертикальный, 8л, WAV8 10 бар/110С, Westert WAV8;Арматура (ПК КСС);1;2;;;13.02.2026;;
ПКНФ-000216;13.02.2026;Болт оцинк. М16х120 DIN933;Оцинкованные метизы (ПК КСС);0.036;0.188;;27.06.2024;13.02.2026;;
ПКНФ-000216;13.02.2026;Реле давления РД-2Р, диапазон 0,1...1 МПа, G 1/4 (ПК);Датчики уровня, преобразователи, реле (ПК КСС);1;17;;;13.02.2026;;
ПКНФ-000216;13.02.2026;Шаровой кран латунный 1/2"" ВР, с дренажем и воздухоотводчиком, ручка-бабочка, Pride LD 44.344.15;Арматура (ПК КСС);2;33;;;13.02.2026;;
ПКНФ-000216;13.02.2026;Ниппель прямой никелированный 1/2"" НР. LD Pride LD.67.501.15;Арматура (ПК КСС);2;32;;;13.02.2026;;
ПКНФ-000216;13.02.2026;Манометр с поверкой тип ТМ-310Т, 0...0,6МПа, 63 мм, G1/4""(сзади), кл.1,5, корпус-сталь, Росма 000000;Расходомеры, манометры (ПК КСС);1;19;;;13.02.2026;;
ПКНФ-000216;13.02.2026;Манометр с поверкой тип ТМ-310Т.00, 0..1,6 МПа, 63 мм, G1/4""(сзади), кл.1,5, корпус-сталь, Росма 000;Расходомеры, манометры (ПК КСС);1;6;;18.02.2026;13.02.2026;;
ПКНФ-000216;13.02.2026;Муфта никелированная 1/2"" ВР, LD Pride LD.67.502.15;Арматура (ПК КСС);2;22;;;13.02.2026;;
ПКНФ-000216;13.02.2026;Насос CDM15-4FSWPC, 4кВт, станд. фланец, 3х380В, 50Гц, чугун, 70 С;Насосы CNP (ПК КСС);2;2;;;13.02.2026;;
ПКНФ-000216;13.02.2026;Рым-болт DIN 580 М 12;Оцинкованные метизы (ПК КСС);4;45.992;;;13.02.2026;;
ПКНФ-000216;13.02.2026;Преобразователь давления EKF PRT-100-1.6-1.0-G2;Датчики уровня, преобразователи, реле (ПК КСС);1;25;;;13.02.2026;;
ПКНФ-000216;13.02.2026;Кран шаровой латунный 3/4"" ВР, ручка-бабочка, LD Pride 47.20.В-В.Б;Арматура (ПК КСС);1;9;;;13.02.2026;;
ПКНФ-000216;13.02.2026;Шайба оцинк гровер М12 DIN 127;Оцинкованные метизы (ПК КСС);0.016;0.744;;03.06.2024;13.02.2026;;
ПКНФ-000216;13.02.2026;Шайба гроверная оц. Ф16 DIN 127;Оцинкованные метизы (ПК КСС);0.036;1.269;;27.06.2024;13.02.2026;;
ПКНФ-000216;13.02.2026;Затвор Ridval тип RVB 01 DN50 PN16 рукоятка, синий;Арматура (ПК КСС);4;18;;;13.02.2026;;
ПКНФ-000216;13.02.2026;Клапан Ridval тип RVC 20 DN50 PN16, синий;Арматура (ПК КСС);2;15;;;13.02.2026;;
ПКНФ-000216;13.02.2026;Гайка шестигр. оц М12 DIN934;Оцинкованные метизы (ПК КСС);0.016;0.983;;03.06.2024;13.02.2026;;
ПКНФ-000216;13.02.2026;Гайка шестигр. оц М16  (тыс шт);Оцинкованные метизы (ПК КСС);0.036;1.384;;27.06.2024;13.02.2026;;
ПКНФ-000216;13.02.2026;Прокладка (паронит) 50;Полиэтелен, корсис, прагма, НПВХ (ПК КСС);6;87.994;;;13.02.2026;;
ПКНФ-000216;13.02.2026;Футорка ник. латун. 1/2х 1/4;Арматура (ПК КСС);1;44;;;13.02.2026;;
ПКНФ-000216;13.02.2026;Шайба плоская оц.М16  DIN 125;Оцинкованные метизы (ПК КСС);0.064;2.365;;27.06.2024;13.02.2026;;
ПКНФ-000226;13.02.2026;Пластина 100х40 (AISI 304);Нержавеющие трубы, листы, круги, сетки(ПК КСС);6;126;;;13.02.2026;;
ПКНФ-000226;13.02.2026;Труба 40х20х2 (AISI304);Нержавеющие трубы, листы, круги, сетки(ПК КСС);1;9.7;07.03.2026;09.09.2025;13.02.2026;;
ПКНФ-000226;13.02.2026;Труба 25х25х2 (AISI 304);Нержавеющие трубы, листы, круги, сетки(ПК КСС);6;52.8;09.09.2025;05.08.2025;13.02.2026;;
ПКНФ-000250;13.02.2026;Пластина 100х40 (AISI 304);Нержавеющие трубы, листы, круги, сетки(ПК КСС);4;140;;;13.02.2026;;
ПКНФ-000250;13.02.2026;Труба 40х20х2 (AISI304);Нержавеющие трубы, листы, круги, сетки(ПК КСС);9.5;37.2;07.03.2026;09.09.2025;13.02.2026;;
ПКНФ-000250;13.02.2026;Труба 25х25х2 (AISI 304);Нержавеющие трубы, листы, круги, сетки(ПК КСС);5.5;51.3;09.09.2025;05.08.2025;13.02.2026;;
ПКНФ-000251;13.02.2026;Швеллер 10П ГОСТ 8240-97;Черные трубы, листы, круги (ПК КСС);36;56;17.02.2026;11.09.2025;13.02.2026;;
ПКНФ-000251;13.02.2026;Уголок 50х50х5 ГОСТ 8509-93 (м);Черные трубы, листы, круги (ПК КСС);1;48.2;;;13.02.2026;;
ПКНФ-000251;13.02.2026;Лист 1000х3000 ПВЛ 406;Черные трубы, листы, круги (ПК КСС);3;5;;;13.02.2026;;
ПКНФ-000251;13.02.2026;Труба 40х40х2 ГОСТ 8639-82;Черные трубы, листы, круги (ПК КСС);20.5;20.5;;;13.02.2026;;
ПКНФ-000251;13.02.2026;Труба 40х20х2 ГОСТ 8639-82;Черные трубы, листы, круги (ПК КСС);33;36;;29.01.2024;13.02.2026;;
ПКНФ-000251;13.02.2026;Арматура ф 16 А-1 ГОСТ 5781-82 (м);Черные трубы, листы, круги (ПК КСС);0.4;97.1;;24.01.2024;13.02.2026;;
ПКНФ-000251;13.02.2026;Труба 50х50х3 ГОСТ 8639-82, м.д;Черные трубы, листы, круги (ПК КСС);7;12;17.02.2026;14.02.2026;13.02.2026;;
ПКНФ-000252;13.02.2026;Затвор поворотный межфланцевый ABRA BUV-VF866D150H DN150 PN16/10 корпус GG25 / КРАСНЫЙ;Арматура (ПК КСС);4;4;;;13.02.2026;;
ПКНФ-000252;13.02.2026;Труба PPR SDR 6 PN20 50/8,3/4000 мм, БЕЛАЯ, Pro Aqua PA10014;Полиэтелен, корсис, прагма, НПВХ (ПК КСС);4;6.5;18.02.2026;18.02.2026;13.02.2026;;
ПКНФ-000252;13.02.2026;Муфта PPR комбинированная 50х1 1/2""НР под ключ, белая, Pro Aqua PA23522P;Полиэтелен, корсис, прагма, НПВХ (ПК КСС);3;5;18.02.2026;18.02.2026;13.02.2026;;
ПКНФ-000252;13.02.2026;Муфта PPR комбинированная 50х1 1/2""ВР под ключ, белая, Pro Aqua PA22522P;Полиэтелен, корсис, прагма, НПВХ (ПК КСС);2;4;18.02.2026;18.02.2026;13.02.2026;;
ПКНФ-000252;13.02.2026;Угольник PPR 50/90°, белый, Pro Aqua PA13016P;Полиэтелен, корсис, прагма, НПВХ (ПК КСС);1;1;18.02.2026;18.02.2026;13.02.2026;;
ПКНФ-000252;13.02.2026;6176.3У - Установка подачи воды для пожаротушения;Установки ВНС и ПНС (ПК КСС);1;0;24.02.2026;;13.02.2026;ПКНФ-000205;13.02.2026
ПКНФ-000252;13.02.2026;Болт оцинк. М20х140 DIN933;Оцинкованные метизы (ПК КСС);0.032;0.289;;27.06.2024;13.02.2026;;
ПКНФ-000252;13.02.2026;Уплотнитель кольцевого пространства марки АктивРинг ТУ2531-002-58859224-2014 изм. 1 (АР 465 оцинк.);Полиэтелен, корсис, прагма, НПВХ (ПК КСС);28;0;20.02.2026;20.02.2026;13.02.2026;;
ПКНФ-000252;13.02.2026;Скоба такелажная М4;Крепеж и цепи, тали (ПК КСС);2;29;;;13.02.2026;;
ПКНФ-000252;13.02.2026;Заглушка для трубы 20х40 мм пластик;Полиэтелен, корсис, прагма, НПВХ (ПК КСС);2;487;;;13.02.2026;;
ПКНФ-000252;13.02.2026;Гайка шестигр. оц. М20 DIN 934 тыс шт;Оцинкованные метизы (ПК КСС);0.064;0.66;;27.06.2024;13.02.2026;;
ПКНФ-000252;13.02.2026;Ниппель приварной (резьба) DN40 1 1/2"" чермет;Черные фланцы и фиттинги (ПК КСС);2;25;;;13.02.2026;;
ПКНФ-000252;13.02.2026;6176.3 Лестница;Составные части трубопровода (Пк КСС);1;0;25.02.2026;;13.02.2026;ПКНФ-000250;13.02.2026
ПКНФ-000252;13.02.2026;6176.3 Трубопровод;Составные части трубопровода (Пк КСС);1;0;07.03.2026;;13.02.2026;ПКНФ-000249;06.02.2026
ПКНФ-000252;13.02.2026;6176.3 Рама под установку Балка под крышку;Составные части трубопровода (Пк КСС);1;0;07.03.2026;;13.02.2026;ПКНФ-000251;13.02.2026
ПКНФ-000252;13.02.2026;Гибкая вставка эластичная - антивибрационный компенсатор (виброкомпенсатор) DN150 PN16, фланец/флане;Арматура (ПК КСС);4;4;;;13.02.2026;;
ПКНФ-000252;13.02.2026;Шаровой кран латунный 1 1/2"" ВР-НР, ручка-рычаг, красный - полнопрох. с полусгоном, MVI BV.920.08;Арматура (ПК КСС);1;1;18.02.2026;18.02.2026;13.02.2026;;
ПКНФ-000252;13.02.2026;Труба 110/3,2/3000 наружная канализация;Полиэтелен, корсис, прагма, НПВХ (ПК КСС);1;28.2;;;13.02.2026;;
ПКНФ-000252;13.02.2026;Труба 250/6,2/2000 наружная канализация;Полиэтелен, корсис, прагма, НПВХ (ПК КСС);1;9;;;13.02.2026;;
ПКНФ-000252;13.02.2026;Болт оцинк. М20х80 DIN933;Оцинкованные метизы (ПК КСС);0.032;0.42;;27.06.2024;13.02.2026;;
ПКНФ-000252;13.02.2026;Насос дренажный «Leo» QDX 6-18-0.75А (закрытая крыльчатка) (ПК);Насосы LEO/ОНИС (ПК КСС);1;1;;;13.02.2026;;
ПКНФ-000252;13.02.2026;Обратный клапан с лат. сердечником AquaHit 1 1/2"", MVI CV.320.08;Арматура (ПК КСС);1;8;;;13.02.2026;;
ПКНФ-000252;13.02.2026;Навесной замок с ключом GPLK-50L;Оцинкованные метизы (ПК КСС);1;47;;20.01.2025;13.02.2026;;
ПКНФ-000252;13.02.2026;Труба ВГП ОЦ 40х3 ГОСТ 3262-75 (м);Черные трубы, листы, круги (ПК КСС);0.2;142.2;;;13.02.2026;;
ПКНФ-000252;13.02.2026;Шпилька М10 L1000 (А2, DIN975);Нержавеющие метизы (ПК КСС);0.96;11.954;;26.02.2026;13.02.2026;;
ПКНФ-000252;13.02.2026;Анкерный болт с гайкой 16*180 HNM тыс;Оцинкованные метизы (ПК КСС);0.02;0.306;;10.06.2024;13.02.2026;;
ПКНФ-000252;13.02.2026;Болт М10*60 DIN 933 полная резьба  (А2, 10,0, 60,0, DIN 933);Нержавеющие метизы (ПК КСС);28;697;;;13.02.2026;;
ПКНФ-000252;13.02.2026;Гайка М10 DIN 934  (А2, 10,0, DIN 934);Нержавеющие метизы (ПК КСС);28;1125;;19.06.2024;13.02.2026;;
ПКНФ-000252;13.02.2026;Грибок канализационный;Полиэтелен, корсис, прагма, НПВХ (ПК КСС);2;5;;17.02.2026;13.02.2026;;
ПКНФ-000252;13.02.2026;Карабин винтовой 4 мм;Крепеж и цепи, тали (ПК КСС);2;41;;;13.02.2026;;
ПКНФ-000252;13.02.2026;Манжета резиновая переходная D 110/124 Уп., черн;Полиэтелен, корсис, прагма, НПВХ (ПК КСС);3;9;;;13.02.2026;;
ПКНФ-000252;13.02.2026;Проушина прямая 30х70мм;Расходные материалы (ПК КСС);2;175;;;13.02.2026;;
ПКНФ-000252;13.02.2026;Труба 110/3,2/0560 наружная канализация;Полиэтелен, корсис, прагма, НПВХ (ПК КСС);1;74;;;13.02.2026;;
ПКНФ-000252;13.02.2026;Труба двустенная для электропроводки d110 с протяжкой(внутр. d94)/ДКС ;Полиэтелен, корсис, прагма, НПВХ (ПК КСС);1;136;;;13.02.2026;;
ПКНФ-000252;13.02.2026;Цепь короткозвенная 4мм DIN766 оцинк;Крепеж и цепи, тали (ПК КСС);4;204.96;;05.07.2024;13.02.2026;;
ПКНФ-000252;13.02.2026;Шайба гроверная оц.М20 DIN 127;Оцинкованные метизы (ПК КСС);0.064;1.245;;17.02.2026;13.02.2026;;
ПКНФ-000252;13.02.2026;Шайба М10 DIN 125  (А2, DIN 125);Нержавеющие метизы (ПК КСС);28;856;;;13.02.2026;;
ПКНФ-000252;13.02.2026;Шайба  гровер М10 DIN 127 (А2, DIN 127);Нержавеющие метизы (ПК КСС);28;1032;;;13.02.2026;;
ПКНФ-000252;13.02.2026;Шайба плоская оц.М20  DIN 125;Оцинкованные метизы (ПК КСС);0.128;0.332;18.02.2026;27.06.2024;13.02.2026;;
ПКНФ-000252;13.02.2026;Электроконвектор ЭВПТ-2,0 IP54;Расходомеры, манометры (ПК КСС);1;3;;26.02.2026;13.02.2026;;
ПКНФ-000269;13.02.2026;Выключатель автоматический для защиты двигателя 2.5-4А NS2-25 CHINT;Электротовары КСС ШУ;2;20;;;13.02.2026;;
ПКНФ-000269;13.02.2026;Выключатель нагрузки NXHB-125 3P 20А(R) 193180CHINT;Электротовары КСС ШУ;2;54;;;13.02.2026;;
ПКНФ-000269;13.02.2026;Матрица светодиодная AD16-22HS крас. EKF ledm-ad16-r;Электротовары КСС ШУ;3;29;;;13.02.2026;;
ПКНФ-000269;13.02.2026;Провод ПУГВнг(А)-LS 1х0,5 С;Электротовары КСС ШУ;20;955;;;13.02.2026;;
ПКНФ-000269;13.02.2026;Наконечник штыревой втулочный изол. НШвИ(2) 0.5-8 (уп.50шт);Электротовары КСС ШУ;42;4002;;;13.02.2026;;
ПКНФ-000269;13.02.2026;Знак ""Земля"" круглый d20мм EKF an-1-04;Электротовары КСС ШУ;2;52;;;13.02.2026;;
ПКНФ-000269;13.02.2026;Наконечник кольцевой изол. НКИ 1.5-6 (уп.50шт);Электротовары КСС ШУ;2;0;;;13.02.2026;;
ПКНФ-000269;13.02.2026;Термостат NC (обогрев) на DIN-рейку 10А 230В IP20;Электротовары КСС ШУ;1;40;;;13.02.2026;;
ПКНФ-000269;13.02.2026;Выключатель автоматический модульный 3п C 6А 4.5кА ВА 47-63;Электротовары КСС ШУ;1;106;;;13.02.2026;;
ПКНФ-000269;13.02.2026;Трубка термоусадочная ТТУ нг-LS 2/1 красн. 1м IEK UDRS-D2-1-K04;Электротовары КСС ШУ;1;72.25;;;13.02.2026;;
ПКНФ-000269;13.02.2026;Трубка термоусадочная ТТУ нг-LS 2/1 желт. 1м IEK UDRS-D2-1-K05;Электротовары КСС ШУ;1.5;59.8;;;13.02.2026;;
ПКНФ-000269;13.02.2026;Трубка термоусадочная ТТУ нг-LS 2/1 зел. 1м IEK UDRS-D2-1-K06;Электротовары КСС ШУ;1;162.25;;;13.02.2026;;
ПКНФ-000269;13.02.2026;Ограничитель на DIN-рейку 1 винт HDW-211;Электротовары КСС ШУ;30;0;;;13.02.2026;;
ПКНФ-000269;13.02.2026;Выключатель автоматический модульный 1п C 6А 4.5кА ВА 47-63;Электротовары КСС ШУ;3;62;;;13.02.2026;;
ПКНФ-000269;13.02.2026;Кабель-канал перфорированный 25х40 L2000 RL6 G DKC 01163RL;Электротовары КСС ШУ;1;0;;;13.02.2026;;
ПКНФ-000269;13.02.2026;Шина нулевая ""N"" на DIN-рейку в корпусе 4х7 групп;Электротовары КСС ШУ;1;28;;;13.02.2026;;
ПКНФ-000269;13.02.2026;Держатель маркировки LH 20х25мм;Электротовары КСС ШУ;15;215;;;13.02.2026;;
ПКНФ-000269;13.02.2026;Символ ""Молния"" (треугольник) 50х50х50мм;Электротовары КСС ШУ;1;36;;;13.02.2026;;
ПКНФ-000269;13.02.2026;Переключатель BG33 3P 2NO короткая ручка;Электротовары КСС ШУ;2;0;;;13.02.2026;;
ПКНФ-000269;13.02.2026;DIN-рейка перфорированная L2000 1мм 35х7,5;Электротовары КСС ШУ;1;0;;;13.02.2026;;
ПКНФ-000269;13.02.2026;Шайба гроверная оц.М6 DIN 127;Оцинкованные метизы (ПК КСС);0.001;0;;;13.02.2026;;
ПКНФ-000269;13.02.2026;Кабель-канал перфорированный 25х60 L2000 RL6 G DKC 01166RL;Электротовары КСС ШУ;2;170.975;;;13.02.2026;;
ПКНФ-000269;13.02.2026;Контакт дополнительный поперечный NS2-AE11 (R) CHINT 495968;Электротовары КСС ШУ;2;86;;;13.02.2026;;
ПКНФ-000269;13.02.2026;Колодка клеммная JXB-2.5/35 серая;Электротовары КСС ШУ;25;119;;;13.02.2026;;
ПКНФ-000269;13.02.2026;Заглушка для JXB-2,5/35 серая;Электротовары КСС ШУ;5;0;;;13.02.2026;;
ПКНФ-000269;13.02.2026;Провод ПуГВнг(А)-LS 1х1,5 Б;Электротовары КСС ШУ;27;0;;;13.02.2026;;
ПКНФ-000269;13.02.2026;Контактор КМЭ 9А 220В/АС3 1НО;Электротовары КСС ШУ;2;59;;;13.02.2026;;
ПКНФ-000269;13.02.2026;Сальник PG21;Электротовары КСС ШУ;1;495;;;13.02.2026;;
ПКНФ-000269;13.02.2026;Сальник PG 9;Электротовары КСС ШУ;6;266;;;13.02.2026;;
ПКНФ-000269;13.02.2026;Трубка термоус. ТУТ (HF)-4/2, красн. (уп.100м);Электротовары КСС ШУ;1.5;23.1;;;13.02.2026;;
ПКНФ-000269;13.02.2026;Трубка термоус. ТУТ (HF)-4/2, зел. (уп.100м);Электротовары КСС ШУ;1.5;22.9;;;13.02.2026;;
ПКНФ-000269;13.02.2026;Трубка термоус. ТУТ (HF)-4/2, желт. (уп.100м);Электротовары КСС ШУ;1.5;47.6;;;13.02.2026;;
ПКНФ-000269;13.02.2026;Колодка клеммная JXB-16/35 син.;Электротовары КСС ШУ;1;64;;06.12.2024;13.02.2026;;
ПКНФ-000269;13.02.2026;Лента двусторонняя клейкая (скотч), 20 ммх5 м, прозрачная;Электротовары КСС ШУ;1;13;;;13.02.2026;;
ПКНФ-000269;13.02.2026;Лента двусторонняя клейкая (скотч), 12 ммх5 м, прозрачная;Электротовары КСС ШУ;1;24;;;13.02.2026;;
ПКНФ-000269;13.02.2026;Реле контроля наличия и чередования фаз CKF-318-1;Электротовары КСС ШУ;1;23;;;13.02.2026;;
ПКНФ-000269;13.02.2026;Наконечник штыревой втулочный изол. НШвИ 0.5-8 (уп.50шт);Электротовары КСС ШУ;104;9752;;;13.02.2026;;
ПКНФ-000269;13.02.2026;Саморез 4.2х13 металл-металл с прессшайбой сверло цинк (уп.200шт);Электротовары КСС ШУ;42;534.91;;16.02.2026;13.02.2026;;
ПКНФ-000269;13.02.2026;Маркер для кабеля 0.5-1.5мм символ ""1"" (уп.200шт) ДКС;Электротовары КСС ШУ;52;8654;;;13.02.2026;;
ПКНФ-000269;13.02.2026;Маркер для кабеля 0.5-1.5мм символ ""2"" (уп.200шт) ДКС;Электротовары КСС ШУ;68;4035;;;13.02.2026;;
ПКНФ-000269;13.02.2026;Маркер для кабеля 0.5-1.5мм символ ""3"" (уп.200шт) ДКС;Электротовары КСС ШУ;69;4372;;;13.02.2026;;
ПКНФ-000269;13.02.2026;Маркер для JXB с нумерацией 1-50 (уп.100шт);Электротовары КСС ШУ;2000;8997;;27.02.2026;13.02.2026;;
ПКНФ-000269;13.02.2026;Обогреватель на DIN-рейку клеммный 15Вт 230В IP20;Электротовары КСС ШУ;1;30;;;13.02.2026;;
ПКНФ-000269;13.02.2026;Сальник PG 16 10-14мм IP54;Электротовары КСС ШУ;2;123;;;13.02.2026;;
ПКНФ-000269;13.02.2026;HDR-60-24 MW (AC/DC ПРЕОБРАЗОВАТЕЛИ) 24B,2.5A,60Вт;Электротовары КСС ШУ;1;21;;;13.02.2026;;
ПКНФ-000269;13.02.2026;Болт оцинк. М6х20 DIN 933;Оцинкованные метизы (ПК КСС);0.001;0;;;13.02.2026;;
ПКНФ-000269;13.02.2026;Гайка оцинк. DIN 934 М6;Оцинкованные метизы (ПК КСС);0.002;0.002;;04.03.2025;13.02.2026;;
ПКНФ-000269;13.02.2026;ID 70.50, Дверь внутренняя для шкафов MEV;Корпусы для ШУ;1;0;;;13.02.2026;;
ПКНФ-000269;13.02.2026;MES 70.50.25, Шкаф компактный распределительный 700х500х250;Корпусы для ШУ;1;0;;;13.02.2026;;
ПКНФ-000269;13.02.2026;RKE4CO024LT Реле 4CO, 5A (250VAC/30VDC), 24VDC, мех. индикация, тест-кнопка с блокировкой, LED;Электротовары КСС ШУ;3;92;;;13.02.2026;;
ПКНФ-000269;13.02.2026;Зажим наборный ЗНИ-2,5PEN 2,5мм2 (JXB-земля);Электротовары КСС ШУ;3;148;;;13.02.2026;;
ПКНФ-000269;13.02.2026;Лампа AD-22DS(LED) матрица d22мм желтый 230В;Электротовары КСС ШУ;1;121;;;13.02.2026;;
ПКНФ-000269;13.02.2026;Лампа AD-22DS(LED) матрица d22мм зеленый 230В;Электротовары КСС ШУ;5;15;;;13.02.2026;;
ПКНФ-000269;13.02.2026;Маркер для кабеля 0.5-1.5мм символ ""0"" (уп.200шт) ДКС;Электротовары КСС ШУ;79;5971;;;13.02.2026;;
ПКНФ-000269;13.02.2026;Маркер для кабеля 0.5-1.5мм символ ""4"" (уп.200шт) ДКС;Электротовары КСС ШУ;58;386;;;13.02.2026;;
ПКНФ-000269;13.02.2026;Маркер для кабеля 0.5-1.5мм символ ""5"" (уп.200шт) ДКС;Электротовары КСС ШУ;54;5362;;;13.02.2026;;
ПКНФ-000269;13.02.2026;Маркер для кабеля 0.5-1.5мм символ ""6"" (уп.200шт) ДКС;Электротовары КСС ШУ;47;5314;;;13.02.2026;;
ПКНФ-000269;13.02.2026;Маркер для кабеля 0.5-1.5мм символ ""7"" (уп.200шт) ДКС;Электротовары КСС ШУ;56;1274;;;13.02.2026;;
ПКНФ-000269;13.02.2026;Маркер для кабеля 0.5-1.5мм символ ""8"" (уп.200шт) ДКС;Электротовары КСС ШУ;67;552;;;13.02.2026;;
ПКНФ-000269;13.02.2026;Маркер для кабеля 0.5-1.5мм символ ""9"" (уп.200шт) ДКС;Электротовары КСС ШУ;68;420;;;13.02.2026;;
ПКНФ-000269;13.02.2026;Маркер для JXB с нумерацией 1-10 (уп.100шт);Электротовары КСС ШУ;200;2161;;27.02.2026;13.02.2026;;
ПКНФ-000269;13.02.2026;Наконечник штыревой втулочный НШвИ 1,5-8 (100шт);Электротовары КСС ШУ;46;678;;;13.02.2026;;
ПКНФ-000269;13.02.2026;Провод ПУГВнг(А)-LS 1х0,5 Б;Электротовары КСС ШУ;54;1203;;;13.02.2026;;
ПКНФ-000269;13.02.2026;Провод ПУГВнг(А)-LS 1х0,5 К;Электротовары КСС ШУ;21;929;;;13.02.2026;;
ПКНФ-000269;13.02.2026;Провод ПУГВнг(А)-LS 1х0,5 Ч;Электротовары КСС ШУ;22;735;;;13.02.2026;;
ПКНФ-000269;13.02.2026;Провод ПУГВнг(А)-LS 1х1,5 ж/з;Электротовары КСС ШУ;0.7;394.3;;;13.02.2026;;
ПКНФ-000269;13.02.2026;Программируемое реле ПР200-24.2.2.0;Электротовары КСС ШУ;1;3;;26.02.2026;13.02.2026;;
ПКНФ-000269;13.02.2026;Спираль монтажная СМ-06-04 (10м);Электротовары КСС ШУ;0.2;22.035;;;13.02.2026;;
ПКНФ-000269;13.02.2026;Цоколь SKC14-E, 10A(300V), черный, на рейку DIN35/панель, для RKE4CO, RKF4CO;Электротовары КСС ШУ;3;145;;;13.02.2026;;
ПКНФ-000269;13.02.2026;Наконечник штыревой втулочный изол. НШвИ 2.5-8 (уп.50шт);Электротовары КСС ШУ;24;2807;;25.08.2025;13.02.2026;;
ПКНФ-000269;13.02.2026;Шайба плоская оц. М6 DIN 125;Оцинкованные метизы (ПК КСС);0.002;0.153;;25.08.2025;13.02.2026;;
ПКНФ-000269;13.02.2026;Наконечник НШвИ(2) 1.5-8 (уп.50шт);Электротовары КСС ШУ;34;4485;;;13.02.2026;;
ПКНФ-000271;13.02.2026;Уголок 50х50х5 ГОСТ 8509-93 (м);Черные трубы, листы, круги (ПК КСС);3;36.7;;;13.02.2026;;
ПКНФ-000271;13.02.2026;Труба 50х50х3 ГОСТ 8639-82, м.д;Черные трубы, листы, круги (ПК КСС);5.5;19;17.02.2026;14.02.2026;13.02.2026;;
ПКНФ-000010;16.02.2026;Клемма двухуровневая винтовой зажим 4 точки подключения 2.5кв.мм сер.;Электротовары КСС ШУ;38;308;;;16.02.2026;;
ПКНФ-000010;16.02.2026;Кабель КГ-ХЛ 4х1,5;Электротовары КСС ШУ;12;282;;;16.02.2026;;
ПКНФ-000010;16.02.2026;Частотный преобразователь ESQ-230-4T-22K 22кВт, 380В;Электротовары КСС ШУ;3;3;;;16.02.2026;;
ПКНФ-000010;16.02.2026;Светильник светодиодный 12W 6500К 800Лм IP54 200-240V;Электротовары КСС ШУ;3;3;;;16.02.2026;;
ПКНФ-000010;16.02.2026;Кабель-канал перфорированный 80х60 L2000 RL6 G DKC 01139RL;Электротовары КСС ШУ;1;8;;19.02.2025;16.02.2026;;
ПКНФ-000010;16.02.2026;Коробка монтажная ОП 100х100х50 с 6 вводами;Электротовары КСС ШУ;1;1;;;16.02.2026;;
ПКНФ-000010;16.02.2026;Щит настен. 12 мод. (200х255х97) IP41 белый (ЩРН-П-12)/GENERICA;Электротовары КСС ШУ;1;3;;;16.02.2026;;
ПКНФ-000010;16.02.2026;Коробка распределительная ОП безгалогенная (HF) 70х70х40 IP55 Промрукав 40-0200;Электротовары КСС ШУ;3;6;;;16.02.2026;;
ПКНФ-000010;16.02.2026;Кабель-канал перфорированный 40х60 L2000 RL6 G DKC 01163RL;Электротовары КСС ШУ;2.5;20;;;16.02.2026;;
ПКНФ-000010;16.02.2026;Матрица светодиодная AD16-22HS крас. EKF ledm-ad16-r;Электротовары КСС ШУ;2;28;;;16.02.2026;;
ПКНФ-000010;16.02.2026;Матрица светодиодная AD16-22HS 230В AC IP65 зел. PROxima EKF ledm-ad16-g-65;Электротовары КСС ШУ;2;146;;;16.02.2026;;
ПКНФ-000010;16.02.2026;Провод ПУГВнг(А)-LS 1х0,5 С;Электротовары КСС ШУ;38;973;;;16.02.2026;;
ПКНФ-000010;16.02.2026;Наконечник штыревой втулочный изол. НШвИ(2) 0.5-8 (уп.50шт);Электротовары КСС ШУ;134;4094;;;16.02.2026;;
ПКНФ-000010;16.02.2026;Знак ""Земля"" круглый d20мм EKF an-1-04;Электротовары КСС ШУ;2;52;;;16.02.2026;;
ПКНФ-000010;16.02.2026;Наконечник кольцевой изол. НКИ 1.5-6 (уп.50шт);Электротовары КСС ШУ;12;12;;;16.02.2026;;
ПКНФ-000010;16.02.2026;Выключатель автоматический модульный 3п C 6А 4.5кА ВА 47-63;Электротовары КСС ШУ;2;107;;;16.02.2026;;
ПКНФ-000010;16.02.2026;Выключатель автоматический для защиты двигателя АПД-32 1.6-2.5А;Электротовары КСС ШУ;2;30;;26.02.2026;16.02.2026;;
ПКНФ-000010;16.02.2026;Трубка термоусадочная ТТУ нг-LS 2/1 красн. 1м IEK UDRS-D2-1-K04;Электротовары КСС ШУ;1;72.25;;;16.02.2026;;
ПКНФ-000010;16.02.2026;Трубка термоусадочная ТТУ нг-LS 2/1 желт. 1м IEK UDRS-D2-1-K05;Электротовары КСС ШУ;1.5;59.8;;;16.02.2026;;
ПКНФ-000010;16.02.2026;Трубка термоусадочная ТТУ нг-LS 2/1 зел. 1м IEK UDRS-D2-1-K06;Электротовары КСС ШУ;1;162.25;;;16.02.2026;;
ПКНФ-000010;16.02.2026;Ограничитель на DIN-рейку 1 винт HDW-211;Электротовары КСС ШУ;30;30;;;16.02.2026;;
ПКНФ-000010;16.02.2026;Выключатель автоматический модульный 1п C 6А 4.5кА ВА 47-63;Электротовары КСС ШУ;4;63;;;16.02.2026;;
ПКНФ-000010;16.02.2026;Кабель-канал перфорированный 25х40 L2000 RL6 G DKC 01163RL;Электротовары КСС ШУ;1.5;1.5;;;16.02.2026;;
ПКНФ-000010;16.02.2026;Механизм блокировки для КМЭ (09А-32А);Электротовары КСС ШУ;2;63;;;16.02.2026;;
ПКНФ-000010;16.02.2026;Переключатель BG33 3P 2NO с замком (не возврат.);Электротовары КСС ШУ;1;34;;;16.02.2026;;
ПКНФ-000010;16.02.2026;Переключатель BD21 2P короткая ручка NO IP65 PROxima EKF xb2-bd21-65;Электротовары КСС ШУ;2;7;;;16.02.2026;;
ПКНФ-000010;16.02.2026;Оповещатель светозвуковой ED16-22BMS 230В;Электротовары КСС ШУ;1;99;;;16.02.2026;;
ПКНФ-000010;16.02.2026;Панель оператора PRO-Screen 7 EKF RSC-7;Электротовары КСС ШУ;1;11;;;16.02.2026;;
ПКНФ-000010;16.02.2026;Держатель маркировки LH 20х25мм;Электротовары КСС ШУ;16;216;;;16.02.2026;;
ПКНФ-000010;16.02.2026;Символ ""Молния"" (треугольник) 50х50х50мм;Электротовары КСС ШУ;1;36;;;16.02.2026;;
ПКНФ-000010;16.02.2026;Контактор КМЭ 9А кат. 220В AC 1НЗ;Электротовары КСС ШУ;4;24;;;16.02.2026;;
ПКНФ-000010;16.02.2026;Кнопка BA21 черн. NO;Электротовары КСС ШУ;2;78;;;16.02.2026;;
ПКНФ-000010;16.02.2026;Резистор углеродистый CF-50 (C1-4) 0.5 Вт, 4,7 кОм, 5%;Электротовары КСС ШУ;36;1436;;;16.02.2026;;
ПКНФ-000010;16.02.2026;Кабель гибкий КГ 4х1,5;Электротовары КСС ШУ;10;22;;;16.02.2026;;
ПКНФ-000010;16.02.2026;Кабель КГВВнг(А) 3х0,75;Электротовары КСС ШУ;16;291;;;16.02.2026;;
ПКНФ-000010;16.02.2026;Розетка 1-м ОП Эра Эксперт 11-2401-01 16А IP54 16AX 250В 2P+E бел. Эра Б0020712;Электротовары КСС ШУ;1;1;;;16.02.2026;;
ПКНФ-000010;16.02.2026;Держатель для труб d20 мм;Электротовары КСС ШУ;100;350;;;16.02.2026;;
ПКНФ-000010;16.02.2026;Саморез 4.2х25 металл-металл с прессшайбой сверло цинк (уп.200шт);Электротовары КСС ШУ;10;432;;;16.02.2026;;
ПКНФ-000010;16.02.2026;Переключатель BG33 3P 2NO короткая ручка;Электротовары КСС ШУ;2;0;;;16.02.2026;;
ПКНФ-000010;16.02.2026;Шайба гроверная оц.М6 DIN 127;Оцинкованные метизы (ПК КСС);0.002;0;;;16.02.2026;;
ПКНФ-000010;16.02.2026;Труба гофрированная d20 ПВХ серая с зондом н/г легкая;Электротовары КСС ШУ;50;50;;;16.02.2026;;
ПКНФ-000010;16.02.2026;Кнопка ""Грибок"" BS542 NC поворотн. красн.;Электротовары КСС ШУ;1;69;;;16.02.2026;;
ПКНФ-000010;16.02.2026;Выключатель автоматический для защиты двигателя 40-63А NS2-80B (R) CHINT 495088;Электротовары КСС ШУ;3;1;;;16.02.2026;;
ПКНФ-000010;16.02.2026;Контакт дополнительный NS2-AU11 для NS2-80B (длинный шток) (R) CHINT 495972;Электротовары КСС ШУ;3;24;;27.02.2026;16.02.2026;;
ПКНФ-000010;16.02.2026;Кабель КГВВнг(А)-LS 4х10;Электротовары КСС ШУ;20;55;;;16.02.2026;;
ПКНФ-000010;16.02.2026;Кабель КГВВнг(А) 3х1,5;Электротовары КСС ШУ;8;8;;;16.02.2026;;
ПКНФ-000010;16.02.2026;Контакт дополнительный поперечный NS2-AE11 (R) CHINT 495968;Электротовары КСС ШУ;3;87;;;16.02.2026;;
ПКНФ-000010;16.02.2026;Рубильник 3п 80А с рукояткой управления для прямой установки;Электротовары КСС ШУ;2;6;;;16.02.2026;;
ПКНФ-000010;16.02.2026;Сальник PG 36 диаметр проводника 22-32 мм IP54;Электротовары КСС ШУ;2;10;;;16.02.2026;;
ПКНФ-000010;16.02.2026;Термостат NO (охлаждение) на DIN-рейку 10А 230В IP20;Электротовары КСС ШУ;1;3;;;16.02.2026;;
ПКНФ-000010;16.02.2026;Колодка клеммная JXB-2.5/35 серая;Электротовары КСС ШУ;13;107;;;16.02.2026;;
ПКНФ-000010;16.02.2026;Заглушка для JXB-2,5/35 серая;Электротовары КСС ШУ;3;3;;;16.02.2026;;
ПКНФ-000010;16.02.2026;Провод ПуГВнг(А)-LS 1х1,5 Б;Электротовары КСС ШУ;16;16;;;16.02.2026;;
ПКНФ-000010;16.02.2026;Сальник PG 29 (d проводника 18-24мм, D резьбовой 36мм) IP54;Электротовары КСС ШУ;2;81;;;16.02.2026;;
ПКНФ-000010;16.02.2026;Колодка клеммная JXB-2.5/35 синяя;Электротовары КСС ШУ;2;160;;;16.02.2026;;
ПКНФ-000010;16.02.2026;Механизм блокировки для КМЭ (40А-95А);Электротовары КСС ШУ;1;99;;;16.02.2026;;
ПКНФ-000010;16.02.2026;Приставка контактная ПКЭ-11 доп. контакы 1з+1р;Электротовары КСС ШУ;4;59;;;16.02.2026;;
ПКНФ-000010;16.02.2026;Колодка клеммная JXB-16/35 серая;Электротовары КСС ШУ;6;0;;;16.02.2026;;
ПКНФ-000010;16.02.2026;Кабель КПСЭнг(А)-FRLS 1х2х0.5;Электротовары КСС ШУ;240;2382;;15.01.2026;16.02.2026;;
ПКНФ-000010;16.02.2026;Изолятор торцевой для клемм KRUKB-3-5 DKC D-KRUKB-3-5;Электротовары КСС ШУ;6;166;;27.02.2026;16.02.2026;;
ПКНФ-000010;16.02.2026;Сальник PG 9;Электротовары КСС ШУ;100;360;;;16.02.2026;;
ПКНФ-000010;16.02.2026;Наконечник штыревой втулочный изол. НШвИ 16.0-12 (уп.50шт);Электротовары КСС ШУ;12;780;;;16.02.2026;;
ПКНФ-000010;16.02.2026;Наконечник штыревой втулочный изол. НШвИ(2) 16.0-14 (уп.50шт);Электротовары КСС ШУ;5;275;;;16.02.2026;;
ПКНФ-000010;16.02.2026;Хомут 2,5х150 нейл. (уп.100 шт);Электротовары КСС ШУ;100;0;;;16.02.2026;;
ПКНФ-000010;16.02.2026;Трубка термоус. ТУТ (HF)-4/2, красн. (уп.100м);Электротовары КСС ШУ;1.5;23.1;;;16.02.2026;;
ПКНФ-000010;16.02.2026;Трубка термоус. ТУТ (HF)-4/2, зел. (уп.100м);Электротовары КСС ШУ;1.5;22.9;;;16.02.2026;;
ПКНФ-000010;16.02.2026;Трубка термоус. ТУТ (HF)-4/2, желт. (уп.100м);Электротовары КСС ШУ;1.5;47.6;;;16.02.2026;;
ПКНФ-000010;16.02.2026;Трубка термоус. ТУТ (HF)-16/8, красн. (уп.50м);Электротовары КСС ШУ;1;32.3;;;16.02.2026;;
ПКНФ-000010;16.02.2026;Колодка клеммная JXB-16/35 син.;Электротовары КСС ШУ;2;65;;06.12.2024;16.02.2026;;
ПКНФ-000010;16.02.2026;Колодка клеммная ЕК-35/125 JXB земля;Электротовары КСС ШУ;2;30;;19.02.2025;16.02.2026;;
ПКНФ-000010;16.02.2026;Контактор КМЭ 65А 220В NO+NC;Электротовары КСС ШУ;2;4;;;16.02.2026;;
ПКНФ-000010;16.02.2026;Наконечник кабельный ТМЛ(DIN) 16-8;Электротовары КСС ШУ;24;0;;;16.02.2026;;
ПКНФ-000010;16.02.2026;Реле контроля наличия и чередования фаз CKF-318-1;Электротовары КСС ШУ;2;24;;;16.02.2026;;
ПКНФ-000010;16.02.2026;Наконечник штыревой втулочный изол. НШвИ 0.5-8 (уп.50шт);Электротовары КСС ШУ;268;9916;;;16.02.2026;;
ПКНФ-000010;16.02.2026;Наконечник штыревой втулочный изол. НШвИ 1.5-8 (уп.50шт);Электротовары КСС ШУ;32;1750;;;16.02.2026;;
ПКНФ-000010;16.02.2026;Саморез 4.2х13 металл-металл с прессшайбой сверло цинк (уп.200шт);Электротовары КСС ШУ;42;534.91;;16.02.2026;16.02.2026;;
ПКНФ-000010;16.02.2026;Маркер для кабеля 0.5-1.5мм символ ""1"" (уп.200шт) ДКС;Электротовары КСС ШУ;52;8654;;;16.02.2026;;
ПКНФ-000010;16.02.2026;Маркер для кабеля 0.5-1.5мм символ ""2"" (уп.200шт) ДКС;Электротовары КСС ШУ;68;4035;;;16.02.2026;;
ПКНФ-000010;16.02.2026;Маркер для кабеля 0.5-1.5мм символ ""3"" (уп.200шт) ДКС;Электротовары КСС ШУ;69;4372;;;16.02.2026;;
ПКНФ-000010;16.02.2026;Маркер для JXB с нумерацией 1-50 (уп.100шт);Электротовары КСС ШУ;200;7197;;27.02.2026;16.02.2026;;
ПКНФ-000010;16.02.2026;MES 140.80.40 RAL3020, Шкаф компактный распределительный;Корпусы для ШУ;1;0;;10.02.2026;16.02.2026;;
ПКНФ-000010;16.02.2026;Сальник PG 16 10-14мм IP54;Электротовары КСС ШУ;3;124;;;16.02.2026;;
ПКНФ-000010;16.02.2026;Вентилятор с фильтром 52 м3/ч 124х124 мм;Электротовары КСС ШУ;1;11;;12.10.2025;16.02.2026;;
ПКНФ-000010;16.02.2026;Решетка вентиляционная с фильтром 124x124мм IP54;Электротовары КСС ШУ;1;5;;12.10.2025;16.02.2026;;
ПКНФ-000010;16.02.2026;HDR-60-24 MW (AC/DC ПРЕОБРАЗОВАТЕЛИ) 24B,2.5A,60Вт;Электротовары КСС ШУ;1;21;;;16.02.2026;;
ПКНФ-000010;16.02.2026;Болт оцинк. М6х20 DIN 933;Оцинкованные метизы (ПК КСС);0.002;0.002;;;16.02.2026;;
ПКНФ-000010;16.02.2026;Гайка оцинк. DIN 934 М6;Оцинкованные метизы (ПК КСС);0.002;0.002;;04.03.2025;16.02.2026;;
ПКНФ-000010;16.02.2026;Колодка клеммная ЕК-2.5/25 JXB земля;Электротовары КСС ШУ;3;11;;08.06.2024;16.02.2026;;
ПКНФ-000010;16.02.2026;Лампа AD-22DS(LED) матрица d22мм желтый 230В;Электротовары КСС ШУ;2;122;;;16.02.2026;;
ПКНФ-000010;16.02.2026;Маркер для кабеля 0.5-1.5мм символ ""0"" (уп.200шт) ДКС;Электротовары КСС ШУ;79;5971;;;16.02.2026;;
ПКНФ-000010;16.02.2026;Маркер для кабеля 0.5-1.5мм символ ""4"" (уп.200шт) ДКС;Электротовары КСС ШУ;58;386;;;16.02.2026;;
ПКНФ-000010;16.02.2026;Маркер для кабеля 0.5-1.5мм символ ""5"" (уп.200шт) ДКС;Электротовары КСС ШУ;54;5362;;;16.02.2026;;
ПКНФ-000010;16.02.2026;Маркер для кабеля 0.5-1.5мм символ ""6"" (уп.200шт) ДКС;Электротовары КСС ШУ;47;5314;;;16.02.2026;;
ПКНФ-000010;16.02.2026;Маркер для кабеля 0.5-1.5мм символ ""7"" (уп.200шт) ДКС;Электротовары КСС ШУ;56;1274;;;16.02.2026;;
ПКНФ-000010;16.02.2026;Маркер для кабеля 0.5-1.5мм символ ""8"" (уп.200шт) ДКС;Электротовары КСС ШУ;67;552;;;16.02.2026;;
ПКНФ-000010;16.02.2026;Маркер для кабеля 0.5-1.5мм символ ""9"" (уп.200шт) ДКС;Электротовары КСС ШУ;68;420;;;16.02.2026;;
ПКНФ-000010;16.02.2026;Маркер для JXB с нумерацией 1-10 (уп.100шт);Электротовары КСС ШУ;200;2161;;27.02.2026;16.02.2026;;
ПКНФ-000010;16.02.2026;Модуль расширения дискретного ввода/вывода ПРМ-24.1;Электротовары КСС ШУ;1;14;;;16.02.2026;;
ПКНФ-000010;16.02.2026;Наконечник штыревой НШВИ 10-12 КВТ;Электротовары КСС ШУ;42;0;;25.08.2025;16.02.2026;;
ПКНФ-000010;16.02.2026;Наконечник штыревой втулочный изол. НШвИ(2) 2.5-10 (уп.50шт);Электротовары КСС ШУ;12;2447;;;16.02.2026;;
ПКНФ-000010;16.02.2026;Провод ПУГВнг(А)-LS 1х0,5 Б;Электротовары КСС ШУ;215;1364;;;16.02.2026;;
ПКНФ-000010;16.02.2026;Провод ПУГВнг(А)-LS 1х0,5 К;Электротовары КСС ШУ;30;938;;;16.02.2026;;
ПКНФ-000010;16.02.2026;Провод ПУГВнг(А)-LS 1х0,5 Ч;Электротовары КСС ШУ;34;747;;;16.02.2026;;
ПКНФ-000010;16.02.2026;Провод ПУГВнг(А)-LS 1х1,5 ж/з;Электротовары КСС ШУ;1.5;395.1;;;16.02.2026;;
ПКНФ-000010;16.02.2026;Провод ПУГВнг(А)-LS 1х10 Б;Электротовары КСС ШУ;20;0;;;16.02.2026;;
ПКНФ-000010;16.02.2026;Провод ПуГВнг(А)-LS 1х16 Б;Электротовары КСС ШУ;12;0;;;16.02.2026;;
ПКНФ-000010;16.02.2026;Провод ПУГВнг(А)-LS 1х2,5 Б;Электротовары КСС ШУ;3.5;146;;;16.02.2026;;
ПКНФ-000010;16.02.2026;Провод ПУГВнг(А)-LS 1х2,5 С;Электротовары КСС ШУ;7;182;;;16.02.2026;;
ПКНФ-000010;16.02.2026;Программируемое реле ПР102-24.2416.03.2;Электротовары КСС ШУ;2;6;;27.02.2026;16.02.2026;;
ПКНФ-000010;16.02.2026;Блок распределительный КРОСС крепеж на панель и DIN КБР-160А;Электротовары КСС ШУ;5;49;;;16.02.2026;;
ПКНФ-000010;16.02.2026;Реле RFT2CO730LT, 2CO, 8A(250VAC/30VDC), 230VAC, LED, мех. инд., тест-кнопка;Электротовары КСС ШУ;11;153;;;16.02.2026;;
ПКНФ-000010;16.02.2026;Спираль монтажная СМ-06-04 (10м);Электротовары КСС ШУ;0.2;22.035;;;16.02.2026;;
ПКНФ-000010;16.02.2026;Термоусаживаемая трубка ТУТнг 25/12,5 желтая (50 м/ролл) TDM;Электротовары КСС ШУ;0.5;36;;;16.02.2026;;
ПКНФ-000010;16.02.2026;Термоусаживаемая трубка ТУТнг 25/12,5 зеленая (50 м/ролл) TDM;Электротовары КСС ШУ;0.5;36;;;16.02.2026;;
ПКНФ-000010;16.02.2026;Термоусаживаемая трубка ТУТнг 25/12,5 красная (50 м/ролл) TDM;Электротовары КСС ШУ;0.5;36;;;16.02.2026;;
ПКНФ-000010;16.02.2026;Трубка термоус. ТУТ (HF)-16/8, желт. (уп.50м) (КВТ);Электротовары КСС ШУ;1;32.3;;;16.02.2026;;
ПКНФ-000010;16.02.2026;Трубка термоус. ТУТ (HF)-16/8, зел. (уп.50м) КВТ;Электротовары КСС ШУ;1;83.3;;;16.02.2026;;
ПКНФ-000010;16.02.2026;Цоколь SRU08-E, 10A(300V), черный, на рейку DIN35/панель, для RFT2CO;Электротовары КСС ШУ;11;85;;;16.02.2026;;
ПКНФ-000010;16.02.2026;Выключатель 1-м ОП IP54 (белый) ГЕРМЕС PLUS/ИЭК;Электротовары КСС ШУ;1;2;;;16.02.2026;;
ПКНФ-000010;16.02.2026;Наконечник штыревой втулочный изол. НШвИ 2.5-8 (уп.50шт);Электротовары КСС ШУ;10;2793;;25.08.2025;16.02.2026;;
ПКНФ-000010;16.02.2026;Шайба плоская оц. М6 DIN 125;Оцинкованные метизы (ПК КСС);0.002;0.153;;25.08.2025;16.02.2026;;
ПКНФ-000010;16.02.2026;Наконечник НШвИ(2) 1.5-8 (уп.50шт);Электротовары КСС ШУ;34;4485;;;16.02.2026;;
ПКНФ-000011;16.02.2026;Клемма двухуровневая винтовой зажим 4 точки подключения 2.5кв.мм сер.;Электротовары КСС ШУ;38;308;;;16.02.2026;;
ПКНФ-000011;16.02.2026;Устройство плавного пуска INSTART SBIM-30/60-04 30кВт 380В;Электротовары КСС ШУ;2;2;;;16.02.2026;;
ПКНФ-000011;16.02.2026;Кабель-канал перфорированный 80х60 L2000 RL6 G DKC 01139RL;Электротовары КСС ШУ;1;8;;19.02.2025;16.02.2026;;
ПКНФ-000011;16.02.2026;Модуль расширения дискретного ввода/вывода ПРМ-24.6;Электротовары КСС ШУ;1;6;;27.02.2026;16.02.2026;;
ПКНФ-000011;16.02.2026;Кабель-канал перфорированный 40х60 L2000 RL6 G DKC 01163RL;Электротовары КСС ШУ;2.5;20;;;16.02.2026;;
ПКНФ-000011;16.02.2026;Матрица светодиодная AD16-22HS крас. EKF ledm-ad16-r;Электротовары КСС ШУ;2;28;;;16.02.2026;;
ПКНФ-000011;16.02.2026;Матрица светодиодная AD16-22HS 230В AC IP65 зел. PROxima EKF ledm-ad16-g-65;Электротовары КСС ШУ;2;146;;;16.02.2026;;
ПКНФ-000011;16.02.2026;Провод ПУГВнг(А)-LS 1х0,5 С;Электротовары КСС ШУ;38;973;;;16.02.2026;;
ПКНФ-000011;16.02.2026;Наконечник штыревой втулочный изол. НШвИ(2) 0.5-8 (уп.50шт);Электротовары КСС ШУ;134;4094;;;16.02.2026;;
ПКНФ-000011;16.02.2026;Знак ""Земля"" круглый d20мм EKF an-1-04;Электротовары КСС ШУ;2;52;;;16.02.2026;;
ПКНФ-000011;16.02.2026;Наконечник кольцевой изол. НКИ 1.5-6 (уп.50шт);Электротовары КСС ШУ;12;12;;;16.02.2026;;
ПКНФ-000011;16.02.2026;Выключатель автоматический модульный 3п C 6А 4.5кА ВА 47-63;Электротовары КСС ШУ;2;107;;;16.02.2026;;
ПКНФ-000011;16.02.2026;Выключатель автоматический для защиты двигателя АПД-32 1.6-2.5А;Электротовары КСС ШУ;2;30;;26.02.2026;16.02.2026;;
ПКНФ-000011;16.02.2026;Трубка термоусадочная ТТУ нг-LS 2/1 красн. 1м IEK UDRS-D2-1-K04;Электротовары КСС ШУ;1;72.25;;;16.02.2026;;
ПКНФ-000011;16.02.2026;Трубка термоусадочная ТТУ нг-LS 2/1 желт. 1м IEK UDRS-D2-1-K05;Электротовары КСС ШУ;1.5;59.8;;;16.02.2026;;
ПКНФ-000011;16.02.2026;Трубка термоусадочная ТТУ нг-LS 2/1 зел. 1м IEK UDRS-D2-1-K06;Электротовары КСС ШУ;1;162.25;;;16.02.2026;;
ПКНФ-000011;16.02.2026;Ограничитель на DIN-рейку 1 винт HDW-211;Электротовары КСС ШУ;30;30;;;16.02.2026;;
ПКНФ-000011;16.02.2026;Выключатель автоматический модульный 1п C 6А 4.5кА ВА 47-63;Электротовары КСС ШУ;3;62;;;16.02.2026;;
ПКНФ-000011;16.02.2026;Кабель-канал перфорированный 25х40 L2000 RL6 G DKC 01163RL;Электротовары КСС ШУ;1.5;1.5;;;16.02.2026;;
ПКНФ-000011;16.02.2026;Механизм блокировки для КМЭ (09А-32А);Электротовары КСС ШУ;2;63;;;16.02.2026;;
ПКНФ-000011;16.02.2026;Переключатель BG33 3P 2NO с замком (не возврат.);Электротовары КСС ШУ;1;34;;;16.02.2026;;
ПКНФ-000011;16.02.2026;Переключатель BD21 2P короткая ручка NO IP65 PROxima EKF xb2-bd21-65;Электротовары КСС ШУ;2;7;;;16.02.2026;;
ПКНФ-000011;16.02.2026;Оповещатель светозвуковой ED16-22BMS 230В;Электротовары КСС ШУ;1;99;;;16.02.2026;;
ПКНФ-000011;16.02.2026;Панель оператора PRO-Screen 7 EKF RSC-7;Электротовары КСС ШУ;1;11;;;16.02.2026;;
ПКНФ-000011;16.02.2026;Держатель маркировки LH 20х25мм;Электротовары КСС ШУ;16;216;;;16.02.2026;;
ПКНФ-000011;16.02.2026;Символ ""Молния"" (треугольник) 50х50х50мм;Электротовары КСС ШУ;1;36;;;16.02.2026;;
ПКНФ-000011;16.02.2026;Контактор КМЭ 9А кат. 220В AC 1НЗ;Электротовары КСС ШУ;4;24;;;16.02.2026;;
ПКНФ-000011;16.02.2026;Кнопка BA21 черн. NO;Электротовары КСС ШУ;2;78;;;16.02.2026;;
ПКНФ-000011;16.02.2026;Резистор углеродистый CF-50 (C1-4) 0.5 Вт, 4,7 кОм, 5%;Электротовары КСС ШУ;36;1436;;;16.02.2026;;
ПКНФ-000011;16.02.2026;Модуль расширения дискретного ввода/вывода ПРМ-24.2;Электротовары КСС ШУ;1;12;;27.02.2026;16.02.2026;;
ПКНФ-000011;16.02.2026;Саморез 4.2х25 металл-металл с прессшайбой сверло цинк (уп.200шт);Электротовары КСС ШУ;10;432;;;16.02.2026;;
ПКНФ-000011;16.02.2026;Переключатель BG33 3P 2NO короткая ручка;Электротовары КСС ШУ;2;0;;;16.02.2026;;
ПКНФ-000011;16.02.2026;DIN-рейка перфорированная L2000 1мм 35х7,5;Электротовары КСС ШУ;2;2;;;16.02.2026;;
ПКНФ-000011;16.02.2026;Шайба гроверная оц.М6 DIN 127;Оцинкованные метизы (ПК КСС);0.001;0;;;16.02.2026;;
ПКНФ-000011;16.02.2026;Кнопка ""Грибок"" BS542 NC поворотн. красн.;Электротовары КСС ШУ;1;69;;;16.02.2026;;
ПКНФ-000011;16.02.2026;Выключатель автоматический для защиты двигателя 40-63А NS2-80B (R) CHINT 495088;Электротовары КСС ШУ;2;3;;;16.02.2026;;
ПКНФ-000011;16.02.2026;Контакт дополнительный NS2-AU11 для NS2-80B (длинный шток) (R) CHINT 495972;Электротовары КСС ШУ;2;23;;27.02.2026;16.02.2026;;
ПКНФ-000011;16.02.2026;Кабель КГВВнг(А)-LS 4х16;Электротовары КСС ШУ;24;131;;;16.02.2026;;
ПКНФ-000011;16.02.2026;Контакт дополнительный поперечный NS2-AE11 (R) CHINT 495968;Электротовары КСС ШУ;3;87;;;16.02.2026;;
ПКНФ-000011;16.02.2026;Рубильник 3п 80А с рукояткой управления для прямой установки;Электротовары КСС ШУ;2;6;;;16.02.2026;;
ПКНФ-000011;16.02.2026;Термостат NO (охлаждение) на DIN-рейку 10А 230В IP20;Электротовары КСС ШУ;1;3;;;16.02.2026;;
ПКНФ-000011;16.02.2026;Колодка клеммная JXB-2.5/35 серая;Электротовары КСС ШУ;13;107;;;16.02.2026;;
ПКНФ-000011;16.02.2026;Заглушка для JXB-2,5/35 серая;Электротовары КСС ШУ;3;3;;;16.02.2026;;
ПКНФ-000011;16.02.2026;Провод ПуГВнг(А)-LS 1х1,5 Б;Электротовары КСС ШУ;16;16;;;16.02.2026;;
ПКНФ-000011;16.02.2026;Колодка клеммная JXB-35/35 синяя;Электротовары КСС ШУ;2;72;;;16.02.2026;;
ПКНФ-000011;16.02.2026;Сальник PG 29 (d проводника 18-24мм, D резьбовой 36мм) IP54;Электротовары КСС ШУ;2;81;;;16.02.2026;;
ПКНФ-000011;16.02.2026;Колодка клеммная JXB-2.5/35 синяя;Электротовары КСС ШУ;2;160;;;16.02.2026;;
ПКНФ-000011;16.02.2026;Контактор КМЭ 95А 220В/АС3 1НО 1Н3;Электротовары КСС ШУ;2;4;;;16.02.2026;;
ПКНФ-000011;16.02.2026;Механизм блокировки для КМЭ (40А-95А);Электротовары КСС ШУ;1;99;;;16.02.2026;;
ПКНФ-000011;16.02.2026;Приставка контактная ПКЭ-11 доп. контакы 1з+1р;Электротовары КСС ШУ;4;59;;;16.02.2026;;
ПКНФ-000011;16.02.2026;Колодка клеммная JXB-16/35 серая;Электротовары КСС ШУ;6;0;;;16.02.2026;;
ПКНФ-000011;16.02.2026;Кабель КПСЭнг(А)-FRLS 1х2х0.5;Электротовары КСС ШУ;240;2382;;15.01.2026;16.02.2026;;
ПКНФ-000011;16.02.2026;Изолятор торцевой для клемм KRUKB-3-5 DKC D-KRUKB-3-5;Электротовары КСС ШУ;6;166;;27.02.2026;16.02.2026;;
ПКНФ-000011;16.02.2026;Сальник PG 9;Электротовары КСС ШУ;100;360;;;16.02.2026;;
ПКНФ-000011;16.02.2026;Наконечник штыревой втулочный изол. НШвИ 16.0-12 (уп.50шт);Электротовары КСС ШУ;42;810;;;16.02.2026;;
ПКНФ-000011;16.02.2026;Хомут 2,5х150 нейл. (уп.100 шт);Электротовары КСС ШУ;100;0;;;16.02.2026;;
ПКНФ-000011;16.02.2026;Трубка термоус. ТУТ (HF)-4/2, красн. (уп.100м);Электротовары КСС ШУ;1.5;23.1;;;16.02.2026;;
ПКНФ-000011;16.02.2026;Трубка термоус. ТУТ (HF)-4/2, зел. (уп.100м);Электротовары КСС ШУ;1.5;22.9;;;16.02.2026;;
ПКНФ-000011;16.02.2026;Трубка термоус. ТУТ (HF)-4/2, желт. (уп.100м);Электротовары КСС ШУ;1.5;47.6;;;16.02.2026;;
ПКНФ-000011;16.02.2026;Сальник PG 42 32-38мм IP54;Электротовары КСС ШУ;2;60;;;16.02.2026;;
ПКНФ-000011;16.02.2026;Колодка клеммная ЕК-35/125 JXB земля;Электротовары КСС ШУ;2;30;;19.02.2025;16.02.2026;;
ПКНФ-000011;16.02.2026;Реле контроля наличия и чередования фаз CKF-318-1;Электротовары КСС ШУ;2;24;;;16.02.2026;;
ПКНФ-000011;16.02.2026;Наконечник штыревой втулочный изол. НШвИ 0.5-8 (уп.50шт);Электротовары КСС ШУ;268;9916;;;16.02.2026;;
ПКНФ-000011;16.02.2026;Наконечник штыревой втулочный изол. НШвИ 1.5-8 (уп.50шт);Электротовары КСС ШУ;32;1750;;;16.02.2026;;
ПКНФ-000011;16.02.2026;Наконечник штыревой втулочный изол. НШвИ 25.0-16 (уп.50шт);Электротовары КСС ШУ;5;925;;;16.02.2026;;
ПКНФ-000011;16.02.2026;Саморез 4.2х13 металл-металл с прессшайбой сверло цинк (уп.200шт);Электротовары КСС ШУ;42;534.91;;16.02.2026;16.02.2026;;
ПКНФ-000011;16.02.2026;Маркер для кабеля 0.5-1.5мм символ ""1"" (уп.200шт) ДКС;Электротовары КСС ШУ;52;8654;;;16.02.2026;;
ПКНФ-000011;16.02.2026;Маркер для кабеля 0.5-1.5мм символ ""2"" (уп.200шт) ДКС;Электротовары КСС ШУ;68;4035;;;16.02.2026;;
ПКНФ-000011;16.02.2026;Маркер для кабеля 0.5-1.5мм символ ""3"" (уп.200шт) ДКС;Электротовары КСС ШУ;69;4372;;;16.02.2026;;
ПКНФ-000011;16.02.2026;Маркер для JXB с нумерацией 1-50 (уп.100шт);Электротовары КСС ШУ;500;7497;;27.02.2026;16.02.2026;;
ПКНФ-000011;16.02.2026;MES 140.80.40 RAL3020, Шкаф компактный распределительный;Корпусы для ШУ;1;0;;10.02.2026;16.02.2026;;
ПКНФ-000011;16.02.2026;Сальник PG 16 10-14мм IP54;Электротовары КСС ШУ;2;123;;;16.02.2026;;
ПКНФ-000011;16.02.2026;Вентилятор с фильтром 52 м3/ч 124х124 мм;Электротовары КСС ШУ;1;11;;12.10.2025;16.02.2026;;
ПКНФ-000011;16.02.2026;Решетка вентиляционная с фильтром 124x124мм IP54;Электротовары КСС ШУ;1;5;;12.10.2025;16.02.2026;;
ПКНФ-000011;16.02.2026;HDR-60-24 MW (AC/DC ПРЕОБРАЗОВАТЕЛИ) 24B,2.5A,60Вт;Электротовары КСС ШУ;1;21;;;16.02.2026;;
ПКНФ-000011;16.02.2026;Болт оцинк. М6х20 DIN 933;Оцинкованные метизы (ПК КСС);0.001;0.001;;;16.02.2026;;
ПКНФ-000011;16.02.2026;Гайка оцинк. DIN 934 М6;Оцинкованные метизы (ПК КСС);0.001;0.001;;04.03.2025;16.02.2026;;
ПКНФ-000011;16.02.2026;ID 140.80, Дверь внутренняя для компактных шкафов;Корпусы для ШУ;1;1;18.04.2024;;16.02.2026;;
ПКНФ-000011;16.02.2026;Колодка клеммная ЕК-2.5/25 JXB земля;Электротовары КСС ШУ;3;11;;08.06.2024;16.02.2026;;
ПКНФ-000011;16.02.2026;Лампа AD-22DS(LED) матрица d22мм желтый 230В;Электротовары КСС ШУ;2;122;;;16.02.2026;;
ПКНФ-000011;16.02.2026;Маркер для кабеля 0.5-1.5мм символ ""0"" (уп.200шт) ДКС;Электротовары КСС ШУ;79;5971;;;16.02.2026;;
ПКНФ-000011;16.02.2026;Маркер для кабеля 0.5-1.5мм символ ""4"" (уп.200шт) ДКС;Электротовары КСС ШУ;58;386;;;16.02.2026;;
ПКНФ-000011;16.02.2026;Маркер для кабеля 0.5-1.5мм символ ""5"" (уп.200шт) ДКС;Электротовары КСС ШУ;54;5362;;;16.02.2026;;
ПКНФ-000011;16.02.2026;Маркер для кабеля 0.5-1.5мм символ ""6"" (уп.200шт) ДКС;Электротовары КСС ШУ;47;5314;;;16.02.2026;;
ПКНФ-000011;16.02.2026;Маркер для кабеля 0.5-1.5мм символ ""7"" (уп.200шт) ДКС;Электротовары КСС ШУ;56;1274;;;16.02.2026;;
ПКНФ-000011;16.02.2026;Маркер для кабеля 0.5-1.5мм символ ""8"" (уп.200шт) ДКС;Электротовары КСС ШУ;67;552;;;16.02.2026;;
ПКНФ-000011;16.02.2026;Маркер для кабеля 0.5-1.5мм символ ""9"" (уп.200шт) ДКС;Электротовары КСС ШУ;68;420;;;16.02.2026;;
ПКНФ-000011;16.02.2026;Маркер для JXB с нумерацией 1-10 (уп.100шт);Электротовары КСС ШУ;500;2461;;27.02.2026;16.02.2026;;
ПКНФ-000011;16.02.2026;Наконечник штыревой втулочный изол. НШвИ(2) 2.5-10 (уп.50шт);Электротовары КСС ШУ;12;2447;;;16.02.2026;;
ПКНФ-000011;16.02.2026;Провод ПУГВнг(А)-LS 1х0,5 Б;Электротовары КСС ШУ;215;1364;;;16.02.2026;;
ПКНФ-000011;16.02.2026;Провод ПУГВнг(А)-LS 1х0,5 К;Электротовары КСС ШУ;30;938;;;16.02.2026;;
ПКНФ-000011;16.02.2026;Провод ПУГВнг(А)-LS 1х0,5 Ч;Электротовары КСС ШУ;34;747;;;16.02.2026;;
ПКНФ-000011;16.02.2026;Провод ПУГВнг(А)-LS 1х1,5 ж/з;Электротовары КСС ШУ;1.5;395.1;;;16.02.2026;;
ПКНФ-000011;16.02.2026;Провод ПуГВнг(А)-LS 1х16 Б;Электротовары КСС ШУ;20;0;;;16.02.2026;;
ПКНФ-000011;16.02.2026;Провод ПУГВнг(А)-LS 1х2,5 С;Электротовары КСС ШУ;7;182;;;16.02.2026;;
ПКНФ-000011;16.02.2026;Провод ПУГВнг(А)-LS 1х25 Б;Электротовары КСС ШУ;12;106;;;16.02.2026;;
ПКНФ-000011;16.02.2026;Программируемое реле ПР102-24.2416.03.2;Электротовары КСС ШУ;1;5;;27.02.2026;16.02.2026;;
ПКНФ-000011;16.02.2026;Блок распределительный КРОСС крепеж на панель и DIN КБР-160А;Электротовары КСС ШУ;4;48;;;16.02.2026;;
ПКНФ-000011;16.02.2026;Реле RFT2CO730LT, 2CO, 8A(250VAC/30VDC), 230VAC, LED, мех. инд., тест-кнопка;Электротовары КСС ШУ;11;153;;;16.02.2026;;
ПКНФ-000011;16.02.2026;Спираль монтажная СМ-06-04 (10м);Электротовары КСС ШУ;0.2;22.035;;;16.02.2026;;
ПКНФ-000011;16.02.2026;Термоусаживаемая трубка ТУТнг 25/12,5 желтая (50 м/ролл) TDM;Электротовары КСС ШУ;2;37.5;;;16.02.2026;;
ПКНФ-000011;16.02.2026;Термоусаживаемая трубка ТУТнг 25/12,5 зеленая (50 м/ролл) TDM;Электротовары КСС ШУ;2;37.5;;;16.02.2026;;
ПКНФ-000011;16.02.2026;Термоусаживаемая трубка ТУТнг 25/12,5 красная (50 м/ролл) TDM;Электротовары КСС ШУ;2;37.5;;;16.02.2026;;
ПКНФ-000011;16.02.2026;Цоколь SRU08-E, 10A(300V), черный, на рейку DIN35/панель, для RFT2CO;Электротовары КСС ШУ;11;85;;;16.02.2026;;
ПКНФ-000011;16.02.2026;Наконечник штыревой втулочный изол. НШвИ 2.5-8 (уп.50шт);Электротовары КСС ШУ;10;2793;;25.08.2025;16.02.2026;;
ПКНФ-000011;16.02.2026;Шайба плоская оц. М6 DIN 125;Оцинкованные метизы (ПК КСС);0.002;0.153;;25.08.2025;16.02.2026;;
ПКНФ-000011;16.02.2026;Наконечник НШвИ(2) 1.5-8 (уп.50шт);Электротовары КСС ШУ;34;4485;;;16.02.2026;;
ПКНФ-000014;16.02.2026;Контакт вспомогательный для ВА-99С 100/1250А;Электротовары КСС ШУ;2;2;;;16.02.2026;;
ПКНФ-000014;16.02.2026;Клемма двухуровневая винтовой зажим 4 точки подключения 2.5кв.мм сер.;Электротовары КСС ШУ;38;308;;;16.02.2026;;
ПКНФ-000014;16.02.2026;Устройство плавного пуска INSTART SBIM-37/74-04 37кВт 380В;Электротовары КСС ШУ;2;2;;;16.02.2026;;
ПКНФ-000014;16.02.2026;Кабель-канал перфорированный 80х60 L2000 RL6 G DKC 01139RL;Электротовары КСС ШУ;1;8;;19.02.2025;16.02.2026;;
ПКНФ-000014;16.02.2026;Модуль расширения дискретного ввода/вывода ПРМ-24.6;Электротовары КСС ШУ;1;6;;27.02.2026;16.02.2026;;
ПКНФ-000014;16.02.2026;Кабель-канал перфорированный 40х60 L2000 RL6 G DKC 01163RL;Электротовары КСС ШУ;2.5;20;;;16.02.2026;;
ПКНФ-000014;16.02.2026;Матрица светодиодная AD16-22HS крас. EKF ledm-ad16-r;Электротовары КСС ШУ;2;28;;;16.02.2026;;
ПКНФ-000014;16.02.2026;Матрица светодиодная AD16-22HS 230В AC IP65 зел. PROxima EKF ledm-ad16-g-65;Электротовары КСС ШУ;2;146;;;16.02.2026;;
ПКНФ-000014;16.02.2026;Провод ПУГВнг(А)-LS 1х0,5 С;Электротовары КСС ШУ;38;973;;;16.02.2026;;
ПКНФ-000014;16.02.2026;Наконечник штыревой втулочный изол. НШвИ(2) 0.5-8 (уп.50шт);Электротовары КСС ШУ;134;4094;;;16.02.2026;;
ПКНФ-000014;16.02.2026;Знак ""Земля"" круглый d20мм EKF an-1-04;Электротовары КСС ШУ;2;52;;;16.02.2026;;
ПКНФ-000014;16.02.2026;Наконечник кольцевой изол. НКИ 1.5-6 (уп.50шт);Электротовары КСС ШУ;10;10;;;16.02.2026;;
ПКНФ-000014;16.02.2026;Выключатель автоматический модульный 3п C 6А 4.5кА ВА 47-63;Электротовары КСС ШУ;2;107;;;16.02.2026;;
ПКНФ-000014;16.02.2026;Выключатель автоматический для защиты двигателя АПД-32 1.6-2.5А;Электротовары КСС ШУ;2;30;;26.02.2026;16.02.2026;;
ПКНФ-000014;16.02.2026;Трубка термоусадочная ТТУ нг-LS 2/1 красн. 1м IEK UDRS-D2-1-K04;Электротовары КСС ШУ;1;72.25;;;16.02.2026;;
ПКНФ-000014;16.02.2026;Трубка термоусадочная ТТУ нг-LS 2/1 желт. 1м IEK UDRS-D2-1-K05;Электротовары КСС ШУ;1.5;59.8;;;16.02.2026;;
ПКНФ-000014;16.02.2026;Трубка термоусадочная ТТУ нг-LS 2/1 зел. 1м IEK UDRS-D2-1-K06;Электротовары КСС ШУ;1;162.25;;;16.02.2026;;
ПКНФ-000014;16.02.2026;Ограничитель на DIN-рейку 1 винт HDW-211;Электротовары КСС ШУ;30;30;;;16.02.2026;;
ПКНФ-000014;16.02.2026;Выключатель автоматический модульный 1п C 6А 4.5кА ВА 47-63;Электротовары КСС ШУ;3;62;;;16.02.2026;;
ПКНФ-000014;16.02.2026;Кабель-канал перфорированный 25х40 L2000 RL6 G DKC 01163RL;Электротовары КСС ШУ;1.5;1.5;;;16.02.2026;;
ПКНФ-000014;16.02.2026;Механизм блокировки для КМЭ (09А-32А);Электротовары КСС ШУ;2;63;;;16.02.2026;;
ПКНФ-000014;16.02.2026;Переключатель BG33 3P 2NO с замком (не возврат.);Электротовары КСС ШУ;1;34;;;16.02.2026;;
ПКНФ-000014;16.02.2026;Переключатель BD21 2P короткая ручка NO IP65 PROxima EKF xb2-bd21-65;Электротовары КСС ШУ;2;7;;;16.02.2026;;
ПКНФ-000014;16.02.2026;Оповещатель светозвуковой ED16-22BMS 230В;Электротовары КСС ШУ;1;99;;;16.02.2026;;
ПКНФ-000014;16.02.2026;Панель оператора PRO-Screen 7 EKF RSC-7;Электротовары КСС ШУ;1;11;;;16.02.2026;;
ПКНФ-000014;16.02.2026;Держатель маркировки LH 20х25мм;Электротовары КСС ШУ;16;216;;;16.02.2026;;
ПКНФ-000014;16.02.2026;Символ ""Молния"" (треугольник) 50х50х50мм;Электротовары КСС ШУ;1;36;;;16.02.2026;;
ПКНФ-000014;16.02.2026;Контактор КМЭ 9А кат. 220В AC 1НЗ;Электротовары КСС ШУ;4;24;;;16.02.2026;;
ПКНФ-000014;16.02.2026;Кнопка BA21 черн. NO;Электротовары КСС ШУ;2;78;;;16.02.2026;;
ПКНФ-000014;16.02.2026;Резистор углеродистый CF-50 (C1-4) 0.5 Вт, 4,7 кОм, 5%;Электротовары КСС ШУ;36;1436;;;16.02.2026;;
ПКНФ-000014;16.02.2026;Модуль расширения дискретного ввода/вывода ПРМ-24.2;Электротовары КСС ШУ;1;12;;27.02.2026;16.02.2026;;
ПКНФ-000014;16.02.2026;Саморез 4.2х25 металл-металл с прессшайбой сверло цинк (уп.200шт);Электротовары КСС ШУ;10;432;;;16.02.2026;;
ПКНФ-000014;16.02.2026;Переключатель BG33 3P 2NO короткая ручка;Электротовары КСС ШУ;2;0;;;16.02.2026;;
ПКНФ-000014;16.02.2026;DIN-рейка перфорированная L2000 1мм 35х7,5;Электротовары КСС ШУ;2;2;;;16.02.2026;;
ПКНФ-000014;16.02.2026;Шайба гроверная оц.М6 DIN 127;Оцинкованные метизы (ПК КСС);0.001;0.001;;;16.02.2026;;
ПКНФ-000014;16.02.2026;Кнопка ""Грибок"" BS542 NC поворотн. красн.;Электротовары КСС ШУ;1;69;;;16.02.2026;;
ПКНФ-000014;16.02.2026;Кабель КГВВнг(А)-LS 4х16;Электротовары КСС ШУ;24;131;;;16.02.2026;;
ПКНФ-000014;16.02.2026;Контакт дополнительный поперечный NS2-AE11 (R) CHINT 495968;Электротовары КСС ШУ;3;87;;;16.02.2026;;
ПКНФ-000014;16.02.2026;Рубильник 3п 80А с рукояткой управления для прямой установки;Электротовары КСС ШУ;2;6;;;16.02.2026;;
ПКНФ-000014;16.02.2026;Термостат NO (охлаждение) на DIN-рейку 10А 230В IP20;Электротовары КСС ШУ;1;3;;;16.02.2026;;
ПКНФ-000014;16.02.2026;Колодка клеммная JXB-2.5/35 серая;Электротовары КСС ШУ;13;107;;;16.02.2026;;
ПКНФ-000014;16.02.2026;Заглушка для JXB-2,5/35 серая;Электротовары КСС ШУ;3;3;;;16.02.2026;;
ПКНФ-000014;16.02.2026;Провод ПуГВнг(А)-LS 1х1,5 Б;Электротовары КСС ШУ;16;16;;;16.02.2026;;
ПКНФ-000014;16.02.2026;Сальник PG 29 (d проводника 18-24мм, D резьбовой 36мм) IP54;Электротовары КСС ШУ;2;81;;;16.02.2026;;
ПКНФ-000014;16.02.2026;Колодка клеммная JXB-2.5/35 синяя;Электротовары КСС ШУ;2;160;;;16.02.2026;;
ПКНФ-000014;16.02.2026;Контактор КМЭ 95А 220В/АС3 1НО 1Н3;Электротовары КСС ШУ;2;4;;;16.02.2026;;
ПКНФ-000014;16.02.2026;Механизм блокировки для КМЭ (40А-95А);Электротовары КСС ШУ;1;99;;;16.02.2026;;
ПКНФ-000014;16.02.2026;Приставка контактная ПКЭ-11 доп. контакы 1з+1р;Электротовары КСС ШУ;4;59;;;16.02.2026;;
ПКНФ-000014;16.02.2026;Колодка клеммная JXB-16/35 серая;Электротовары КСС ШУ;6;0;;;16.02.2026;;
ПКНФ-000014;16.02.2026;Кабель КПСЭнг(А)-FRLS 1х2х0.5;Электротовары КСС ШУ;240;2382;;15.01.2026;16.02.2026;;
ПКНФ-000014;16.02.2026;Изолятор торцевой для клемм KRUKB-3-5 DKC D-KRUKB-3-5;Электротовары КСС ШУ;6;166;;27.02.2026;16.02.2026;;
ПКНФ-000014;16.02.2026;Сальник PG 9;Электротовары КСС ШУ;100;360;;;16.02.2026;;
ПКНФ-000014;16.02.2026;Выключатель автоматический 3п 100/100А 35кА ВА-99М PROxima EKF mccb99-100-100m;Электротовары КСС ШУ;2;2;;;16.02.2026;;
ПКНФ-000014;16.02.2026;Наконечник штыревой втулочный изол. НШвИ 16.0-12 (уп.50шт);Электротовары КСС ШУ;42;810;;;16.02.2026;;
ПКНФ-000014;16.02.2026;Хомут 2,5х150 нейл. (уп.100 шт);Электротовары КСС ШУ;100;0;;;16.02.2026;;
ПКНФ-000014;16.02.2026;Трубка термоус. ТУТ (HF)-4/2, красн. (уп.100м);Электротовары КСС ШУ;1.5;23.1;;;16.02.2026;;
ПКНФ-000014;16.02.2026;Трубка термоус. ТУТ (HF)-4/2, зел. (уп.100м);Электротовары КСС ШУ;1.5;22.9;;;16.02.2026;;
ПКНФ-000014;16.02.2026;Трубка термоус. ТУТ (HF)-4/2, желт. (уп.100м);Электротовары КСС ШУ;1.5;47.6;;;16.02.2026;;
ПКНФ-000014;16.02.2026;Сальник PG 42 32-38мм IP54;Электротовары КСС ШУ;2;60;;;16.02.2026;;
ПКНФ-000014;16.02.2026;Колодка клеммная JXB-16/35 син.;Электротовары КСС ШУ;2;65;;06.12.2024;16.02.2026;;
ПКНФ-000014;16.02.2026;Колодка клеммная ЕК-35/125 JXB земля;Электротовары КСС ШУ;2;30;;19.02.2025;16.02.2026;;
ПКНФ-000014;16.02.2026;Наконечник кабельный ТМЛ(DIN) 16-8;Электротовары КСС ШУ;13;13;;;16.02.2026;;
ПКНФ-000014;16.02.2026;Реле контроля наличия и чередования фаз CKF-318-1;Электротовары КСС ШУ;2;24;;;16.02.2026;;
ПКНФ-000014;16.02.2026;Наконечник штыревой втулочный изол. НШвИ 0.5-8 (уп.50шт);Электротовары КСС ШУ;268;9916;;;16.02.2026;;
ПКНФ-000014;16.02.2026;Наконечник штыревой втулочный изол. НШвИ 1.5-8 (уп.50шт);Электротовары КСС ШУ;32;1750;;;16.02.2026;;
ПКНФ-000014;16.02.2026;Наконечник штыревой втулочный изол. НШвИ 25.0-16 (уп.50шт);Электротовары КСС ШУ;5;925;;;16.02.2026;;
ПКНФ-000014;16.02.2026;Саморез 4.2х13 металл-металл с прессшайбой сверло цинк (уп.200шт);Электротовары КСС ШУ;42;534.91;;16.02.2026;16.02.2026;;
ПКНФ-000014;16.02.2026;Маркер для кабеля 0.5-1.5мм символ ""1"" (уп.200шт) ДКС;Электротовары КСС ШУ;52;8654;;;16.02.2026;;
ПКНФ-000014;16.02.2026;Маркер для кабеля 0.5-1.5мм символ ""2"" (уп.200шт) ДКС;Электротовары КСС ШУ;68;4035;;;16.02.2026;;
ПКНФ-000014;16.02.2026;Маркер для кабеля 0.5-1.5мм символ ""3"" (уп.200шт) ДКС;Электротовары КСС ШУ;69;4372;;;16.02.2026;;
ПКНФ-000014;16.02.2026;Маркер для JXB с нумерацией 1-50 (уп.100шт);Электротовары КСС ШУ;200;7197;;27.02.2026;16.02.2026;;
ПКНФ-000014;16.02.2026;MES 140.80.40 RAL3020, Шкаф компактный распределительный;Корпусы для ШУ;1;0;;10.02.2026;16.02.2026;;
ПКНФ-000014;16.02.2026;Сальник PG 16 10-14мм IP54;Электротовары КСС ШУ;2;123;;;16.02.2026;;
ПКНФ-000014;16.02.2026;Вентилятор с фильтром 52 м3/ч 124х124 мм;Электротовары КСС ШУ;1;11;;12.10.2025;16.02.2026;;
ПКНФ-000014;16.02.2026;Решетка вентиляционная с фильтром 124x124мм IP54;Электротовары КСС ШУ;1;5;;12.10.2025;16.02.2026;;
ПКНФ-000014;16.02.2026;HDR-60-24 MW (AC/DC ПРЕОБРАЗОВАТЕЛИ) 24B,2.5A,60Вт;Электротовары КСС ШУ;1;21;;;16.02.2026;;
ПКНФ-000014;16.02.2026;Болт оцинк. М6х20 DIN 933;Оцинкованные метизы (ПК КСС);0.001;0.001;;;16.02.2026;;
ПКНФ-000014;16.02.2026;Гайка оцинк. DIN 934 М6;Оцинкованные метизы (ПК КСС);0.001;0.001;;04.03.2025;16.02.2026;;
ПКНФ-000014;16.02.2026;ID 140.80, Дверь внутренняя для компактных шкафов;Корпусы для ШУ;1;1;18.04.2024;;16.02.2026;;
ПКНФ-000014;16.02.2026;Колодка клеммная ЕК-2.5/25 JXB земля;Электротовары КСС ШУ;3;11;;08.06.2024;16.02.2026;;
ПКНФ-000014;16.02.2026;Лампа AD-22DS(LED) матрица d22мм желтый 230В;Электротовары КСС ШУ;2;122;;;16.02.2026;;
ПКНФ-000014;16.02.2026;Маркер для кабеля 0.5-1.5мм символ ""0"" (уп.200шт) ДКС;Электротовары КСС ШУ;79;5971;;;16.02.2026;;
ПКНФ-000014;16.02.2026;Маркер для кабеля 0.5-1.5мм символ ""4"" (уп.200шт) ДКС;Электротовары КСС ШУ;58;386;;;16.02.2026;;
ПКНФ-000014;16.02.2026;Маркер для кабеля 0.5-1.5мм символ ""5"" (уп.200шт) ДКС;Электротовары КСС ШУ;54;5362;;;16.02.2026;;
ПКНФ-000014;16.02.2026;Маркер для кабеля 0.5-1.5мм символ ""6"" (уп.200шт) ДКС;Электротовары КСС ШУ;47;5314;;;16.02.2026;;
ПКНФ-000014;16.02.2026;Маркер для кабеля 0.5-1.5мм символ ""7"" (уп.200шт) ДКС;Электротовары КСС ШУ;56;1274;;;16.02.2026;;
ПКНФ-000014;16.02.2026;Маркер для кабеля 0.5-1.5мм символ ""8"" (уп.200шт) ДКС;Электротовары КСС ШУ;67;552;;;16.02.2026;;
ПКНФ-000014;16.02.2026;Маркер для кабеля 0.5-1.5мм символ ""9"" (уп.200шт) ДКС;Электротовары КСС ШУ;68;420;;;16.02.2026;;
ПКНФ-000014;16.02.2026;Маркер для JXB с нумерацией 1-10 (уп.100шт);Электротовары КСС ШУ;200;2161;;27.02.2026;16.02.2026;;
ПКНФ-000014;16.02.2026;Наконечник штыревой втулочный изол. НШвИ(2) 2.5-10 (уп.50шт);Электротовары КСС ШУ;12;2447;;;16.02.2026;;
ПКНФ-000014;16.02.2026;Провод ПУГВнг(А)-LS 1х0,5 Б;Электротовары КСС ШУ;215;1364;;;16.02.2026;;
ПКНФ-000014;16.02.2026;Провод ПУГВнг(А)-LS 1х0,5 К;Электротовары КСС ШУ;30;938;;;16.02.2026;;
ПКНФ-000014;16.02.2026;Провод ПУГВнг(А)-LS 1х0,5 Ч;Электротовары КСС ШУ;34;747;;;16.02.2026;;
ПКНФ-000014;16.02.2026;Провод ПУГВнг(А)-LS 1х1,5 ж/з;Электротовары КСС ШУ;1.5;395.1;;;16.02.2026;;
ПКНФ-000014;16.02.2026;Провод ПуГВнг(А)-LS 1х16 Б;Электротовары КСС ШУ;20;0;;;16.02.2026;;
ПКНФ-000014;16.02.2026;Провод ПУГВнг(А)-LS 1х2,5 С;Электротовары КСС ШУ;7;182;;;16.02.2026;;
ПКНФ-000014;16.02.2026;Провод ПУГВнг(А)-LS 1х25 Б;Электротовары КСС ШУ;12;106;;;16.02.2026;;
ПКНФ-000014;16.02.2026;Блок распределительный КРОСС крепеж на панель и DIN КБР-160А;Электротовары КСС ШУ;4;48;;;16.02.2026;;
ПКНФ-000014;16.02.2026;Реле RFT2CO730LT, 2CO, 8A(250VAC/30VDC), 230VAC, LED, мех. инд., тест-кнопка;Электротовары КСС ШУ;11;153;;;16.02.2026;;
ПКНФ-000014;16.02.2026;Спираль монтажная СМ-06-04 (10м);Электротовары КСС ШУ;0.2;22.035;;;16.02.2026;;
ПКНФ-000014;16.02.2026;Термоусаживаемая трубка ТУТнг 25/12,5 желтая (50 м/ролл) TDM;Электротовары КСС ШУ;2;37.5;;;16.02.2026;;
ПКНФ-000014;16.02.2026;Термоусаживаемая трубка ТУТнг 25/12,5 зеленая (50 м/ролл) TDM;Электротовары КСС ШУ;2;37.5;;;16.02.2026;;
ПКНФ-000014;16.02.2026;Термоусаживаемая трубка ТУТнг 25/12,5 красная (50 м/ролл) TDM;Электротовары КСС ШУ;2;37.5;;;16.02.2026;;
ПКНФ-000014;16.02.2026;Цоколь SRU08-E, 10A(300V), черный, на рейку DIN35/панель, для RFT2CO;Электротовары КСС ШУ;11;85;;;16.02.2026;;
ПКНФ-000014;16.02.2026;Наконечник штыревой втулочный изол. НШвИ 2.5-8 (уп.50шт);Электротовары КСС ШУ;10;2793;;25.08.2025;16.02.2026;;
ПКНФ-000014;16.02.2026;Шайба плоская оц. М6 DIN 125;Оцинкованные метизы (ПК КСС);0.002;0.153;;25.08.2025;16.02.2026;;
ПКНФ-000014;16.02.2026;Наконечник НШвИ(2) 1.5-8 (уп.50шт);Электротовары КСС ШУ;34;4485;;;16.02.2026;;
ПКНФ-000215;16.02.2026;Болт оцинк. М16х140 DIN933;Оцинкованные метизы (ПК КСС);0.016;0.106;;;16.02.2026;;
ПКНФ-000215;16.02.2026;Болт оцинк. М12х80 DIN933;Оцинкованные метизы (ПК КСС);0.008;0.127;;;16.02.2026;;
ПКНФ-000215;16.02.2026;Затвор Ridval тип RVB 01 DN100 PN16 рукоятка, синий;Арматура (ПК КСС);4;4;;;16.02.2026;;
ПКНФ-000215;16.02.2026;Клапан Ridval тип RVC 20 DN100 PN16 синий;Арматура (ПК КСС);2;2;;;16.02.2026;;
ПКНФ-000215;16.02.2026;Насос CDM85-3FSWPC, 22кВт, станд. фланец, 3х380В, 50Гц, чугун, 70 С (ПК);Насосы CNP (ПК КСС);2;4;;;16.02.2026;;
ПКНФ-000215;16.02.2026;Шайба плоская оц. М12  DIN 125;Оцинкованные метизы (ПК КСС);0.016;1.145;;03.06.2024;16.02.2026;;
ПКНФ-000215;16.02.2026;Мембранный бак для водоснабжения вертикальный, 8л, WAV8 10 бар/110С, Westert WAV8;Арматура (ПК КСС);1;2;;;16.02.2026;;
ПКНФ-000215;16.02.2026;Болт оцинк. М16х120 DIN933;Оцинкованные метизы (ПК КСС);0.032;0.188;;27.06.2024;16.02.2026;;
ПКНФ-000215;16.02.2026;Болт оцинк. М16х80  DIN933;Оцинкованные метизы (ПК КСС);0.016;0.148;;;16.02.2026;;
ПКНФ-000215;16.02.2026;Рым-болт DIN 580 М 16;Оцинкованные метизы (ПК КСС);4;88;;;16.02.2026;;
ПКНФ-000215;16.02.2026;Реле давления РД-2Р, диапазон 0,1...1 МПа, G 1/4 (ПК);Датчики уровня, преобразователи, реле (ПК КСС);2;17;;;16.02.2026;;
ПКНФ-000215;16.02.2026;8144.2.1У Трубопровод;Составные части трубопровода (Пк КСС);1;0;19.03.2026;;16.02.2026;ПКНФ-000260;10.02.2026
ПКНФ-000215;16.02.2026;8144.2.1У Рама, стойка;Составные части трубопровода (Пк КСС);1;0;09.03.2026;;16.02.2026;ПКНФ-000261;10.02.2026
ПКНФ-000215;16.02.2026;Ниппель прямой никелированный 1/2"" НР. LD Pride LD.67.501.15;Арматура (ПК КСС);3;32;;;16.02.2026;;
ПКНФ-000215;16.02.2026;Манометр с поверкой тип ТМ-310Т, 0...0,6МПа, 63 мм, G1/4""(сзади), кл.1,5, корпус-сталь, Росма 000000;Расходомеры, манометры (ПК КСС);1;19;;;16.02.2026;;
ПКНФ-000215;16.02.2026;Манометр с поверкой тип ТМ-310Т.00, 0..1,6 МПа, 63 мм, G1/4""(сзади), кл.1,5, корпус-сталь, Росма 000;Расходомеры, манометры (ПК КСС);1;6;;18.02.2026;16.02.2026;;
ПКНФ-000215;16.02.2026;Муфта никелированная 1/2"" ВР, LD Pride LD.67.502.15;Арматура (ПК КСС);3;22;;;16.02.2026;;
ПКНФ-000215;16.02.2026;Преобразователь давления EKF PRT-100-1.6-1.0-G2;Датчики уровня, преобразователи, реле (ПК КСС);1;25;;;16.02.2026;;
ПКНФ-000215;16.02.2026;Кран шаровой латунный 3/4"" ВР, ручка-бабочка, LD Pride 47.20.В-В.Б;Арматура (ПК КСС);3;9;;;16.02.2026;;
ПКНФ-000215;16.02.2026;Шайба оцинк гровер М12 DIN 127;Оцинкованные метизы (ПК КСС);0.008;0.744;;03.06.2024;16.02.2026;;
ПКНФ-000215;16.02.2026;Шайба гроверная оц. Ф16 DIN 127;Оцинкованные метизы (ПК КСС);0.068;1.269;;27.06.2024;16.02.2026;;
ПКНФ-000215;16.02.2026;Гайка шестигр. оц М12 DIN934;Оцинкованные метизы (ПК КСС);0.008;0.983;;03.06.2024;16.02.2026;;
ПКНФ-000215;16.02.2026;Гайка шестигр. оц М16  (тыс шт);Оцинкованные метизы (ПК КСС);0.068;1.384;;27.06.2024;16.02.2026;;
ПКНФ-000215;16.02.2026;Прокладка (паронит) 100;Полиэтелен, корсис, прагма, НПВХ (ПК КСС);6;134;;;16.02.2026;;
ПКНФ-000215;16.02.2026;Футорка ник. латун. 1/2х 1/4;Арматура (ПК КСС);2;44;;;16.02.2026;;
ПКНФ-000215;16.02.2026;Шайба плоская оц.М16  DIN 125;Оцинкованные метизы (ПК КСС);0.136;2.365;;27.06.2024;16.02.2026;;
ПКНФ-000217;16.02.2026;Клапан Ridval тип RVC 20 DN100 PN16, красный;Арматура (ПК КСС);2;7;;;16.02.2026;;
ПКНФ-000217;16.02.2026;Болт оцинк. М16х140 DIN933;Оцинкованные метизы (ПК КСС);0.016;0.106;;;16.02.2026;;
ПКНФ-000217;16.02.2026;Болт оцинк. М12х80 DIN933;Оцинкованные метизы (ПК КСС);0.008;0.127;;;16.02.2026;;
ПКНФ-000217;16.02.2026;8144.2.3У Трубопровод;Составные части трубопровода (Пк КСС);1;0;19.02.2026;;16.02.2026;ПКНФ-000262;16.02.2026
ПКНФ-000217;16.02.2026;8144.2.3У Рама, Стойка;Составные части трубопровода (Пк КСС);1;0;09.03.2026;;16.02.2026;ПКНФ-000263;12.02.2026
ПКНФ-000217;16.02.2026;Болт оцинк. М20х140 DIN933;Оцинкованные метизы (ПК КСС);0.008;0.266;;27.06.2024;16.02.2026;;
ПКНФ-000217;16.02.2026;Насос CDM85-3FSWPC, 22кВт, станд. фланец, 3х380В, 50Гц, чугун, 70 С (ПК);Насосы CNP (ПК КСС);2;4;;;16.02.2026;;
ПКНФ-000217;16.02.2026;Шайба плоская оц. М12  DIN 125;Оцинкованные метизы (ПК КСС);0.016;1.145;;03.06.2024;16.02.2026;;
ПКНФ-000217;16.02.2026;Болт оцинк. М16х120 DIN933;Оцинкованные метизы (ПК КСС);0.04;0.188;;27.06.2024;16.02.2026;;
ПКНФ-000217;16.02.2026;Затвор Ridval тип RVB 01 DN100 PN16 рукоятка,с УКП о/з.IP64 (красный);Арматура (ПК КСС);5;13;;;16.02.2026;;
ПКНФ-000217;16.02.2026;Гайка шестигр. оц. М20 DIN 934 тыс шт;Оцинкованные метизы (ПК КСС);0.008;0.227;;27.06.2024;16.02.2026;;
ПКНФ-000217;16.02.2026;Болт оцинк. М16х80  DIN933;Оцинкованные метизы (ПК КСС);0.016;0.148;;;16.02.2026;;
ПКНФ-000217;16.02.2026;Рым-болт DIN 580 М 16;Оцинкованные метизы (ПК КСС);4;88;;;16.02.2026;;
ПКНФ-000217;16.02.2026;Реле давления РД-2Р, диапазон 0,1...1 МПа, G 1/4 (ПК);Датчики уровня, преобразователи, реле (ПК КСС);2;17;;;16.02.2026;;
ПКНФ-000217;16.02.2026;Шаровой кран латунный 1/2"" ВР, с дренажем и воздухоотводчиком, ручка-бабочка, Pride LD 44.344.15;Арматура (ПК КСС);3;33;;;16.02.2026;;
ПКНФ-000217;16.02.2026;Ниппель прямой никелированный 1/2"" НР. LD Pride LD.67.501.15;Арматура (ПК КСС);3;32;;;16.02.2026;;
ПКНФ-000217;16.02.2026;Манометр с поверкой тип ТМ-310Т, 0...0,6МПа, 63 мм, G1/4""(сзади), кл.1,5, корпус-сталь, Росма 000000;Расходомеры, манометры (ПК КСС);1;19;;;16.02.2026;;
ПКНФ-000217;16.02.2026;Манометр с поверкой тип ТМ-310Т.00, 0..1,6 МПа, 63 мм, G1/4""(сзади), кл.1,5, корпус-сталь, Росма 000;Расходомеры, манометры (ПК КСС);1;6;;18.02.2026;16.02.2026;;
ПКНФ-000217;16.02.2026;Муфта никелированная 1/2"" ВР, LD Pride LD.67.502.15;Арматура (ПК КСС);3;22;;;16.02.2026;;
ПКНФ-000217;16.02.2026;Шайба оцинк гровер М12 DIN 127;Оцинкованные метизы (ПК КСС);0.008;0.744;;03.06.2024;16.02.2026;;
ПКНФ-000217;16.02.2026;Шайба гроверная оц. Ф16 DIN 127;Оцинкованные метизы (ПК КСС);0.076;1.269;;27.06.2024;16.02.2026;;
ПКНФ-000217;16.02.2026;CLS.H01-1-G12 — Кондуктометрический датчик уровня (наружная резьба G1/2"", резьба стержня М4, материа;Датчики уровня, преобразователи, реле (ПК КСС);1;7;;;16.02.2026;;
ПКНФ-000217;16.02.2026;Затвор Ridval тип RVB 01 DN200 PN16 рукоятка,с УКП о/з.IP64 (красный);Арматура (ПК КСС);1;2;;;16.02.2026;;
ПКНФ-000217;16.02.2026;Гайка шестигр. оц М12 DIN934;Оцинкованные метизы (ПК КСС);0.008;0.983;;03.06.2024;16.02.2026;;
ПКНФ-000217;16.02.2026;Гайка шестигр. оц М16  (тыс шт);Оцинкованные метизы (ПК КСС);0.076;1.384;;27.06.2024;16.02.2026;;
ПКНФ-000217;16.02.2026;Прокладка (паронит) 100;Полиэтелен, корсис, прагма, НПВХ (ПК КСС);6;134;;;16.02.2026;;
ПКНФ-000217;16.02.2026;Футорка ник. латун. 1/2х 1/4;Арматура (ПК КСС);2;44;;;16.02.2026;;
ПКНФ-000217;16.02.2026;Шайба гроверная оц.М20 DIN 127;Оцинкованные метизы (ПК КСС);0.008;0.424;;17.02.2026;16.02.2026;;
ПКНФ-000217;16.02.2026;Шайба плоская оц.М16  DIN 125;Оцинкованные метизы (ПК КСС);0.152;2.365;;27.06.2024;16.02.2026;;
ПКНФ-000217;16.02.2026;Шайба плоская оц.М20  DIN 125;Оцинкованные метизы (ПК КСС);0.016;0.277;18.02.2026;27.06.2024;16.02.2026;;
ПКНФ-000220;16.02.2026;Фланец 323,9  (AISI304, 08*18H10, PN10) свободный;Нержавеющие фланцы и фиттинги (ПК КСС);20;0;;;16.02.2026;;
ПКНФ-000220;16.02.2026;Отбортовка 219,1х2,0 AISI304;Нержавеющие фланцы и фиттинги (ПК КСС);9;10;19.02.2026;19.02.2026;16.02.2026;;
ПКНФ-000220;16.02.2026;Фланец 33,7 (PN16 AISI 304 08x18H10) воротниковый;Нержавеющие фланцы и фиттинги (ПК КСС);2;11;;;16.02.2026;;
ПКНФ-000220;16.02.2026;Ниппель приварной DN25 1  (33,7мм) (AISI304, 08Х18H10);Нержавеющие фланцы и фиттинги (ПК КСС);7;48;03.06.2024;;16.02.2026;;
ПКНФ-000220;16.02.2026;Отвод 33,7х2,0 мм AISI 304;Нержавеющие фланцы и фиттинги (ПК КСС);3;0;03.06.2024;;16.02.2026;;
ПКНФ-000220;16.02.2026;Тройник 33,7х2,0, AISI304 08X18H10) ;Нержавеющие фланцы и фиттинги (ПК КСС);2;0;;;16.02.2026;;
ПКНФ-000220;16.02.2026;Труба СВ  21,3х2,0мм 08Х18Н10 (AISI 304);Нержавеющие трубы, листы, круги, сетки(ПК КСС);0.3;73.9;;;16.02.2026;;
ПКНФ-000220;16.02.2026;Труба СВ  33,7х2,0мм 08Х18Н10 (AISI 304);Нержавеющие трубы, листы, круги, сетки(ПК КСС);1.5;16.2;03.06.2024;;16.02.2026;;
ПКНФ-000220;16.02.2026;Труба СВ 168,3х2,0мм 08Х18Н10 (AISI 304);Нержавеющие трубы, листы, круги, сетки(ПК КСС);1.2;9.8;17.02.2026;17.02.2026;16.02.2026;;
ПКНФ-000220;16.02.2026;Труба СВ 219,1х2,0мм 08Х18Н10 (AISI 304);Нержавеющие трубы, листы, круги, сетки(ПК КСС);1.5;2.848;17.02.2026;17.02.2026;16.02.2026;;
ПКНФ-000220;16.02.2026;Труба СВ 323,9х3,0мм 08Х18Н10 (AISI 304);Нержавеющие трубы, листы, круги, сетки(ПК КСС);8.5;19.3;;;16.02.2026;;
ПКНФ-000220;16.02.2026;Отвод 323,9х3,0 мм  AISI 304;Нержавеющие фланцы и фиттинги (ПК КСС);4;0;;;16.02.2026;;
ПКНФ-000220;16.02.2026;Фланец 219,1  (AISI304, 08*18H10, PN10) свободный;Нержавеющие фланцы и фиттинги (ПК КСС);9;1;;26.02.2026;16.02.2026;;
ПКНФ-000220;16.02.2026;Фланец 168,3 (AISI304, 08*18H10, PN10/16) свободный;Нержавеющие фланцы и фиттинги (ПК КСС);9;16;;;16.02.2026;;
ПКНФ-000220;16.02.2026;Ниппель приварной DN15  1/2"" (AISI304, 08Х18H10);Нержавеющие фланцы и фиттинги (ПК КСС);5;5;19.02.2026;17.02.2026;16.02.2026;;
ПКНФ-000220;16.02.2026;Отбортовка 168,3х2,0 AISI304;Нержавеющие фланцы и фиттинги (ПК КСС);9;23;07.03.2026;17.02.2026;16.02.2026;;
ПКНФ-000220;16.02.2026;Отбортовка 323,9х3,0 AISI304;Нержавеющие фланцы и фиттинги (ПК КСС);20;1;;;16.02.2026;;
ПКНФ-000221;16.02.2026;Болт оцинк. М16х140 DIN933;Оцинкованные метизы (ПК КСС);0.024;0.066;;;16.02.2026;;
ПКНФ-000221;16.02.2026;Болт оцинк. М12х80 DIN933;Оцинкованные метизы (ПК КСС);0.012;0.115;;;16.02.2026;;
ПКНФ-000221;16.02.2026;Американка 1"" ВР-НР латунь;Арматура (ПК КСС);1;0;;;16.02.2026;;
ПКНФ-000221;16.02.2026;Затвор Ridval тип RVB 01 DN300 PN16 редуктор,с УКП о/з.IP64 (красный);Арматура (ПК КСС);4;4;;;16.02.2026;;
ПКНФ-000221;16.02.2026;Кран шаровой полнопроходной, ВР/НР, Stout ручка бабочка 1, ГОСТ Р 59553-2021;Арматура (ПК КСС);2;11;;;16.02.2026;;
ПКНФ-000221;16.02.2026;Муфта обжимная латунная разъемная 25х1"" EF ВР, Stahlmann SSFL250001BEF 2217160;Арматура (ПК КСС);1;7;;;16.02.2026;;
ПКНФ-000221;16.02.2026;Угольник обжимной латунный разъемный 25х1"" EF ВР, Stahlmann SEFL250001BEF 2217212;Арматура (ПК КСС);1;7;;;16.02.2026;;
ПКНФ-000221;16.02.2026;Труба гофрированная из нерж. стали SS304 отожженная бухта 30 м, Stahlmann 25А SP3042500030 2217478;Арматура (ПК КСС);0.6;11.5;;;16.02.2026;;
ПКНФ-000221;16.02.2026;Американка 1"" ВР латунь;Арматура (ПК КСС);1;4;;;16.02.2026;;
ПКНФ-000221;16.02.2026;Кран шаровой полнопроходной, ВР/ВР, ручка бабочка 1"", Stout SVB-0002-200025;Арматура (ПК КСС);1;6;;;16.02.2026;;
ПКНФ-000221;16.02.2026;Шайба плоская оц. М12  DIN 125;Оцинкованные метизы (ПК КСС);0.024;1.065;;03.06.2024;16.02.2026;;
ПКНФ-000221;16.02.2026;Болт оцинк. М20х60 DIN933;Оцинкованные метизы (ПК КСС);0.012;0.242;;;16.02.2026;;
ПКНФ-000221;16.02.2026;Гайка шестигр. оц. М20 DIN 934 тыс шт;Оцинкованные метизы (ПК КСС);0.18;0.399;;27.06.2024;16.02.2026;;
ПКНФ-000221;16.02.2026;Реле давления РД-2Р 0,5..1,6МПа, G1/4"" ;Датчики уровня, преобразователи, реле (ПК КСС);4;17;;;16.02.2026;;
ПКНФ-000221;16.02.2026;Болт оцинк. М16х180 DIN933;Оцинкованные метизы (ПК КСС);0.024;0.053;;;16.02.2026;;
ПКНФ-000221;16.02.2026;Шаровой кран латунный 1/2"" ВР, с дренажем и воздухоотводчиком, ручка-бабочка, Pride LD 44.344.15;Арматура (ПК КСС);2;28;;;16.02.2026;;
ПКНФ-000221;16.02.2026;Ниппель прямой никелированный 1/2"" НР. LD Pride LD.67.501.15;Арматура (ПК КСС);4;23;;;16.02.2026;;
ПКНФ-000221;16.02.2026;Манометр с поверкой тип ТМ-310Т.00, 0..1,6 МПа, 63 мм, G1/4""(сзади), кл.1,5, корпус-сталь, Росма 000;Расходомеры, манометры (ПК КСС);2;2;;18.02.2026;16.02.2026;;
ПКНФ-000221;16.02.2026;Муфта никелированная 1/2"" ВР, LD Pride LD.67.502.15;Арматура (ПК КСС);4;13;;;16.02.2026;;
ПКНФ-000221;16.02.2026;7649.2У - Трубопровод;Составные части трубопровода (Пк КСС);1;0;22.02.2026;;16.02.2026;ПКНФ-000220;16.02.2026
ПКНФ-000221;16.02.2026;7649.2У - Рама, Стойка;Составные части трубопровода (Пк КСС);1;0;08.12.2025;;16.02.2026;ПКНФ-000219;02.02.2026
ПКНФ-000221;16.02.2026;Клапан Ridval тип RVC 20 DN150 PN16 красный;Арматура (ПК КСС);3;3;;;16.02.2026;;
ПКНФ-000221;16.02.2026;Мембранный бак для водоснабжения вертикальный, 50л, WAV50 10 бар/110°C, Wester WAV50;Расходомеры, манометры (ПК КСС);1;0;;;16.02.2026;;
ПКНФ-000221;16.02.2026;Шайба оцинк гровер М12 DIN 127;Оцинкованные метизы (ПК КСС);0.012;0.7;;03.06.2024;16.02.2026;;
ПКНФ-000221;16.02.2026;Шайба гроверная оц. Ф16 DIN 127;Оцинкованные метизы (ПК КСС);0.048;1.017;;27.06.2024;16.02.2026;;
ПКНФ-000221;16.02.2026;CLS.H01-1-G12 — Кондуктометрический датчик уровня (наружная резьба G1/2"", резьба стержня М4, материа;Датчики уровня, преобразователи, реле (ПК КСС);1;6;;;16.02.2026;;
ПКНФ-000221;16.02.2026;Прокладка (паронит) 25;Полиэтелен, корсис, прагма, НПВХ (ПК КСС);2;121;;;16.02.2026;;
ПКНФ-000221;16.02.2026;Болт оцинк. М20х80 DIN933;Оцинкованные метизы (ПК КСС);0.084;115.321;;27.06.2024;16.02.2026;;
ПКНФ-000221;16.02.2026;Затвор Ridval тип RVB 01 DN150 PN16 рукоятка,с УКП о/з.IP64 (красный);Арматура (ПК КСС);3;3;;24.02.2026;16.02.2026;;
ПКНФ-000221;16.02.2026;Болт оцинк. М20х180 DIN933;Оцинкованные метизы (ПК КСС);0.084;0.2;;;16.02.2026;;
ПКНФ-000221;16.02.2026;Затвор Ridval тип RVB 01 DN200 PN16 рукоятка,с УКП о/з.IP64 (красный);Арматура (ПК КСС);3;3;;;16.02.2026;;
ПКНФ-000221;16.02.2026;Обратный клапан с латунным сердечником 1"", MVI CV.320.06;Арматура (ПК КСС);1;34;;;16.02.2026;;
ПКНФ-000221;16.02.2026;Насос CDM3-8FSWPC, 0.75 кВт, станд. фланец, 3х220В/3х380В, 50 Гц, чугун, 70 С;Многоступенчатые вертикальные насосы;1;1;;;16.02.2026;;
ПКНФ-000221;16.02.2026;Насос NIS200-150-400/75SWH, 75кВт, 3х380В, 50Гц, чугун;Консольно-моноблочные насосы;3;0;13.03.2026;13.03.2026;16.02.2026;;
ПКНФ-000221;16.02.2026;Гайка шестигр. оц М12 DIN934;Оцинкованные метизы (ПК КСС);0.012;0.939;;03.06.2024;16.02.2026;;
ПКНФ-000221;16.02.2026;Гайка шестигр. оц М16  (тыс шт);Оцинкованные метизы (ПК КСС);0.048;1.132;;27.06.2024;16.02.2026;;
ПКНФ-000221;16.02.2026;Шпилька М8 L1000 DIN 975;Нержавеющие метизы (ПК КСС);4;0;;;16.02.2026;;
ПКНФ-000221;16.02.2026;Прокладка (паронит) 150;Полиэтелен, корсис, прагма, НПВХ (ПК КСС);9;133;;;16.02.2026;;
ПКНФ-000221;16.02.2026;Прокладка (паронит) 200;Полиэтелен, корсис, прагма, НПВХ (ПК КСС);3;0;;;16.02.2026;;
ПКНФ-000221;16.02.2026;Прокладка (паронит) 300;Полиэтелен, корсис, прагма, НПВХ (ПК КСС);4;13;;;16.02.2026;;
ПКНФ-000221;16.02.2026;Футорка ник. латун. 1/2х 1/4;Арматура (ПК КСС);3;39;;;16.02.2026;;
ПКНФ-000221;16.02.2026;Шайба гроверная оц.М20 DIN 127;Оцинкованные метизы (ПК КСС);0.18;0.596;;17.02.2026;16.02.2026;;
ПКНФ-000221;16.02.2026;Шайба плоская оц.М16  DIN 125;Оцинкованные метизы (ПК КСС);0.096;1.877;;27.06.2024;16.02.2026;;
ПКНФ-000221;16.02.2026;Шайба плоская оц.М20  DIN 125;Оцинкованные метизы (ПК КСС);0.36;0.621;18.02.2026;27.06.2024;16.02.2026;;
ПКНФ-000247;16.02.2026;Фланец стальной (расточенный) DN0200 PN10 диаметр внутр.отв. 224;Черные фланцы и фиттинги (ПК КСС);4;12;18.02.2026;18.02.2026;16.02.2026;;
ПКНФ-000247;16.02.2026;Пресс-фланец DN 150 PN 10/16 ст. C20/22 (172 мм);Черные фланцы и фиттинги (ПК КСС);4;31;;;16.02.2026;;
ПКНФ-000247;16.02.2026;Пресс-фланец ст.20 Ду100 Ру 16 ПФСР 100х16 (119 мм);Черные фланцы и фиттинги (ПК КСС);12;105;;;16.02.2026;;
ПКНФ-000247;16.02.2026;Отбортовка 219,1х2,0 AISI304;Нержавеющие фланцы и фиттинги (ПК КСС);4;27;16.05.2025;19.02.2026;16.02.2026;;
ПКНФ-000247;16.02.2026;Труба СВ  21,3х2,0мм 08Х18Н10 (AISI 304);Нержавеющие трубы, листы, круги, сетки(ПК КСС);0.2;74.4;;;16.02.2026;;
ПКНФ-000247;16.02.2026;Труба СВ 168,3х2,0мм 08Х18Н10 (AISI 304);Нержавеющие трубы, листы, круги, сетки(ПК КСС);1;10.6;17.02.2026;17.02.2026;16.02.2026;;
ПКНФ-000247;16.02.2026;Труба СВ 219,1х2,0мм 08Х18Н10 (AISI 304);Нержавеющие трубы, листы, круги, сетки(ПК КСС);1;12.348;17.02.2026;17.02.2026;16.02.2026;;
ПКНФ-000247;16.02.2026;Ниппель приварной DN15  1/2"" (AISI304, 08Х18H10);Нержавеющие фланцы и фиттинги (ПК КСС);3;4;19.02.2026;17.02.2026;16.02.2026;;
ПКНФ-000247;16.02.2026;Отбортовка 114,3х2,0 AISI304;Нержавеющие фланцы и фиттинги (ПК КСС);12;44;19.02.2026;19.02.2026;16.02.2026;;
ПКНФ-000247;16.02.2026;Отбортовка 168,3х2,0 AISI304;Нержавеющие фланцы и фиттинги (ПК КСС);4;30;17.02.2026;17.02.2026;16.02.2026;;
ПКНФ-000247;16.02.2026;Труба СВ 114,3х2,0мм 08Х18Н10 (AISI 304);Нержавеющие трубы, листы, круги, сетки(ПК КСС);1.5;14.9;;22.10.2024;16.02.2026;;
ПКНФ-000255;16.02.2026;Фланец 114,3  (AISI304, 08*18H10, PN10) свободный;Нержавеющие фланцы и фиттинги (ПК КСС);4;23;;;16.02.2026;;
ПКНФ-000255;16.02.2026;Фланец 114,3  (AISI304, 08*18H10, PN10/16) плоский;Нержавеющие фланцы и фиттинги (ПК КСС);4;11;26.05.2025;26.05.2025;16.02.2026;;
ПКНФ-000255;16.02.2026;Отбортовка 114,3х2,0 AISI304;Нержавеющие фланцы и фиттинги (ПК КСС);4;30;19.02.2026;19.02.2026;16.02.2026;;
ПКНФ-000255;16.02.2026;Отвод 114,3х2,0 мм AISI 304;Нержавеющие фланцы и фиттинги (ПК КСС);6;2;;17.02.2026;16.02.2026;;
ПКНФ-000255;16.02.2026;Труба СВ 114,3х2,0мм 08Х18Н10 (AISI 304);Нержавеющие трубы, листы, круги, сетки(ПК КСС);15;19.1;;22.10.2024;16.02.2026;;
ПКНФ-000258;16.02.2026;Фланец стальной (расточенный) DN0200 PN10 диаметр внутр.отв. 224;Черные фланцы и фиттинги (ПК КСС);2;12;18.02.2026;18.02.2026;16.02.2026;;
ПКНФ-000258;16.02.2026;Отбортовка 60,3х2,0 AISI304;Нержавеющие фланцы и фиттинги (ПК КСС);18;21;16.05.2025;19.02.2026;16.02.2026;;
ПКНФ-000258;16.02.2026;Пресс-фланец DN 150 PN 10/16 ст. C20/22 (172 мм);Черные фланцы и фиттинги (ПК КСС);2;31;;;16.02.2026;;
ПКНФ-000258;16.02.2026;Пресс-фланец ст.20 Ду50 Ру 16 ПФСР 050х16 (65 мм) ;Черные фланцы и фиттинги (ПК КСС);18;67;;;16.02.2026;;
ПКНФ-000258;16.02.2026;Отбортовка 219,1х2,0 AISI304;Нержавеющие фланцы и фиттинги (ПК КСС);2;27;16.05.2025;19.02.2026;16.02.2026;;
ПКНФ-000258;16.02.2026;Труба СВ  21,3х2,0мм 08Х18Н10 (AISI 304);Нержавеющие трубы, листы, круги, сетки(ПК КСС);0.1;74.4;;;16.02.2026;;
ПКНФ-000258;16.02.2026;Труба СВ  60,3х3,0мм 08Х18Н10 (AISI 304);Нержавеющие трубы, листы, круги, сетки(ПК КСС);2;0;17.02.2026;17.02.2026;16.02.2026;;
ПКНФ-000258;16.02.2026;Труба СВ 168,3х2,0мм 08Х18Н10 (AISI 304);Нержавеющие трубы, листы, круги, сетки(ПК КСС);1;10.6;17.02.2026;17.02.2026;16.02.2026;;
ПКНФ-000258;16.02.2026;Труба СВ 219,1х2,0мм 08Х18Н10 (AISI 304);Нержавеющие трубы, листы, круги, сетки(ПК КСС);1;12.348;17.02.2026;17.02.2026;16.02.2026;;
ПКНФ-000258;16.02.2026;Ниппель приварной DN15  1/2"" (AISI304, 08Х18H10);Нержавеющие фланцы и фиттинги (ПК КСС);2;4;03.06.2024;17.02.2026;16.02.2026;;
ПКНФ-000258;16.02.2026;Отбортовка 168,3х2,0 AISI304;Нержавеющие фланцы и фиттинги (ПК КСС);2;30;07.03.2026;17.02.2026;16.02.2026;;
ПКНФ-000262;16.02.2026;Фланец стальной (расточенный) DN0200 PN10 диаметр внутр.отв. 224;Черные фланцы и фиттинги (ПК КСС);2;12;18.02.2026;18.02.2026;16.02.2026;;
ПКНФ-000262;16.02.2026;Пресс-фланец ст.20 Ду100 Ру 16 ПФСР 100х16 (119 мм);Черные фланцы и фиттинги (ПК КСС);10;105;;;16.02.2026;;
ПКНФ-000262;16.02.2026;Отбортовка 219,1х2,0 AISI304;Нержавеющие фланцы и фиттинги (ПК КСС);4;27;19.02.2026;19.02.2026;16.02.2026;;
ПКНФ-000262;16.02.2026;Труба СВ  21,3х2,0мм 08Х18Н10 (AISI 304);Нержавеющие трубы, листы, круги, сетки(ПК КСС);0.2;74.4;;;16.02.2026;;
ПКНФ-000262;16.02.2026;Труба СВ 219,1х2,0мм 08Х18Н10 (AISI 304);Нержавеющие трубы, листы, круги, сетки(ПК КСС);1;12.348;17.02.2026;17.02.2026;16.02.2026;;
ПКНФ-000262;16.02.2026;Ниппель приварной DN15  1/2"" (AISI304, 08Х18H10);Нержавеющие фланцы и фиттинги (ПК КСС);3;4;19.02.2026;17.02.2026;16.02.2026;;
ПКНФ-000262;16.02.2026;Отбортовка 114,3х2,0 AISI304;Нержавеющие фланцы и фиттинги (ПК КСС);10;44;19.02.2026;19.02.2026;16.02.2026;;
ПКНФ-000262;16.02.2026;Отвод 114,3х2,0 мм AISI 304;Нержавеющие фланцы и фиттинги (ПК КСС);2;4;;17.02.2026;16.02.2026;;
ПКНФ-000262;16.02.2026;Тройник 114,3х2,0 AISI 304 короткий;Нержавеющие фланцы и фиттинги (ПК КСС);2;4;;;16.02.2026;;
ПКНФ-000262;16.02.2026;Труба СВ 114,3х2,0мм 08Х18Н10 (AISI 304);Нержавеющие трубы, листы, круги, сетки(ПК КСС);2.5;14.9;;22.10.2024;16.02.2026;;
ПКНФ-000264;16.02.2026;Труба СВ 108,0х2,0мм 08Х18Н10 (AISI 304);Нержавеющие трубы, листы, круги, сетки(ПК КСС);1;4;;;16.02.2026;;
ПКНФ-000264;16.02.2026;Пресс-фланец DN 150 PN 10/16 ст. C20/22 (172 мм);Черные фланцы и фиттинги (ПК КСС);10;31;;;16.02.2026;;
ПКНФ-000264;16.02.2026;Труба СВ  42,4х2,0мм 08Х18Н10 (AISI 304);Нержавеющие трубы, листы, круги, сетки(ПК КСС);0.1;27.2;;;16.02.2026;;
ПКНФ-000264;16.02.2026;Труба СВ 168,3х3,0мм 08Х18Н10 (AISI 304);Нержавеющие трубы, листы, круги, сетки(ПК КСС);5;21.9;;;16.02.2026;;
ПКНФ-000264;16.02.2026;Труба СВ 219,1х2,0мм 08Х18Н10 (AISI 304);Нержавеющие трубы, листы, круги, сетки(ПК КСС);6;12.348;17.02.2026;17.02.2026;16.02.2026;;
ПКНФ-000264;16.02.2026;Труба СВ 273,0х2,0мм 08Х18Н10 (AISI 304);Нержавеющие трубы, листы, круги, сетки(ПК КСС);1;3.9;;;16.02.2026;;
ПКНФ-000264;16.02.2026;Отвод 168,3х2,0 мм AISI 304;Нержавеющие фланцы и фиттинги (ПК КСС);2;4;17.02.2026;17.02.2026;16.02.2026;;
ПКНФ-000264;16.02.2026;Отвод 219,1х2,0 мм AISI 304;Нержавеющие фланцы и фиттинги (ПК КСС);1;1;;;16.02.2026;;
ПКНФ-000264;16.02.2026;Фланец 168,3 (AISI304, 08*18H10, PN10/16) плоский;Нержавеющие фланцы и фиттинги (ПК КСС);2;5;26.05.2025;26.05.2025;16.02.2026;;
ПКНФ-000264;16.02.2026;Фланец 219,1  (AISI304, 08*18H10, PN10) плоский;Нержавеющие фланцы и фиттинги (ПК КСС);2;4;07.03.2026;19.12.2024;16.02.2026;;
ПКНФ-000264;16.02.2026;Фланец 219,1  (AISI304, 08*18H10, PN10) свободный;Нержавеющие фланцы и фиттинги (ПК КСС);8;9;;26.02.2026;16.02.2026;;
ПКНФ-000264;16.02.2026;Ниппель приварной DN32 1 1/4"" (42,4мм) (AISI304, 08Х18H10);Нержавеющие фланцы и фиттинги (ПК КСС);1;25;;;16.02.2026;;
ПКНФ-000264;16.02.2026;Отбортовка 168,3х2,0 AISI304;Нержавеющие фланцы и фиттинги (ПК КСС);10;30;17.02.2026;17.02.2026;16.02.2026;;
ПКНФ-000264;16.02.2026;Отбортовка 219,1х3,0 AISI304;Нержавеющие фланцы и фиттинги (ПК КСС);10;69;17.02.2026;17.02.2026;16.02.2026;;
ПКНФ-000270;16.02.2026;Фланец стальной (расточенный) DN0200 PN10 диаметр внутр.отв. 224;Черные фланцы и фиттинги (ПК КСС);2;12;18.02.2026;18.02.2026;16.02.2026;;
ПКНФ-000270;16.02.2026;Тройник переходной 114,3х76,1х3,0 AISI 304 ;Нержавеющие фланцы и фиттинги (ПК КСС);2;0;26.02.2026;26.02.2026;16.02.2026;;
ПКНФ-000270;16.02.2026;Отвод 60,3х2,0 мм 45 градусов AISI 304;Нержавеющие фланцы и фиттинги (ПК КСС);2;0;25.02.2026;25.02.2026;16.02.2026;;
ПКНФ-000270;16.02.2026;Отбортовка 60,3х2,0 AISI304;Нержавеющие фланцы и фиттинги (ПК КСС);12;21;16.05.2025;19.02.2026;16.02.2026;;
ПКНФ-000270;16.02.2026;Пресс-фланец ст.20 Ду50 Ру 16 ПФСР 050х16 (65 мм) ;Черные фланцы и фиттинги (ПК КСС);12;67;;;16.02.2026;;
ПКНФ-000270;16.02.2026;Пресс-фланец ст.20 Ду100 Ру 16 ПФСР 100х16 (119 мм);Черные фланцы и фиттинги (ПК КСС);2;105;;;16.02.2026;;
ПКНФ-000270;16.02.2026;Отбортовка 219,1х2,0 AISI304;Нержавеющие фланцы и фиттинги (ПК КСС);2;27;19.02.2026;19.02.2026;16.02.2026;;
ПКНФ-000270;16.02.2026;Труба СВ  21,3х2,0мм 08Х18Н10 (AISI 304);Нержавеющие трубы, листы, круги, сетки(ПК КСС);0.1;74.4;;;16.02.2026;;
ПКНФ-000270;16.02.2026;Труба СВ  60,3х2,0мм 08Х18Н10 (AISI 304);Нержавеющие трубы, листы, круги, сетки(ПК КСС);2;4;19.02.2026;09.09.2025;16.02.2026;;
ПКНФ-000270;16.02.2026;Труба СВ 219,1х2,0мм 08Х18Н10 (AISI 304);Нержавеющие трубы, листы, круги, сетки(ПК КСС);1;12.348;19.02.2026;17.02.2026;16.02.2026;;
ПКНФ-000270;16.02.2026;Ниппель приварной DN15  1/2"" (AISI304, 08Х18H10);Нержавеющие фланцы и фиттинги (ПК КСС);2;4;19.02.2026;17.02.2026;16.02.2026;;
ПКНФ-000270;16.02.2026;Отбортовка 114,3х2,0 AISI304;Нержавеющие фланцы и фиттинги (ПК КСС);2;44;19.02.2026;19.02.2026;16.02.2026;;
ПКНФ-000270;16.02.2026;Труба СВ 114,3х2,0мм 08Х18Н10 (AISI 304);Нержавеющие трубы, листы, круги, сетки(ПК КСС);1;14.9;;22.10.2024;16.02.2026;;
ПКНФ-000274;16.02.2026;Труба СВ 219,1х2,0мм 08Х18Н10 (AISI 304);Нержавеющие трубы, листы, круги, сетки(ПК КСС);8.5;1.848;17.02.2026;17.02.2026;16.02.2026;;
ПКНФ-000274;16.02.2026;Отвод 219,1х2,0 мм AISI 304;Нержавеющие фланцы и фиттинги (ПК КСС);3;0;;;16.02.2026;;
ПКНФ-000274;16.02.2026;Фланец 219,1  (AISI304, 08*18H10, PN10) плоский;Нержавеющие фланцы и фиттинги (ПК КСС);1;0;19.12.2024;19.12.2024;16.02.2026;;
ПКНФ-000274;16.02.2026;Фланец 219,1  (AISI304, 08*18H10, PN10) свободный;Нержавеющие фланцы и фиттинги (ПК КСС);4;1;;26.02.2026;16.02.2026;;
ПКНФ-000274;16.02.2026;Фланец 219,1  (AISI304, 08*18H10, PN6) плоский;Нержавеющие фланцы и фиттинги (ПК КСС);2;0;;;16.02.2026;;
ПКНФ-000275;16.02.2026;Пластина 100х40 (AISI 304);Нержавеющие трубы, листы, круги, сетки(ПК КСС);16;140;;;16.02.2026;;
ПКНФ-000275;16.02.2026;Труба 40х20х2 (AISI304);Нержавеющие трубы, листы, круги, сетки(ПК КСС);29.5;37.2;07.03.2026;09.09.2025;16.02.2026;;
ПКНФ-000275;16.02.2026;Лист 3,0*1000*2000  AISI 304 (42х22мм*3,0мм) ПВЛ;Нержавеющие трубы, листы, круги, сетки(ПК КСС);1;6;;;16.02.2026;;
ПКНФ-000275;16.02.2026;Круг 6,0 (AISI304, 08x18H10);Нержавеющие трубы, листы, круги, сетки(ПК КСС);1;255.5;17.09.2025;05.08.2025;16.02.2026;;
ПКНФ-000275;16.02.2026;Труба 25х25х2 (AISI 304);Нержавеющие трубы, листы, круги, сетки(ПК КСС);11;51.3;09.09.2025;05.08.2025;16.02.2026;;
ПКНФ-000275;16.02.2026;Труба 40х40х2,0 (AISI 304);Нержавеющие трубы, листы, круги, сетки(ПК КСС);11;98.7;17.09.2025;05.08.2025;16.02.2026;;
ПКНФ-000275;16.02.2026;Труба СВ  48,3х3,0мм 08Х18Н10 (AISI 304);Нержавеющие трубы, листы, круги, сетки(ПК КСС);24;15.5;;;16.02.2026;;
ПКНФ-000275;16.02.2026;Труба 50х50х3,0 AISI 304;Нержавеющие трубы, листы, круги, сетки(ПК КСС);0.5;26.9;09.09.2025;05.08.2025;16.02.2026;;
ПКНФ-000276;16.02.2026;Труба э/с 377х7 Ст20 ГОСТ 10705-80;Черные трубы, листы, круги (ПК КСС);0.5;0;17.02.2026;17.02.2026;16.02.2026;;
ПКНФ-000276;16.02.2026;НСПС 400*377 вода усил. ПЭ100 SDR17 (2024);Полиэтелен, корсис, прагма, НПВХ (ПК КСС);1;0;18.02.2026;18.02.2026;16.02.2026;;
ПКНФ-000276;16.02.2026;Лист 5,0*1500*6000 ст3 (м2);Черные трубы, листы, круги (ПК КСС);0.8;1.6;;;16.02.2026;;
ПКНФ-000276;16.02.2026;Уголок 50х50х5 ГОСТ 8509-93 (м);Черные трубы, листы, круги (ПК КСС);1;48.2;;;16.02.2026;;
ПКНФ-000276;16.02.2026;Швеллер 12П ГОСТ 8240-97;Черные трубы, листы, круги (ПК КСС);11;37;;;16.02.2026;;
ПКНФ-000276;16.02.2026;Арматура ф 16 А-1 ГОСТ 5781-82 (м);Черные трубы, листы, круги (ПК КСС);0.4;97.1;;24.01.2024;16.02.2026;;
ПКНФ-000277;16.02.2026;Фланец стальной (расточенный) DN0200 PN10 диаметр внутр.отв. 224;Черные фланцы и фиттинги (ПК КСС);14;12;18.02.2026;18.02.2026;16.02.2026;;
ПКНФ-000277;16.02.2026;Пресс-фланец ст.20 Ду100 Ру 16 ПФСР 100х16 (119 мм);Черные фланцы и фиттинги (ПК КСС);18;105;;;16.02.2026;;
ПКНФ-000277;16.02.2026;Отбортовка 219,1х2,0 AISI304;Нержавеющие фланцы и фиттинги (ПК КСС);4;27;19.02.2026;19.02.2026;16.02.2026;;
ПКНФ-000277;16.02.2026;Труба СВ 219,1х2,0мм 08Х18Н10 (AISI 304);Нержавеющие трубы, листы, круги, сетки(ПК КСС);9;12.348;19.02.2026;17.02.2026;16.02.2026;;
ПКНФ-000277;16.02.2026;Отвод 219,1х2,0 мм AISI 304;Нержавеющие фланцы и фиттинги (ПК КСС);1;1;;;16.02.2026;;
ПКНФ-000277;16.02.2026;Отбортовка 114,3х2,0 AISI304;Нержавеющие фланцы и фиттинги (ПК КСС);18;44;19.02.2026;19.02.2026;16.02.2026;;
ПКНФ-000277;16.02.2026;Отбортовка 219,1х3,0 AISI304;Нержавеющие фланцы и фиттинги (ПК КСС);10;69;16.05.2025;17.02.2026;16.02.2026;;
ПКНФ-000277;16.02.2026;Отвод 114,3х2,0 мм AISI 304;Нержавеющие фланцы и фиттинги (ПК КСС);6;4;;17.02.2026;16.02.2026;;
ПКНФ-000277;16.02.2026;Труба СВ 114,3х2,0мм 08Х18Н10 (AISI 304);Нержавеющие трубы, листы, круги, сетки(ПК КСС);7;14.9;;22.10.2024;16.02.2026;;
ПКНФ-000277;16.02.2026;Фланец 114,3  (AISI304, 08*18H10, PN6) плоский;Нержавеющие фланцы и фиттинги (ПК КСС);6;5;;;16.02.2026;;
ПКНФ-000277;16.02.2026;Фланец 219,1  (AISI304, 08*18H10, PN6) плоский;Нержавеющие фланцы и фиттинги (ПК КСС);2;0;;;16.02.2026;;
ПКНФ-000278;16.02.2026;Полоса 2,0x50,0 (AISI304, 08X18H10, 2B);Нержавеющие трубы, листы, круги, сетки(ПК КСС);8;0;;;16.02.2026;;
ПКНФ-000278;16.02.2026;Пластина 100х40 (AISI 304);Нержавеющие трубы, листы, круги, сетки(ПК КСС);16;146;;;16.02.2026;;
ПКНФ-000278;16.02.2026;Труба 40х20х2 (AISI304);Нержавеющие трубы, листы, круги, сетки(ПК КСС);11;18.7;17.09.2025;09.09.2025;16.02.2026;;
ПКНФ-000278;16.02.2026;Труба 25х25х2 (AISI 304);Нержавеющие трубы, листы, круги, сетки(ПК КСС);6;52.5;09.09.2025;05.08.2025;16.02.2026;;
ПКНФ-000286;17.02.2026;Полоса 2,0x50,0 (AISI304, 08X18H10, 2B);Нержавеющие трубы, листы, круги, сетки(ПК КСС);6;50;;;17.02.2026;;
ПКНФ-000286;17.02.2026;Швеллер 10П ГОСТ 8240-97;Черные трубы, листы, круги (ПК КСС);114;20;17.02.2026;11.09.2025;17.02.2026;;
ПКНФ-000286;17.02.2026;Труба 40х40х2 ГОСТ 8639-82;Черные трубы, листы, круги (ПК КСС);2;0;;;17.02.2026;;
ПКНФ-000286;17.02.2026;Шпилька М10 L1000 (А2, DIN975);Нержавеющие метизы (ПК КСС);0.006;18.5;;26.02.2026;17.02.2026;;
ПКНФ-000286;17.02.2026;Труба 50х50х3 ГОСТ 8639-82, м.д;Черные трубы, листы, круги (ПК КСС);200;138;17.02.2026;14.02.2026;17.02.2026;;
ПКНФ-000287;17.02.2026;Лист Г/К 10,0х1500х3000 ст.20 ГОСТ 19903-74;Черные трубы, листы, круги (ПК КСС);0.2;2.28;;;17.02.2026;;
ПКНФ-000288;17.02.2026;Пластина 100х40 (AISI 304);Нержавеющие трубы, листы, круги, сетки(ПК КСС);8;128;;;17.02.2026;;
ПКНФ-000288;17.02.2026;Труба 50х50х2 (AISI 304);Нержавеющие трубы, листы, круги, сетки(ПК КСС);0.1;11;;;17.02.2026;;
ПКНФ-000288;17.02.2026;Труба 40х20х2 (AISI304);Нержавеющие трубы, листы, круги, сетки(ПК КСС);10;17.7;17.09.2025;09.09.2025;17.02.2026;;
ПКНФ-000288;17.02.2026;Труба 25х25х2 (AISI 304);Нержавеющие трубы, листы, круги, сетки(ПК КСС);10;50.3;05.08.2025;05.08.2025;17.02.2026;;
ПКНФ-000289;17.02.2026;Фланец 139,7  (AISI304, 08*18H10, PN10) плоский;Нержавеющие фланцы и фиттинги (ПК КСС);1;2;17.02.2026;17.02.2026;17.02.2026;;
ПКНФ-000289;17.02.2026;Труба СВ 139,7х2,0мм 08Х18Н10 (AISI 304);Нержавеющие трубы, листы, круги, сетки(ПК КСС);0.5;7.1;;;17.02.2026;;
ПКНФ-000289;17.02.2026;Фланец 114,3  (AISI304, 08*18H10, PN10/16) плоский;Нержавеющие фланцы и фиттинги (ПК КСС);2;9;17.02.2026;26.05.2025;17.02.2026;;
ПКНФ-000289;17.02.2026;Труба СВ 114,3х2,0мм 08Х18Н10 (AISI 304);Нержавеющие трубы, листы, круги, сетки(ПК КСС);1;0.4;;22.10.2024;17.02.2026;;
ПКНФ-000290;17.02.2026;Отбортовка 60,3х3,0 AISI304;Нержавеющие фланцы и фиттинги (ПК КСС);12;1;;;17.02.2026;;
ПКНФ-000290;17.02.2026;Пресс-фланец ст.20 Ду50 Ру 16 ПФСР 050х16 (65 мм) ;Черные фланцы и фиттинги (ПК КСС);12;49;;;17.02.2026;;
ПКНФ-000290;17.02.2026;Пресс-фланец ст.20 Ду80 Ру 16 ПФСР 080х16 (94 мм);Черные фланцы и фиттинги (ПК КСС);4;35;;;17.02.2026;;
ПКНФ-000290;17.02.2026;Заглушка фланцевая 1-080-10/16 (88,9)  AISI 304;Нержавеющие фланцы и фиттинги (ПК КСС);2;2;;;17.02.2026;;
ПКНФ-000290;17.02.2026;Труба СВ  21,3х2,0мм 08Х18Н10 (AISI 304);Нержавеющие трубы, листы, круги, сетки(ПК КСС);0.1;73.7;;;17.02.2026;;
ПКНФ-000290;17.02.2026;Труба СВ  60,3х2,0мм 08Х18Н10 (AISI 304);Нержавеющие трубы, листы, круги, сетки(ПК КСС);1.5;3.5;09.09.2025;09.09.2025;17.02.2026;;
ПКНФ-000290;17.02.2026;Труба СВ  88,9х2,0мм 08Х18Н10 (AISI 304);Нержавеющие трубы, листы, круги, сетки(ПК КСС);2;29.2;05.08.2025;05.08.2025;17.02.2026;;
ПКНФ-000290;17.02.2026;Ниппель приварной DN15  1/2"" (AISI304, 08Х18H10);Нержавеющие фланцы и фиттинги (ПК КСС);2;0;19.02.2026;17.02.2026;17.02.2026;;
ПКНФ-000290;17.02.2026;Отбортовка 88,9х2,0 AISI304;Нержавеющие фланцы и фиттинги (ПК КСС);4;80;;;17.02.2026;;
ПКНФ-000291;17.02.2026;Уголок 63,0х63,0х5 ст3;Черные трубы, листы, круги (ПК КСС);4;19;;;17.02.2026;;
