Product order name;Product order date;Material name;Material group;qty;Current qty;Posted date;For admission date;Create date;Product order name child;Product order date child
ПКНФ-000010;15.01.2025;Труба PPR SDR 6 PN20 40/6,7/4000 мм, БЕЛАЯ, Pro Aqua PA10014;Полиэтелен, корсис, прагма, НПВХ (ПК КСС);3;23;;;15.01.2025;;
ПКНФ-000010;15.01.2025;Муфта PPR комбинированная 40х1 1/4""НР под ключ, белая, Pro Aqua PA23520P;Полиэтелен, корсис, прагма, НПВХ (ПК КСС);3;7;;;15.01.2025;;
ПКНФ-000010;15.01.2025;Муфта PPR комбинированная 40х1 1/4""ВР под ключ, белая, Pro Aqua PA22520P;Полиэтелен, корсис, прагма, НПВХ (ПК КСС);2;4;;;15.01.2025;;
ПКНФ-000010;15.01.2025;Угольник PPR 40/90°, белый, Pro Aqua PA13014P;Полиэтелен, корсис, прагма, НПВХ (ПК КСС);1;2;;;15.01.2025;;
ПКНФ-000010;15.01.2025;Шайба гроверная оц.Ф10 DIN 127;Оцинкованные метизы (ПК КСС);0.1;0.222;;;15.01.2025;;
ПКНФ-000010;15.01.2025;Гайка шестигр.М10 оц. DIN934;Оцинкованные метизы (ПК КСС);0.1;0.736;07.10.2024;07.10.2024;15.01.2025;;
ПКНФ-000010;15.01.2025;Болт оцинк. М10х60 DIN933;Оцинкованные метизы (ПК КСС);0.1;0.688;;;15.01.2025;;
ПКНФ-000010;15.01.2025;Уплотнитель кольцевого пространства марки АктивРинг ТУ 2531-002-58859224-2014 изм. 1 (АР 300 оцинк);Полиэтелен, корсис, прагма, НПВХ (ПК КСС);28;24;;;15.01.2025;;
ПКНФ-000010;15.01.2025;Хомут для высоких нагрузок PI-НD 2"", М12, 59-66, Termoclip 09405203;Нержавеющие метизы (ПК КСС);4;0;;;15.01.2025;;
ПКНФ-000010;15.01.2025;Шпилька М12*1000 DIN 975 оц;Оцинкованные метизы (ПК КСС);2;1;;;15.01.2025;;
ПКНФ-000010;15.01.2025;Шаровой кран латунный 1 1/4"" ВР-ГШ со сгоном, ручка-бабочка, LD Pride 47.32.В-ГШ.Б;Арматура (ПК КСС);1;3;;;15.01.2025;;
ПКНФ-000010;15.01.2025;Шпилька М6 L1000 (А2, DIN975);Нержавеющие метизы (ПК КСС);1;6;;;15.01.2025;;
ПКНФ-000010;15.01.2025;Болт оцинк. М12х60 DIN933;Оцинкованные метизы (ПК КСС);0.004;0.418;;03.06.2024;15.01.2025;;
ПКНФ-000010;15.01.2025;Шайба плоская оц. М12  DIN 125;Оцинкованные метизы (ПК КСС);0.016;0.775;;03.06.2024;15.01.2025;;
ПКНФ-000010;15.01.2025;Болт оцинк. м14х80 DIN933;Оцинкованные метизы (ПК КСС);0.01;0.449;;15.01.2025;15.01.2025;;
ПКНФ-000010;15.01.2025;Гайка шестигр. оц. М14 DIN 934;Оцинкованные метизы (ПК КСС);0.01;0.748;;;15.01.2025;;
ПКНФ-000010;15.01.2025;Шайба плоская оц.М14  DIN 125;Оцинкованные метизы (ПК КСС);0.01;0.414;;;15.01.2025;;
ПКНФ-000010;15.01.2025;Шайба гроверная оц.Ф14 DIN 127;Оцинкованные метизы (ПК КСС);0.02;0.747;;;15.01.2025;;
ПКНФ-000010;15.01.2025;Обратный клапан р/р Ду 32 1 1/4"" ВР Ру 10 Tmax=100°С, латунный, Itap York 103 26100;Арматура (ПК КСС);1;3;;;15.01.2025;;
ПКНФ-000010;15.01.2025;Труба 110/3,2/2000 наружная канализация;Полиэтелен, корсис, прагма, НПВХ (ПК КСС);2;4;;;15.01.2025;;
ПКНФ-000010;15.01.2025;Болт оцинк. М16х60 DIN933;Оцинкованные метизы (ПК КСС);0.03;0.802;;;15.01.2025;;
ПКНФ-000010;15.01.2025;Шайба плоская оц. М8  DIN 125;Оцинкованные метизы (ПК КСС);0.008;0.467;;;15.01.2025;;
ПКНФ-000010;15.01.2025;Гайка шестигр. оц М8 DIN934;Оцинкованные метизы (ПК КСС);0.004;0.53;;;15.01.2025;;
ПКНФ-000010;15.01.2025;Шайба гроверная оц. Ф8 DIN 127;Оцинкованные метизы (ПК КСС);0.004;1.241;;;15.01.2025;;
ПКНФ-000010;15.01.2025;Болт оцинк. М20х60 DIN933;Оцинкованные метизы (ПК КСС);0.012;0.388;;;15.01.2025;;
ПКНФ-000010;15.01.2025;Фланец 60,3 (AISI304, 08*18H10, PN10) свободный;Нержавеющие фланцы и фиттинги (ПК КСС);4;4;;;15.01.2025;;
ПКНФ-000010;15.01.2025;Отбортовка 60,3х2,0 AISI304;Нержавеющие фланцы и фиттинги (ПК КСС);4;0;16.05.2025;21.01.2026;15.01.2025;;
ПКНФ-000010;15.01.2025;Лист 5,0*1500*6000 ст3 (м2);Черные трубы, листы, круги (ПК КСС);0.2;0.4;;;15.01.2025;;
ПКНФ-000010;15.01.2025;Затвор поворот чуг Ду50 Ру10/16 д/чуг Benarmo;Арматура (ПК КСС);4;4;;;15.01.2025;;
ПКНФ-000010;15.01.2025;Компенсатор Ду 50 Ру10/16 д/чуг Benarmo;Арматура (ПК КСС);4;4;;05.05.2025;15.01.2025;;
ПКНФ-000010;15.01.2025;Установка повышения давления КСС-МЧ-2 CDM5-4+СХ+ГА8м ;Установки ВНС и ПНС (ПК КСС);1;0;;;15.01.2025;ПКНФ-000011;15.01.2025
ПКНФ-000010;15.01.2025;Гайка шестигр. оц. М20 DIN 934 тыс шт;Оцинкованные метизы (ПК КСС);0.012;1.247;;27.06.2024;15.01.2025;;
ПКНФ-000010;15.01.2025;Мембранный бак для водоснабжения вертикальный, 80л, WAV80 10 бар/110°C, Wester WAV80;Расходомеры, манометры (ПК КСС);1;1;;;15.01.2025;;
ПКНФ-000010;15.01.2025;Электрический конвектор Electrolux ECH/AS-2000 ER НС-1119630;Электротовары КСС ШУ;1;2;;;15.01.2025;;
ПКНФ-000010;15.01.2025;Подводка для воды ДТРД Гигант 100 см 1"" г/г угл 1001ГГУ;Арматура (ПК КСС);1;2;;;15.01.2025;;
ПКНФ-000010;15.01.2025;Заглушка для трубы 25х25 мм пластик;Расходные материалы (ПК КСС);2;4;23.04.2024;;15.01.2025;;
ПКНФ-000010;15.01.2025;Насос дренажный модель XKS-750S ""LEO"";Насосы LEO/ОНИС (ПК КСС);1;2;;;15.01.2025;;
ПКНФ-000010;15.01.2025;Шайба оцинк гровер М12 DIN 127;Оцинкованные метизы (ПК КСС);0.012;0.756;;03.06.2024;15.01.2025;;
ПКНФ-000010;15.01.2025;Шайба гроверная оц. Ф16 DIN 127;Оцинкованные метизы (ПК КСС);0.06;0.62;;27.06.2024;15.01.2025;;
ПКНФ-000010;15.01.2025;Труба СВ  42,4х1,5мм 08Х18Н10 (AISI 304);Нержавеющие трубы, листы, круги, сетки(ПК КСС);0.5;0.5;;;15.01.2025;;
ПКНФ-000010;15.01.2025;Труба СВ  60,3х2,0мм 08Х18Н10 (AISI 304);Нержавеющие трубы, листы, круги, сетки(ПК КСС);3.5;3.5;09.09.2025;09.09.2025;15.01.2025;;
ПКНФ-000010;15.01.2025;Отвод 60,3х2,0 мм AISI 304;Нержавеющие фланцы и фиттинги (ПК КСС);8;8;09.09.2025;09.09.2025;15.01.2025;;
ПКНФ-000010;15.01.2025;Шайба плоская оц. М10  DIN 125;Оцинкованные метизы (ПК КСС);0.1;0.646;;25.08.2025;15.01.2025;;
ПКНФ-000010;15.01.2025;Навесной замок с ключом GPLK-50L;Оцинкованные метизы (ПК КСС);1;86;;20.01.2025;15.01.2025;;
ПКНФ-000010;15.01.2025;Полоса 40*4 ГОСТ 103-76;Черные трубы, листы, круги (ПК КСС);5;89.8;;19.08.2024;15.01.2025;;
ПКНФ-000010;15.01.2025;Уголок 50х50х5 ГОСТ 8509-93 (м);Черные трубы, листы, круги (ПК КСС);2;47.4;;;15.01.2025;;
ПКНФ-000010;15.01.2025;Гайка шестигр. оц М12 DIN934;Оцинкованные метизы (ПК КСС);0.012;1.23;;03.06.2024;15.01.2025;;
ПКНФ-000010;15.01.2025;Гайка шестигр. оц М16  (тыс шт);Оцинкованные метизы (ПК КСС);0.06;0.197;;27.06.2024;15.01.2025;;
ПКНФ-000010;15.01.2025;Лист 1000х3000 ПВЛ 406;Черные трубы, листы, круги (ПК КСС);2;8;;;15.01.2025;;
ПКНФ-000010;15.01.2025;Ниппель приварной DN40 1 1/2"" (AISI304, 08Х18H10);Нержавеющие фланцы и фиттинги (ПК КСС);2;3;;;15.01.2025;;
ПКНФ-000010;15.01.2025;Труба 25х25х2 (AISI 304);Нержавеющие трубы, листы, круги, сетки(ПК КСС);11;18;09.09.2025;05.08.2025;15.01.2025;;
ПКНФ-000010;15.01.2025;Труба 40х20х1,5 (AISI304);Нержавеющие трубы, листы, круги, сетки(ПК КСС);2;2.06;05.08.2025;05.08.2025;15.01.2025;;
ПКНФ-000010;15.01.2025;Фланец 60,3 (AISI304, 08*18H10, PN10/16) плоский;Нержавеющие фланцы и фиттинги (ПК КСС);4;4;;;15.01.2025;;
ПКНФ-000010;15.01.2025;Шпилька М8 L1000 DIN 975;Нержавеющие метизы (ПК КСС);1;1;;;15.01.2025;;
ПКНФ-000010;15.01.2025;Анкерный болт с гайкой 16*180 HNM тыс;Оцинкованные метизы (ПК КСС);0.016;0.536;;10.06.2024;15.01.2025;;
ПКНФ-000010;15.01.2025;Арматура ф 16 А-1 ГОСТ 5781-82 (м);Черные трубы, листы, круги (ПК КСС);4;16.3;;24.01.2024;15.01.2025;;
ПКНФ-000010;15.01.2025;Грибок канализационный;Полиэтелен, корсис, прагма, НПВХ (ПК КСС);2;37;;27.01.2026;15.01.2025;;
ПКНФ-000010;15.01.2025;Манжета резиновая переходная D 110/124 Уп., черн;Полиэтелен, корсис, прагма, НПВХ (ПК КСС);3;61;;;15.01.2025;;
ПКНФ-000010;15.01.2025;Полоса 4,0x40,0 (AISI304, 08X18H10, 2B);Нержавеющие трубы, листы, круги, сетки(ПК КСС);2;0;;25.02.2025;15.01.2025;;
ПКНФ-000010;15.01.2025;Прокладка (паронит) 50;Полиэтелен, корсис, прагма, НПВХ (ПК КСС);12;67;;;15.01.2025;;
ПКНФ-000010;15.01.2025;Труба 110/3,2/0560 наружная канализация;Полиэтелен, корсис, прагма, НПВХ (ПК КСС);1;132;;;15.01.2025;;
ПКНФ-000010;15.01.2025;Труба двустенная для электропроводки d110 с протяжкой(внутр. d94)/ДКС ;Полиэтелен, корсис, прагма, НПВХ (ПК КСС);3;185;;;15.01.2025;;
ПКНФ-000010;15.01.2025;Шайба плоская оц.М16  DIN 125;Оцинкованные метизы (ПК КСС);0.12;1.46;;27.06.2024;15.01.2025;;
ПКНФ-000010;15.01.2025;Шайба плоская оц.М20  DIN 125;Оцинкованные метизы (ПК КСС);0.012;0.824;;27.06.2024;15.01.2025;;
ПКНФ-000010;15.01.2025;Шпилька М16*1000 DIN 975 оц;Оцинкованные метизы (ПК КСС);3;3;;;15.01.2025;;
ПКНФ-000010;15.01.2025;Труба 50х50х3 ГОСТ 8639-82, м.д;Черные трубы, листы, круги (ПК КСС);27;88.8;;;15.01.2025;;
ПКНФ-000025;22.01.2025;Резьба (ниппель) Ду 32х2,8 ГОСТ 3262-78;Черные фланцы и фиттинги (ПК КСС);2;10;;;22.01.2025;;
ПКНФ-000025;22.01.2025;Труба PPR SDR 6 PN20 40/6,7/4000 мм, БЕЛАЯ, Pro Aqua PA10014;Полиэтелен, корсис, прагма, НПВХ (ПК КСС);5;23;;;22.01.2025;;
ПКНФ-000025;22.01.2025;Муфта PPR комбинированная 40х1 1/4""НР под ключ, белая, Pro Aqua PA23520P;Полиэтелен, корсис, прагма, НПВХ (ПК КСС);3;7;;;22.01.2025;;
ПКНФ-000025;22.01.2025;Муфта PPR комбинированная 40х1 1/4""ВР под ключ, белая, Pro Aqua PA22520P;Полиэтелен, корсис, прагма, НПВХ (ПК КСС);2;4;;;22.01.2025;;
ПКНФ-000025;22.01.2025;Угольник PPR 40/90°, белый, Pro Aqua PA13014P;Полиэтелен, корсис, прагма, НПВХ (ПК КСС);1;2;;;22.01.2025;;
ПКНФ-000025;22.01.2025;Шайба гроверная оц.Ф10 DIN 127;Оцинкованные метизы (ПК КСС);0.05;0.222;;;22.01.2025;;
ПКНФ-000025;22.01.2025;Гайка шестигр.М10 оц. DIN934;Оцинкованные метизы (ПК КСС);0.05;0.736;07.10.2024;07.10.2024;22.01.2025;;
ПКНФ-000025;22.01.2025;Установка  пожаротушения КСС-П-2 CDM20-2+АВР+2ЭЗ;Установки ВНС и ПНС (ПК КСС);1;0;13.12.2024;;22.01.2025;ПКНФ-000026;22.01.2025
ПКНФ-000025;22.01.2025;Уплотнитель кольцевого пространства марки АктивРинг ТУ 2531-002-58859224-2014 изм. 1 (АР 415 оцинк);Полиэтелен, корсис, прагма, НПВХ (ПК КСС);14;14;;;22.01.2025;;
ПКНФ-000025;22.01.2025;Шаровой кран латунный 1 1/4"" ВР-ГШ со сгоном, ручка-бабочка, LD Pride 47.32.В-ГШ.Б;Арматура (ПК КСС);1;3;;;22.01.2025;;
ПКНФ-000025;22.01.2025;Хомут для высоких нагрузок PI-НD 3"", М12, 59-66, Termoclip 09405203;Нержавеющие метизы (ПК КСС);4;4;;;22.01.2025;;
ПКНФ-000025;22.01.2025;Болт оцинк. М12х60 DIN933;Оцинкованные метизы (ПК КСС);0.006;0.418;;03.06.2024;22.01.2025;;
ПКНФ-000025;22.01.2025;Шайба плоская оц. М12  DIN 125;Оцинкованные метизы (ПК КСС);0.02;0.775;;03.06.2024;22.01.2025;;
ПКНФ-000025;22.01.2025;Обратный клапан р/р Ду 32 1 1/4"" ВР Ру 10 Tmax=100°С, латунный, Itap York 103 26100;Арматура (ПК КСС);1;3;;;22.01.2025;;
ПКНФ-000025;22.01.2025;Труба 110/3,2/2000 наружная канализация;Полиэтелен, корсис, прагма, НПВХ (ПК КСС);1;4;;;22.01.2025;;
ПКНФ-000025;22.01.2025;Болт оцинк. М20х60 DIN933;Оцинкованные метизы (ПК КСС);0.012;0.388;;;22.01.2025;;
ПКНФ-000025;22.01.2025;Лист 5,0*1500*6000 ст3 (м2);Черные трубы, листы, круги (ПК КСС);0.2;0.4;;;22.01.2025;;
ПКНФ-000025;22.01.2025;Затвор поворот чуг Ду80 Ру10/16 д/чуг Benarmo ;Арматура (ПК КСС);2;4;;;22.01.2025;;
ПКНФ-000025;22.01.2025;Компенсатор EPDM Ду80 Ру10/16 фл Benarmo;Арматура (ПК КСС);2;2;;;22.01.2025;;
ПКНФ-000025;22.01.2025;Гайка шестигр. оц. М20 DIN 934 тыс шт;Оцинкованные метизы (ПК КСС);0.012;1.247;;27.06.2024;22.01.2025;;
ПКНФ-000025;22.01.2025;Болт оцинк. М16х80  DIN933;Оцинкованные метизы (ПК КСС);0.032;0.597;;;22.01.2025;;
ПКНФ-000025;22.01.2025;Болт оцинк. 10х40 DIN933;Оцинкованные метизы (ПК КСС);0.05;0.107;;;22.01.2025;;
ПКНФ-000025;22.01.2025;Заглушка для трубы 25х25 мм пластик;Расходные материалы (ПК КСС);2;4;23.04.2024;;22.01.2025;;
ПКНФ-000025;22.01.2025;Насос дренажный модель XKS-750S ""LEO"";Насосы LEO/ОНИС (ПК КСС);1;2;;;22.01.2025;;
ПКНФ-000025;22.01.2025;Шайба оцинк гровер М12 DIN 127;Оцинкованные метизы (ПК КСС);0.014;0.756;;03.06.2024;22.01.2025;;
ПКНФ-000025;22.01.2025;Насос повышающий давление с автоматом, CL15PRS-10 Pampman ;Другие насосы и УПМ (ПК КСС);1;1;;;22.01.2025;;
ПКНФ-000025;22.01.2025;Труба СВ  88,9х2,0мм 08Х18Н10 (AISI 304);Нержавеющие трубы, листы, круги, сетки(ПК КСС);2;2;05.08.2025;05.08.2025;22.01.2025;;
ПКНФ-000025;22.01.2025;Отвод 88,9х2,0 мм AISI 304;Нержавеющие фланцы и фиттинги (ПК КСС);4;4;;;22.01.2025;;
ПКНФ-000025;22.01.2025;Переход 114,3/88,9х2,0 (DN 100/80) AISI 304/08Х18Н10;Нержавеющие фланцы и фиттинги (ПК КСС);4;4;;;22.01.2025;;
ПКНФ-000025;22.01.2025;Фланец 114,3  (AISI304, 08*18H10, PN10/16) плоский;Нержавеющие фланцы и фиттинги (ПК КСС);4;4;05.08.2025;26.05.2025;22.01.2025;;
ПКНФ-000025;22.01.2025;Шайба плоская оц. М10  DIN 125;Оцинкованные метизы (ПК КСС);0.01;0.646;;25.08.2025;22.01.2025;;
ПКНФ-000025;22.01.2025;Навесной замок с ключом GPLK-50L;Оцинкованные метизы (ПК КСС);2;86;;20.01.2025;22.01.2025;;
ПКНФ-000025;22.01.2025;Труба 40х20х2 (AISI304);Нержавеющие трубы, листы, круги, сетки(ПК КСС);1;7;17.09.2025;09.09.2025;22.01.2025;;
ПКНФ-000025;22.01.2025;Полоса 40*4 ГОСТ 103-76;Черные трубы, листы, круги (ПК КСС);7;89.8;;19.08.2024;22.01.2025;;
ПКНФ-000025;22.01.2025;Прокладка (паронит) 80;Полиэтелен, корсис, прагма, НПВХ (ПК КСС);4;46;;;22.01.2025;;
ПКНФ-000025;22.01.2025;Фланец 88,9 (AISI304, 08*18H10, PN10/16) свободный;Нержавеющие фланцы и фиттинги (ПК КСС);4;4;;;22.01.2025;;
ПКНФ-000025;22.01.2025;Уголок 50х50х5 ГОСТ 8509-93 (м);Черные трубы, листы, круги (ПК КСС);1;47.4;;;22.01.2025;;
ПКНФ-000025;22.01.2025;Гайка шестигр. оц М12 DIN934;Оцинкованные метизы (ПК КСС);0.014;1.23;;03.06.2024;22.01.2025;;
ПКНФ-000025;22.01.2025;Гайка шестигр. оц М16  (тыс шт);Оцинкованные метизы (ПК КСС);0.096;0.197;;27.06.2024;22.01.2025;;
ПКНФ-000025;22.01.2025;Лист 1000х3000 ПВЛ 406;Черные трубы, листы, круги (ПК КСС);3;8;;;22.01.2025;;
ПКНФ-000025;22.01.2025;Труба оц ВГП 25х3,2  ГОСТ 3262-75 (м);Черные трубы, листы, круги (ПК КСС);0.2;108.28;;27.12.2024;22.01.2025;;
ПКНФ-000025;22.01.2025;Отбортовка 88,9х2,0 AISI304;Нержавеющие фланцы и фиттинги (ПК КСС);4;4;;;22.01.2025;;
ПКНФ-000025;22.01.2025;Труба СВ 114,3х2,0мм 08Х18Н10 (AISI 304);Нержавеющие трубы, листы, круги, сетки(ПК КСС);2;2;;22.10.2024;22.01.2025;;
ПКНФ-000025;22.01.2025;Труба 25х25х2 (AISI 304);Нержавеющие трубы, листы, круги, сетки(ПК КСС);7;18;05.08.2025;05.08.2025;22.01.2025;;
ПКНФ-000025;22.01.2025;Труба 40х40х3 ГОСТ 8639-82;Черные трубы, листы, круги (ПК КСС);27;14.4;;;22.01.2025;;
ПКНФ-000025;22.01.2025;Труба 40х20х2 ГОСТ 8639-82;Черные трубы, листы, круги (ПК КСС);10;29.5;;29.01.2024;22.01.2025;;
ПКНФ-000025;22.01.2025;Анкерный болт с гайкой 16*180 HNM тыс;Оцинкованные метизы (ПК КСС);0.016;0.536;;10.06.2024;22.01.2025;;
ПКНФ-000025;22.01.2025;Арматура ф 16 А-1 ГОСТ 5781-82 (м);Черные трубы, листы, круги (ПК КСС);4;16.3;;24.01.2024;22.01.2025;;
ПКНФ-000025;22.01.2025;Грибок канализационный;Полиэтелен, корсис, прагма, НПВХ (ПК КСС);2;37;;27.01.2026;22.01.2025;;
ПКНФ-000025;22.01.2025;Манжета резиновая переходная D 110/124 Уп., черн;Полиэтелен, корсис, прагма, НПВХ (ПК КСС);3;61;;;22.01.2025;;
ПКНФ-000025;22.01.2025;Полоса 4,0x40,0 (AISI304, 08X18H10, 2B);Нержавеющие трубы, листы, круги, сетки(ПК КСС);1;0;;25.02.2025;22.01.2025;;
ПКНФ-000025;22.01.2025;Труба 110/3,2/0560 наружная канализация;Полиэтелен, корсис, прагма, НПВХ (ПК КСС);1;132;;;22.01.2025;;
ПКНФ-000025;22.01.2025;Труба 200/4,9/1200 наружная канализация;Полиэтелен, корсис, прагма, НПВХ (ПК КСС);2;11;;;22.01.2025;;
ПКНФ-000025;22.01.2025;Шайба гроверная оц.М20 DIN 127;Оцинкованные метизы (ПК КСС);0.096;1.308;;;22.01.2025;;
ПКНФ-000025;22.01.2025;Шайба плоская оц.М20  DIN 125;Оцинкованные метизы (ПК КСС);0.204;0.824;;27.06.2024;22.01.2025;;
ПКНФ-000025;22.01.2025;Шпилька М16*1000 DIN 975 оц;Оцинкованные метизы (ПК КСС);3;3;;;22.01.2025;;
ПКНФ-000025;22.01.2025;Электроконвектор ЭВПТ-2,0 IP54;Расходомеры, манометры (ПК КСС);1;0;;22.12.2025;22.01.2025;;
ПКНФ-000345;19.06.2025;Муфта PPR 25 мм, белая, Pro Aqua PA12010P;Полиэтелен, корсис, прагма, НПВХ (ПК КСС);20;20;;;19.06.2025;;
ПКНФ-000345;19.06.2025;Заглушка PPR 25 мм, белая, Pro Aqua PA15010P;Полиэтелен, корсис, прагма, НПВХ (ПК КСС);10;10;;;19.06.2025;;
ПКНФ-000345;19.06.2025;Муфта PPR редукционная 40х25, наружная /внутренняя белая, Pro Aqua;Арматура (ПК КСС);5;5;;;19.06.2025;;
ПКНФ-000345;19.06.2025;Хомут метал. резина с гайкой М8 3/4"" (26-30);Расходные материалы (ПК КСС);180;190;;;19.06.2025;;
ПКНФ-000345;19.06.2025;Шаровой кран с электроприводом серия SC209, трехходовой Т-порт, DN 25 мм, давление рабочей среды до;Арматура (ПК КСС);1;1;;;19.06.2025;;
ПКНФ-000345;19.06.2025;Муфта PPR комбинированная разъемная 25х1""НР, белая, Pro Aqua PA21015;Полиэтелен, корсис, прагма, НПВХ (ПК КСС);4;4;;;19.06.2025;;
ПКНФ-000345;19.06.2025;Муфта PPR комбинированная разъемная 25х1""ВР, белая, Pro Aqua PA20015;Полиэтелен, корсис, прагма, НПВХ (ПК КСС);2;2;;;19.06.2025;;
ПКНФ-000345;19.06.2025;Хомут червячный нержавеющий Экофикс 12-22 мм/9 W2;Расходные материалы (ПК КСС);50;50;;;19.06.2025;;
ПКНФ-000345;19.06.2025;Муфта комб.разъём.(американка) с внутренней резьбой  25x1"" (100/25) (Valfex) БЕЛАЯ (ПК);Полиэтелен, корсис, прагма, НПВХ (ПК КСС);36;36;;;19.06.2025;;
ПКНФ-000345;19.06.2025;Труба гофрированная d20 ПНД черная с зондом IEK (100);Электротовары КСС ШУ;15;15;;;19.06.2025;;
ПКНФ-000345;19.06.2025;Угол 90гр. Ø25 белая;Комплектующие для водоподготовки;33;47;;;19.06.2025;;
ПКНФ-000345;19.06.2025;Муфта PPR комбинированная 40х1 1/4""НР под ключ, белая, Pro Aqua PA23520P;Полиэтелен, корсис, прагма, НПВХ (ПК КСС);5;6;;;19.06.2025;;
ПКНФ-000345;19.06.2025;Ниппель приварной DN25"" 1""  чермет;Арматура (ПК КСС);16;20;;;19.06.2025;;
ПКНФ-000345;19.06.2025;Шланг ПВХ 20мм прозрачный (бухта 50м);Полиэтелен, корсис, прагма, НПВХ (ПК КСС);180;200;;;19.06.2025;;
ПКНФ-000345;19.06.2025;Лист 2,0*1000*2000  AISI 304 (08х18Н10), х/к, мат (2В);Нержавеющие трубы, листы, круги, сетки(ПК КСС);3;3;17.09.2025;17.09.2025;19.06.2025;;
ПКНФ-000345;19.06.2025;Кварц окатанный 2-5 мм, Россия (шт=кг);Засыпки и сорбенты для ЛОС, Водоподготовка;20;20;;25.12.2024;19.06.2025;;
ПКНФ-000345;19.06.2025;Расходомер-счетчик электромагнитный КАРАТ-551М-32-0;Расходомеры, манометры (ПК КСС);1;1;;;19.06.2025;;
ПКНФ-000345;19.06.2025;Кран шаровой для ВОДЫ 1 1/4"" ВР/ВР ручка-рычаг, латунный VALFEX (ПК);Арматура (ПК КСС);10;22;;;19.06.2025;;
ПКНФ-000345;19.06.2025;Муфта PPR разъемная 25 мм, белая, Pro Aqua;Полиэтелен, корсис, прагма, НПВХ (ПК КСС);5;5;;;19.06.2025;;
ПКНФ-000345;19.06.2025;Насос фекальный погружной, 250 Вт, пропускная способность 150 л/мин, напор 7,5 м, чугунный корпус, с;Другие насосы и УПМ (ПК КСС);5;5;;;19.06.2025;;
ПКНФ-000345;19.06.2025;Дозировочный контейнер 100 л с крышкой и заглушкой ДК100КЗ;Комплектующие для водоподготовки;1;1;;;19.06.2025;;
ПКНФ-000345;19.06.2025;Проточный ротаметр FM 10 1-10 GPM G3/4"";Комплектующие для водоподготовки;5;5;;;19.06.2025;;
ПКНФ-000345;19.06.2025;Расходомер-счетчик КАРАТ-523-С-СП-32-1-Т90-ВП-ИВ;Расходомеры, манометры (ПК КСС);1;1;;;19.06.2025;;
ПКНФ-000345;19.06.2025;Фляга п/э 30л БПЗ 30 с вкладышем;Комплектующие для водоподготовки;1;1;;;19.06.2025;;
ПКНФ-000345;19.06.2025;Блок управления RUNXIN 53504P, ТМ.F67P1-A;Комплектующие для водоподготовки;1;1;;;19.06.2025;;
ПКНФ-000345;19.06.2025;Корпус фильтра 14х65 Canature (натуральный /ДРС в комплекте/);Комплектующие для водоподготовки;1;1;;;19.06.2025;;
ПКНФ-000345;19.06.2025;Сорбент МС (0.315 - 0.7);Засыпки и сорбенты для ЛОС, Водоподготовка;1.5;1.5;;;19.06.2025;;
ПКНФ-000345;19.06.2025;Аэратор дисковый 320 мм;Комплектующие для водоподготовки;36;36;;;19.06.2025;;
ПКНФ-000345;19.06.2025;Ершовая биозагрузка 120/1000 нерж;Комплектующие для водоподготовки;270;270;;;19.06.2025;;
ПКНФ-000345;19.06.2025;Миксер МХ3018/037323(3)ПВХ/186;Комплектующие для водоподготовки;1;1;;;19.06.2025;;
ПКНФ-000345;19.06.2025;Вихревая воздуходувка Zenova 2RB 420-022;Комплектующие для водоподготовки;1;1;;;19.06.2025;;
ПКНФ-000345;19.06.2025;BBS Municipal 3 кг;Комплектующие для водоподготовки;1;1;;;19.06.2025;;
ПКНФ-000345;19.06.2025;Установка обеззараживания воды ECO-PRO 2S-9Ai;Комплектующие для водоподготовки;1;1;;;19.06.2025;;
ПКНФ-000345;19.06.2025;Кабель КВВ 4*0,75;Электротовары КСС ШУ;9;9;;;19.06.2025;;
ПКНФ-000345;19.06.2025;Лампа ультрафиолетовая P-15108eco;Комплектующие для водоподготовки;1;1;;;19.06.2025;;
ПКНФ-000345;19.06.2025;Водалс (коагулянт алюминия - канистра 20л);Комплектующие для водоподготовки;2;2;;;19.06.2025;;
ПКНФ-000345;19.06.2025;Шпилька М8 L1000 (А2, DIN975/ DIN976);Нержавеющие метизы (ПК КСС);36;36;;;19.06.2025;;
ПКНФ-000345;19.06.2025;Обезвоживатель мешочный TURAN-M-1-НЖ;Водоподготовка (ПК КСС);1;1;;;19.06.2025;;
ПКНФ-000345;19.06.2025;Модуль тонкослойный БТМ 41-84;Водоподготовка (ПК КСС);1;1;;;19.06.2025;;
ПКНФ-000345;19.06.2025;Муфта PPR редукционная 25х20, наружная /внутренняя белая, Pro Aqua;Полиэтелен, корсис, прагма, НПВХ (ПК КСС);10;20;;;19.06.2025;;
ПКНФ-000345;19.06.2025;Пресс-фланец DN 150 PN 10/16 ст. C20/22 (172 мм);Черные фланцы и фиттинги (ПК КСС);5;5;;;19.06.2025;;
ПКНФ-000345;19.06.2025;6574.4 - КОС (БОС) - Направляющие корзины Корзина сороудерж. Лестницы;Составные части трубопровода (Пк КСС);1;1;;;19.06.2025;ПКНФ-000691;12.08.2025
ПКНФ-000345;19.06.2025;Полоса 3,0х40 AISI304;Нержавеющие трубы, листы, круги, сетки(ПК КСС);12;12;;;19.06.2025;;
ПКНФ-000345;19.06.2025;Труба СВ 50,8х2,0мм 08Х18Н10 (AISI 304);Нержавеющие трубы, листы, круги, сетки(ПК КСС);1;1;;;19.06.2025;;
ПКНФ-000345;19.06.2025;Штуцер ""ёлочка"" (ёрш) 1 1/2"" х40 нр AISI 304 резьба;Нержавеющие фланцы и фиттинги (ПК КСС);1;1;;;19.06.2025;;
ПКНФ-000345;19.06.2025;Муфта-американка DN 40 (1 1/2 "") (48,3) AISI 304 вр/вр_имп;Нержавеющие фланцы и фиттинги (ПК КСС);1;1;;;19.06.2025;;
ПКНФ-000345;19.06.2025;Муфта-американка DN 40 (1 1/2 "") (48,3) AISI 304 вр/нр;Нержавеющие фланцы и фиттинги (ПК КСС);1;1;;;19.06.2025;;
ПКНФ-000345;19.06.2025;Муфта разъемная с наружной резьбой ПП 25х1;Комплектующие для водоподготовки;2;2;;;19.06.2025;;
ПКНФ-000345;19.06.2025;Труба ПП D20мм Длина 4 м;Комплектующие для водоподготовки;2;2;;;19.06.2025;;
ПКНФ-000345;19.06.2025;Кран шаровый ПП (шар ABS) с 2 сгонами ХВС - 25;Комплектующие для водоподготовки;3;3;;;19.06.2025;;
ПКНФ-000345;19.06.2025;Тройник 25x25x25 мм ПП;Комплектующие для водоподготовки;42;42;;;19.06.2025;;
ПКНФ-000345;19.06.2025;Труба PPR SDR 11 PN10 25/2,3/4000 мм, БЕЛАЯ, Pro Aqua PA11010;Полиэтелен, корсис, прагма, НПВХ (ПК КСС);90;114;;;19.06.2025;;
ПКНФ-000345;19.06.2025;Уголок ПП 45 - 25;Полиэтелен, корсис, прагма, НПВХ (ПК КСС);3;3;;;19.06.2025;;
ПКНФ-000345;19.06.2025;Муфта разъемная, американка полипропиленовая для агрессивных сред - 25;Полиэтелен, корсис, прагма, НПВХ (ПК КСС);30;30;;;19.06.2025;;
ПКНФ-000345;19.06.2025;Опора с боковым фиксатором PP-R DN 25;Полиэтелен, корсис, прагма, НПВХ (ПК КСС);130;130;;;19.06.2025;;
ПКНФ-000345;19.06.2025;Муфта переходная ПП - 25х20;Полиэтелен, корсис, прагма, НПВХ (ПК КСС);7;7;;;19.06.2025;;
ПКНФ-000345;19.06.2025;Шланг дренажный 1 1/2х10м (4 бар);Комплектующие для водоподготовки;1;1;;;19.06.2025;;
ПКНФ-000345;19.06.2025;Обратный клапан ПП Белый 25мм;Полиэтелен, корсис, прагма, НПВХ (ПК КСС);2;2;;;19.06.2025;;
ПКНФ-000345;19.06.2025;Штуцер 1 НПх20 мм, латунь;Арматура (ПК КСС);7;7;;;19.06.2025;;
ПКНФ-000345;19.06.2025;Хомут мет. с гайкой (М8 1"" (32-35));Арматура (ПК КСС);2;2;;;19.06.2025;;
ПКНФ-000345;19.06.2025;Поплавковый выключатель датчик уровня воды (горизонтальный);Комплектующие для водоподготовки;2;2;;;19.06.2025;;
ПКНФ-000345;19.06.2025;Ремень стяжной 5,0/10,0 /7500 50мм;Крепеж и цепи, тали (ПК КСС);7;7;;;19.06.2025;;
ПКНФ-000345;19.06.2025;Заглушка для трубы 25х25 мм пластик;Расходные материалы (ПК КСС);14;14;23.04.2024;;19.06.2025;;
ПКНФ-000345;19.06.2025;Сорбент АС (0.7 - 1.4);Водоподготовка (ПК КСС);2.5;2.5;;;19.06.2025;;
ПКНФ-000345;19.06.2025;Ниппель приварной DN25 1  (33,7мм) (AISI304, 08Х18H10);Нержавеющие фланцы и фиттинги (ПК КСС);7;7;;03.06.2024;19.06.2025;;
ПКНФ-000345;19.06.2025;Труба 30х30х2 (AISI 304);Нержавеющие трубы, листы, круги, сетки(ПК КСС);18;18.2;09.09.2025;09.09.2025;19.06.2025;;
ПКНФ-000345;19.06.2025;Труба эл/сварная 25х1,5;Черные трубы, листы, круги (ПК КСС);5.6;5.6;;;19.06.2025;;
ПКНФ-000345;19.06.2025;Навесной замок с ключом GPLK-50L;Оцинкованные метизы (ПК КСС);3;86;;20.01.2025;19.06.2025;;
ПКНФ-000345;19.06.2025;Насос дозирующий SEKO KOMPACT DPT200;Водоподготовка (ПК КСС);1;1;;;19.06.2025;;
ПКНФ-000345;19.06.2025;Ремень стяжной 5,0/10,0 /6000 50мм;Крепеж и цепи, тали (ПК КСС);10;17;30.01.2026;30.01.2026;19.06.2025;;
ПКНФ-000345;19.06.2025;Полоса 40*4 ГОСТ 103-76;Черные трубы, листы, круги (ПК КСС);20;99.8;;19.08.2024;19.06.2025;;
ПКНФ-000345;19.06.2025;Труба оц ВГП 25х3,2  ГОСТ 3262-75 (м);Черные трубы, листы, круги (ПК КСС);4;112.28;;27.12.2024;19.06.2025;;
ПКНФ-000345;19.06.2025;Труба эл/сварная ОЦ 89х4 ГОСТ 10704-91;Черные трубы, листы, круги (ПК КСС);5;5;;;19.06.2025;;
ПКНФ-000345;19.06.2025;Круг 6,0 (AISI304, 08x18H10);Нержавеющие трубы, листы, круги, сетки(ПК КСС);6;6;17.09.2025;05.08.2025;19.06.2025;;
ПКНФ-000345;19.06.2025;Ниппель приварной DN40 1 1/2"" (AISI304, 08Х18H10);Нержавеющие фланцы и фиттинги (ПК КСС);1;2;;;19.06.2025;;
ПКНФ-000345;19.06.2025;Труба 40х20х2 ГОСТ 8639-82;Черные трубы, листы, круги (ПК КСС);50;79.5;;29.01.2024;19.06.2025;;
ПКНФ-000345;19.06.2025;Труба 80х80х3 ГОСТ 8645-68;Черные трубы, листы, круги (ПК КСС);50;51.7;;;19.06.2025;;
ПКНФ-000345;19.06.2025;Отвод 90 гр. НПВХ DN110;Полиэтелен, корсис, прагма, НПВХ (ПК КСС);5;45;;;19.06.2025;;
ПКНФ-000867;01.10.2025;Шайба гроверная оц.М24 DIN 127;Оцинкованные метизы (ПК КСС);0.032;1.558;;;01.10.2025;;
ПКНФ-000867;01.10.2025;КСС ШУКПП - 3/3-11кВт-УХЛ1+АВР+GSM;Шкафы управления (ПК КСС);1;0;;;01.10.2025;ПКНФ-000885;14.10.2025
ПКНФ-000867;01.10.2025;Болт оцинк. М6х40 DIN 933;Оцинкованные метизы (ПК КСС);0.006;0.164;;;01.10.2025;;
ПКНФ-000867;01.10.2025;Болт М12*40 DIN 933 полная резьба  (А2, 12,0, 45,0, DIN 933) ;Нержавеющие метизы (ПК КСС);6;211;;;01.10.2025;;
ПКНФ-000867;01.10.2025;Щит настен. 3 мод. (100х155х95) IP41 (ЩРН-П-3);Электротовары КСС ШУ;1;1;;;01.10.2025;;
ПКНФ-000867;01.10.2025;Скоба такелажная М4;Крепеж и цепи, тали (ПК КСС);12;113;;;01.10.2025;;
ПКНФ-000867;01.10.2025;Шпилька М12*1000 DIN 975 оц;Оцинкованные метизы (ПК КСС);10;11;;;01.10.2025;;
ПКНФ-000867;01.10.2025;Затвор поворотный межфланцевый ABRA BUV-VF826D100H DN100 PN16/10 корпус GG25 / диск GGG40 / седло EP;Арматура (ПК КСС);2;2;;;01.10.2025;;
ПКНФ-000867;01.10.2025;Болт оцинк. М20х60 DIN933;Оцинкованные метизы (ПК КСС);0.012;0.366;;;01.10.2025;;
ПКНФ-000867;01.10.2025;Болт М18*80 DIN 933 полная резьба  (А2, 18,0, 80,0, DIN 933);Нержавеющие метизы (ПК КСС);24;115;;;01.10.2025;;
ПКНФ-000867;01.10.2025;Гайка шестигр. оц. М20 DIN 934 тыс шт;Оцинкованные метизы (ПК КСС);0.012;1.235;;27.06.2024;01.10.2025;;
ПКНФ-000867;01.10.2025;Болт оцинк. М16х80  DIN933;Оцинкованные метизы (ПК КСС);0.152;0.717;;;01.10.2025;;
ПКНФ-000867;01.10.2025;6754 - Трубопровод;Составные части трубопровода (Пк КСС);1;1;;;01.10.2025;ПКНФ-000963;03.10.2025
ПКНФ-000867;01.10.2025;6754 - Рама под УПМ, Балка под крышку;Составные части трубопровода (Пк КСС);1;1;;;01.10.2025;ПКНФ-000960;02.10.2025
ПКНФ-000867;01.10.2025;6754 - Направляющие под дробилку Упор под шибер  Площадка Лестница Балка транспортировочная Кор;Составные части трубопровода (Пк КСС);1;1;;;01.10.2025;ПКНФ-000962;03.10.2025
ПКНФ-000867;01.10.2025;Насос 80WQ50-29-11JY-CBLWQ4-15М, 11кВт, с перемеш.механизмом, без АТМ DN80, 2-х полюс., кабель 15м;Насосы CNP (ПК КСС);3;0;;;01.10.2025;;
ПКНФ-000867;01.10.2025;Автоматическая трубная муфта для насоса WQ DN80, TOS-80, мощность до 15кВт включительно (ПК);УПМ СNP (ПК КСС);3;3;;;01.10.2025;;
ПКНФ-000867;01.10.2025;Штанга с креплением на маховик L-1416 мм (управление маховик), для шиберной задвижки DN 400;Арматура (ПК КСС);1;1;;;01.10.2025;;
ПКНФ-000867;01.10.2025;Шкаф управления дробилкой наружного исполнения: CT1/D-16A-N2 (PL);Дробилки, измельчители, мешалки;1;1;;;01.10.2025;;
ПКНФ-000867;01.10.2025;Шпилька резьб. М20 L1000 DIN975 (Оцинк);Оцинкованные метизы (ПК КСС);3;21;;;01.10.2025;;
ПКНФ-000867;01.10.2025;Шпилька М24*1000 DIN 975 оц;Оцинкованные метизы (ПК КСС);5;3;;;01.10.2025;;
ПКНФ-000867;01.10.2025;Решетка дробилка канализационная серии Gobza РДК-60;Дробилки, измельчители, мешалки;1;1;;;01.10.2025;;
ПКНФ-000867;01.10.2025;Задвижка шиб. двухстор. Ду400 Ру7 нев. шток, без торц. упл.;Арматура (ПК КСС);1;1;;;01.10.2025;;
ПКНФ-000867;01.10.2025;Стеклоровинг ECR24-2400D-601 (Шандон) намотка Китай;Сырье стеклопластиковое;1125;68555.5;;12.01.2025;01.10.2025;;
ПКНФ-000867;01.10.2025;Заглушка для трубы 25х25 мм пластик;Расходные материалы (ПК КСС);2;2;23.04.2024;;01.10.2025;;
ПКНФ-000867;01.10.2025;Шайба гроверная оц. Ф16 DIN 127;Оцинкованные метизы (ПК КСС);0.152;0.712;;27.06.2024;01.10.2025;;
ПКНФ-000867;01.10.2025;Хомут 3,0х150 нейлон белый (100 шт);Электротовары КСС ШУ;300;300;;;01.10.2025;;
ПКНФ-000867;01.10.2025;Сальник PG 9;Электротовары КСС ШУ;20;20;;;01.10.2025;;
ПКНФ-000867;01.10.2025;Навесной замок с ключом GPLK-50L;Оцинкованные метизы (ПК КСС);3;89;;20.01.2025;01.10.2025;;
ПКНФ-000867;01.10.2025;ШСММ ПШ БУР ОЦ 4,2х25 (ОК.493шт/кг) ST;Электротовары КСС ШУ;0.8;0.8;;;01.10.2025;;
ПКНФ-000867;01.10.2025;ШСММ ПШ ОСТР ОЦ 4,2х16 (ОК.671шт/кг) ST;Оцинкованные метизы (ПК КСС);0.972;0.972;;;01.10.2025;;
ПКНФ-000867;01.10.2025;Прокладка (паронит) 80;Полиэтелен, корсис, прагма, НПВХ (ПК КСС);3;45;;;01.10.2025;;
ПКНФ-000867;01.10.2025;Гайка оцинк. DIN 934 М24;Оцинкованные метизы (ПК КСС);0.032;1.631;;;01.10.2025;;
ПКНФ-000867;01.10.2025;Гайка шестигр. оц М16  (тыс шт);Оцинкованные метизы (ПК КСС);0.152;0.193;;27.06.2024;01.10.2025;;
ПКНФ-000867;01.10.2025;Труба ВГП ОЦ 32х3,2 ГОСТ 3262-75 (м);Черные трубы, листы, круги (ПК КСС);27.6;143.96;;;01.10.2025;;
ПКНФ-000867;01.10.2025;Шпилька М10 L1000 (А2, DIN975);Нержавеющие метизы (ПК КСС);1;6;;;01.10.2025;;
ПКНФ-000867;01.10.2025;Шпилька М20 L1000 (А2, DIN975);Нержавеющие метизы (ПК КСС);5;18;;;01.10.2025;;
ПКНФ-000867;01.10.2025;Шпилька М24 L1000 (А2, DIN975/ DIN976);Нержавеющие метизы (ПК КСС);3;49;;08.10.2024;01.10.2025;;
ПКНФ-000867;01.10.2025;Маркер для JXB с нумерацией 1-10 (уп.100шт);Электротовары КСС ШУ;100;100;;;01.10.2025;;
ПКНФ-000867;01.10.2025;Анкерный болт с гайкой 16*180 HNM тыс;Оцинкованные метизы (ПК КСС);0.02;0.524;;10.06.2024;01.10.2025;;
ПКНФ-000867;01.10.2025;Болт М10*60 DIN 933 полная резьба  (А2, 10,0, 60,0, DIN 933);Нержавеющие метизы (ПК КСС);45;1163;;;01.10.2025;;
ПКНФ-000867;01.10.2025;Болт М16*80 DIN 933 полная резьба  (А2, 16,0, 80,0, DIN 933);Нержавеющие метизы (ПК КСС);16;324;;;01.10.2025;;
ПКНФ-000867;01.10.2025;Гайка М10 DIN 934  (А2, 10,0, DIN 934);Нержавеющие метизы (ПК КСС);45;697;;19.06.2024;01.10.2025;;
ПКНФ-000867;01.10.2025;Гайка М12 DIN 934  (А2, 12,0, DIN 934);Нержавеющие метизы (ПК КСС);6;1058;;;01.10.2025;;
ПКНФ-000867;01.10.2025;Гайка М16 DIN 934  (А2, 16,0, DIN 934);Нержавеющие метизы (ПК КСС);16;384;15.05.2024;25.04.2024;01.10.2025;;
ПКНФ-000867;01.10.2025;Гайка М18 DIN 934  (А2, 18,0, DIN 934);Нержавеющие метизы (ПК КСС);24;530;;;01.10.2025;;
ПКНФ-000867;01.10.2025;Грибок канализационный;Полиэтелен, корсис, прагма, НПВХ (ПК КСС);1;38;;27.01.2026;01.10.2025;;
ПКНФ-000867;01.10.2025;Задвижка клиновая Ду100 Ру16 штурвал 30ч39р;Арматура (ПК КСС);5;11;;;01.10.2025;;
ПКНФ-000867;01.10.2025;Карабин винтовой 4 мм;Крепеж и цепи, тали (ПК КСС);12;73;;;01.10.2025;;
ПКНФ-000867;01.10.2025;Карабин винтовой 6 мм;Водоподготовка (ПК КСС);10;129;;;01.10.2025;;
ПКНФ-000867;01.10.2025;Клапан обратный шаровой DN100 PN16 канализационный;Арматура (ПК КСС);3;7;;;01.10.2025;;
ПКНФ-000867;01.10.2025;Лента стеклянная 400, 250 мм, кг;Сырье стеклопластиковое;73;4479.5;;12.01.2025;01.10.2025;;
ПКНФ-000867;01.10.2025;Манжета резиновая переходная D 110/124 Уп., черн;Полиэтелен, корсис, прагма, НПВХ (ПК КСС);2;63;;;01.10.2025;;
ПКНФ-000867;01.10.2025;Манжета резиновая переходная D 50/72 Уп., черн;Полиэтелен, корсис, прагма, НПВХ (ПК КСС);1;150;;;01.10.2025;;
ПКНФ-000867;01.10.2025;Отвердитель Akperox А60 (30кг);Сырье стеклопластиковое;77;323.65;;;01.10.2025;;
ПКНФ-000867;01.10.2025;Отвод 90 гр. НПВХ DN110;Полиэтелен, корсис, прагма, НПВХ (ПК КСС);1;41;;;01.10.2025;;
ПКНФ-000867;01.10.2025;Пигмент железооксидный зеленый Green ТС 5605. Производство Китай.;Сырье стеклопластиковое;1;150.1;;;01.10.2025;;
ПКНФ-000867;01.10.2025;Поплавковый выключатель RL-1 10м;Датчики уровня, преобразователи, реле (ПК КСС);5;62;;05.02.2025;01.10.2025;;
ПКНФ-000867;01.10.2025;Прокладка (паронит) 100;Полиэтелен, корсис, прагма, НПВХ (ПК КСС);16;102;;;01.10.2025;;
ПКНФ-000867;01.10.2025;Прокладка (паронит) 400;Полиэтелен, корсис, прагма, НПВХ (ПК КСС);2;34;;;01.10.2025;;
ПКНФ-000867;01.10.2025;Проушина прямая 30х70мм;Расходные материалы (ПК КСС);6;253;;;01.10.2025;;
ПКНФ-000867;01.10.2025;Рым-гайка DIN 582 М10;Крепеж и цепи, тали (ПК КСС);6;61;;;01.10.2025;;
ПКНФ-000867;01.10.2025;Рым-гайка DIN 582 М6 шт;Крепеж и цепи, тали (ПК КСС);6;10;;;01.10.2025;;
ПКНФ-000867;01.10.2025;Скоба такелажная М6;Крепеж и цепи, тали (ПК КСС);10;64.1;;03.07.2025;01.10.2025;;
ПКНФ-000867;01.10.2025;Смола полимер 3401 А (1000кг);Сырье стеклопластиковое;385;3314.2;;12.01.2026;01.10.2025;;
ПКНФ-000867;01.10.2025;Смола полимер 3401 ТА (1000кг);Сырье стеклопластиковое;497;34412.6;;12.01.2026;01.10.2025;;
ПКНФ-000867;01.10.2025;Стекломат  E6CRMC600-1250-Е (45кг) Джуши Китай;Сырье стеклопластиковое;159;27075.7;;12.01.2025;01.10.2025;;
ПКНФ-000867;01.10.2025;Стеклорогожа EWR 560;Сырье стеклопластиковое;35;5657.6;;;01.10.2025;;
ПКНФ-000867;01.10.2025;Труба 110/3,2/0560 наружная канализация;Полиэтелен, корсис, прагма, НПВХ (ПК КСС);1;131;;;01.10.2025;;
ПКНФ-000867;01.10.2025;Труба двустенная для электропроводки d110 с протяжкой(внутр. d94)/ДКС ;Полиэтелен, корсис, прагма, НПВХ (ПК КСС);3;182;;;01.10.2025;;
ПКНФ-000867;01.10.2025;Труба двустенная для электропроводки d50 с протяжкой(внутр. d41,5) [ДКС] (код 19735) 121950;Полиэтелен, корсис, прагма, НПВХ (ПК КСС);3;117;;;01.10.2025;;
ПКНФ-000867;01.10.2025;Цепь короткозвенная 4мм DIN766 оцинк;Крепеж и цепи, тали (ПК КСС);30;386.46;;05.07.2024;01.10.2025;;
ПКНФ-000867;01.10.2025;Цепь Т6-6х18 мм ГОСТ 30441-97 (покрытие хим.окс.);Крепеж и цепи, тали (ПК КСС);21.1;23.1;;;01.10.2025;;
ПКНФ-000867;01.10.2025;Шайба  гровер М12 DIN 127 (А2, DIN 127);Нержавеющие метизы (ПК КСС);6;928.964;;;01.10.2025;;
ПКНФ-000867;01.10.2025;Шайба  гровер М18 DIN 127 (А2, DIN 127);Нержавеющие метизы (ПК КСС);24;1630;;;01.10.2025;;
ПКНФ-000867;01.10.2025;Шайба М10 DIN 125  (А2, DIN 125);Нержавеющие метизы (ПК КСС);70;54;;;01.10.2025;;
ПКНФ-000867;01.10.2025;Шайба  гровер М10 DIN 127 (А2, DIN 127);Нержавеющие метизы (ПК КСС);45;0;;;01.10.2025;;
ПКНФ-000867;01.10.2025;Шайба М12 DIN 125  (А2, DIN 125);Нержавеющие метизы (ПК КСС);12;531;;;01.10.2025;;
ПКНФ-000867;01.10.2025;Шайба М16 DIN 125  (А2, DIN 125);Нержавеющие метизы (ПК КСС);32;995;;;01.10.2025;;
ПКНФ-000867;01.10.2025;Шайба гровер М16 DIN 127 (А2, DIN 127);Нержавеющие метизы (ПК КСС);16;1848;;;01.10.2025;;
ПКНФ-000867;01.10.2025;Шайба М18 DIN 125  (А2, DIN 125);Нержавеющие метизы (ПК КСС);48;964;;;01.10.2025;;
ПКНФ-000867;01.10.2025;Шайба М20 DIN 125  (А2, DIN 125);Нержавеющие метизы (ПК КСС);300;1794;;;01.10.2025;;
ПКНФ-000867;01.10.2025;Шайба плоская оц. М6 DIN 125;Оцинкованные метизы (ПК КСС);0.006;0.624;;25.08.2025;01.10.2025;;
ПКНФ-000867;01.10.2025;Шайба плоская оц.М16  DIN 125;Оцинкованные метизы (ПК КСС);0.304;1.644;;27.06.2024;01.10.2025;;
ПКНФ-000867;01.10.2025;Шайба плоская оц.М20  DIN 125;Оцинкованные метизы (ПК КСС);0.012;0.62;;27.06.2024;01.10.2025;;
ПКНФ-000867;01.10.2025;Шайба плоская оц.М24 DIN 125;Оцинкованные метизы (ПК КСС);0.032;2.153;;;01.10.2025;;
ПКНФ-000867;01.10.2025;ШСММ ПШ БУР ОЦ 4,2х16 (ОК.658шт/кг) ST;Оцинкованные метизы (ПК КСС);0.778;0.778;;;01.10.2025;;
ПКНФ-000867;01.10.2025;Щетка чашка (125 мм М14) для УШМ КЕДР 147-0125 208044 ;Инструменты (ПК КСС);2;2;;;01.10.2025;;
ПКНФ-000867;01.10.2025;Ограничитель клем. зажимов на DIN-рейку для УХВ ФК-101 DEKraft;Инструменты (ПК КСС);50;50;;;01.10.2025;;
ПКНФ-001133;11.11.2025;Профиль пс (0,6) 50/50 L= 3 м /12шт-300шт/;Расходные материалы (ПК КСС);10;10;;;11.11.2025;;
ПКНФ-001133;11.11.2025;Шуруп 4,2/13;Расходные материалы (ПК КСС);5;5;;;11.11.2025;;
ПКНФ-001133;11.11.2025;Болт оцинк. М6х40 DIN 933;Оцинкованные метизы (ПК КСС);0.006;0.158;;;11.11.2025;;
ПКНФ-001133;11.11.2025;7209.1.1 -Рама для насосов Балка транспортировочнаяПлощадка для обслуживания Балка для кабеляЛес;Составные части трубопровода (Пк КСС);1;1;;;11.11.2025;ПКНФ-001243;04.12.2025
ПКНФ-001133;11.11.2025;7209.1.1- Трубопровод;Составные части трубопровода (Пк КСС);1;1;;;11.11.2025;ПКНФ-001242;04.12.2025
ПКНФ-001133;11.11.2025;Профилированный лист С-21х1100 (ОЦ-01-БЦ-0,5);Расходные материалы (ПК КСС);40;40;;;11.11.2025;;
ПКНФ-001133;11.11.2025;Профилированный лист С-8х1150 (ВикингМП-01-RAL-0.45);Расходные материалы (ПК КСС);11;12;;;11.11.2025;;
ПКНФ-001133;11.11.2025;Труба э/с 108*4,0 ГОСТ 10704-91;СНГ;0.062;0.062;;;11.11.2025;;
ПКНФ-001133;11.11.2025;Шайба гроверная оц.Ф10 DIN 127;Оцинкованные метизы (ПК КСС);0.02;0.072;;;11.11.2025;;
ПКНФ-001133;11.11.2025;Гайка шестигр.М10 оц. DIN934;Оцинкованные метизы (ПК КСС);0.02;0.586;07.10.2024;07.10.2024;11.11.2025;;
ПКНФ-001133;11.11.2025;Скоба такелажная М4;Крепеж и цепи, тали (ПК КСС);6;101;;;11.11.2025;;
ПКНФ-001133;11.11.2025;Трубная изоляция 89/9 (15);Расходные материалы (ПК КСС);48;49;;;11.11.2025;;
ПКНФ-001133;11.11.2025;7209.1.1 Установка подачи воды для пожаротушения;Установки ВНС и ПНС (ПК КСС);1;0;13.01.2026;;11.11.2025;ПКНФ-001134;11.11.2025
ПКНФ-001133;11.11.2025;Труба 25х25х2  ГОСТ;Черные трубы, листы, круги (ПК КСС);30;43;;;11.11.2025;;
ПКНФ-001133;11.11.2025;Реле избыточного давления RVG-20-1.6 (1.6МПа) EKF RVG-20-1.6 ;Датчики уровня, преобразователи, реле (ПК КСС);1;0;;;11.11.2025;;
ПКНФ-001133;11.11.2025;Болт оцинк. 10х40 DIN933;Оцинкованные метизы (ПК КСС);0.02;0.057;;;11.11.2025;;
ПКНФ-001133;11.11.2025;Труба 30х20х2 ГОСТ;Черные трубы, листы, круги (ПК КСС);40;40;;;11.11.2025;;
ПКНФ-001133;11.11.2025;Уголок 90х6 чермет;Черные трубы, листы, круги (ПК КСС);8;8;;;11.11.2025;;
ПКНФ-001133;11.11.2025;Уголок 75х5 чермет;Черные трубы, листы, круги (ПК КСС);10;10;;;11.11.2025;;
ПКНФ-001133;11.11.2025;Уголок 50х4 чермет;Черные трубы, листы, круги (ПК КСС);10;10;;;11.11.2025;;
ПКНФ-001133;11.11.2025;Шаровой кран латунный 1/2"" ВР, с дренажем и воздухоотводчиком, ручка-бабочка, Pride LD 44.344.15;Арматура (ПК КСС);1;2;;;11.11.2025;;
ПКНФ-001133;11.11.2025;Ниппель прямой никелированный 1/2"" НР. LD Pride LD.67.501.15;Арматура (ПК КСС);1;2;;;11.11.2025;;
ПКНФ-001133;11.11.2025;Муфта никелированная 1/2"" ВР, LD Pride LD.67.502.15;Арматура (ПК КСС);1;5;;;11.11.2025;;
ПКНФ-001133;11.11.2025;Труба э/с 159х4,5 ГОСТ 10704-91;Черные трубы, листы, круги (ПК КСС);0.031;0.031;;;11.11.2025;;
ПКНФ-001133;11.11.2025;Труба э/с 133х4,0 ГОСТ 10704-91;Черные трубы, листы, круги (ПК КСС);10;10;;;11.11.2025;;
ПКНФ-001133;11.11.2025;Труба 50х25х2  ГОСТ 8639-82;Черные трубы, листы, круги (ПК КСС);30;57;;;11.11.2025;;
ПКНФ-001133;11.11.2025;Труба 40х25х2 ГОСТ;Черные трубы, листы, круги (ПК КСС);15;15;;;11.11.2025;;
ПКНФ-001133;11.11.2025;Уголок 75х5;Черные трубы, листы, круги (ПК КСС);30;40;;;11.11.2025;;
ПКНФ-001133;11.11.2025;Саморезы кров. 4,8*29 RAL;Расходные материалы (ПК КСС);700;1000;;;11.11.2025;;
ПКНФ-001133;11.11.2025;Заглушка для трубы 25х25 мм пластик;Расходные материалы (ПК КСС);2;0;23.04.2024;;11.11.2025;;
ПКНФ-001133;11.11.2025;Болт М14*060 DIN 933 полная резьба  (А2, 14,0, 100,0, DIN 933);Нержавеющие метизы (ПК КСС);24;4;25.04.2024;;11.11.2025;;
ПКНФ-001133;11.11.2025;Шаровой кран латунный 3/4"" ВР, ручка-рычаг, LD Pride 47.20.В-В.P;Арматура (ПК КСС);3;4;;;11.11.2025;;
ПКНФ-001133;11.11.2025;Саморез 3,5*25 п/шайба;Оцинкованные метизы (ПК КСС);5;6.81;;;11.11.2025;;
ПКНФ-001133;11.11.2025;Шайба плоская оц. М10  DIN 125;Оцинкованные метизы (ПК КСС);0.04;0.646;;25.08.2025;11.11.2025;;
ПКНФ-001133;11.11.2025;Навесной замок с ключом GPLK-50L;Оцинкованные метизы (ПК КСС);4;83;;20.01.2025;11.11.2025;;
ПКНФ-001133;11.11.2025;Ремень стяжной 7,0/14,0/10000 75мм;Крепеж и цепи, тали (ПК КСС);13;78;;;11.11.2025;;
ПКНФ-001133;11.11.2025;Труба 20х20х2 ГОСТ 8639-82;Черные трубы, листы, круги (ПК КСС);12;51.8;;29.01.2024;11.11.2025;;
ПКНФ-001133;11.11.2025;Клапан обратный шаровый Ду80 Ру16 канализационный;Арматура (ПК КСС);2;7;;;11.11.2025;;
ПКНФ-001133;11.11.2025;Прокладка (паронит) 80;Полиэтелен, корсис, прагма, НПВХ (ПК КСС);7;42;;;11.11.2025;;
ПКНФ-001133;11.11.2025;Труба 40х20х1.5 ГОСТ 8645-68;Черные трубы, листы, круги (ПК КСС);84;84;;;11.11.2025;;
ПКНФ-001133;11.11.2025;Труба 40х40х2 ГОСТ 8639-82;Черные трубы, листы, круги (ПК КСС);24;121.2;;;11.11.2025;;
ПКНФ-001133;11.11.2025;Труба 40х40х3 ГОСТ 8639-82;Черные трубы, листы, круги (ПК КСС);30;44.4;;;11.11.2025;;
ПКНФ-001133;11.11.2025;Труба 100х50х3 ГОСТ 8645-68;Черные трубы, листы, круги (ПК КСС);8;8;;;11.11.2025;;
ПКНФ-001133;11.11.2025;Труба 40х20х2 ГОСТ 8639-82;Черные трубы, листы, круги (ПК КСС);17;46.5;;29.01.2024;11.11.2025;;
ПКНФ-001133;11.11.2025;Швеллер 20 ГОСТ 8240-97;Черные трубы, листы, круги (ПК КСС);11;71.5;;;11.11.2025;;
ПКНФ-001133;11.11.2025;Шпилька М10 L1000 (А2, DIN975);Нержавеющие метизы (ПК КСС);2;5;;;11.11.2025;;
ПКНФ-001133;11.11.2025;Болт М10*60 DIN 933 полная резьба  (А2, 10,0, 60,0, DIN 933);Нержавеющие метизы (ПК КСС);60;1118;;;11.11.2025;;
ПКНФ-001133;11.11.2025;Болт М16*80 DIN 933 полная резьба  (А2, 16,0, 80,0, DIN 933);Нержавеющие метизы (ПК КСС);56;308;;;11.11.2025;;
ПКНФ-001133;11.11.2025;Гайка М10 DIN 934  (А2, 10,0, DIN 934);Нержавеющие метизы (ПК КСС);72;652;;19.06.2024;11.11.2025;;
ПКНФ-001133;11.11.2025;Гайка М14 DIN 934  (А2, 14,0, DIN 934);Нержавеющие метизы (ПК КСС);24;843;;;11.11.2025;;
ПКНФ-001133;11.11.2025;Гайка М16 DIN 934  (А2, 16,0, DIN 934);Нержавеющие метизы (ПК КСС);56;368;25.04.2024;25.04.2024;11.11.2025;;
ПКНФ-001133;11.11.2025;Грибок канализационный;Полиэтелен, корсис, прагма, НПВХ (ПК КСС);2;37;;27.01.2026;11.11.2025;;
ПКНФ-001133;11.11.2025;Карабин винтовой 4 мм;Крепеж и цепи, тали (ПК КСС);6;61;;;11.11.2025;;
ПКНФ-001133;11.11.2025;Карабин винтовой 6 мм;Водоподготовка (ПК КСС);6;119;;;11.11.2025;;
ПКНФ-001133;11.11.2025;Манжета резиновая переходная D 110/124 Уп., черн;Полиэтелен, корсис, прагма, НПВХ (ПК КСС);3;61;;;11.11.2025;;
ПКНФ-001133;11.11.2025;Манжета резиновая переходная D 50/72 Уп., черн;Полиэтелен, корсис, прагма, НПВХ (ПК КСС);1;149;;;11.11.2025;;
ПКНФ-001133;11.11.2025;Отвод 90 гр. НПВХ DN110;Полиэтелен, корсис, прагма, НПВХ (ПК КСС);4;40;;;11.11.2025;;
ПКНФ-001133;11.11.2025;Проушина прямая 30х70мм;Расходные материалы (ПК КСС);6;247;;;11.11.2025;;
ПКНФ-001133;11.11.2025;Рым-гайка DIN 582 М10;Крепеж и цепи, тали (ПК КСС);6;55;;;11.11.2025;;
ПКНФ-001133;11.11.2025;Рым-гайка DIN 582 М6 шт;Крепеж и цепи, тали (ПК КСС);6;4;;;11.11.2025;;
ПКНФ-001133;11.11.2025;Скоба такелажная М6;Крепеж и цепи, тали (ПК КСС);6;54.1;;03.07.2025;11.11.2025;;
ПКНФ-001133;11.11.2025;Труба 110/3,2/0560 наружная канализация;Полиэтелен, корсис, прагма, НПВХ (ПК КСС);4;130;;;11.11.2025;;
ПКНФ-001133;11.11.2025;Труба двустенная для электропроводки d110 с протяжкой(внутр. d94)/ДКС ;Полиэтелен, корсис, прагма, НПВХ (ПК КСС);3;182;;;11.11.2025;;
ПКНФ-001133;11.11.2025;Труба двустенная для электропроводки d50 с протяжкой(внутр. d41,5) [ДКС] (код 19735) 121950;Полиэтелен, корсис, прагма, НПВХ (ПК КСС);3;114;;;11.11.2025;;
ПКНФ-001133;11.11.2025;Футорка ник. латун. 1/2х 1/4;Арматура (ПК КСС);1;3;;;11.11.2025;;
ПКНФ-001133;11.11.2025;Цепь короткозвенная 4мм DIN766 оцинк;Крепеж и цепи, тали (ПК КСС);7.2;339.66;;05.07.2024;11.11.2025;;
ПКНФ-001133;11.11.2025;Цепь короткозвенная 6мм DIN766 оцинк;Крепеж и цепи, тали (ПК КСС);10;308.5;;;11.11.2025;;
ПКНФ-001133;11.11.2025;Шайба  гровер М14 DIN 127 (А2, DIN 127);Нержавеющие метизы (ПК КСС);24;1954;;;11.11.2025;;
ПКНФ-001133;11.11.2025;Шайба М10 DIN 125  (А2, DIN 125);Нержавеющие метизы (ПК КСС);144;54;;;11.11.2025;;
ПКНФ-001133;11.11.2025;Шайба  гровер М10 DIN 127 (А2, DIN 127);Нержавеющие метизы (ПК КСС);72;0;;;11.11.2025;;
ПКНФ-001133;11.11.2025;Шайба М14 DIN 125  (А2, DIN 125);Нержавеющие метизы (ПК КСС);48;472;;;11.11.2025;;
ПКНФ-001133;11.11.2025;Шайба М16 DIN 125  (А2, DIN 125);Нержавеющие метизы (ПК КСС);112;963;;;11.11.2025;;
ПКНФ-001133;11.11.2025;Шайба гровер М16 DIN 127 (А2, DIN 127);Нержавеющие метизы (ПК КСС);56;1832;;;11.11.2025;;
ПКНФ-001133;11.11.2025;Шайба плоская оц. М6 DIN 125;Оцинкованные метизы (ПК КСС);0.006;0.618;;25.08.2025;11.11.2025;;
ПКНФ-001134;11.11.2025;Насос SJ17-6SWSF4YV, 4кВт, 3х380 В, 50Гц, нерж.304,с 4"" маслозаполн.двиг.из нерж. и меди,верт.исп;Насосы CNP (ПК КСС);2;0;03.02.2026;03.02.2026;11.11.2025;;
ПКНФ-001134;11.11.2025;Кожух 4CVR-200-B для горизонтальной установки SJ17-(6-13);Насосы CNP (ПК КСС);2;0;03.02.2026;03.02.2026;11.11.2025;;
ПКНФ-001135;11.11.2025;Заглушка ПП 110 524007.R;Полиэтелен, корсис, прагма, НПВХ (ПК КСС);1;1;;;11.11.2025;;
ПКНФ-001135;11.11.2025;Заглушка ПП 40 524001.R;Полиэтелен, корсис, прагма, НПВХ (ПК КСС);2;2;;;11.11.2025;;
ПКНФ-001135;11.11.2025;Кран водоразборный 1/2;Арматура (ПК КСС);3;3;;;11.11.2025;;
ПКНФ-001135;11.11.2025;Манометр ТМ-210Т 50 мм (1/4, 0-10 бар) осевое КТ 2,5 РОСМА;Расходомеры, манометры (ПК КСС);2;2;;;11.11.2025;;
ПКНФ-001135;11.11.2025;Отвод литой 90° ПЭ 100 DN/OD 160 SDR 17;Полиэтелен, корсис, прагма, НПВХ (ПК КСС);6;6;;;11.11.2025;;
ПКНФ-001135;11.11.2025;Отвод оц.90 40х3 ГОСТ 17375-2001;Черные фланцы и фиттинги (ПК КСС);2;2;;;11.11.2025;;
ПКНФ-001135;11.11.2025;Отвод ПП 40х45;Полиэтелен, корсис, прагма, НПВХ (ПК КСС);8;8;;;11.11.2025;;
ПКНФ-001135;11.11.2025;Отвод ПП 40х87;Полиэтелен, корсис, прагма, НПВХ (ПК КСС);1;1;;;11.11.2025;;
ПКНФ-001135;11.11.2025;Отвод ПП 50х45;Полиэтелен, корсис, прагма, НПВХ (ПК КСС);4;4;;;11.11.2025;;
ПКНФ-001135;11.11.2025;Отвод ПП 50х87;Полиэтелен, корсис, прагма, НПВХ (ПК КСС);3;3;;;11.11.2025;;
ПКНФ-001135;11.11.2025;Переход 125*110 SDR 11 РЕ 100;Полиэтелен, корсис, прагма, НПВХ (ПК КСС);13;13;;;11.11.2025;;
ПКНФ-001135;11.11.2025;Переход 377/219 ППУ (П) с ОДК;Полиэтелен, корсис, прагма, НПВХ (ПК КСС);2;2;;;11.11.2025;;
ПКНФ-001135;11.11.2025;Переход ПЭ100 200х160 SDR 17;Полиэтелен, корсис, прагма, НПВХ (ПК КСС);2;2;;;11.11.2025;;
ПКНФ-001135;11.11.2025;Переход редукционный 160х110 SDR 11;Полиэтелен, корсис, прагма, НПВХ (ПК КСС);5;5;;;11.11.2025;;
ПКНФ-001135;11.11.2025;Переход редукционный 75х63 SDR 11;Полиэтелен, корсис, прагма, НПВХ (ПК КСС);2;2;;;11.11.2025;;
ПКНФ-001135;11.11.2025;Арматура А-1 8 мм;Черные трубы, листы, круги (ПК КСС);45.7;51.7;;04.12.2025;11.11.2025;;
ПКНФ-001135;11.11.2025;Отвод ПП D110*45 СИНИКОН;Полиэтелен, корсис, прагма, НПВХ (ПК КСС);2;2;;;11.11.2025;;
ПКНФ-001135;11.11.2025;Болт оцинк. М6х40 DIN 933;Оцинкованные метизы (ПК КСС);0.006;0.158;;;11.11.2025;;
ПКНФ-001135;11.11.2025;7209.1.2- Трубопровод;Составные части трубопровода (Пк КСС);1;1;;;11.11.2025;ПКНФ-001240;04.12.2025
ПКНФ-001135;11.11.2025;7209.1.2 -Рама для насосов Балка транспортировочнаяПлощадка для обслуживания Балка для кабеляЛес;Составные части трубопровода (Пк КСС);1;1;;;11.11.2025;ПКНФ-001241;04.12.2025
ПКНФ-001135;11.11.2025;Шайба гроверная оц.Ф10 DIN 127;Оцинкованные метизы (ПК КСС);0.02;0.072;;;11.11.2025;;
ПКНФ-001135;11.11.2025;Гайка шестигр.М10 оц. DIN934;Оцинкованные метизы (ПК КСС);0.02;0.586;07.10.2024;07.10.2024;11.11.2025;;
ПКНФ-001135;11.11.2025;Скоба такелажная М4;Крепеж и цепи, тали (ПК КСС);6;101;;;11.11.2025;;
ПКНФ-001135;11.11.2025;7209.1.2 Установка подачи воды для пожаротушения;Установки ВНС и ПНС (ПК КСС);1;0;13.01.2026;;11.11.2025;ПКНФ-001136;11.11.2025
ПКНФ-001135;11.11.2025;Кран шаровой полнопроходной, ВР/ВР, ручка бабочка 3/4"", Stout SVB-0002-200020;Арматура (ПК КСС);1;1;;;11.11.2025;;
ПКНФ-001135;11.11.2025;Кран шаровой латунный 1"" ВР-НР, ручка-бабочка, LD Pride 47.25.В-Н.Б;Арматура (ПК КСС);2;2;;;11.11.2025;;
ПКНФ-001135;11.11.2025;Кран шаровой латунный 1/2"" ВР ручка-бабочка;Арматура (ПК КСС);1;1;;;11.11.2025;;
ПКНФ-001135;11.11.2025;Гайка оцинкованная М16 DIN 934 ГОСТ 5927 (30гр);Фланцы, прокладки, метизы;56;0;;;11.11.2025;;
ПКНФ-001135;11.11.2025;Реле избыточного давления RVG-20-1.6 (1.6МПа) EKF RVG-20-1.6 ;Датчики уровня, преобразователи, реле (ПК КСС);1;0;;;11.11.2025;;
ПКНФ-001135;11.11.2025;Болт оцинк. 10х40 DIN933;Оцинкованные метизы (ПК КСС);0.02;0.057;;;11.11.2025;;
ПКНФ-001135;11.11.2025;Шаровой кран латунный 1/2"" ВР, с дренажем и воздухоотводчиком, ручка-бабочка, Pride LD 44.344.15;Арматура (ПК КСС);1;2;;;11.11.2025;;
ПКНФ-001135;11.11.2025;Ниппель прямой никелированный 1/2"" НР. LD Pride LD.67.501.15;Арматура (ПК КСС);1;2;;;11.11.2025;;
ПКНФ-001135;11.11.2025;Муфта никелированная 1/2"" ВР, LD Pride LD.67.502.15;Арматура (ПК КСС);1;5;;;11.11.2025;;
ПКНФ-001135;11.11.2025;Арматура А-3 10 мм;Черные трубы, листы, круги (ПК КСС);60.58;60.58;;;11.11.2025;;
ПКНФ-001135;11.11.2025;Арматура А-3 12 мм;Черные трубы, листы, круги (ПК КСС);57.4;57.4;;04.12.2025;11.11.2025;;
ПКНФ-001135;11.11.2025;Арматура А-3 8 мм;Черные трубы, листы, круги (ПК КСС);93;93;;;11.11.2025;;
ПКНФ-001135;11.11.2025;Профилированный лист МП-20х1100 (ВикингМП-01-RAL-0,45);;12;12;;;11.11.2025;;
ПКНФ-001135;11.11.2025;Заглушка для трубы 25х25 мм пластик;Расходные материалы (ПК КСС);2;0;23.04.2024;;11.11.2025;;
ПКНФ-001135;11.11.2025;Провод ПВС 3*0,75 белый;Электротовары КСС ШУ;40;40;;30.05.2024;11.11.2025;;
ПКНФ-001135;11.11.2025;Болт М14*060 DIN 933 полная резьба  (А2, 14,0, 100,0, DIN 933);Нержавеющие метизы (ПК КСС);24;4;25.04.2024;;11.11.2025;;
ПКНФ-001135;11.11.2025;Ниппель 1"" латунь НP, Stout-0003-000011;Арматура (ПК КСС);3;3;;;11.11.2025;;
ПКНФ-001135;11.11.2025;Арматура А-1 6 мм;Черные трубы, листы, круги (ПК КСС);842;875.6;;;11.11.2025;;
ПКНФ-001135;11.11.2025;Шайба плоская оц. М10  DIN 125;Оцинкованные метизы (ПК КСС);0.04;0.646;;25.08.2025;11.11.2025;;
ПКНФ-001135;11.11.2025;Навесной замок с ключом GPLK-50L;Оцинкованные метизы (ПК КСС);4;83;;20.01.2025;11.11.2025;;
ПКНФ-001135;11.11.2025;Дюбель гвоздь 6х40;Разное;990;990;;;11.11.2025;;
ПКНФ-001135;11.11.2025;Ремень стяжной 7,0/14,0/10000 75мм;Крепеж и цепи, тали (ПК КСС);13;78;;;11.11.2025;;
ПКНФ-001135;11.11.2025;Клапан обратный шаровый Ду80 Ру16 канализационный;Арматура (ПК КСС);2;7;;;11.11.2025;;
ПКНФ-001135;11.11.2025;Прокладка (паронит) 80;Полиэтелен, корсис, прагма, НПВХ (ПК КСС);7;42;;;11.11.2025;;
ПКНФ-001135;11.11.2025;Шпилька М10 L1000 (А2, DIN975);Нержавеющие метизы (ПК КСС);2;5;;;11.11.2025;;
ПКНФ-001135;11.11.2025;Болт М10*60 DIN 933 полная резьба  (А2, 10,0, 60,0, DIN 933);Нержавеющие метизы (ПК КСС);60;1118;;;11.11.2025;;
ПКНФ-001135;11.11.2025;Болт М16*80 DIN 933 полная резьба  (А2, 16,0, 80,0, DIN 933);Нержавеющие метизы (ПК КСС);56;308;;;11.11.2025;;
ПКНФ-001135;11.11.2025;Гайка М10 DIN 934  (А2, 10,0, DIN 934);Нержавеющие метизы (ПК КСС);72;652;;19.06.2024;11.11.2025;;
ПКНФ-001135;11.11.2025;Гайка М14 DIN 934  (А2, 14,0, DIN 934);Нержавеющие метизы (ПК КСС);24;843;;;11.11.2025;;
ПКНФ-001135;11.11.2025;Грибок канализационный;Полиэтелен, корсис, прагма, НПВХ (ПК КСС);2;37;;27.01.2026;11.11.2025;;
ПКНФ-001135;11.11.2025;Карабин винтовой 4 мм;Крепеж и цепи, тали (ПК КСС);6;61;;;11.11.2025;;
ПКНФ-001135;11.11.2025;Карабин винтовой 6 мм;Водоподготовка (ПК КСС);6;119;;;11.11.2025;;
ПКНФ-001135;11.11.2025;Манжета резиновая переходная D 110/124 Уп., черн;Полиэтелен, корсис, прагма, НПВХ (ПК КСС);3;61;;;11.11.2025;;
ПКНФ-001135;11.11.2025;Манжета резиновая переходная D 50/72 Уп., черн;Полиэтелен, корсис, прагма, НПВХ (ПК КСС);1;149;;;11.11.2025;;
ПКНФ-001135;11.11.2025;Отвод 90 гр. НПВХ DN110;Полиэтелен, корсис, прагма, НПВХ (ПК КСС);4;40;;;11.11.2025;;
ПКНФ-001135;11.11.2025;Провод ПВС 3*1,5 белый;Электротовары КСС ШУ;30;30;;30.05.2024;11.11.2025;;
ПКНФ-001135;11.11.2025;Проушина прямая 30х70мм;Расходные материалы (ПК КСС);6;247;;;11.11.2025;;
ПКНФ-001135;11.11.2025;Рым-гайка DIN 582 М10;Крепеж и цепи, тали (ПК КСС);6;55;;;11.11.2025;;
ПКНФ-001135;11.11.2025;Рым-гайка DIN 582 М6 шт;Крепеж и цепи, тали (ПК КСС);6;4;;;11.11.2025;;
ПКНФ-001135;11.11.2025;Скоба такелажная М6;Крепеж и цепи, тали (ПК КСС);6;54.1;;03.07.2025;11.11.2025;;
ПКНФ-001135;11.11.2025;Труба 110/3,2/0560 наружная канализация;Полиэтелен, корсис, прагма, НПВХ (ПК КСС);4;130;;;11.11.2025;;
ПКНФ-001135;11.11.2025;Труба двустенная для электропроводки d110 с протяжкой(внутр. d94)/ДКС ;Полиэтелен, корсис, прагма, НПВХ (ПК КСС);3;182;;;11.11.2025;;
ПКНФ-001135;11.11.2025;Труба двустенная для электропроводки d50 с протяжкой(внутр. d41,5) [ДКС] (код 19735) 121950;Полиэтелен, корсис, прагма, НПВХ (ПК КСС);3;114;;;11.11.2025;;
ПКНФ-001135;11.11.2025;Футорка ник. латун. 1/2х 1/4;Арматура (ПК КСС);1;3;;;11.11.2025;;
ПКНФ-001135;11.11.2025;Цепь короткозвенная 4мм DIN766 оцинк;Крепеж и цепи, тали (ПК КСС);7.2;339.66;;05.07.2024;11.11.2025;;
ПКНФ-001135;11.11.2025;Цепь короткозвенная 6мм DIN766 оцинк;Крепеж и цепи, тали (ПК КСС);10;308.5;;;11.11.2025;;
ПКНФ-001135;11.11.2025;Шайба  гровер М14 DIN 127 (А2, DIN 127);Нержавеющие метизы (ПК КСС);24;1954;;;11.11.2025;;
ПКНФ-001135;11.11.2025;Шайба М10 DIN 125  (А2, DIN 125);Нержавеющие метизы (ПК КСС);144;54;;;11.11.2025;;
ПКНФ-001135;11.11.2025;Шайба  гровер М10 DIN 127 (А2, DIN 127);Нержавеющие метизы (ПК КСС);72;0;;;11.11.2025;;
ПКНФ-001135;11.11.2025;Шайба М14 DIN 125  (А2, DIN 125);Нержавеющие метизы (ПК КСС);48;472;;;11.11.2025;;
ПКНФ-001135;11.11.2025;Шайба М16 DIN 125  (А2, DIN 125);Нержавеющие метизы (ПК КСС);112;963;;;11.11.2025;;
ПКНФ-001135;11.11.2025;Шайба гровер М16 DIN 127 (А2, DIN 127);Нержавеющие метизы (ПК КСС);56;1832;;;11.11.2025;;
ПКНФ-001135;11.11.2025;Шайба плоская оц. М6 DIN 125;Оцинкованные метизы (ПК КСС);0.006;0.618;;25.08.2025;11.11.2025;;
ПКНФ-001136;11.11.2025;Насос SJ17-6SWSF4YV, 4кВт, 3х380 В, 50Гц, нерж.304,с 4"" маслозаполн.двиг.из нерж. и меди,верт.исп;Насосы CNP (ПК КСС);2;0;03.02.2026;03.02.2026;11.11.2025;;
ПКНФ-001136;11.11.2025;Кожух 4CVR-200-B для горизонтальной установки SJ17-(6-13);Насосы CNP (ПК КСС);2;0;03.02.2026;03.02.2026;11.11.2025;;
ПКНФ-001175;19.11.2025;Труба профильная 180х100х5;Черные трубы, листы, круги (ПК КСС);15;15;;;19.11.2025;;
ПКНФ-001175;19.11.2025;Труба профильная 200х200х6;Черные трубы, листы, круги (ПК КСС);24;24;;;19.11.2025;;
ПКНФ-001175;19.11.2025;Труба ПЭ100 для газоснабжения DN/OD 75 SDR 11;Полиэтелен, корсис, прагма, НПВХ (ПК КСС);15;15;;;19.11.2025;;
ПКНФ-001175;19.11.2025;Арматура А-1 8 мм;Черные трубы, листы, круги (ПК КСС);6;12;;04.12.2025;19.11.2025;;
ПКНФ-001175;19.11.2025;Карабин винтовой D6, нерж. сталь А4 (уп. 1 шт) длинный;Крепеж и цепи, тали (ПК КСС);6;6;;;19.11.2025;;
ПКНФ-001175;19.11.2025;Скоба нержавеющая такелажная 6мм;Крепеж и цепи, тали (ПК КСС);6;6;;;19.11.2025;;
ПКНФ-001175;19.11.2025;Болт оцинк. М6х40 DIN 933;Оцинкованные метизы (ПК КСС);0.006;0.158;;;19.11.2025;;
ПКНФ-001175;19.11.2025;Насос 65WQ20-25-4AC(II)-CBLWQ4, 4кВт, без АТМ DN65, 2-х полюс., кабель 24м;Насосы CNP (ПК КСС);3;0;;01.02.2026;19.11.2025;;
ПКНФ-001175;19.11.2025;Штанга двух-составная с креплением на маховик L-4778 мм (управление маховик), для шиберной задвижки;Арматура (ПК КСС);1;1;;;19.11.2025;;
ПКНФ-001175;19.11.2025;Кронштейн ""телескопический"" для крепления к стенке колодца L=400-600 мм;Арматура (ПК КСС);2;5;;;19.11.2025;;
ПКНФ-001175;19.11.2025;Расходомер-счетчик ультразвуковой ВЗЛЕТ МР исполнение УРСВ-310 Ду 80 мм /3,6 В /RS485) - 24 м Кабель;Расходомеры, манометры (ПК КСС);3;3;;;19.11.2025;;
ПКНФ-001175;19.11.2025;Труба э/с 108*4,0 ГОСТ 10704-91;СНГ;0.015;0.015;;;19.11.2025;;
ПКНФ-001175;19.11.2025;Арматура ф 20 А1 (11,7м) м;Черные трубы, листы, круги (ПК КСС);50;70.2;;;19.11.2025;;
ПКНФ-001175;19.11.2025;Автоматическая трубная муфта для насоса WQ DN65,TOS-65, мощность 0.55кВт и выше;УПМ СNP (ПК КСС);3;3;;;19.11.2025;;
ПКНФ-001175;19.11.2025;Болт М12*40 DIN 933 полная резьба  (А2, 12,0, 45,0, DIN 933) ;Нержавеющие метизы (ПК КСС);6;205;;;19.11.2025;;
ПКНФ-001175;19.11.2025;7211 - Трубопровод, патрубки;Составные части трубопровода (Пк КСС);1;1;;;19.11.2025;ПКНФ-001255;08.12.2025
ПКНФ-001175;19.11.2025;7211 - Балка под крышку, рама под УПМ;Составные части трубопровода (Пк КСС);1;1;;;19.11.2025;ПКНФ-001256;08.12.2025
ПКНФ-001175;19.11.2025;7211 - Направляющие корзины Корзина сороудерж. Площадка Лестница Балка транспортная Упор под ши;Составные части трубопровода (Пк КСС);1;1;;;19.11.2025;ПКНФ-001257;08.12.2025
ПКНФ-001175;19.11.2025;Трубная изоляция 89/9 (15);Расходные материалы (ПК КСС);500;501;;;19.11.2025;;
ПКНФ-001175;19.11.2025;Труба 60х30х2 ГОСТ 8639-82;Черные трубы, листы, круги (ПК КСС);20;20;;;19.11.2025;;
ПКНФ-001175;19.11.2025;Заглушка для трубы 40х40 мм пластик;Расходные материалы (ПК КСС);2;276;;;19.11.2025;;
ПКНФ-001175;19.11.2025;Болт оцинк. М20х60 DIN933;Оцинкованные метизы (ПК КСС);0.012;0.364;;;19.11.2025;;
ПКНФ-001175;19.11.2025;Задвижка шиб. двухстор. Ду150 Ру10 нев. шток;Арматура (ПК КСС);1;2;;;19.11.2025;;
ПКНФ-001175;19.11.2025;Гайка шестигр. оц. М20 DIN 934 тыс шт;Оцинкованные метизы (ПК КСС);0.012;1.223;;27.06.2024;19.11.2025;;
ПКНФ-001175;19.11.2025;Болт оцинк. М16х80  DIN933;Оцинкованные метизы (ПК КСС);0.172;0.565;;;19.11.2025;;
ПКНФ-001175;19.11.2025;Труба э/с 60х2,6 ГОСТ;Черные трубы, листы, круги (ПК КСС);17;17;;;19.11.2025;;
ПКНФ-001175;19.11.2025;Уголок 90х6 чермет;Черные трубы, листы, круги (ПК КСС);12;12;;;19.11.2025;;
ПКНФ-001175;19.11.2025;Уголок 75х5 чермет;Черные трубы, листы, круги (ПК КСС);40;40;;;19.11.2025;;
ПКНФ-001175;19.11.2025;Уголок 50х4 чермет;Черные трубы, листы, круги (ПК КСС);80;80;;;19.11.2025;;
ПКНФ-001175;19.11.2025;Скоба нержавеющая такелажная 4мм;Крепеж и цепи, тали (ПК КСС);10;10;;;19.11.2025;;
ПКНФ-001175;19.11.2025;Труба 80х40х4 ГОСТ 8639-82;Черные трубы, листы, круги (ПК КСС);70;77;;;19.11.2025;;
ПКНФ-001175;19.11.2025;Труба э/с 530х8 ГОСТ 10705-80;Черные трубы, листы, круги (ПК КСС);10;10;;;19.11.2025;;
ПКНФ-001175;19.11.2025;Труба 50х25х2  ГОСТ 8639-82;Черные трубы, листы, круги (ПК КСС);50;77;;;19.11.2025;;
ПКНФ-001175;19.11.2025;Уголок 75х5;Черные трубы, листы, круги (ПК КСС);340;350;;;19.11.2025;;
ПКНФ-001175;19.11.2025;Труба АД31Т1 д.20х2х6000мм;Черные трубы, листы, круги (ПК КСС);49;52;;;19.11.2025;;
ПКНФ-001175;19.11.2025;Стеклоровинг ECR24-2400D-601 (Шандон) намотка Китай;Сырье стеклопластиковое;1505;68935.5;;12.01.2025;19.11.2025;;
ПКНФ-001175;19.11.2025;Заглушка для трубы 25х25 мм пластик;Расходные материалы (ПК КСС);2;0;23.04.2024;;19.11.2025;;
ПКНФ-001175;19.11.2025;Шайба гроверная оц. Ф16 DIN 127;Оцинкованные метизы (ПК КСС);0.172;0.56;;27.06.2024;19.11.2025;;
ПКНФ-001175;19.11.2025;Труба 60х40х4  ГОСТ 8639-82;Черные трубы, листы, круги (ПК КСС);14;18;;;19.11.2025;;
ПКНФ-001175;19.11.2025;Шаровой кран латунный 3/4"" ВР, ручка-рычаг, LD Pride 47.20.В-В.P;Арматура (ПК КСС);23;24;;;19.11.2025;;
ПКНФ-001175;19.11.2025;Цепь 4х32,0 сварная длиннозвенная DIN 766 A2;Водоподготовка (ПК КСС);26.9;27.9;;;19.11.2025;;
ПКНФ-001175;19.11.2025;Карабин винтовой D4, нерж. сталь А4 (уп. 1 шт) длинный;Крепеж и цепи, тали (ПК КСС);10;10;;;19.11.2025;;
ПКНФ-001175;19.11.2025;Арматура А-1 6 мм;Черные трубы, листы, круги (ПК КСС);50;77.3;;;19.11.2025;;
ПКНФ-001175;19.11.2025;Навесной замок с ключом GPLK-50L;Оцинкованные метизы (ПК КСС);6;83;;20.01.2025;19.11.2025;;
ПКНФ-001175;19.11.2025;Клапан обратный шаровый Ду80 Ру16 канализационный;Арматура (ПК КСС);3;6;;;19.11.2025;;
ПКНФ-001175;19.11.2025;Задвижка 30ч39р Ду80 Pу16 штурвал;Арматура (ПК КСС);5;5;;;19.11.2025;;
ПКНФ-001175;19.11.2025;Прокладка (паронит) 80;Полиэтелен, корсис, прагма, НПВХ (ПК КСС);19;42;;;19.11.2025;;
ПКНФ-001175;19.11.2025;Гайка шестигр. оц М16  (тыс шт);Оцинкованные метизы (ПК КСС);0.172;0.041;;27.06.2024;19.11.2025;;
ПКНФ-001175;19.11.2025;Труба 80х60х3 ГОСТ 8639-82;Черные трубы, листы, круги (ПК КСС);13;13;;;19.11.2025;;
ПКНФ-001175;19.11.2025;Труба 40х40х3 ГОСТ 8639-82;Черные трубы, листы, круги (ПК КСС);40;54.4;;;19.11.2025;;
ПКНФ-001175;19.11.2025;Труба 60х40х2 ГОСТ 8645-68;Черные трубы, листы, круги (ПК КСС);20;20;;;19.11.2025;;
ПКНФ-001175;19.11.2025;Труба 60х40х3  ГОСТ 8645-68;Черные трубы, листы, круги (ПК КСС);18;50;;;19.11.2025;;
ПКНФ-001175;19.11.2025;Труба 60х60х2  ГОСТ 8639-82;Черные трубы, листы, круги (ПК КСС);30;30;;;19.11.2025;;
ПКНФ-001175;19.11.2025;Швеллер 20 ГОСТ 8240-97;Черные трубы, листы, круги (ПК КСС);50;110.5;;;19.11.2025;;
ПКНФ-001175;19.11.2025;Шпилька М10 L1000 (А2, DIN975);Нержавеющие метизы (ПК КСС);2;5;;;19.11.2025;;
ПКНФ-001175;19.11.2025;Анкерный болт с гайкой 16*180 HNM тыс;Оцинкованные метизы (ПК КСС);0.02;0.504;;10.06.2024;19.11.2025;;
ПКНФ-001175;19.11.2025;Болт М10*60 DIN 933 полная резьба  (А2, 10,0, 60,0, DIN 933);Нержавеющие метизы (ПК КСС);50;1118;;;19.11.2025;;
ПКНФ-001175;19.11.2025;Болт М12*80 DIN 933 полная резьба  (А2, 12,0, 80,0, DIN 933);Нержавеющие метизы (ПК КСС);12;72;;;19.11.2025;;
ПКНФ-001175;19.11.2025;Болт М16*80 DIN 933 полная резьба  (А2, 16,0, 80,0, DIN 933);Нержавеющие метизы (ПК КСС);12;308;;;19.11.2025;;
ПКНФ-001175;19.11.2025;Гайка М10 DIN 934  (А2, 10,0, DIN 934);Нержавеющие метизы (ПК КСС);60;652;;19.06.2024;19.11.2025;;
ПКНФ-001175;19.11.2025;Гайка М12 DIN 934  (А2, 12,0, DIN 934);Нержавеющие метизы (ПК КСС);18;1052;;;19.11.2025;;
ПКНФ-001175;19.11.2025;Гайка М16 DIN 934  (А2, 16,0, DIN 934);Нержавеющие метизы (ПК КСС);12;368;25.04.2024;25.04.2024;19.11.2025;;
ПКНФ-001175;19.11.2025;Грибок канализационный;Полиэтелен, корсис, прагма, НПВХ (ПК КСС);1;37;;27.01.2026;19.11.2025;;
ПКНФ-001175;19.11.2025;Лента стеклянная 400, 250 мм, кг;Сырье стеклопластиковое;108;4514.5;;12.01.2025;19.11.2025;;
ПКНФ-001175;19.11.2025;Манжета резиновая переходная D 110/124 Уп., черн;Полиэтелен, корсис, прагма, НПВХ (ПК КСС);2;61;;;19.11.2025;;
ПКНФ-001175;19.11.2025;Манжета резиновая переходная D 50/72 Уп., черн;Полиэтелен, корсис, прагма, НПВХ (ПК КСС);2;149;;;19.11.2025;;
ПКНФ-001175;19.11.2025;Отвердитель Akperox А60 (30кг);Сырье стеклопластиковое;9.5;256.15;;;19.11.2025;;
ПКНФ-001175;19.11.2025;Отвод 90 гр. НПВХ DN110;Полиэтелен, корсис, прагма, НПВХ (ПК КСС);1;40;;;19.11.2025;;
ПКНФ-001175;19.11.2025;Пигмент железооксидный зеленый Green ТС 5605. Производство Китай.;Сырье стеклопластиковое;1;150.1;;;19.11.2025;;
ПКНФ-001175;19.11.2025;Поплавковый выключатель RL-1 20м;Водоподготовка (ПК КСС);5;73;;;19.11.2025;;
ПКНФ-001175;19.11.2025;Проушина прямая 30х70мм;Расходные материалы (ПК КСС);12;247;;;19.11.2025;;
ПКНФ-001175;19.11.2025;Рым-гайка DIN 582 М10;Крепеж и цепи, тали (ПК КСС);6;55;;;19.11.2025;;
ПКНФ-001175;19.11.2025;Рым-гайка DIN 582 М 6;Крепеж и цепи, тали (ПК КСС);0.006;0.071;;17.02.2025;19.11.2025;;
ПКНФ-001175;19.11.2025;Смола полимер 3401 А (1000кг);Сырье стеклопластиковое;575;3504.2;;12.01.2026;19.11.2025;;
ПКНФ-001175;19.11.2025;Смола полимер 3401 ТА (1000кг);Сырье стеклопластиковое;404;34319.6;;12.01.2026;19.11.2025;;
ПКНФ-001175;19.11.2025;Стекломат  E6CRMC600-1250-Е (45кг) Джуши Китай;Сырье стеклопластиковое;143;27059.7;;12.01.2025;19.11.2025;;
ПКНФ-001175;19.11.2025;Стеклорогожа EWR 560;Сырье стеклопластиковое;31;5653.6;;;19.11.2025;;
ПКНФ-001175;19.11.2025;Труба 110/3,2/0560 наружная канализация;Полиэтелен, корсис, прагма, НПВХ (ПК КСС);2;130;;;19.11.2025;;
ПКНФ-001175;19.11.2025;Труба двустенная для электропроводки d110 с протяжкой(внутр. d94)/ДКС ;Полиэтелен, корсис, прагма, НПВХ (ПК КСС);3;182;;;19.11.2025;;
ПКНФ-001175;19.11.2025;Труба двустенная для электропроводки d50 с протяжкой(внутр. d41,5) [ДКС] (код 19735) 121950;Полиэтелен, корсис, прагма, НПВХ (ПК КСС);3;114;;;19.11.2025;;
ПКНФ-001175;19.11.2025;Цепь 6х18,5 сварная короткозвенная DIN 766 A2;Крепеж и цепи, тали (ПК КСС);30.6;56;;24.01.2024;19.11.2025;;
ПКНФ-001175;19.11.2025;Шайба  гровер М12 DIN 127 (А2, DIN 127);Нержавеющие метизы (ПК КСС);18;922.964;;;19.11.2025;;
ПКНФ-001175;19.11.2025;Шайба гроверная оц.М20 DIN 127;Оцинкованные метизы (ПК КСС);0.012;1.212;;;19.11.2025;;
ПКНФ-001175;19.11.2025;Шайба М10 DIN 125  (А2, DIN 125);Нержавеющие метизы (ПК КСС);120;54;;;19.11.2025;;
ПКНФ-001175;19.11.2025;Шайба М12 DIN 125  (А2, DIN 125);Нержавеющие метизы (ПК КСС);36;519;;;19.11.2025;;
ПКНФ-001175;19.11.2025;Шайба М16 DIN 125  (А2, DIN 125);Нержавеющие метизы (ПК КСС);24;963;;;19.11.2025;;
ПКНФ-001175;19.11.2025;Шайба гровер М16 DIN 127 (А2, DIN 127);Нержавеющие метизы (ПК КСС);12;1832;;;19.11.2025;;
ПКНФ-001175;19.11.2025;Шайба плоская оц. М6 DIN 125;Оцинкованные метизы (ПК КСС);0.006;0.618;;25.08.2025;19.11.2025;;
ПКНФ-001175;19.11.2025;Шайба плоская оц.М16  DIN 125;Оцинкованные метизы (ПК КСС);0.344;1.34;;27.06.2024;19.11.2025;;
ПКНФ-001175;19.11.2025;Шайба плоская оц.М20  DIN 125;Оцинкованные метизы (ПК КСС);0.024;0.608;;27.06.2024;19.11.2025;;
ПКНФ-001179;19.11.2025;Профиль ПН(0,6) 50/40 L= 3 м /12шт-360 шт/;Расходные материалы (ПК КСС);13;13;;;19.11.2025;;
ПКНФ-001179;19.11.2025;Профиль ПН(0,6) 75/40 L= 3 м /12шт-240 шт/;Расходные материалы (ПК КСС);75;75;;;19.11.2025;;
ПКНФ-001179;19.11.2025;Профиль пс (0,6) 50/50 L= 3 м /12шт-300шт/;Расходные материалы (ПК КСС);20;20;;;19.11.2025;;
ПКНФ-001179;19.11.2025;Арматура А-1 8 мм;Черные трубы, листы, круги (ПК КСС);110;116;;04.12.2025;19.11.2025;;
ПКНФ-001179;19.11.2025;Карабин винтовой 10 мм оц;Крепеж и цепи, тали (ПК КСС);14;4;;;19.11.2025;;
ПКНФ-001179;19.11.2025;Прокладка (паронит) 125;Полиэтелен, корсис, прагма, НПВХ (ПК КСС);24;63;;;19.11.2025;;
ПКНФ-001179;19.11.2025;Задвижка шиберная двухсторонняя SP Ду 500 Pу5 нев.шток. редуктор+платформа;Арматура (ПК КСС);1;1;;;19.11.2025;;
ПКНФ-001179;19.11.2025;Упорный фланец F14, колонка управления L-2637 мм под редуктор для задвижки Ду500;Арматура (ПК КСС);1;1;;;19.11.2025;;
ПКНФ-001179;19.11.2025;6854 КСС ШУКПП- 6/3 -15кВт +HMI+УХЛ1;Электротовары КСС ШУ;1;0;;;19.11.2025;;
ПКНФ-001179;19.11.2025;Канализационный насос 100WQ/S411-15 стандартный, кабель 10м;Насосы Kaiquan(ПК КСС);6;0;;;19.11.2025;;
ПКНФ-001179;19.11.2025;Автоматическая трубная муфта 100WQL-00W;УПМ Kaiquan (Пк КСС);6;0;;;19.11.2025;;
ПКНФ-001179;19.11.2025;Скоба такелажная М4;Крепеж и цепи, тали (ПК КСС);10;111;;;19.11.2025;;
ПКНФ-001179;19.11.2025;Труба 25х25х2  ГОСТ;Черные трубы, листы, круги (ПК КСС);300;313;;;19.11.2025;;
ПКНФ-001179;19.11.2025;Шайба плоская оц. М12  DIN 125;Оцинкованные метизы (ПК КСС);0.002;0.741;;03.06.2024;19.11.2025;;
ПКНФ-001179;19.11.2025;Болт оцинк. М12х100 DIN933;Оцинкованные метизы (ПК КСС);0.002;0.008;;;19.11.2025;;
ПКНФ-001179;19.11.2025;Заглушка для трубы 40х40 мм пластик;Расходные материалы (ПК КСС);2;278;;;19.11.2025;;
ПКНФ-001179;19.11.2025;Болт оцинк. М16х80  DIN933;Оцинкованные метизы (ПК КСС);0.22;0.785;;;19.11.2025;;
ПКНФ-001179;19.11.2025;6854.1- Трубопровод;Составные части трубопровода (Пк КСС);1;1;;;19.11.2025;ПКНФ-001244;05.12.2025
ПКНФ-001179;19.11.2025;6854.1- Направляющие корзины Корзина сороудерж. Площадка Лестница, Рама под УПМ, Балка транспортн;Составные части трубопровода (Пк КСС);1;1;;;19.11.2025;ПКНФ-001245;05.12.2025
ПКНФ-001179;19.11.2025;6854.1-Балка под крышку;Составные части трубопровода (Пк КСС);1;0;11.12.2025;;19.11.2025;ПКНФ-001247;05.12.2025
ПКНФ-001179;19.11.2025;Прокладка (паронит) 500;Полиэтелен, корсис, прагма, НПВХ (ПК КСС);2;10;;;19.11.2025;;
ПКНФ-001179;19.11.2025;Труба 30х20х2 ГОСТ;Черные трубы, листы, круги (ПК КСС);10;10;;;19.11.2025;;
ПКНФ-001179;19.11.2025;Арматура А-3 10 мм;Черные трубы, листы, круги (ПК КСС);90;90;;;19.11.2025;;
ПКНФ-001179;19.11.2025;Арматура А-3 12 мм;Черные трубы, листы, круги (ПК КСС);13;13;;04.12.2025;19.11.2025;;
ПКНФ-001179;19.11.2025;Арматура А-3 8 мм;Черные трубы, листы, круги (ПК КСС);50;50;;;19.11.2025;;
ПКНФ-001179;19.11.2025;Труба 40х25х2 ГОСТ;Черные трубы, листы, круги (ПК КСС);65;65;;;19.11.2025;;
ПКНФ-001179;19.11.2025;Профилированный лист С-10х1100 (ПЭ-01-RAL-0,45);Расходные материалы (ПК КСС);10.76;10.76;;;19.11.2025;;
ПКНФ-001179;19.11.2025;Профилированный лист МП-20х1100 (ВикингМП-01-RAL-0,45);;13;13;;;19.11.2025;;
ПКНФ-001179;19.11.2025;Профилированный лист С-21-1000 (ПЭ-01-RAL-0,45);Расходные материалы (ПК КСС);7;7;;;19.11.2025;;
ПКНФ-001179;19.11.2025;Профилированный лист С-21-1000 (ВикингМР-01-RAL-0,45);Расходные материалы (ПК КСС);18;18;;;19.11.2025;;
ПКНФ-001179;19.11.2025;Саморезы кров. 4,8*29 RAL;Расходные материалы (ПК КСС);28000;28300;;;19.11.2025;;
ПКНФ-001179;19.11.2025;Болт М22*80 DIN 933 полная резьба  (А2, 22,0, 80,0, DIN 933);Нержавеющие метизы (ПК КСС);24;0;;;19.11.2025;;
ПКНФ-001179;19.11.2025;Заглушка для трубы 25х25 мм пластик;Расходные материалы (ПК КСС);12;0;23.04.2024;;19.11.2025;;
ПКНФ-001179;19.11.2025;Шайба оцинк гровер М12 DIN 127;Оцинкованные метизы (ПК КСС);0.002;0.732;;03.06.2024;19.11.2025;;
ПКНФ-001179;19.11.2025;Шайба гроверная оц. Ф16 DIN 127;Оцинкованные метизы (ПК КСС);0.22;0.78;;27.06.2024;19.11.2025;;
ПКНФ-001179;19.11.2025;Арматура А-1 6 мм;Черные трубы, листы, круги (ПК КСС);20.97;56.07;;;19.11.2025;;
ПКНФ-001179;19.11.2025;Навесной замок с ключом GPLK-50L;Оцинкованные метизы (ПК КСС);5;88;;20.01.2025;19.11.2025;;
ПКНФ-001179;19.11.2025;Кронштейн для крепления к стенке КНС;Арматура (ПК КСС);1;1;;;19.11.2025;;
ПКНФ-001179;19.11.2025;Труба 20х20х2 ГОСТ 8639-82;Черные трубы, листы, круги (ПК КСС);60;99.8;;29.01.2024;19.11.2025;;
ПКНФ-001179;19.11.2025;Задвижка с обрезин. клином Ду125 Ру16 штурвал;Арматура (ПК КСС);6;6;;;19.11.2025;;
ПКНФ-001179;19.11.2025;Клапан обратный шаровой Ду125 Ру16 канализационный;Арматура (ПК КСС);6;6;;;19.11.2025;;
ПКНФ-001179;19.11.2025;Шайба гровер М22 DIN 127 (А2, DIN 127);Нержавеющие метизы (ПК КСС);24;192;;;19.11.2025;;
ПКНФ-001179;19.11.2025;Гайка шестигр. оц М12 DIN934;Оцинкованные метизы (ПК КСС);0.002;1.206;;03.06.2024;19.11.2025;;
ПКНФ-001179;19.11.2025;Гайка шестигр. оц М16  (тыс шт);Оцинкованные метизы (ПК КСС);0.22;0.261;;27.06.2024;19.11.2025;;
ПКНФ-001179;19.11.2025;Труба 40х20х1.5 ГОСТ 8645-68;Черные трубы, листы, круги (ПК КСС);500;500;;;19.11.2025;;
ПКНФ-001179;19.11.2025;Труба 40х40х2 ГОСТ 8639-82;Черные трубы, листы, круги (ПК КСС);160;257.2;;;19.11.2025;;
ПКНФ-001179;19.11.2025;Труба оц ВГП 25х3,2  ГОСТ 3262-75 (м);Черные трубы, листы, круги (ПК КСС);93.6;120.28;;27.12.2024;19.11.2025;;
ПКНФ-001179;19.11.2025;Труба 40х40х3 ГОСТ 8639-82;Черные трубы, листы, круги (ПК КСС);20;34.4;;;19.11.2025;;
ПКНФ-001179;19.11.2025;Труба 100х50х3 ГОСТ 8645-68;Черные трубы, листы, круги (ПК КСС);12;12;;;19.11.2025;;
ПКНФ-001179;19.11.2025;Труба 40х20х2 ГОСТ 8639-82;Черные трубы, листы, круги (ПК КСС);20;49.5;;29.01.2024;19.11.2025;;
ПКНФ-001179;19.11.2025;Шпилька М10 L1000 (А2, DIN975);Нержавеющие метизы (ПК КСС);8;13;;;19.11.2025;;
ПКНФ-001179;19.11.2025;Шпилька М24 L1000 (А2, DIN975/ DIN976);Нержавеющие метизы (ПК КСС);6;52;;08.10.2024;19.11.2025;;
ПКНФ-001179;19.11.2025;Болт М10*60 DIN 933 полная резьба  (А2, 10,0, 60,0, DIN 933);Нержавеющие метизы (ПК КСС);100;1218;;;19.11.2025;;
ПКНФ-001179;19.11.2025;Болт М16*80 DIN 933 полная резьба  (А2, 16,0, 80,0, DIN 933);Нержавеющие метизы (ПК КСС);124;432;;;19.11.2025;;
ПКНФ-001179;19.11.2025;Гайка М10 DIN 934  (А2, 10,0, DIN 934);Нержавеющие метизы (ПК КСС);100;752;;19.06.2024;19.11.2025;;
ПКНФ-001179;19.11.2025;Гайка М16 DIN 934  (А2, 16,0, DIN 934);Нержавеющие метизы (ПК КСС);124;492;25.04.2024;25.04.2024;19.11.2025;;
ПКНФ-001179;19.11.2025;Гайка М22 DIN 934  (А2, 22,0, DIN 934);Нержавеющие метизы (ПК КСС);24;160;;;19.11.2025;;
ПКНФ-001179;19.11.2025;Гайка М24 DIN 934  (А2, 24,0, DIN 934);Нержавеющие метизы (ПК КСС);40;830;;08.10.2024;19.11.2025;;
ПКНФ-001179;19.11.2025;Грибок канализационный;Полиэтелен, корсис, прагма, НПВХ (ПК КСС);3;40;;27.01.2026;19.11.2025;;
ПКНФ-001179;19.11.2025;Карабин винтовой 4 мм;Крепеж и цепи, тали (ПК КСС);10;71;;;19.11.2025;;
ПКНФ-001179;19.11.2025;Манжета резиновая переходная D 110/124 Уп., черн;Полиэтелен, корсис, прагма, НПВХ (ПК КСС);3;64;;;19.11.2025;;
ПКНФ-001179;19.11.2025;Манжета резиновая переходная D 50/72 Уп., черн;Полиэтелен, корсис, прагма, НПВХ (ПК КСС);8;157;;;19.11.2025;;
ПКНФ-001179;19.11.2025;Отвод 90 гр. НПВХ DN110;Полиэтелен, корсис, прагма, НПВХ (ПК КСС);3;43;;;19.11.2025;;
ПКНФ-001179;19.11.2025;Поплавковый выключатель RL-1 10м;Датчики уровня, преобразователи, реле (ПК КСС);7;64;;05.02.2025;19.11.2025;;
ПКНФ-001179;19.11.2025;Прокладка (паронит) 100;Полиэтелен, корсис, прагма, НПВХ (ПК КСС);6;92;;;19.11.2025;;
ПКНФ-001179;19.11.2025;Проушина прямая 30х70мм;Расходные материалы (ПК КСС);10;257;;;19.11.2025;;
ПКНФ-001179;19.11.2025;Рым-гайка DIN 582 М10;Крепеж и цепи, тали (ПК КСС);8;63;;;19.11.2025;;
ПКНФ-001179;19.11.2025;Рым-гайка DIN 582 М 6;Крепеж и цепи, тали (ПК КСС);0.008;0.079;;17.02.2025;19.11.2025;;
ПКНФ-001179;19.11.2025;Скоба с вкручивающимся штифтом 0,33 т, 1/2т 1/4, тип G209, для насосов до 250 кг;Крепеж и цепи, тали (ПК КСС);14;19;;23.01.2026;19.11.2025;;
ПКНФ-001179;19.11.2025;Труба 110/3,2/1000 наружная канализация;Полиэтелен, корсис, прагма, НПВХ (ПК КСС);1;1;;;19.11.2025;;
ПКНФ-001179;19.11.2025;Труба двустенная для электропроводки d50 с протяжкой(внутр. d41,5) [ДКС] (код 19735) 121950;Полиэтелен, корсис, прагма, НПВХ (ПК КСС);24;138;;;19.11.2025;;
ПКНФ-001179;19.11.2025;Цепь Т6-6х18 мм ГОСТ 30441-97 (покрытие хим.окс.);Крепеж и цепи, тали (ПК КСС);47;107.1;;;19.11.2025;;
ПКНФ-001179;19.11.2025;Шайба гровер М24 DIN 127 (А2, DIN 127);Нержавеющие метизы (ПК КСС);40;493;;08.10.2024;19.11.2025;;
ПКНФ-001179;19.11.2025;Шайба М10 DIN 125  (А2, DIN 125);Нержавеющие метизы (ПК КСС);100;116;;;19.11.2025;;
ПКНФ-001179;19.11.2025;Шайба  гровер М10 DIN 127 (А2, DIN 127);Нержавеющие метизы (ПК КСС);50;0;;;19.11.2025;;
ПКНФ-001179;19.11.2025;Шайба М16 DIN 125  (А2, DIN 125);Нержавеющие метизы (ПК КСС);248;1211;;;19.11.2025;;
ПКНФ-001179;19.11.2025;Шайба гровер М16 DIN 127 (А2, DIN 127);Нержавеющие метизы (ПК КСС);124;1956;;;19.11.2025;;
ПКНФ-001179;19.11.2025;Шайба М22 DIN 125  (А2, DIN 125);Нержавеющие метизы (ПК КСС);48;1536;;;19.11.2025;;
ПКНФ-001179;19.11.2025;Шайба М24 DIN 125  (А2, DIN 125);Нержавеющие метизы (ПК КСС);40;972;;;19.11.2025;;
ПКНФ-001179;19.11.2025;Шайба плоская оц.М16  DIN 125;Оцинкованные метизы (ПК КСС);0.42;1.76;;27.06.2024;19.11.2025;;
ПКНФ-001209;25.11.2025;Наконечник кабельный штифтовой НШМЛ 10-12 медный луженый;Электротовары КСС ШУ;12;32;;;25.11.2025;;
ПКНФ-001209;25.11.2025;Кабель-канал перфорированный 40х60 L2000 RL6 G DKC 01163RL;Электротовары КСС ШУ;3;50;;;25.11.2025;;
ПКНФ-001209;25.11.2025;Провод ПУГВнг(А)-LS 1х0,5 С;Электротовары КСС ШУ;24;1511;;;25.11.2025;;
ПКНФ-001209;25.11.2025;Наконечник штыревой втулочный изол. НШвИ(2) 0.5-8 (уп.50шт);Электротовары КСС ШУ;74;3440;;;25.11.2025;;
ПКНФ-001209;25.11.2025;Знак ""Земля"" круглый d20мм EKF an-1-04;Электротовары КСС ШУ;2;0;;;25.11.2025;;
ПКНФ-001209;25.11.2025;Выключатель автоматический модульный 3п C 6А 4.5кА ВА 47-63;Электротовары КСС ШУ;2;73;;;25.11.2025;;
ПКНФ-001209;25.11.2025;Ограничитель на DIN-рейку 1 винт HDW-211;Электротовары КСС ШУ;30;0;;;25.11.2025;;
ПКНФ-001209;25.11.2025;Выключатель автоматический модульный 1п C 6А 4.5кА ВА 47-63;Электротовары КСС ШУ;5;140;;;25.11.2025;;
ПКНФ-001209;25.11.2025;Кабель-канал перфорированный 25х40 L2000 RL6 G DKC 01163RL;Электротовары КСС ШУ;1.5;21.25;;;25.11.2025;;
ПКНФ-001209;25.11.2025;Держатель маркировки LH 20х25мм;Электротовары КСС ШУ;12;384;;;25.11.2025;;
ПКНФ-001209;25.11.2025;Символ ""Молния"" (треугольник) 50х50х50мм;Электротовары КСС ШУ;1;50;;;25.11.2025;;
ПКНФ-001209;25.11.2025;Термостат NO+NC (охлаждение и обогрев) на DIN-рейку 10A 230В IP20;Электротовары КСС ШУ;1;23;;;25.11.2025;;
ПКНФ-001209;25.11.2025;Саморез 4.2х25 металл-металл с прессшайбой сверло цинк (уп.200шт);Электротовары КСС ШУ;12;512;;;25.11.2025;;
ПКНФ-001209;25.11.2025;Устройство плавного пуска ESQ-GS9mini-030 (60А, 380В, 30кВт, встроенный шунтирующий контактор);Электротовары КСС ШУ;2;2;;;25.11.2025;;
ПКНФ-001209;25.11.2025;Контакт дополнительный NS2-AU20 для NS2-80 CHINT;Электротовары КСС ШУ;2;2;;;25.11.2025;;
ПКНФ-001209;25.11.2025;Переключатель BG33 3P 2NO короткая ручка;Электротовары КСС ШУ;2;0;;;25.11.2025;;
ПКНФ-001209;25.11.2025;ИСКРА пассивный барьер искрозащиты  ИСКРА-АТ.03;Электротовары КСС ШУ;1;1;;;25.11.2025;;
ПКНФ-001209;25.11.2025;ИСКРА пассивный барьер искрозащиты ИСКРА-СК2.03;Электротовары КСС ШУ;2;2;;;25.11.2025;;
ПКНФ-001209;25.11.2025;DIN-рейка перфорированная L2000 1мм 35х7,5;Электротовары КСС ШУ;2;8.75;;;25.11.2025;;
ПКНФ-001209;25.11.2025;Рубильник 3п 100А с рукояткой управления для прямой установки;Электротовары КСС ШУ;2;1;;;25.11.2025;;
ПКНФ-001209;25.11.2025;Шайба гроверная оц.М6 DIN 127;Оцинкованные метизы (ПК КСС);0.006;0;;22.01.2026;25.11.2025;;
ПКНФ-001209;25.11.2025;Выключатель автоматический для защиты двигателя 40-63А NS2-80B (R) CHINT 495088;Электротовары КСС ШУ;2;5;;;25.11.2025;;
ПКНФ-001209;25.11.2025;Провод ПуГВнг(А)-LS 1х10 С;Электротовары КСС ШУ;3;0;;12.10.2025;25.11.2025;;
ПКНФ-001209;25.11.2025;Обогреватель на DIN-рейку клеммный 75Вт 230В;Электротовары КСС ШУ;1;2;;;25.11.2025;;
ПКНФ-001209;25.11.2025;Колодка клеммная JXB-2.5/35 серая;Электротовары КСС ШУ;22;0;;;25.11.2025;;
ПКНФ-001209;25.11.2025;Заглушка для JXB-2,5/35 серая;Электротовары КСС ШУ;4;0;;;25.11.2025;;
ПКНФ-001209;25.11.2025;Колодка клеммная JXB-35/35 синяя;Электротовары КСС ШУ;2;80;;;25.11.2025;;
ПКНФ-001209;25.11.2025;Сальник PG 29 (d проводника 18-24мм, D резьбовой 36мм) IP54;Электротовары КСС ШУ;2;0;;;25.11.2025;;
ПКНФ-001209;25.11.2025;Контактор КМЭ 95А 220В/АС3 1НО 1Н3;Электротовары КСС ШУ;2;5;;09.02.2026;25.11.2025;;
ПКНФ-001209;25.11.2025;Механизм блокировки для КМЭ (40А-95А);Электротовары КСС ШУ;1;107;;;25.11.2025;;
ПКНФ-001209;25.11.2025;Колодка клеммная ЕК-6/40 JXB земля;Электротовары КСС ШУ;2;15;;06.12.2024;25.11.2025;;
ПКНФ-001209;25.11.2025;Кабель витая пара F/UTP кат.5E 1х2х24AWG solid CU PVC сер (м);Электротовары КСС ШУ;5;689;;;25.11.2025;;
ПКНФ-001209;25.11.2025;Сальник PG 9;Электротовары КСС ШУ;5;955;;;25.11.2025;;
ПКНФ-001209;25.11.2025;Наконечник штыревой втулочный изол. НШвИ 6.0-12 (уп.50шт);Электротовары КСС ШУ;54;1356;;25.08.2025;25.11.2025;;
ПКНФ-001209;25.11.2025;Наконечник штыревой втулочный изол. НШвИ(2) 16.0-14 (уп.50шт);Электротовары КСС ШУ;6;287;;;25.11.2025;;
ПКНФ-001209;25.11.2025;Хомут 2,5х150 нейл. (уп.100 шт);Электротовары КСС ШУ;50;0;;;25.11.2025;;
ПКНФ-001209;25.11.2025;Трубка термоус. ТУТ (HF)-14/7, красн. (уп.50м) ;Электротовары КСС ШУ;1;32;;14.02.2025;25.11.2025;;
ПКНФ-001209;25.11.2025;Трубка термоус. ТУТ (HF)-14/7, зел. (уп.50м);Электротовары КСС ШУ;1;0;;;25.11.2025;;
ПКНФ-001209;25.11.2025;Трубка термоус. ТУТ (HF)-14/7, желт. (уп.50м);Электротовары КСС ШУ;1;167;;;25.11.2025;;
ПКНФ-001209;25.11.2025;Колодка клеммная JXB-6/35 (50а) сер.;Электротовары КСС ШУ;6;93;;;25.11.2025;;
ПКНФ-001209;25.11.2025;Колодка клеммная ЕК-35/125 JXB земля;Электротовары КСС ШУ;2;41;;19.02.2025;25.11.2025;;
ПКНФ-001209;25.11.2025;Реле контроля наличия и чередования фаз CKF-318-1;Электротовары КСС ШУ;2;46;;;25.11.2025;;
ПКНФ-001209;25.11.2025;Наконечник штыревой втулочный изол. НШвИ 0.5-8 (уп.50шт);Электротовары КСС ШУ;158;15573;;;25.11.2025;;
ПКНФ-001209;25.11.2025;Наконечник кольцевой изол. НКИ 6.0-6 (уп.50шт);Электротовары КСС ШУ;12;705;;;25.11.2025;;
ПКНФ-001209;25.11.2025;Саморез 4.2х13 металл-металл с прессшайбой сверло цинк (уп.200шт);Электротовары КСС ШУ;42;782.91;;;25.11.2025;;
ПКНФ-001209;25.11.2025;Маркер для кабеля 0.5-1.5мм символ ""1"" (уп.200шт) ДКС;Электротовары КСС ШУ;52;9505;;;25.11.2025;;
ПКНФ-001209;25.11.2025;Маркер для кабеля 0.5-1.5мм символ ""2"" (уп.200шт) ДКС;Электротовары КСС ШУ;68;4987;;;25.11.2025;;
ПКНФ-001209;25.11.2025;Маркер для кабеля 0.5-1.5мм символ ""3"" (уп.200шт) ДКС;Электротовары КСС ШУ;69;5201;;;25.11.2025;;
ПКНФ-001209;25.11.2025;Маркер для JXB с нумерацией 1-50 (уп.100шт);Электротовары КСС ШУ;200;10797;;;25.11.2025;;
ПКНФ-001209;25.11.2025;Сальник PG 16 10-14мм IP54;Электротовары КСС ШУ;6;202;;;25.11.2025;;
ПКНФ-001209;25.11.2025;Вентилятор с фильтром 52 м3/ч 124х124 мм;Электротовары КСС ШУ;1;12;;12.10.2025;25.11.2025;;
ПКНФ-001209;25.11.2025;Решетка вентиляционная с фильтром 124x124мм IP54;Электротовары КСС ШУ;1;6;;12.10.2025;25.11.2025;;
ПКНФ-001209;25.11.2025;Болт оцинк. М6х20 DIN 933;Оцинкованные метизы (ПК КСС);0.002;0.065;;;25.11.2025;;
ПКНФ-001209;25.11.2025;Гайка оцинк. DIN 934 М6;Оцинкованные метизы (ПК КСС);0.006;0;;04.03.2025;25.11.2025;;
ПКНФ-001209;25.11.2025;ID 100.80, Дверь внутренняя глухая для корпуса MEV 1000х800;Корпусы для ШУ;1;1;;;25.11.2025;;
ПКНФ-001209;25.11.2025;MES 100.80.30, Шкаф компактный распределительный 1000х800х300;Корпусы для ШУ;1;2;;;25.11.2025;;
ПКНФ-001209;25.11.2025;RKE4CO024LT Реле 4CO, 5A (250VAC/30VDC), 24VDC, мех. индикация, тест-кнопка с блокировкой, LED;Электротовары КСС ШУ;3;103;;;25.11.2025;;
ПКНФ-001209;25.11.2025;Колодка клеммная ЕК-2.5/25 JXB земля;Электротовары КСС ШУ;4;92;;08.06.2024;25.11.2025;;
ПКНФ-001209;25.11.2025;Лампа AD-22DS(LED) матрица d22мм желтый 230В;Электротовары КСС ШУ;2;143;;;25.11.2025;;
ПКНФ-001209;25.11.2025;Лампа AD-22DS(LED) матрица d22мм зеленый 230В;Электротовары КСС ШУ;5;33;;;25.11.2025;;
ПКНФ-001209;25.11.2025;Лампа AD-22DS(LED) матрица d22мм красный 230В;Электротовары КСС ШУ;3;0;;;25.11.2025;;
ПКНФ-001209;25.11.2025;Маркер для кабеля 0.5-1.5мм символ ""0"" (уп.200шт) ДКС;Электротовары КСС ШУ;79;6900;;;25.11.2025;;
ПКНФ-001209;25.11.2025;Маркер для кабеля 0.5-1.5мм символ ""4"" (уп.200шт) ДКС;Электротовары КСС ШУ;58;1236;;;25.11.2025;;
ПКНФ-001209;25.11.2025;Маркер для кабеля 0.5-1.5мм символ ""5"" (уп.200шт) ДКС;Электротовары КСС ШУ;54;6023;;;25.11.2025;;
ПКНФ-001209;25.11.2025;Маркер для кабеля 0.5-1.5мм символ ""6"" (уп.200шт) ДКС;Электротовары КСС ШУ;47;5909;;;25.11.2025;;
ПКНФ-001209;25.11.2025;Маркер для кабеля 0.5-1.5мм символ ""7"" (уп.200шт) ДКС;Электротовары КСС ШУ;56;1957;;;25.11.2025;;
ПКНФ-001209;25.11.2025;Маркер для кабеля 0.5-1.5мм символ ""8"" (уп.200шт) ДКС;Электротовары КСС ШУ;67;1323;;;25.11.2025;;
ПКНФ-001209;25.11.2025;Маркер для кабеля 0.5-1.5мм символ ""9"" (уп.200шт) ДКС;Электротовары КСС ШУ;68;1239;;;25.11.2025;;
ПКНФ-001209;25.11.2025;Маркер для JXB с нумерацией 1-10 (уп.100шт);Электротовары КСС ШУ;200;5701;;;25.11.2025;;
ПКНФ-001209;25.11.2025;Провод ПУГВнг(А)-LS 1х0,5 Б;Электротовары КСС ШУ;126;3808;;;25.11.2025;;
ПКНФ-001209;25.11.2025;Провод ПУГВнг(А)-LS 1х0,5 К;Электротовары КСС ШУ;21;1494;;;25.11.2025;;
ПКНФ-001209;25.11.2025;Провод ПУГВнг(А)-LS 1х0,5 Ч;Электротовары КСС ШУ;27;1402;;;25.11.2025;;
ПКНФ-001209;25.11.2025;Провод ПУГВнг(А)-LS 1х1,5 ж/з;Электротовары КСС ШУ;1.5;516.8;;;25.11.2025;;
ПКНФ-001209;25.11.2025;Провод ПУГВнг(А)-LS 1х10 Б;Электротовары КСС ШУ;20;0;;;25.11.2025;;
ПКНФ-001209;25.11.2025;Провод ПУГВнг(А)-LS 1х6 Б;Электротовары КСС ШУ;32;0;;;25.11.2025;;
ПКНФ-001209;25.11.2025;Программируемое реле ПР200-24.2.2.0;Электротовары КСС ШУ;1;6;;;25.11.2025;;
ПКНФ-001209;25.11.2025;Блок распределительный КРОСС крепеж на панель и DIN КБР-160А;Электротовары КСС ШУ;4;66;;;25.11.2025;;
ПКНФ-001209;25.11.2025;Реле RFT2CO730LT, 2CO, 8A(250VAC/30VDC), 230VAC, LED, мех. инд., тест-кнопка;Электротовары КСС ШУ;3;71;;;25.11.2025;;
ПКНФ-001209;25.11.2025;Реле контроля уровня PZ-828 жидкости без датчика;Электротовары КСС ШУ;2;11;;16.01.2026;25.11.2025;;
ПКНФ-001209;25.11.2025;Спираль монтажная СМ-06-04 (10м);Электротовары КСС ШУ;0.2;5.241;;;25.11.2025;;
ПКНФ-001209;25.11.2025;Трубка термоус. ТУТ (HF)-8/4, жел. (уп.50м) КВТ;Электротовары КСС ШУ;2;25.3;;;25.11.2025;;
ПКНФ-001209;25.11.2025;Трубка термоус. ТУТ (HF)-8/4, зел. (уп.50м) КВТ;Электротовары КСС ШУ;2;25.3;;;25.11.2025;;
ПКНФ-001209;25.11.2025;Трубка термоус. ТУТ (HF)-8/4, красн. (уп.50м) КВТ;Электротовары КСС ШУ;2;26.5;;;25.11.2025;;
ПКНФ-001209;25.11.2025;Трубка термоусадочная 2.0/1.0 1м желт. Rexant 20-2002;Электротовары КСС ШУ;1.5;47;;;25.11.2025;;
ПКНФ-001209;25.11.2025;Трубка термоусадочная 2.0/1.0 1м зел. Rexant 20-2003;Электротовары КСС ШУ;1;41.2;;;25.11.2025;;
ПКНФ-001209;25.11.2025;Трубка термоусадочная 2.0/1.0 1м красн. Rexant 20-2004;Электротовары КСС ШУ;1;42.2;;19.12.2024;25.11.2025;;
ПКНФ-001209;25.11.2025;Цоколь SKC14-E, 10A(300V), черный, на рейку DIN35/панель, для RKE4CO, RKF4CO;Электротовары КСС ШУ;3;7;;;25.11.2025;;
ПКНФ-001209;25.11.2025;Цоколь SRU08-E, 10A(300V), черный, на рейку DIN35/панель, для RFT2CO;Электротовары КСС ШУ;3;0;;;25.11.2025;;
ПКНФ-001209;25.11.2025;Шайба плоская оц. М6 DIN 125;Оцинкованные метизы (ПК КСС);0.008;0.138;;25.08.2025;25.11.2025;;
ПКНФ-001209;25.11.2025;HDR-30-24 Блок питания, 24В,1.5А,36Вт;Электротовары КСС ШУ;1;16;;;25.11.2025;;
ПКНФ-001234;02.12.2025;Карабин винтовой 5 мм;Крепеж и цепи, тали (ПК КСС);6;180;;;02.12.2025;;
ПКНФ-001234;02.12.2025;7920 КСС ШУЗ-1,1 кВт+УХЛ1;Шкафы управления (ПК КСС);1;0;;;02.12.2025;;
ПКНФ-001234;02.12.2025;Болт оцинк. М6х40 DIN 933;Оцинкованные метизы (ПК КСС);0.002;0.158;;;02.12.2025;;
ПКНФ-001234;02.12.2025;Шайба гроверная оц.Ф10 DIN 127;Оцинкованные метизы (ПК КСС);0.03;0.072;;;02.12.2025;;
ПКНФ-001234;02.12.2025;Гайка шестигр.М10 оц. DIN934;Оцинкованные метизы (ПК КСС);0.03;0.586;07.10.2024;07.10.2024;02.12.2025;;
ПКНФ-001234;02.12.2025;Скоба такелажная М4;Крепеж и цепи, тали (ПК КСС);8;101;;;02.12.2025;;
ПКНФ-001234;02.12.2025;Болт оцинк. М10х60 DIN933;Оцинкованные метизы (ПК КСС);0.03;0.588;;;02.12.2025;;
ПКНФ-001234;02.12.2025;Болт оцинк. М12х60 DIN933;Оцинкованные метизы (ПК КСС);0.004;0.408;;03.06.2024;02.12.2025;;
ПКНФ-001234;02.12.2025;Шайба плоская оц. М12  DIN 125;Оцинкованные метизы (ПК КСС);0.004;0.739;;03.06.2024;02.12.2025;;
ПКНФ-001234;02.12.2025;Болт оцинк. М16х60 DIN933;Оцинкованные метизы (ПК КСС);0.024;0.772;;;02.12.2025;;
ПКНФ-001234;02.12.2025;Клапан обратный шаровый Ду65 Ру16 канализационный;Арматура (ПК КСС);2;2;;;02.12.2025;;
ПКНФ-001234;02.12.2025;Заглушка для трубы 40х40 мм пластик;Расходные материалы (ПК КСС);2;276;;;02.12.2025;;
ПКНФ-001234;02.12.2025;Задвижка 30ч39р Ду50 Pу16 штурвал;Арматура (ПК КСС);2;8;02.02.2026;02.02.2026;02.12.2025;;
ПКНФ-001234;02.12.2025;Болт М16*60 DIN 933 полная резьба  (А2, 16,0, 60,0, DIN 933);Нержавеющие метизы (ПК КСС);24;117;;;02.12.2025;;
ПКНФ-001234;02.12.2025;7399 КСС ШУК-2/3-3кВт+УХЛ1;Шкафы управления (ПК КСС);1;0;;;02.12.2025;;
ПКНФ-001234;02.12.2025;Насос 50WQ15-25-3ACW(I), 3кВт, без АТМ DN50, с реж.механизмом, 2-х полюс. (ПК);Насосы CNP (ПК КСС);2;0;;;02.12.2025;;
ПКНФ-001234;02.12.2025;Прокладка (паронит) 65;Завертяев;6;0;;;02.12.2025;;
ПКНФ-001234;02.12.2025;7399 - Трубопровод ;Составные части трубопровода (Пк КСС);1;1;;;02.12.2025;ПКНФ-001350;16.12.2025
ПКНФ-001234;02.12.2025;7399 - Рама под УПМ, балка под крышку;Составные части трубопровода (Пк КСС);1;1;;;02.12.2025;ПКНФ-001346;16.12.2025
ПКНФ-001234;02.12.2025;7399 - Площадка Лестница Корзина и ее направляющие Транспортировочная балка;Составные части трубопровода (Пк КСС);1;1;;;02.12.2025;ПКНФ-001347;16.12.2025
ПКНФ-001234;02.12.2025;Клапан обратный шаровой Ду50 Ру16 канализационный;Арматура (ПК КСС);2;4;;;02.12.2025;;
ПКНФ-001234;02.12.2025;Автоматическая трубная муфта для насоса WQ DN50,TOS-50, мощность 0.55кВт и выше (ПК);УПМ СNP (ПК КСС);2;2;;15.01.2026;02.12.2025;;
ПКНФ-001234;02.12.2025;Заглушка для трубы 25х25 мм пластик;Расходные материалы (ПК КСС);2;0;23.04.2024;;02.12.2025;;
ПКНФ-001234;02.12.2025;Шайба оцинк гровер М12 DIN 127;Оцинкованные метизы (ПК КСС);0.004;0.73;;03.06.2024;02.12.2025;;
ПКНФ-001234;02.12.2025;Шайба гроверная оц. Ф16 DIN 127;Оцинкованные метизы (ПК КСС);0.024;0.56;;27.06.2024;02.12.2025;;
ПКНФ-001234;02.12.2025;Шайба плоская оц. М10  DIN 125;Оцинкованные метизы (ПК КСС);0.06;0.646;;25.08.2025;02.12.2025;;
ПКНФ-001234;02.12.2025;Навесной замок с ключом GPLK-50L;Оцинкованные метизы (ПК КСС);1;83;;20.01.2025;02.12.2025;;
ПКНФ-001234;02.12.2025;Гайка шестигр. оц М12 DIN934;Оцинкованные метизы (ПК КСС);0.004;1.204;;03.06.2024;02.12.2025;;
ПКНФ-001234;02.12.2025;Гайка шестигр. оц М16  (тыс шт);Оцинкованные метизы (ПК КСС);0.024;0.041;;27.06.2024;02.12.2025;;
ПКНФ-001234;02.12.2025;Труба ВГП ОЦ 32х3,2 ГОСТ 3262-75 (м);Черные трубы, листы, круги (ПК КСС);15.6;116.36;;;02.12.2025;;
ПКНФ-001234;02.12.2025;Анкерный болт с гайкой 12*120 HNM ПК (тыс);Оцинкованные метизы (ПК КСС);0.016;0.205;;;02.12.2025;;
ПКНФ-001234;02.12.2025;Болт М12*60 DIN 933 полная резьба  (А2, 12,0, 60,0, DIN 933);Нержавеющие метизы (ПК КСС);8;334;;;02.12.2025;;
ПКНФ-001234;02.12.2025;Гайка М12 DIN 934  (А2, 12,0, DIN 934);Нержавеющие метизы (ПК КСС);8;1052;;;02.12.2025;;
ПКНФ-001234;02.12.2025;Гайка М16 DIN 934  (А2, 16,0, DIN 934);Нержавеющие метизы (ПК КСС);24;368;25.04.2024;25.04.2024;02.12.2025;;
ПКНФ-001234;02.12.2025;Грибок канализационный;Полиэтелен, корсис, прагма, НПВХ (ПК КСС);1;37;;27.01.2026;02.12.2025;;
ПКНФ-001234;02.12.2025;Карабин винтовой 4 мм;Крепеж и цепи, тали (ПК КСС);8;61;;;02.12.2025;;
ПКНФ-001234;02.12.2025;Манжета резиновая переходная D 110/124 Уп., черн;Полиэтелен, корсис, прагма, НПВХ (ПК КСС);2;61;;;02.12.2025;;
ПКНФ-001234;02.12.2025;Манжета резиновая переходная D 50/72 Уп., черн;Полиэтелен, корсис, прагма, НПВХ (ПК КСС);1;149;;;02.12.2025;;
ПКНФ-001234;02.12.2025;Муфта Корсис DN200 (OD);Полиэтелен, корсис, прагма, НПВХ (ПК КСС);1;13;;;02.12.2025;;
ПКНФ-001234;02.12.2025;Отвод 90 гр. НПВХ DN110;Полиэтелен, корсис, прагма, НПВХ (ПК КСС);1;40;;;02.12.2025;;
ПКНФ-001234;02.12.2025;Поплавковый выключатель RL-1 10м;Датчики уровня, преобразователи, реле (ПК КСС);4;57;;05.02.2025;02.12.2025;;
ПКНФ-001234;02.12.2025;Прокладка (паронит) 50;Полиэтелен, корсис, прагма, НПВХ (ПК КСС);2;55;;;02.12.2025;;
ПКНФ-001234;02.12.2025;Проушина прямая 30х70мм;Расходные материалы (ПК КСС);2;247;;;02.12.2025;;
ПКНФ-001234;02.12.2025;Рым-гайка DIN 582 М10;Крепеж и цепи, тали (ПК КСС);2;55;;;02.12.2025;;
ПКНФ-001234;02.12.2025;Рым-гайка DIN 582 М 6;Крепеж и цепи, тали (ПК КСС);0.002;0.071;;17.02.2025;02.12.2025;;
ПКНФ-001234;02.12.2025;Скоба такелажная М5;Крепеж и цепи, тали (ПК КСС);0.006;0.27;;;02.12.2025;;
ПКНФ-001234;02.12.2025;Труба 200/4,9/1200 наружная канализация;Полиэтелен, корсис, прагма, НПВХ (ПК КСС);0.5;11;;;02.12.2025;;
ПКНФ-001234;02.12.2025;Труба двустенная для электропроводки d110 с протяжкой(внутр. d94)/ДКС ;Полиэтелен, корсис, прагма, НПВХ (ПК КСС);3;182;;;02.12.2025;;
ПКНФ-001234;02.12.2025;Труба двустенная для электропроводки d50 с протяжкой(внутр. d41,5) [ДКС] (код 19735) 121950;Полиэтелен, корсис, прагма, НПВХ (ПК КСС);3;114;;;02.12.2025;;
ПКНФ-001234;02.12.2025;Цепь короткозвенная 4мм DIN766 оцинк;Крепеж и цепи, тали (ПК КСС);9.5;339.66;;05.07.2024;02.12.2025;;
ПКНФ-001234;02.12.2025;Цепь Т6-6х18 мм ГОСТ 30441-97 (покрытие хим.окс.);Крепеж и цепи, тали (ПК КСС);13.7;23.1;;;02.12.2025;;
ПКНФ-001234;02.12.2025;Шайба  гровер М12 DIN 127 (А2, DIN 127);Нержавеющие метизы (ПК КСС);8;922.964;;;02.12.2025;;
ПКНФ-001234;02.12.2025;Шайба М12 DIN 125  (А2, DIN 125);Нержавеющие метизы (ПК КСС);16;519;;;02.12.2025;;
ПКНФ-001234;02.12.2025;Шайба М16 DIN 125  (А2, DIN 125);Нержавеющие метизы (ПК КСС);48;963;;;02.12.2025;;
ПКНФ-001234;02.12.2025;Шайба гровер М16 DIN 127 (А2, DIN 127);Нержавеющие метизы (ПК КСС);24;1832;;;02.12.2025;;
ПКНФ-001234;02.12.2025;Шайба плоская оц. М6 DIN 125;Оцинкованные метизы (ПК КСС);0.002;0.618;;25.08.2025;02.12.2025;;
ПКНФ-001234;02.12.2025;Шайба плоская оц.М16  DIN 125;Оцинкованные метизы (ПК КСС);0.048;1.34;;27.06.2024;02.12.2025;;
ПКНФ-001235;02.12.2025;Клапан обратный шаровой DN200 PN10 канализационный;Арматура (ПК КСС);2;2;02.02.2026;02.02.2026;02.12.2025;;
ПКНФ-001235;02.12.2025;Задвижка 30ч39р Ду200 Pу10 штурвал;Арматура (ПК КСС);2;2;02.02.2026;02.02.2026;02.12.2025;;
ПКНФ-001247;05.12.2025;Арматура А-1 6 мм;Черные трубы, листы, круги (ПК КСС);1.5;56.07;;;05.12.2025;;
ПКНФ-001247;05.12.2025;Труба 50х50х3 ГОСТ 8639-82, м.д;Черные трубы, листы, круги (ПК КСС);5;66.8;;;05.12.2025;;
ПКНФ-001258;08.12.2025;Труба ПЭ100 для газоснабжения DN/OD 75 SDR 11;Полиэтелен, корсис, прагма, НПВХ (ПК КСС);16;16;;;08.12.2025;;
ПКНФ-001258;08.12.2025;Болт оцинк. М16х140 DIN933;Оцинкованные метизы (ПК КСС);0.032;0.279;;;08.12.2025;;
ПКНФ-001258;08.12.2025;Труба PPR SDR 6 PN20 50/8,3/4000 мм, БЕЛАЯ, Pro Aqua PA10014;Полиэтелен, корсис, прагма, НПВХ (ПК КСС);5;20;;;08.12.2025;;
ПКНФ-001258;08.12.2025;Муфта PPR комбинированная 50х1 1/2""НР под ключ, белая, Pro Aqua PA23522P;Полиэтелен, корсис, прагма, НПВХ (ПК КСС);3;5;;;08.12.2025;;
ПКНФ-001258;08.12.2025;Муфта PPR комбинированная 50х1 1/2""ВР под ключ, белая, Pro Aqua PA22522P;Полиэтелен, корсис, прагма, НПВХ (ПК КСС);2;4;;;08.12.2025;;
ПКНФ-001258;08.12.2025;Угольник PPR 50/90°, белый, Pro Aqua PA13016P;Полиэтелен, корсис, прагма, НПВХ (ПК КСС);1;1;;;08.12.2025;;
ПКНФ-001258;08.12.2025;Уплотнитель кольцевого пространства марки АктивРинг ТУ 2531-002-58859224-2014 изм. 1 (АР 365 оцинк.);Полиэтелен, корсис, прагма, НПВХ (ПК КСС);1;36;;;08.12.2025;;
ПКНФ-001258;08.12.2025;7586 - Трубопровод, патрубки;;1;1;;;08.12.2025;ПКНФ-001450;25.12.2025
ПКНФ-001258;08.12.2025;7586 - Лестница;Составные части трубопровода (Пк КСС);1;1;;;08.12.2025;ПКНФ-001448;25.12.2025
ПКНФ-001258;08.12.2025;7586 - Рама под установку Балка под крышку Транспортировочные петли Подставки под трубопровод Ра;Составные части трубопровода (Пк КСС);1;0;05.12.2025;;08.12.2025;ПКНФ-001449;25.12.2025
ПКНФ-001258;08.12.2025;Труба э/с 108*4,0 ГОСТ 10704-91;СНГ;0.035;0.035;;;08.12.2025;;
ПКНФ-001258;08.12.2025;Шайба гроверная оц.Ф10 DIN 127;Оцинкованные метизы (ПК КСС);0.048;0.072;;;08.12.2025;;
ПКНФ-001258;08.12.2025;Гайка шестигр.М10 оц. DIN934;Оцинкованные метизы (ПК КСС);0.048;0.586;07.10.2024;07.10.2024;08.12.2025;;
ПКНФ-001258;08.12.2025;Скоба такелажная М4;Крепеж и цепи, тали (ПК КСС);4;101;;;08.12.2025;;
ПКНФ-001258;08.12.2025;7586У - Установка подачи воды для пожаротушения КСС-П-2EST80-200- 220+2ЭЗ+АВР+РК;Установки ВНС и ПНС (ПК КСС);1;1;;;08.12.2025;ПКНФ-000015;12.01.2026
ПКНФ-001258;08.12.2025;Затвор поворотный межфланцевый ABRA BUV-VF866D125H DN 125 PN10/16 корпус GG25 / диск AISI316 / седло;Арматура (ПК КСС);4;4;;;08.12.2025;;
ПКНФ-001258;08.12.2025;Гибкая вставка Ду125 Ру10,ЕРDM, нейлоновый корд, фланцевая ABRA-EJF-10-125;Арматура (ПК КСС);4;4;;;08.12.2025;;
ПКНФ-001258;08.12.2025;Труба 25х25х2  ГОСТ;Черные трубы, листы, круги (ПК КСС);30;43;;;08.12.2025;;
ПКНФ-001258;08.12.2025;Болт оцинк. М10х60 DIN933;Оцинкованные метизы (ПК КСС);0.04;0.588;;;08.12.2025;;
ПКНФ-001258;08.12.2025;Труба 60х30х2 ГОСТ 8639-82;Черные трубы, листы, круги (ПК КСС);37;37;;;08.12.2025;;
ПКНФ-001258;08.12.2025;Болт оцинк. М12х60 DIN933;Оцинкованные метизы (ПК КСС);0.012;0.42;;03.06.2024;08.12.2025;;
ПКНФ-001258;08.12.2025;Шайба плоская оц. М12  DIN 125;Оцинкованные метизы (ПК КСС);0.024;0.763;;03.06.2024;08.12.2025;;
ПКНФ-001258;08.12.2025;Болт оцинк. М20х60 DIN933;Оцинкованные метизы (ПК КСС);0.012;0.364;;;08.12.2025;;
ПКНФ-001258;08.12.2025;Гайка шестигр. оц. М20 DIN 934 тыс шт;Оцинкованные метизы (ПК КСС);0.012;1.223;;27.06.2024;08.12.2025;;
ПКНФ-001258;08.12.2025;Болт оцинк. М16х80  DIN933;Оцинкованные метизы (ПК КСС);0.032;0.597;;;08.12.2025;;
ПКНФ-001258;08.12.2025;Ниппель приварной (резьба) DN40 1 1/2"" чермет;Черные фланцы и фиттинги (ПК КСС);2;5;;;08.12.2025;;
ПКНФ-001258;08.12.2025;Труба 30х20х2 ГОСТ;Черные трубы, листы, круги (ПК КСС);50;50;;;08.12.2025;;
ПКНФ-001258;08.12.2025;Труба э/с 159х4,5 ГОСТ 10704-91;Черные трубы, листы, круги (ПК КСС);0.085;0.085;;;08.12.2025;;
ПКНФ-001258;08.12.2025;Труба 50х25х2  ГОСТ 8639-82;Черные трубы, листы, круги (ПК КСС);182;209;;;08.12.2025;;
ПКНФ-001258;08.12.2025;Шаровой кран латунный 1 1/2"" ВР-НР, ручка-рычаг, красный - полнопрох. с полусгоном, MVI BV.920.08;Арматура (ПК КСС);1;1;;;08.12.2025;;
ПКНФ-001258;08.12.2025;Шпилька резьб. DIN 975 М8х1000  оц. ;Оцинкованные метизы (ПК КСС);1;68;;;08.12.2025;;
ПКНФ-001258;08.12.2025;Труба АД31Т1 д.20х2х6000мм;Черные трубы, листы, круги (ПК КСС);13;16;;;08.12.2025;;
ПКНФ-001258;08.12.2025;Заглушка для трубы 25х25 мм пластик;Расходные материалы (ПК КСС);2;0;23.04.2024;;08.12.2025;;
ПКНФ-001258;08.12.2025;Труба 110/3,2/3000 наружная канализация;Полиэтелен, корсис, прагма, НПВХ (ПК КСС);0.8;29;;;08.12.2025;;
ПКНФ-001258;08.12.2025;Шайба оцинк гровер М12 DIN 127;Оцинкованные метизы (ПК КСС);0.012;0.742;;03.06.2024;08.12.2025;;
ПКНФ-001258;08.12.2025;Шайба гроверная оц. Ф16 DIN 127;Оцинкованные метизы (ПК КСС);0.064;0.624;;27.06.2024;08.12.2025;;
ПКНФ-001258;08.12.2025;Насос дренажный «Leo» QDX 6-18-0.75А (закрытая крыльчатка) (ПК);Насосы LEO/ОНИС (ПК КСС);1;2;19.01.2026;19.01.2026;08.12.2025;;
ПКНФ-001258;08.12.2025;Обратный клапан с лат. сердечником AquaHit 1 1/2"", MVI CV.320.08;Арматура (ПК КСС);1;12;;;08.12.2025;;
ПКНФ-001258;08.12.2025;Шайба плоская оц. М10  DIN 125;Оцинкованные метизы (ПК КСС);0.096;0.646;;25.08.2025;08.12.2025;;
ПКНФ-001258;08.12.2025;Навесной замок с ключом GPLK-50L;Оцинкованные метизы (ПК КСС);2;83;;20.01.2025;08.12.2025;;
ПКНФ-001258;08.12.2025;Труба 20х20х2 ГОСТ 8639-82;Черные трубы, листы, круги (ПК КСС);70;109.8;;29.01.2024;08.12.2025;;
ПКНФ-001258;08.12.2025;Труба 200/4,9/3000 наружная канализация;Полиэтелен, корсис, прагма, НПВХ (ПК КСС);0.5;0;;;08.12.2025;;
ПКНФ-001258;08.12.2025;Гайка шестигр. оц М12 DIN934;Оцинкованные метизы (ПК КСС);0.012;1.216;;03.06.2024;08.12.2025;;
ПКНФ-001258;08.12.2025;Гайка шестигр. оц М16  (тыс шт);Оцинкованные метизы (ПК КСС);0.064;0.105;;27.06.2024;08.12.2025;;
ПКНФ-001258;08.12.2025;Труба 40х20х1.5 ГОСТ 8645-68;Черные трубы, листы, круги (ПК КСС);13;13;;;08.12.2025;;
ПКНФ-001258;08.12.2025;Труба ВГП ОЦ 40х3,5 ГОСТ 3262-75 (м);Черные трубы, листы, круги (ПК КСС);0.2;7.8;;;08.12.2025;;
ПКНФ-001258;08.12.2025;Труба 40х20х2 ГОСТ 8639-82;Черные трубы, листы, круги (ПК КСС);67;96.5;;29.01.2024;08.12.2025;;
ПКНФ-001258;08.12.2025;Шпилька М10 L1000 (А2, DIN975);Нержавеющие метизы (ПК КСС);1;5;;;08.12.2025;;
ПКНФ-001258;08.12.2025;Анкерный болт с гайкой 16*180 HNM тыс;Оцинкованные метизы (ПК КСС);0.022;0.526;;10.06.2024;08.12.2025;;
ПКНФ-001258;08.12.2025;Грибок канализационный;Полиэтелен, корсис, прагма, НПВХ (ПК КСС);2;37;;27.01.2026;08.12.2025;;
ПКНФ-001258;08.12.2025;Карабин винтовой 4 мм;Крепеж и цепи, тали (ПК КСС);4;61;;;08.12.2025;;
ПКНФ-001258;08.12.2025;Манжета резиновая переходная D 110/124 Уп., черн;Полиэтелен, корсис, прагма, НПВХ (ПК КСС);3;61;;;08.12.2025;;
ПКНФ-001258;08.12.2025;Проушина прямая 30х70мм;Расходные материалы (ПК КСС);4;247;;;08.12.2025;;
ПКНФ-001258;08.12.2025;Труба 110/3,2/0560 наружная канализация;Полиэтелен, корсис, прагма, НПВХ (ПК КСС);1;130;;;08.12.2025;;
ПКНФ-001258;08.12.2025;Труба двустенная для электропроводки d110 с протяжкой(внутр. d94)/ДКС ;Полиэтелен, корсис, прагма, НПВХ (ПК КСС);3;182;;;08.12.2025;;
ПКНФ-001258;08.12.2025;Цепь короткозвенная 4мм DIN766 оцинк;Крепеж и цепи, тали (ПК КСС);4;339.66;;05.07.2024;08.12.2025;;
ПКНФ-001258;08.12.2025;Шайба гроверная оц.М20 DIN 127;Оцинкованные метизы (ПК КСС);0.012;1.212;;;08.12.2025;;
ПКНФ-001258;08.12.2025;Шайба плоская оц.М16  DIN 125;Оцинкованные метизы (ПК КСС);0.128;1.34;;27.06.2024;08.12.2025;;
ПКНФ-001258;08.12.2025;Шайба плоская оц.М20  DIN 125;Оцинкованные метизы (ПК КСС);0.024;0.608;;27.06.2024;08.12.2025;;
ПКНФ-001258;08.12.2025;Электроконвектор ЭВПТ-2,0 IP54;Расходомеры, манометры (ПК КСС);1;0;;22.12.2025;08.12.2025;;
ПКНФ-001307;15.12.2025;Труба ПЭ100 для газоснабжения DN/OD 75 SDR 11;Полиэтелен, корсис, прагма, НПВХ (ПК КСС);184;184;;;15.12.2025;;
ПКНФ-001307;15.12.2025;Труба PPR SDR 6 PN20 50/8,3/4000 мм, БЕЛАЯ, Pro Aqua PA10014;Полиэтелен, корсис, прагма, НПВХ (ПК КСС);5;29;;;15.12.2025;;
ПКНФ-001307;15.12.2025;Муфта PPR комбинированная 50х1 1/2""НР под ключ, белая, Pro Aqua PA23522P;Полиэтелен, корсис, прагма, НПВХ (ПК КСС);3;8;;;15.12.2025;;
ПКНФ-001307;15.12.2025;Муфта PPR комбинированная 50х1 1/2""ВР под ключ, белая, Pro Aqua PA22522P;Полиэтелен, корсис, прагма, НПВХ (ПК КСС);2;6;;;15.12.2025;;
ПКНФ-001307;15.12.2025;Угольник PPR 50/90°, белый, Pro Aqua PA13016P;Полиэтелен, корсис, прагма, НПВХ (ПК КСС);1;2;;;15.12.2025;;
ПКНФ-001307;15.12.2025;Установка повышения давления КСС-МЧ-3 CDM1-8+СХ+ГА8;Установки ВНС и ПНС (ПК КСС);1;0;29.01.2026;;15.12.2025;ПКНФ-000095;20.01.2026
ПКНФ-001307;15.12.2025;Уплотнитель кольцевого пространства марки АктивРинг ТУ 2531-002-58859224-2014 изм. 1 (АР 350 оцинк.);Полиэтелен, корсис, прагма, НПВХ (ПК КСС);27;27;;;15.12.2025;;
ПКНФ-001307;15.12.2025;7719.4 - Трубопровод, патрубки;Составные части трубопровода (Пк КСС);1;0;23.01.2025;;15.12.2025;ПКНФ-001447;25.12.2025
ПКНФ-001307;15.12.2025;7719.4 - Лестница;Составные части трубопровода (Пк КСС);1;0;23.01.2025;;15.12.2025;ПКНФ-001445;25.12.2025
ПКНФ-001307;15.12.2025;7719.4 -  Рама под установку Балка под крышку Транспортировочные петли;Составные части трубопровода (Пк КСС);1;0;23.01.2025;;15.12.2025;ПКНФ-001446;25.12.2025
ПКНФ-001307;15.12.2025;Гайка шестигр.М10 оц. DIN934;Оцинкованные метизы (ПК КСС);0.028;0.626;07.10.2024;07.10.2024;15.12.2025;;
ПКНФ-001307;15.12.2025;Труба 25х25х2  ГОСТ;Черные трубы, листы, круги (ПК КСС);70;83;;;15.12.2025;;
ПКНФ-001307;15.12.2025;Болт оцинк. М10х60 DIN933;Оцинкованные метизы (ПК КСС);0.028;0.628;;;15.12.2025;;
ПКНФ-001307;15.12.2025;Труба 60х30х2 ГОСТ 8639-82;Черные трубы, листы, круги (ПК КСС);63;63;;;15.12.2025;;
ПКНФ-001307;15.12.2025;Болт оцинк. М12х40 DIN 933;Оцинкованные метизы (ПК КСС);0.004;0.467;;27.06.2024;15.12.2025;;
ПКНФ-001307;15.12.2025;Шайба плоская оц. М12  DIN 125;Оцинкованные метизы (ПК КСС);0.028;0.751;;03.06.2024;15.12.2025;;
ПКНФ-001307;15.12.2025;Болт оцинк. М16х120 DIN933;Оцинкованные метизы (ПК КСС);0.016;0.086;;27.06.2024;15.12.2025;;
ПКНФ-001307;15.12.2025;Труба 160/4,0/580 наружная канализация;Полиэтелен, корсис, прагма, НПВХ (ПК КСС);3;6.5;;;15.12.2025;;
ПКНФ-001307;15.12.2025;Болт оцинк. М16х80  DIN933;Оцинкованные метизы (ПК КСС);0.012;0.597;;;15.12.2025;;
ПКНФ-001307;15.12.2025;Ниппель приварной (резьба) DN40 1 1/2"" чермет;Черные фланцы и фиттинги (ПК КСС);2;5;;;15.12.2025;;
ПКНФ-001307;15.12.2025;Труба э/с 60х2,6 ГОСТ;Черные трубы, листы, круги (ПК КСС);142;142;;;15.12.2025;;
ПКНФ-001307;15.12.2025;Труба 30х20х2 ГОСТ;Черные трубы, листы, круги (ПК КСС);100;100;;;15.12.2025;;
ПКНФ-001307;15.12.2025;Труба 40х25х2 ГОСТ;Черные трубы, листы, круги (ПК КСС);60;60;;;15.12.2025;;
ПКНФ-001307;15.12.2025;Шаровой кран латунный 1 1/2"" ВР-НР, ручка-рычаг, красный - полнопрох. с полусгоном, MVI BV.920.08;Арматура (ПК КСС);1;2;;;15.12.2025;;
ПКНФ-001307;15.12.2025;Труба АД31Т1 д.20х2х6000мм;Черные трубы, листы, круги (ПК КСС);87;90;;;15.12.2025;;
ПКНФ-001307;15.12.2025;Заглушка для трубы 25х25 мм пластик;Расходные материалы (ПК КСС);2;0;23.04.2024;;15.12.2025;;
ПКНФ-001307;15.12.2025;Затвор поворотный межфланцевый ABRA BUV-VF826D050H DN050 PN16/10 корпус GG25 /диск GGG40 / седло EPD;Арматура (ПК КСС);3;3;;;15.12.2025;;
ПКНФ-001307;15.12.2025;Гибкая вставка эластичная - антивибрационный компенсатор (виброкомпенсатор) DN050 PN10, фланец/флане;Арматура (ПК КСС);3;4;;;15.12.2025;;
ПКНФ-001307;15.12.2025;Шайба оцинк гровер М12 DIN 127;Оцинкованные метизы (ПК КСС);0.004;0.736;;03.06.2024;15.12.2025;;
ПКНФ-001307;15.12.2025;Шайба гроверная оц. Ф16 DIN 127;Оцинкованные метизы (ПК КСС);0.028;0.624;;27.06.2024;15.12.2025;;
ПКНФ-001307;15.12.2025;Труба 60х40х4  ГОСТ 8639-82;Черные трубы, листы, круги (ПК КСС);100;104;;;15.12.2025;;
ПКНФ-001307;15.12.2025;Насос дренажный «Leo» QDX 6-18-0.75А (закрытая крыльчатка) (ПК);Насосы LEO/ОНИС (ПК КСС);1;3;29.01.2026;19.01.2026;15.12.2025;;
ПКНФ-001307;15.12.2025;Обратный клапан с лат. сердечником AquaHit 1 1/2"", MVI CV.320.08;Арматура (ПК КСС);1;11;;;15.12.2025;;
ПКНФ-001307;15.12.2025;Шайба плоская оц. М10  DIN 125;Оцинкованные метизы (ПК КСС);0.028;0.726;;25.08.2025;15.12.2025;;
ПКНФ-001307;15.12.2025;Навесной замок с ключом GPLK-50L;Оцинкованные метизы (ПК КСС);1;85;;20.01.2025;15.12.2025;;
ПКНФ-001307;15.12.2025;Труба 20х20х2 ГОСТ 8639-82;Черные трубы, листы, круги (ПК КСС);130;169.8;;29.01.2024;15.12.2025;;
ПКНФ-001307;15.12.2025;Гайка шестигр. оц М12 DIN934;Оцинкованные метизы (ПК КСС);0.004;1.21;;03.06.2024;15.12.2025;;
ПКНФ-001307;15.12.2025;Гайка шестигр. оц М16  (тыс шт);Оцинкованные метизы (ПК КСС);0.028;0.105;;27.06.2024;15.12.2025;;
ПКНФ-001307;15.12.2025;Труба 40х20х1.5 ГОСТ 8645-68;Черные трубы, листы, круги (ПК КСС);87;87;;;15.12.2025;;
ПКНФ-001307;15.12.2025;Труба ВГП ОЦ 40х3,5 ГОСТ 3262-75 (м);Черные трубы, листы, круги (ПК КСС);0.2;7.8;;;15.12.2025;;
ПКНФ-001307;15.12.2025;Труба 40х20х2 ГОСТ 8639-82;Черные трубы, листы, круги (ПК КСС);33;81;;29.01.2024;15.12.2025;;
ПКНФ-001307;15.12.2025;Труба 60х40х2 ГОСТ 8645-68;Черные трубы, листы, круги (ПК КСС);50;50;;;15.12.2025;;
ПКНФ-001307;15.12.2025;Труба 60х40х3  ГОСТ 8645-68;Черные трубы, листы, круги (ПК КСС);70;102;;;15.12.2025;;
ПКНФ-001307;15.12.2025;Труба 60х60х2  ГОСТ 8639-82;Черные трубы, листы, круги (ПК КСС);13;13;;;15.12.2025;;
ПКНФ-001307;15.12.2025;Шпилька М10 L1000 (А2, DIN975);Нержавеющие метизы (ПК КСС);1;6;;;15.12.2025;;
ПКНФ-001307;15.12.2025;Анкерный болт с гайкой 16*180 HNM тыс;Оцинкованные метизы (ПК КСС);0.02;0.526;;10.06.2024;15.12.2025;;
ПКНФ-001307;15.12.2025;Грибок канализационный;Полиэтелен, корсис, прагма, НПВХ (ПК КСС);1;39;;27.01.2026;15.12.2025;;
ПКНФ-001307;15.12.2025;Манжета резиновая переходная D 110/124 Уп., черн;Полиэтелен, корсис, прагма, НПВХ (ПК КСС);1;64;;;15.12.2025;;
ПКНФ-001307;15.12.2025;Отвод 90 гр. НПВХ DN110;Полиэтелен, корсис, прагма, НПВХ (ПК КСС);1;40;;;15.12.2025;;
ПКНФ-001307;15.12.2025;Прокладка (паронит) 50;Полиэтелен, корсис, прагма, НПВХ (ПК КСС);1;55;;;15.12.2025;;
ПКНФ-001307;15.12.2025;Проушина прямая 30х70мм;Расходные материалы (ПК КСС);2;251;;;15.12.2025;;
ПКНФ-001307;15.12.2025;Труба 110/3,2/0560 наружная канализация;Полиэтелен, корсис, прагма, НПВХ (ПК КСС);2;131;;;15.12.2025;;
ПКНФ-001307;15.12.2025;Труба двустенная для электропроводки d110 с протяжкой(внутр. d94)/ДКС ;Полиэтелен, корсис, прагма, НПВХ (ПК КСС);2;185;;;15.12.2025;;
ПКНФ-001307;15.12.2025;Шайба плоская оц.М16  DIN 125;Оцинкованные метизы (ПК КСС);0.056;1.352;;27.06.2024;15.12.2025;;
ПКНФ-001307;15.12.2025;Электроконвектор ЭВПТ-2,0 IP54;Расходомеры, манометры (ПК КСС);1;0;;22.12.2025;15.12.2025;;
ПКНФ-001308;15.12.2025;Болт оцинк. М16х140 DIN933;Оцинкованные метизы (ПК КСС);0.032;0.279;;;15.12.2025;;
ПКНФ-001308;15.12.2025;Труба PPR SDR 6 PN20 50/8,3/4000 мм, БЕЛАЯ, Pro Aqua PA10014;Полиэтелен, корсис, прагма, НПВХ (ПК КСС);8;29;;;15.12.2025;;
ПКНФ-001308;15.12.2025;Муфта PPR комбинированная 50х1 1/2""НР под ключ, белая, Pro Aqua PA23522P;Полиэтелен, корсис, прагма, НПВХ (ПК КСС);3;8;;;15.12.2025;;
ПКНФ-001308;15.12.2025;Муфта PPR комбинированная 50х1 1/2""ВР под ключ, белая, Pro Aqua PA22522P;Полиэтелен, корсис, прагма, НПВХ (ПК КСС);2;6;;;15.12.2025;;
ПКНФ-001308;15.12.2025;Угольник PPR 50/90°, белый, Pro Aqua PA13016P;Полиэтелен, корсис, прагма, НПВХ (ПК КСС);1;2;;;15.12.2025;;
ПКНФ-001308;15.12.2025;7719.5 корпус - Трубопровод, патрубки;Составные части трубопровода (Пк КСС);1;0;12.01.2026;;15.12.2025;ПКНФ-000030;14.01.2026
ПКНФ-001308;15.12.2025;7719.5 корпус - Лестница;Составные части трубопровода (Пк КСС);1;0;12.01.2026;;15.12.2025;ПКНФ-000029;14.01.2026
ПКНФ-001308;15.12.2025;7719.5 корпус - Рама под установку Балка под крышку Транспортировочные петли Подставки под трубоп;Составные части трубопровода (Пк КСС);1;0;12.01.2026;;15.12.2025;ПКНФ-000031;14.01.2026
ПКНФ-001308;15.12.2025;Установка подачи воды для пожаротушения КСС-П-3 CDM20-5+АВР+2ЭЗ+РК;Установки ВНС и ПНС (ПК КСС);1;0;16.01.2026;;15.12.2025;ПКНФ-000022;12.01.2026
ПКНФ-001308;15.12.2025;Труба 110/3,2/6060 наружная канализация;Полиэтелен, корсис, прагма, НПВХ (ПК КСС);0.4;2;;;15.12.2025;;
ПКНФ-001308;15.12.2025;Шайба гроверная оц.Ф10 DIN 127;Оцинкованные метизы (ПК КСС);0.04;0.112;;;15.12.2025;;
ПКНФ-001308;15.12.2025;Гайка шестигр.М10 оц. DIN934;Оцинкованные метизы (ПК КСС);0.04;0.626;07.10.2024;07.10.2024;15.12.2025;;
ПКНФ-001308;15.12.2025;Скоба такелажная М4;Крепеж и цепи, тали (ПК КСС);4;105;;;15.12.2025;;
ПКНФ-001308;15.12.2025;Болт оцинк. М10х60 DIN933;Оцинкованные метизы (ПК КСС);0.04;0.628;;;15.12.2025;;
ПКНФ-001308;15.12.2025;Болт оцинк. М12х60 DIN933;Оцинкованные метизы (ПК КСС);0.006;0.414;;03.06.2024;15.12.2025;;
ПКНФ-001308;15.12.2025;Шайба плоская оц. М12  DIN 125;Оцинкованные метизы (ПК КСС);0.012;0.751;;03.06.2024;15.12.2025;;
ПКНФ-001308;15.12.2025;Болт оцинк. М20х60 DIN933;Оцинкованные метизы (ПК КСС);0.012;0.376;;;15.12.2025;;
ПКНФ-001308;15.12.2025;Гайка шестигр. оц. М20 DIN 934 тыс шт;Оцинкованные метизы (ПК КСС);0.012;1.235;;27.06.2024;15.12.2025;;
ПКНФ-001308;15.12.2025;Болт оцинк. М16х80  DIN933;Оцинкованные метизы (ПК КСС);0.032;0.597;;;15.12.2025;;
ПКНФ-001308;15.12.2025;Ниппель приварной (резьба) DN40 1 1/2"" чермет;Черные фланцы и фиттинги (ПК КСС);2;5;;;15.12.2025;;
ПКНФ-001308;15.12.2025;Шаровой кран латунный 1 1/2"" ВР-НР, ручка-рычаг, красный - полнопрох. с полусгоном, MVI BV.920.08;Арматура (ПК КСС);1;2;;;15.12.2025;;
ПКНФ-001308;15.12.2025;Шпилька резьб. DIN 975 М8х1000  оц. ;Оцинкованные метизы (ПК КСС);1;69;;;15.12.2025;;
ПКНФ-001308;15.12.2025;Заглушка для трубы 25х25 мм пластик;Расходные материалы (ПК КСС);2;0;23.04.2024;;15.12.2025;;
ПКНФ-001308;15.12.2025;Затвор поворотный межфланцевый ABRA BUV-VF866D150H DN100 PN16/10 корпус GG25 / диск AISI316 / седло ;Арматура (ПК КСС);4;4;;;15.12.2025;;
ПКНФ-001308;15.12.2025;Гибкая вставка эластичная - антивибрационный компенсатор (виброкомпенсатор) DN100 PN10, фланец/флане;Арматура (ПК КСС);4;10;03.05.2024;;15.12.2025;;
ПКНФ-001308;15.12.2025;Шайба оцинк гровер М12 DIN 127;Оцинкованные метизы (ПК КСС);0.006;0.736;;03.06.2024;15.12.2025;;
ПКНФ-001308;15.12.2025;Шайба гроверная оц. Ф16 DIN 127;Оцинкованные метизы (ПК КСС);0.064;0.624;;27.06.2024;15.12.2025;;
ПКНФ-001308;15.12.2025;Насос дренажный «Leo» QDX 6-18-0.75А (закрытая крыльчатка) (ПК);Насосы LEO/ОНИС (ПК КСС);1;3;19.01.2026;19.01.2026;15.12.2025;;
ПКНФ-001308;15.12.2025;Обратный клапан с лат. сердечником AquaHit 1 1/2"", MVI CV.320.08;Арматура (ПК КСС);1;11;;;15.12.2025;;
ПКНФ-001308;15.12.2025;Шайба плоская оц. М10  DIN 125;Оцинкованные метизы (ПК КСС);0.08;0.726;;25.08.2025;15.12.2025;;
ПКНФ-001308;15.12.2025;Навесной замок с ключом GPLK-50L;Оцинкованные метизы (ПК КСС);2;85;;20.01.2025;15.12.2025;;
ПКНФ-001308;15.12.2025;Гайка шестигр. оц М12 DIN934;Оцинкованные метизы (ПК КСС);0.006;1.21;;03.06.2024;15.12.2025;;
ПКНФ-001308;15.12.2025;Гайка шестигр. оц М16  (тыс шт);Оцинкованные метизы (ПК КСС);0.064;0.105;;27.06.2024;15.12.2025;;
ПКНФ-001308;15.12.2025;Труба ВГП ОЦ 40х3,5 ГОСТ 3262-75 (м);Черные трубы, листы, круги (ПК КСС);0.2;7.8;;;15.12.2025;;
ПКНФ-001308;15.12.2025;Шпилька М10 L1000 (А2, DIN975);Нержавеющие метизы (ПК КСС);1;6;;;15.12.2025;;
ПКНФ-001308;15.12.2025;Анкерный болт с гайкой 16*180 HNM тыс;Оцинкованные метизы (ПК КСС);0.022;0.526;;10.06.2024;15.12.2025;;
ПКНФ-001308;15.12.2025;Грибок канализационный;Полиэтелен, корсис, прагма, НПВХ (ПК КСС);2;39;;27.01.2026;15.12.2025;;
ПКНФ-001308;15.12.2025;Карабин винтовой 4 мм;Крепеж и цепи, тали (ПК КСС);4;65;;;15.12.2025;;
ПКНФ-001308;15.12.2025;Манжета резиновая переходная D 110/124 Уп., черн;Полиэтелен, корсис, прагма, НПВХ (ПК КСС);3;64;;;15.12.2025;;
ПКНФ-001308;15.12.2025;Проушина прямая 30х70мм;Расходные материалы (ПК КСС);4;251;;;15.12.2025;;
ПКНФ-001308;15.12.2025;Труба 110/3,2/0560 наружная канализация;Полиэтелен, корсис, прагма, НПВХ (ПК КСС);1;131;;;15.12.2025;;
ПКНФ-001308;15.12.2025;Труба 160/4,0/2000 наружная канализация;Полиэтелен, корсис, прагма, НПВХ (ПК КСС);1;10;;;15.12.2025;;
ПКНФ-001308;15.12.2025;Труба двустенная для электропроводки d110 с протяжкой(внутр. d94)/ДКС ;Полиэтелен, корсис, прагма, НПВХ (ПК КСС);3;185;;;15.12.2025;;
ПКНФ-001308;15.12.2025;Уплотнитель кольцевого пространства марки АктивРинг ТУ 2531-002-58859224-2014 изм. 1 (АР 265 оцинк) ;Полиэтелен, корсис, прагма, НПВХ (ПК КСС);40;40;;;15.12.2025;;
ПКНФ-001308;15.12.2025;Цепь короткозвенная 4мм DIN766 оцинк;Крепеж и цепи, тали (ПК КСС);4;343.66;;05.07.2024;15.12.2025;;
ПКНФ-001308;15.12.2025;Шайба гроверная оц.М20 DIN 127;Оцинкованные метизы (ПК КСС);0.012;1.224;;;15.12.2025;;
ПКНФ-001308;15.12.2025;Шайба плоская оц.М16  DIN 125;Оцинкованные метизы (ПК КСС);0.128;1.352;;27.06.2024;15.12.2025;;
ПКНФ-001308;15.12.2025;Шайба плоская оц.М20  DIN 125;Оцинкованные метизы (ПК КСС);0.024;0.632;;27.06.2024;15.12.2025;;
ПКНФ-001308;15.12.2025;Электроконвектор ЭВПТ-2,0 IP54;Расходомеры, манометры (ПК КСС);1;0;;22.12.2025;15.12.2025;;
ПКНФ-001309;15.12.2025;Труба ПЭ100 для газоснабжения DN/OD 75 SDR 11;Полиэтелен, корсис, прагма, НПВХ (ПК КСС);85;85;;;15.12.2025;;
ПКНФ-001309;15.12.2025;Скоба такелажная М10;Крепеж и цепи, тали (ПК КСС);6;55;;;15.12.2025;;
ПКНФ-001309;15.12.2025;Карабин винтовой 10 мм оц;Крепеж и цепи, тали (ПК КСС);6;10;;;15.12.2025;;
ПКНФ-001309;15.12.2025;Насос 250WQ600-10-22-6PAC(I), 22кВт, без АТМ DN250, 6-и полюс.;Насосы CNP (ПК КСС);2;0;25.02.2026;25.02.2026;15.12.2025;;
ПКНФ-001309;15.12.2025;7038.1 КСС ШУКПП- 2/3 -22кВт +УХЛ1;Шкафы управления (ПК КСС);1;0;;;15.12.2025;;
ПКНФ-001309;15.12.2025;Муфта соединительная ПЭ для гофрированной трубы OD 500;Полиэтелен, корсис, прагма, НПВХ (ПК КСС);1;1;;;15.12.2025;;
ПКНФ-001309;15.12.2025;7038.1 - Трубопровод;Составные части трубопровода (Пк КСС);1;1;;;15.12.2025;ПКНФ-000061;18.01.2026
ПКНФ-001309;15.12.2025;7038.1 - Рама под УПМ, Балка под крышку;Составные части трубопровода (Пк КСС);1;0;13.10.2025;;15.12.2025;ПКНФ-001431;23.12.2025
ПКНФ-001309;15.12.2025;7038.1 - Направляющие под корзину  Площадка Лестница Балка трансп. Корзина;Составные части трубопровода (Пк КСС);1;1;;;15.12.2025;ПКНФ-000062;18.01.2026
ПКНФ-001309;15.12.2025;Болт оцинк. М6х40 DIN 933;Оцинкованные метизы (ПК КСС);0.006;0.158;;;15.12.2025;;
ПКНФ-001309;15.12.2025;Труба э/с 108*4,0 ГОСТ 10704-91;СНГ;0.05;0.062;;;15.12.2025;;
ПКНФ-001309;15.12.2025;Болт М12*40 DIN 933 полная резьба  (А2, 12,0, 45,0, DIN 933) ;Нержавеющие метизы (ПК КСС);6;209;;;15.12.2025;;
ПКНФ-001309;15.12.2025;Скоба такелажная М4;Крепеж и цепи, тали (ПК КСС);12;101;;;15.12.2025;;
ПКНФ-001309;15.12.2025;Труба 25х25х2  ГОСТ;Черные трубы, листы, круги (ПК КСС);100;153;;;15.12.2025;;
ПКНФ-001309;15.12.2025;Болт М24*80 DIN 933 полная резьба  (А2, 24,0, 80,0, DIN 933);Нержавеющие метизы (ПК КСС);8;0;;;15.12.2025;;
ПКНФ-001309;15.12.2025;Труба 60х30х2 ГОСТ 8639-82;Черные трубы, листы, круги (ПК КСС);62;162;;;15.12.2025;;
ПКНФ-001309;15.12.2025;Автоматическая трубная муфта для насоса WQ DN250, TO-250, мощность 0.55кВт и выше;УПМ СNP (ПК КСС);2;2;;;15.12.2025;;
ПКНФ-001309;15.12.2025;Заглушка для трубы 40х40 мм пластик;Расходные материалы (ПК КСС);2;276;;;15.12.2025;;
ПКНФ-001309;15.12.2025;Болт оцинк. М20х60 DIN933;Оцинкованные метизы (ПК КСС);0.012;0.364;;;15.12.2025;;
ПКНФ-001309;15.12.2025;Труба 500/12,3/3000 наружная канализация;Полиэтелен, корсис, прагма, НПВХ (ПК КСС);0.15;0;;;15.12.2025;;
ПКНФ-001309;15.12.2025;Гайка шестигр. оц. М20 DIN 934 тыс шт;Оцинкованные метизы (ПК КСС);0.084;1.223;;27.06.2024;15.12.2025;;
ПКНФ-001309;15.12.2025;Болт оцинк. М16х80  DIN933;Оцинкованные метизы (ПК КСС);0.028;0.565;;;15.12.2025;;
ПКНФ-001309;15.12.2025;Труба э/с 80х3 ГОСТ;Черные трубы, листы, круги (ПК КСС);180;180;;;15.12.2025;;
ПКНФ-001309;15.12.2025;Труба 30х20х2 ГОСТ;Черные трубы, листы, круги (ПК КСС);50;50;;;15.12.2025;;
ПКНФ-001309;15.12.2025;Труба э/с 325х7 ГОСТ 10705-80;Черные трубы, листы, круги (ПК КСС);67;67;;;15.12.2025;;
ПКНФ-001309;15.12.2025;Труба э/с 159х4,5 ГОСТ 10704-91;Черные трубы, листы, круги (ПК КСС);0.015;0.015;;;15.12.2025;;
ПКНФ-001309;15.12.2025;Труба э/с 133х4,0 ГОСТ 10704-91;Черные трубы, листы, круги (ПК КСС);20;33;;;15.12.2025;;
ПКНФ-001309;15.12.2025;Болт оцинк. М20х100 DIN 933;Оцинкованные метизы (ПК КСС);0.072;0.118;;;15.12.2025;;
ПКНФ-001309;15.12.2025;Труба 50х25х2  ГОСТ 8639-82;Черные трубы, листы, круги (ПК КСС);45;190;;;15.12.2025;;
ПКНФ-001309;15.12.2025;Труба 40х25х2 ГОСТ;Черные трубы, листы, круги (ПК КСС);18;31;;;15.12.2025;;
ПКНФ-001309;15.12.2025;Труба АД31Т1 д.20х2х6000мм;Черные трубы, листы, круги (ПК КСС);200;216;;;15.12.2025;;
ПКНФ-001309;15.12.2025;Задвижка 30ч39р Ду250 Pу10 штурвал;Арматура (ПК КСС);2;5;;;15.12.2025;;
ПКНФ-001309;15.12.2025;Заглушка для трубы 25х25 мм пластик;Расходные материалы (ПК КСС);4;0;23.04.2024;;15.12.2025;;
ПКНФ-001309;15.12.2025;Цепь короткозвенная 10мм DIN 766 оцинк;Крепеж и цепи, тали (ПК КСС);15.7;23.5;;;15.12.2025;;
ПКНФ-001309;15.12.2025;Шайба гроверная оц. Ф16 DIN 127;Оцинкованные метизы (ПК КСС);0.028;0.56;;27.06.2024;15.12.2025;;
ПКНФ-001309;15.12.2025;Труба 60х40х4  ГОСТ 8639-82;Черные трубы, листы, круги (ПК КСС);70;74;;;15.12.2025;;
ПКНФ-001309;15.12.2025;Навесной замок с ключом GPLK-50L;Оцинкованные метизы (ПК КСС);2;83;;20.01.2025;15.12.2025;;
ПКНФ-001309;15.12.2025;Труба 20х20х2 ГОСТ 8639-82;Черные трубы, листы, круги (ПК КСС);50;109.8;;29.01.2024;15.12.2025;;
ПКНФ-001309;15.12.2025;Гайка шестигр. оц М16  (тыс шт);Оцинкованные метизы (ПК КСС);0.028;0.041;;27.06.2024;15.12.2025;;
ПКНФ-001309;15.12.2025;Труба 40х20х1.5 ГОСТ 8645-68;Черные трубы, листы, круги (ПК КСС);85;198;;;15.12.2025;;
ПКНФ-001309;15.12.2025;Труба 40х40х2 ГОСТ 8639-82;Черные трубы, листы, круги (ПК КСС);17;144.2;;;15.12.2025;;
ПКНФ-001309;15.12.2025;Труба ВГП ОЦ 40х3 ГОСТ 3262-75 (м);Черные трубы, листы, круги (ПК КСС);20.8;75.2;;;15.12.2025;;
ПКНФ-001309;15.12.2025;Труба 40х40х3 ГОСТ 8639-82;Черные трубы, листы, круги (ПК КСС);62;78.7;;;15.12.2025;;
ПКНФ-001309;15.12.2025;Труба 40х20х2 ГОСТ 8639-82;Черные трубы, листы, круги (ПК КСС);133;226.5;;29.01.2024;15.12.2025;;
ПКНФ-001309;15.12.2025;Труба 60х40х2 ГОСТ 8645-68;Черные трубы, листы, круги (ПК КСС);16;16;;;15.12.2025;;
ПКНФ-001309;15.12.2025;Труба 60х40х3  ГОСТ 8645-68;Черные трубы, листы, круги (ПК КСС);15;47;;;15.12.2025;;
ПКНФ-001309;15.12.2025;Труба 60х60х2  ГОСТ 8639-82;Черные трубы, листы, круги (ПК КСС);153;170;;;15.12.2025;;
ПКНФ-001309;15.12.2025;Шпилька М12 L1000 (А2, DIN975);Нержавеющие метизы (ПК КСС);2;8;;;15.12.2025;;
ПКНФ-001309;15.12.2025;Анкерный болт с гайкой 16*180 HNM тыс;Оцинкованные метизы (ПК КСС);0.022;0.504;;10.06.2024;15.12.2025;;
ПКНФ-001309;15.12.2025;Болт М10*60 DIN 933 полная резьба  (А2, 10,0, 60,0, DIN 933);Нержавеющие метизы (ПК КСС);45;1118;;;15.12.2025;;
ПКНФ-001309;15.12.2025;Болт М16*80 DIN 933 полная резьба  (А2, 16,0, 80,0, DIN 933);Нержавеющие метизы (ПК КСС);24;324;;;15.12.2025;;
ПКНФ-001309;15.12.2025;Гайка М10 DIN 934  (А2, 10,0, DIN 934);Нержавеющие метизы (ПК КСС);45;652;;19.06.2024;15.12.2025;;
ПКНФ-001309;15.12.2025;Гайка М12 DIN 934  (А2, 12,0, DIN 934);Нержавеющие метизы (ПК КСС);14;1056;;;15.12.2025;;
ПКНФ-001309;15.12.2025;Гайка М16 DIN 934  (А2, 16,0, DIN 934);Нержавеющие метизы (ПК КСС);24;384;15.05.2024;25.04.2024;15.12.2025;;
ПКНФ-001309;15.12.2025;Гайка М24 DIN 934  (А2, 24,0, DIN 934);Нержавеющие метизы (ПК КСС);8;790;;08.10.2024;15.12.2025;;
ПКНФ-001309;15.12.2025;Грибок канализационный;Полиэтелен, корсис, прагма, НПВХ (ПК КСС);1;37;;27.01.2026;15.12.2025;;
ПКНФ-001309;15.12.2025;Карабин винтовой 4 мм;Крепеж и цепи, тали (ПК КСС);12;61;;;15.12.2025;;
ПКНФ-001309;15.12.2025;Клапан обратный шаровой DN250 PN10 канализационный;Арматура (ПК КСС);2;5;;;15.12.2025;;
ПКНФ-001309;15.12.2025;Манжета резиновая переходная D 110/124 Уп., черн;Полиэтелен, корсис, прагма, НПВХ (ПК КСС);3;61;;;15.12.2025;;
ПКНФ-001309;15.12.2025;Манжета резиновая переходная D 50/72 Уп., черн;Полиэтелен, корсис, прагма, НПВХ (ПК КСС);1;149;;;15.12.2025;;
ПКНФ-001309;15.12.2025;Отвод 90 гр. НПВХ DN110;Полиэтелен, корсис, прагма, НПВХ (ПК КСС);1;40;;;15.12.2025;;
ПКНФ-001309;15.12.2025;Поплавковый выключатель RL-1 10м;Датчики уровня, преобразователи, реле (ПК КСС);4;57;;05.02.2025;15.12.2025;;
ПКНФ-001309;15.12.2025;Прокладка (паронит) 250;Полиэтелен, корсис, прагма, НПВХ (ПК КСС);8;94;;;15.12.2025;;
ПКНФ-001309;15.12.2025;Проушина прямая 30х70мм;Расходные материалы (ПК КСС);4;247;;;15.12.2025;;
ПКНФ-001309;15.12.2025;Рым-гайка DIN 582 М10;Крепеж и цепи, тали (ПК КСС);6;55;;;15.12.2025;;
ПКНФ-001309;15.12.2025;Рым-гайка DIN 582 М 6;Крепеж и цепи, тали (ПК КСС);0.006;0.071;;17.02.2025;15.12.2025;;
ПКНФ-001309;15.12.2025;Труба 110/3,2/0560 наружная канализация;Полиэтелен, корсис, прагма, НПВХ (ПК КСС);2;130;;;15.12.2025;;
ПКНФ-001309;15.12.2025;Труба двустенная для электропроводки d110 с протяжкой(внутр. d94)/ДКС ;Полиэтелен, корсис, прагма, НПВХ (ПК КСС);3;182;;;15.12.2025;;
ПКНФ-001309;15.12.2025;Труба двустенная для электропроводки d50 с протяжкой(внутр. d41,5) [ДКС] (код 19735) 121950;Полиэтелен, корсис, прагма, НПВХ (ПК КСС);3;114;;;15.12.2025;;
ПКНФ-001309;15.12.2025;Цепь короткозвенная 4мм DIN766 оцинк;Крепеж и цепи, тали (ПК КСС);22;339.66;;05.07.2024;15.12.2025;;
ПКНФ-001309;15.12.2025;Шайба  гровер М12 DIN 127 (А2, DIN 127);Нержавеющие метизы (ПК КСС);14;922.964;;;15.12.2025;;
ПКНФ-001309;15.12.2025;Шайба гровер М24 DIN 127 (А2, DIN 127);Нержавеющие метизы (ПК КСС);8;453;;08.10.2024;15.12.2025;;
ПКНФ-001309;15.12.2025;Шайба гроверная оц.М20 DIN 127;Оцинкованные метизы (ПК КСС);0.084;1.212;;;15.12.2025;;
ПКНФ-001309;15.12.2025;Шайба М10 DIN 125  (А2, DIN 125);Нержавеющие метизы (ПК КСС);90;54;;;15.12.2025;;
ПКНФ-001309;15.12.2025;Шайба  гровер М10 DIN 127 (А2, DIN 127);Нержавеющие метизы (ПК КСС);45;0;;;15.12.2025;;
ПКНФ-001309;15.12.2025;Шайба М12 DIN 125  (А2, DIN 125);Нержавеющие метизы (ПК КСС);28;519;;;15.12.2025;;
ПКНФ-001309;15.12.2025;Шайба М16 DIN 125  (А2, DIN 125);Нержавеющие метизы (ПК КСС);48;995;;;15.12.2025;;
ПКНФ-001309;15.12.2025;Шайба гровер М16 DIN 127 (А2, DIN 127);Нержавеющие метизы (ПК КСС);24;1848;;;15.12.2025;;
ПКНФ-001309;15.12.2025;Шайба М24 DIN 125  (А2, DIN 125);Нержавеющие метизы (ПК КСС);16;932;;;15.12.2025;;
ПКНФ-001309;15.12.2025;Шайба плоская оц. М6 DIN 125;Оцинкованные метизы (ПК КСС);0.006;0.618;;25.08.2025;15.12.2025;;
ПКНФ-001309;15.12.2025;Шайба плоская оц.М16  DIN 125;Оцинкованные метизы (ПК КСС);0.056;1.34;;27.06.2024;15.12.2025;;
ПКНФ-001309;15.12.2025;Шайба плоская оц.М20  DIN 125;Оцинкованные метизы (ПК КСС);0.168;0.608;;27.06.2024;15.12.2025;;
ПКНФ-001310;15.12.2025;7038.2 КСС ШУКПП- 2/3 -7,5кВт +УХЛ1;Шкафы управления (ПК КСС);1;0;;;15.12.2025;;
ПКНФ-001310;15.12.2025;Насос 100WQ70-17-7.5ACW(I), 7.5кВт, без АТМ DN100, с реж.механизмом, 2-х полюс.;Насосы CNP (ПК КСС);2;0;09.02.2026;09.02.2026;15.12.2025;;
ПКНФ-001310;15.12.2025;Болт оцинк. М6х40 DIN 933;Оцинкованные метизы (ПК КСС);0.006;0.158;;;15.12.2025;;
ПКНФ-001310;15.12.2025;Автоматическая трубная муфта для насоса WQ DN100, TOS-100, мощность до 15кВт включительно (ПК);УПМ СNP (ПК КСС);2;2;;;15.12.2025;;
ПКНФ-001310;15.12.2025;Труба э/с 108*4,0 ГОСТ 10704-91;СНГ;0.012;0.062;;;15.12.2025;;
ПКНФ-001310;15.12.2025;Болт М12*40 DIN 933 полная резьба  (А2, 12,0, 45,0, DIN 933) ;Нержавеющие метизы (ПК КСС);4;209;;;15.12.2025;;
ПКНФ-001310;15.12.2025;Скоба такелажная М4;Крепеж и цепи, тали (ПК КСС);6;101;;;15.12.2025;;
ПКНФ-001310;15.12.2025;Труба 25х25х2  ГОСТ;Черные трубы, листы, круги (ПК КСС);40;153;;;15.12.2025;;
ПКНФ-001310;15.12.2025;Труба 60х30х2 ГОСТ 8639-82;Черные трубы, листы, круги (ПК КСС);100;162;;;15.12.2025;;
ПКНФ-001310;15.12.2025;Заглушка для трубы 40х40 мм пластик;Расходные материалы (ПК КСС);2;276;;;15.12.2025;;
ПКНФ-001310;15.12.2025;Болт оцинк. М20х60 DIN933;Оцинкованные метизы (ПК КСС);0.012;0.364;;;15.12.2025;;
ПКНФ-001310;15.12.2025;Гайка шестигр. оц. М20 DIN 934 тыс шт;Оцинкованные метизы (ПК КСС);0.012;1.223;;27.06.2024;15.12.2025;;
ПКНФ-001310;15.12.2025;Болт оцинк. М16х80  DIN933;Оцинкованные метизы (ПК КСС);0.068;0.565;;;15.12.2025;;
ПКНФ-001310;15.12.2025;7038.2 - Трубопровод ;Составные части трубопровода (Пк КСС);1;1;;;15.12.2025;ПКНФ-001378;22.12.2025
ПКНФ-001310;15.12.2025;7038.2 - Рама под УПМ Балка под крышку;Составные части трубопровода (Пк КСС);1;0;13.10.2025;;15.12.2025;ПКНФ-001380;22.12.2025
ПКНФ-001310;15.12.2025;7038.2 - Направляющие под корзину  Площадка Лестница Балка транспортировочная Корзина;Составные части трубопровода (Пк КСС);1;1;;;15.12.2025;ПКНФ-001381;22.12.2025
ПКНФ-001310;15.12.2025;Муфта Икапласт DN/OD 250;Полиэтелен, корсис, прагма, НПВХ (ПК КСС);1;1;;;15.12.2025;;
ПКНФ-001310;15.12.2025;Труба э/с 60х2,6 ГОСТ;Черные трубы, листы, круги (ПК КСС);16;16;;;15.12.2025;;
ПКНФ-001310;15.12.2025;Труба 250/6,2/3000 наружная канализация;Полиэтелен, корсис, прагма, НПВХ (ПК КСС);0.2;2.65;;;15.12.2025;;
ПКНФ-001310;15.12.2025;Труба э/с 133х4,0 ГОСТ 10704-91;Черные трубы, листы, круги (ПК КСС);13;33;;;15.12.2025;;
ПКНФ-001310;15.12.2025;Труба 50х25х2  ГОСТ 8639-82;Черные трубы, листы, круги (ПК КСС);118;190;;;15.12.2025;;
ПКНФ-001310;15.12.2025;Труба 40х25х2 ГОСТ;Черные трубы, листы, круги (ПК КСС);13;31;;;15.12.2025;;
ПКНФ-001310;15.12.2025;Труба АД31Т1 д.20х2х6000мм;Черные трубы, листы, круги (ПК КСС);13;216;;;15.12.2025;;
ПКНФ-001310;15.12.2025;Заглушка для трубы 25х25 мм пластик;Расходные материалы (ПК КСС);2;0;23.04.2024;;15.12.2025;;
ПКНФ-001310;15.12.2025;Шайба гроверная оц. Ф16 DIN 127;Оцинкованные метизы (ПК КСС);0.068;0.56;;27.06.2024;15.12.2025;;
ПКНФ-001310;15.12.2025;Навесной замок с ключом GPLK-50L;Оцинкованные метизы (ПК КСС);1;83;;20.01.2025;15.12.2025;;
ПКНФ-001310;15.12.2025;Труба 20х20х2 ГОСТ 8639-82;Черные трубы, листы, круги (ПК КСС);20;109.8;;29.01.2024;15.12.2025;;
ПКНФ-001310;15.12.2025;Гайка шестигр. оц М16  (тыс шт);Оцинкованные метизы (ПК КСС);0.068;0.041;;27.06.2024;15.12.2025;;
ПКНФ-001310;15.12.2025;Труба 40х20х1.5 ГОСТ 8645-68;Черные трубы, листы, круги (ПК КСС);113;198;;;15.12.2025;;
ПКНФ-001310;15.12.2025;Труба 40х40х2 ГОСТ 8639-82;Черные трубы, листы, круги (ПК КСС);30;144.2;;;15.12.2025;;
ПКНФ-001310;15.12.2025;Труба ВГП ОЦ 50х3,5  ГОСТ 3262-75 (м);Черные трубы, листы, круги (ПК КСС);23.2;107;11.11.2025;11.11.2025;15.12.2025;;
ПКНФ-001310;15.12.2025;Труба 40х20х2 ГОСТ 8639-82;Черные трубы, листы, круги (ПК КСС);64;226.5;;29.01.2024;15.12.2025;;
ПКНФ-001310;15.12.2025;Труба 60х60х2  ГОСТ 8639-82;Черные трубы, листы, круги (ПК КСС);17;170;;;15.12.2025;;
ПКНФ-001310;15.12.2025;Шпилька М10 L1000 (А2, DIN975);Нержавеющие метизы (ПК КСС);1;5;;;15.12.2025;;
ПКНФ-001310;15.12.2025;Анкерный болт с гайкой 16*180 HNM тыс;Оцинкованные метизы (ПК КСС);0.016;0.504;;10.06.2024;15.12.2025;;
ПКНФ-001310;15.12.2025;Болт М10*60 DIN 933 полная резьба  (А2, 10,0, 60,0, DIN 933);Нержавеющие метизы (ПК КСС);40;1118;;;15.12.2025;;
ПКНФ-001310;15.12.2025;Болт М16*80 DIN 933 полная резьба  (А2, 16,0, 80,0, DIN 933);Нержавеющие метизы (ПК КСС);16;324;;;15.12.2025;;
ПКНФ-001310;15.12.2025;Гайка М10 DIN 934  (А2, 10,0, DIN 934);Нержавеющие метизы (ПК КСС);44;652;;19.06.2024;15.12.2025;;
ПКНФ-001310;15.12.2025;Гайка М12 DIN 934  (А2, 12,0, DIN 934);Нержавеющие метизы (ПК КСС);4;1056;;;15.12.2025;;
ПКНФ-001310;15.12.2025;Гайка М16 DIN 934  (А2, 16,0, DIN 934);Нержавеющие метизы (ПК КСС);16;384;15.05.2024;25.04.2024;15.12.2025;;
ПКНФ-001310;15.12.2025;Грибок канализационный;Полиэтелен, корсис, прагма, НПВХ (ПК КСС);1;37;;27.01.2026;15.12.2025;;
ПКНФ-001310;15.12.2025;Задвижка клиновая Ду100 Ру16 штурвал 30ч39р;Арматура (ПК КСС);2;8;;;15.12.2025;;
ПКНФ-001310;15.12.2025;Карабин винтовой 4 мм;Крепеж и цепи, тали (ПК КСС);6;61;;;15.12.2025;;
ПКНФ-001310;15.12.2025;Карабин винтовой 6 мм;Водоподготовка (ПК КСС);6;119;;;15.12.2025;;
ПКНФ-001310;15.12.2025;Клапан обратный шаровой DN100 PN16 канализационный;Арматура (ПК КСС);2;6;;;15.12.2025;;
ПКНФ-001310;15.12.2025;Манжета резиновая переходная D 110/124 Уп., черн;Полиэтелен, корсис, прагма, НПВХ (ПК КСС);2;61;;;15.12.2025;;
ПКНФ-001310;15.12.2025;Манжета резиновая переходная D 50/72 Уп., черн;Полиэтелен, корсис, прагма, НПВХ (ПК КСС);1;149;;;15.12.2025;;
ПКНФ-001310;15.12.2025;Отвод 90 гр. НПВХ DN110;Полиэтелен, корсис, прагма, НПВХ (ПК КСС);1;40;;;15.12.2025;;
ПКНФ-001310;15.12.2025;Поплавковый выключатель RL-1 10м;Датчики уровня, преобразователи, реле (ПК КСС);4;57;;05.02.2025;15.12.2025;;
ПКНФ-001310;15.12.2025;Прокладка (паронит) 100;Полиэтелен, корсис, прагма, НПВХ (ПК КСС);8;86;;;15.12.2025;;
ПКНФ-001310;15.12.2025;Проушина прямая 30х70мм;Расходные материалы (ПК КСС);2;247;;;15.12.2025;;
ПКНФ-001310;15.12.2025;Рым-гайка DIN 582 М10;Крепеж и цепи, тали (ПК КСС);6;55;;;15.12.2025;;
ПКНФ-001310;15.12.2025;Рым-гайка DIN 582 М 6;Крепеж и цепи, тали (ПК КСС);0.006;0.071;;17.02.2025;15.12.2025;;
ПКНФ-001310;15.12.2025;Скоба такелажная М6;Крепеж и цепи, тали (ПК КСС);6;54.1;;03.07.2025;15.12.2025;;
ПКНФ-001310;15.12.2025;Труба 110/3,2/0560 наружная канализация;Полиэтелен, корсис, прагма, НПВХ (ПК КСС);2;130;;;15.12.2025;;
ПКНФ-001310;15.12.2025;Труба двустенная для электропроводки d110 с протяжкой(внутр. d94)/ДКС ;Полиэтелен, корсис, прагма, НПВХ (ПК КСС);3;182;;;15.12.2025;;
ПКНФ-001310;15.12.2025;Труба двустенная для электропроводки d50 с протяжкой(внутр. d41,5) [ДКС] (код 19735) 121950;Полиэтелен, корсис, прагма, НПВХ (ПК КСС);3;114;;;15.12.2025;;
ПКНФ-001310;15.12.2025;Цепь короткозвенная 4мм DIN766 оцинк;Крепеж и цепи, тали (ПК КСС);12.4;339.66;;05.07.2024;15.12.2025;;
ПКНФ-001310;15.12.2025;Цепь Т6-6х18 мм ГОСТ 30441-97 (покрытие хим.окс.);Крепеж и цепи, тали (ПК КСС);18.6;23.1;;;15.12.2025;;
ПКНФ-001310;15.12.2025;Шайба  гровер М12 DIN 127 (А2, DIN 127);Нержавеющие метизы (ПК КСС);4;922.964;;;15.12.2025;;
ПКНФ-001310;15.12.2025;Шайба гроверная оц.М20 DIN 127;Оцинкованные метизы (ПК КСС);0.012;1.212;;;15.12.2025;;
ПКНФ-001310;15.12.2025;Шайба М10 DIN 125  (А2, DIN 125);Нержавеющие метизы (ПК КСС);88;54;;;15.12.2025;;
ПКНФ-001310;15.12.2025;Шайба  гровер М10 DIN 127 (А2, DIN 127);Нержавеющие метизы (ПК КСС);44;0;;;15.12.2025;;
ПКНФ-001310;15.12.2025;Шайба М12 DIN 125  (А2, DIN 125);Нержавеющие метизы (ПК КСС);8;519;;;15.12.2025;;
ПКНФ-001310;15.12.2025;Шайба М16 DIN 125  (А2, DIN 125);Нержавеющие метизы (ПК КСС);32;995;;;15.12.2025;;
ПКНФ-001310;15.12.2025;Шайба гровер М16 DIN 127 (А2, DIN 127);Нержавеющие метизы (ПК КСС);16;1848;;;15.12.2025;;
ПКНФ-001310;15.12.2025;Шайба плоская оц. М6 DIN 125;Оцинкованные метизы (ПК КСС);0.006;0.618;;25.08.2025;15.12.2025;;
ПКНФ-001310;15.12.2025;Шайба плоская оц.М16  DIN 125;Оцинкованные метизы (ПК КСС);0.136;1.34;;27.06.2024;15.12.2025;;
ПКНФ-001310;15.12.2025;Шайба плоская оц.М20  DIN 125;Оцинкованные метизы (ПК КСС);0.024;0.608;;27.06.2024;15.12.2025;;
ПКНФ-001311;15.12.2025;MES 120.60.30, Шкаф компактный распределительный 1200х600х300;Корпусы для ШУ;1;2;;;15.12.2025;;
ПКНФ-001311;15.12.2025;ID 120.60, Дверь внутренняя;Корпусы для ШУ;1;2;;;15.12.2025;;
ПКНФ-001311;15.12.2025;Устройство плавного пуска ESQ-GS9-037 (74A, 380В, 37 кВт, встроенный шунтирующий контактор);Электротовары КСС ШУ;2;4;;;15.12.2025;;
ПКНФ-001311;15.12.2025;Кабель-канал перфорированный 40х60 L2000 RL6 G DKC 01163RL;Электротовары КСС ШУ;3.5;50;;;15.12.2025;;
ПКНФ-001311;15.12.2025;Матрица светодиодная AD16-22HS крас. EKF ledm-ad16-r;Электротовары КСС ШУ;3;4;;;15.12.2025;;
ПКНФ-001311;15.12.2025;Матрица светодиодная AD16-22HS 230В AC IP65 зел. PROxima EKF ledm-ad16-g-65;Электротовары КСС ШУ;5;167;;;15.12.2025;;
ПКНФ-001311;15.12.2025;Провод ПУГВнг(А)-LS 1х0,5 С;Электротовары КСС ШУ;24;1511;;;15.12.2025;;
ПКНФ-001311;15.12.2025;Наконечник штыревой втулочный изол. НШвИ(2) 0.5-8 (уп.50шт);Электротовары КСС ШУ;58;3440;;;15.12.2025;;
ПКНФ-001311;15.12.2025;Знак ""Земля"" круглый d20мм EKF an-1-04;Электротовары КСС ШУ;2;0;;;15.12.2025;;
ПКНФ-001311;15.12.2025;Наконечник кольцевой изол. НКИ 1.5-6 (уп.50шт);Электротовары КСС ШУ;4;0;;;15.12.2025;;
ПКНФ-001311;15.12.2025;Выключатель автоматический модульный 3п C 6А 4.5кА ВА 47-63;Электротовары КСС ШУ;1;73;;;15.12.2025;;
ПКНФ-001311;15.12.2025;Трубка термоусадочная ТТУ нг-LS 2/1 красн. 1м IEK UDRS-D2-1-K04;Электротовары КСС ШУ;1;82.75;;;15.12.2025;;
ПКНФ-001311;15.12.2025;Трубка термоусадочная ТТУ нг-LS 2/1 желт. 1м IEK UDRS-D2-1-K05;Электротовары КСС ШУ;1.5;75.5;;;15.12.2025;;
ПКНФ-001311;15.12.2025;Трубка термоусадочная ТТУ нг-LS 2/1 зел. 1м IEK UDRS-D2-1-K06;Электротовары КСС ШУ;1;172.75;;;15.12.2025;;
ПКНФ-001311;15.12.2025;Ограничитель на DIN-рейку 1 винт HDW-211;Электротовары КСС ШУ;30;0;;;15.12.2025;;
ПКНФ-001311;15.12.2025;Выключатель автоматический модульный 1п C 6А 4.5кА ВА 47-63;Электротовары КСС ШУ;7;140;;;15.12.2025;;
ПКНФ-001311;15.12.2025;Кабель-канал перфорированный 25х40 L2000 RL6 G DKC 01163RL;Электротовары КСС ШУ;1.5;21.25;;;15.12.2025;;
ПКНФ-001311;15.12.2025;Держатель маркировки LH 20х25мм;Электротовары КСС ШУ;13;384;;;15.12.2025;;
ПКНФ-001311;15.12.2025;Символ ""Молния"" (треугольник) 50х50х50мм;Электротовары КСС ШУ;1;50;;;15.12.2025;;
ПКНФ-001311;15.12.2025;Термостат NO+NC (охлаждение и обогрев) на DIN-рейку 10A 230В IP20;Электротовары КСС ШУ;1;23;;;15.12.2025;;
ПКНФ-001311;15.12.2025;Саморез 4.2х25 металл-металл с прессшайбой сверло цинк (уп.200шт);Электротовары КСС ШУ;10;512;;;15.12.2025;;
ПКНФ-001311;15.12.2025;Переключатель BG33 3P 2NO короткая ручка;Электротовары КСС ШУ;2;0;;;15.12.2025;;
ПКНФ-001311;15.12.2025;DIN-рейка перфорированная L2000 1мм 35х7,5;Электротовары КСС ШУ;2;8.75;;;15.12.2025;;
ПКНФ-001311;15.12.2025;Шайба гроверная оц.М6 DIN 127;Оцинкованные метизы (ПК КСС);0.002;0;;22.01.2026;15.12.2025;;
ПКНФ-001311;15.12.2025;Наконечник медный луженый ТМЛ 16-8-6 (90гр);Электротовары КСС ШУ;8;342;;;15.12.2025;;
ПКНФ-001311;15.12.2025;Устройство плавного пуска ESQ-GS9-045 (90А, 380В, 45кВт, встроенный шунтирующий контактор);Электротовары КСС ШУ;1;5;;;15.12.2025;;
ПКНФ-001311;15.12.2025;Выключатель автоматический для защиты двигателя 40-63А NS2-80B (R) CHINT 495088;Электротовары КСС ШУ;2;5;;;15.12.2025;;
ПКНФ-001311;15.12.2025;Контакт дополнительный NS2-AU11 для NS2-80B (длинный шток) (R) CHINT 495972;Электротовары КСС ШУ;3;12;;09.02.2026;15.12.2025;;
ПКНФ-001311;15.12.2025;Колодка клеммная JXB-2.5/35 серая;Электротовары КСС ШУ;26;0;;;15.12.2025;;
ПКНФ-001311;15.12.2025;Заглушка для JXB-2,5/35 серая;Электротовары КСС ШУ;3;0;;;15.12.2025;;
ПКНФ-001311;15.12.2025;Колодка клеммная JXB-35/35 синяя;Электротовары КСС ШУ;2;80;;;15.12.2025;;
ПКНФ-001311;15.12.2025;Сальник PG 29 (d проводника 18-24мм, D резьбовой 36мм) IP54;Электротовары КСС ШУ;2;0;;;15.12.2025;;
ПКНФ-001311;15.12.2025;Колодка клеммная JXB-16/35 серая;Электротовары КСС ШУ;6;0;;;15.12.2025;;
ПКНФ-001311;15.12.2025;Сальник PG 9;Электротовары КСС ШУ;4;955;;;15.12.2025;;
ПКНФ-001311;15.12.2025;Провод ПуГВнг(А)-LS 1х16 С;Электротовары КСС ШУ;3;11;;;15.12.2025;;
ПКНФ-001311;15.12.2025;Наконечник штыревой втулочный изол. НШвИ 16.0-12 (уп.50шт);Электротовары КСС ШУ;30;922;;;15.12.2025;;
ПКНФ-001311;15.12.2025;Хомут 2,5х150 нейл. (уп.100 шт);Электротовары КСС ШУ;50;0;;;15.12.2025;;
ПКНФ-001311;15.12.2025;Трубка термоус. ТУТ (HF)-16/8, красн. (уп.50м);Электротовары КСС ШУ;1;37;;;15.12.2025;;
ПКНФ-001311;15.12.2025;Сальник PG 42 32-38мм IP54;Электротовары КСС ШУ;1;63;;;15.12.2025;;
ПКНФ-001311;15.12.2025;Выключатель нагрузки 3п 63А ВН-63N;Электротовары КСС ШУ;1;20;;;15.12.2025;;
ПКНФ-001311;15.12.2025;Обогреватель на DIN-рейку клеммный 60Вт 230В IP20;Электротовары КСС ШУ;1;5;;;15.12.2025;;
ПКНФ-001311;15.12.2025;Лента двусторонняя клейкая (скотч), 20 ммх5 м, прозрачная;Электротовары КСС ШУ;2;24;;;15.12.2025;;
ПКНФ-001311;15.12.2025;Лента двусторонняя клейкая (скотч), 12 ммх5 м, прозрачная;Электротовары КСС ШУ;2;34;;;15.12.2025;;
ПКНФ-001311;15.12.2025;Реле контроля наличия и чередования фаз CKF-318-1;Электротовары КСС ШУ;1;46;;;15.12.2025;;
ПКНФ-001311;15.12.2025;Наконечник штыревой втулочный изол. НШвИ 0.5-8 (уп.50шт);Электротовары КСС ШУ;125;15573;;;15.12.2025;;
ПКНФ-001311;15.12.2025;Саморез 4.2х13 металл-металл с прессшайбой сверло цинк (уп.200шт);Электротовары КСС ШУ;42;782.91;;;15.12.2025;;
ПКНФ-001311;15.12.2025;Маркер для кабеля 0.5-1.5мм символ ""1"" (уп.200шт) ДКС;Электротовары КСС ШУ;52;9505;;;15.12.2025;;
ПКНФ-001311;15.12.2025;Маркер для кабеля 0.5-1.5мм символ ""2"" (уп.200шт) ДКС;Электротовары КСС ШУ;68;4987;;;15.12.2025;;
ПКНФ-001311;15.12.2025;Маркер для кабеля 0.5-1.5мм символ ""3"" (уп.200шт) ДКС;Электротовары КСС ШУ;69;5201;;;15.12.2025;;
ПКНФ-001311;15.12.2025;Маркер для JXB с нумерацией 1-50 (уп.100шт);Электротовары КСС ШУ;100;10797;;;15.12.2025;;
ПКНФ-001311;15.12.2025;Сальник PG 16 10-14мм IP54;Электротовары КСС ШУ;2;202;;;15.12.2025;;
ПКНФ-001311;15.12.2025;Вентилятор с фильтром 52 м3/ч 124х124 мм;Электротовары КСС ШУ;1;12;;12.10.2025;15.12.2025;;
ПКНФ-001311;15.12.2025;Решетка вентиляционная с фильтром 124x124мм IP54;Электротовары КСС ШУ;1;6;;12.10.2025;15.12.2025;;
ПКНФ-001311;15.12.2025;Болт оцинк. М6х20 DIN 933;Оцинкованные метизы (ПК КСС);0.002;0.065;;;15.12.2025;;
ПКНФ-001311;15.12.2025;Гайка оцинк. DIN 934 М6;Оцинкованные метизы (ПК КСС);0.002;0;;04.03.2025;15.12.2025;;
ПКНФ-001311;15.12.2025;RKE4CO024LT Реле 4CO, 5A (250VAC/30VDC), 24VDC, мех. индикация, тест-кнопка с блокировкой, LED;Электротовары КСС ШУ;3;103;;;15.12.2025;;
ПКНФ-001311;15.12.2025;Блок автоматики KQ1010;Электротовары КСС ШУ;2;3;;;15.12.2025;;
ПКНФ-001311;15.12.2025;Зажим наборный ЗНИ-35PEN 35мм2 (JXB-земля);Электротовары КСС ШУ;2;33;;;15.12.2025;;
ПКНФ-001311;15.12.2025;Лампа AD-22DS(LED) матрица d22мм желтый 230В;Электротовары КСС ШУ;1;143;;;15.12.2025;;
ПКНФ-001311;15.12.2025;Маркер для кабеля 0.5-1.5мм символ ""0"" (уп.200шт) ДКС;Электротовары КСС ШУ;79;6900;;;15.12.2025;;
ПКНФ-001311;15.12.2025;Маркер для кабеля 0.5-1.5мм символ ""4"" (уп.200шт) ДКС;Электротовары КСС ШУ;58;1236;;;15.12.2025;;
ПКНФ-001311;15.12.2025;Маркер для кабеля 0.5-1.5мм символ ""5"" (уп.200шт) ДКС;Электротовары КСС ШУ;54;6023;;;15.12.2025;;
ПКНФ-001311;15.12.2025;Маркер для кабеля 0.5-1.5мм символ ""6"" (уп.200шт) ДКС;Электротовары КСС ШУ;47;5909;;;15.12.2025;;
ПКНФ-001311;15.12.2025;Маркер для кабеля 0.5-1.5мм символ ""7"" (уп.200шт) ДКС;Электротовары КСС ШУ;56;1957;;;15.12.2025;;
ПКНФ-001311;15.12.2025;Маркер для кабеля 0.5-1.5мм символ ""8"" (уп.200шт) ДКС;Электротовары КСС ШУ;67;1323;;;15.12.2025;;
ПКНФ-001311;15.12.2025;Маркер для кабеля 0.5-1.5мм символ ""9"" (уп.200шт) ДКС;Электротовары КСС ШУ;68;1239;;;15.12.2025;;
ПКНФ-001311;15.12.2025;Маркер для JXB с нумерацией 1-10 (уп.100шт);Электротовары КСС ШУ;100;5701;;;15.12.2025;;
ПКНФ-001311;15.12.2025;Провод ПУГВнг(А)-LS 1х0,5 Б;Электротовары КСС ШУ;98;3808;;;15.12.2025;;
ПКНФ-001311;15.12.2025;Провод ПУГВнг(А)-LS 1х0,5 К;Электротовары КСС ШУ;21;1494;;;15.12.2025;;
ПКНФ-001311;15.12.2025;Провод ПУГВнг(А)-LS 1х0,5 Ч;Электротовары КСС ШУ;27;1402;;;15.12.2025;;
ПКНФ-001311;15.12.2025;Провод ПУГВнг(А)-LS 1х1,5 ж/з;Электротовары КСС ШУ;3;516.8;;;15.12.2025;;
ПКНФ-001311;15.12.2025;Провод ПуГВнг(А)-LS 1х16 Б;Электротовары КСС ШУ;26;0;;;15.12.2025;;
ПКНФ-001311;15.12.2025;Программируемое реле ПР200-24.2.2.0;Электротовары КСС ШУ;1;6;;;15.12.2025;;
ПКНФ-001311;15.12.2025;Блок распределительный КРОСС крепеж на панель и DIN КБР-160А;Электротовары КСС ШУ;5;66;;;15.12.2025;;
ПКНФ-001311;15.12.2025;Реле RFT2CO730LT, 2CO, 8A(250VAC/30VDC), 230VAC, LED, мех. инд., тест-кнопка;Электротовары КСС ШУ;2;71;;;15.12.2025;;
ПКНФ-001311;15.12.2025;Спираль монтажная СМ-06-04 (10м);Электротовары КСС ШУ;0.2;5.241;;;15.12.2025;;
ПКНФ-001311;15.12.2025;Трубка термоус. ТУТ (HF)-16/8, желт. (уп.50м) (КВТ);Электротовары КСС ШУ;1;37;;;15.12.2025;;
ПКНФ-001311;15.12.2025;Трубка термоус. ТУТ (HF)-16/8, зел. (уп.50м) КВТ;Электротовары КСС ШУ;1;87;;;15.12.2025;;
ПКНФ-001311;15.12.2025;Цоколь SKC14-E, 10A(300V), черный, на рейку DIN35/панель, для RKE4CO, RKF4CO;Электротовары КСС ШУ;3;7;;;15.12.2025;;
ПКНФ-001311;15.12.2025;Цоколь SRU08-E, 10A(300V), черный, на рейку DIN35/панель, для RFT2CO;Электротовары КСС ШУ;2;0;;;15.12.2025;;
ПКНФ-001311;15.12.2025;Шайба плоская оц. М6 DIN 125;Оцинкованные метизы (ПК КСС);0.002;0.138;;25.08.2025;15.12.2025;;
ПКНФ-001311;15.12.2025;HDR-30-24 Блок питания, 24В,1.5А,36Вт;Электротовары КСС ШУ;1;16;;;15.12.2025;;
ПКНФ-001315;15.12.2025;Шайба гроверная оц.Ф10 DIN 127;Оцинкованные метизы (ПК КСС);0.022;0.072;;;15.12.2025;;
ПКНФ-001315;15.12.2025;Гайка шестигр.М10 оц. DIN934;Оцинкованные метизы (ПК КСС);0.022;0.586;07.10.2024;07.10.2024;15.12.2025;;
ПКНФ-001315;15.12.2025;7417 - Лестницы;Составные части трубопровода (Пк КСС);6;6;;;15.12.2025;ПКНФ-001368;18.12.2025
ПКНФ-001315;15.12.2025;Болт оцинк. 10х40 DIN933;Оцинкованные метизы (ПК КСС);0.022;0.057;;;15.12.2025;;
ПКНФ-001315;15.12.2025;Сигнализатор уровня. Комплект LS-1 (для жира и масла LC-21-ОLS-01 с кабелем 20 м);Датчики уровня, преобразователи, реле (ПК КСС);1;3;;;15.12.2025;;
ПКНФ-001315;15.12.2025;Заглушка для трубы 25х25 мм пластик;Расходные материалы (ПК КСС);8;0;23.04.2024;;15.12.2025;;
ПКНФ-001315;15.12.2025;Шайба плоская оц. М10  DIN 125;Оцинкованные метизы (ПК КСС);0.022;0.646;;25.08.2025;15.12.2025;;
ПКНФ-001315;15.12.2025;Профиль стоечный 0,6 мм 50х50х3000 мм;Расходные материалы (ПК КСС);4;32;;;15.12.2025;;
ПКНФ-001315;15.12.2025;Труба 315/7,7/2000 наружная канализация;Полиэтелен, корсис, прагма, НПВХ (ПК КСС);3;3;;;15.12.2025;;
ПКНФ-001315;15.12.2025;Пуролат-Стандарт"" из антрацита фр.3,0-7,0 мм с учетом упаковки (полиэтиленовые мешки по 22,5кг (25 л;Засыпки и сорбенты для ЛОС, Водоподготовка;0.69;2.615;;;15.12.2025;;
ПКНФ-001315;15.12.2025;Песок кварцевый фр. 10,0-20,0;Засыпки и сорбенты для ЛОС, Водоподготовка;30.75;21.15;30.01.2026;30.01.2026;15.12.2025;;
ПКНФ-001315;15.12.2025;Заглушка НПВХ DN110;Полиэтелен, корсис, прагма, НПВХ (ПК КСС);1;25;;;15.12.2025;;
ПКНФ-001315;15.12.2025;Грибок канализационный;Полиэтелен, корсис, прагма, НПВХ (ПК КСС);3;37;;27.01.2026;15.12.2025;;
ПКНФ-001315;15.12.2025;Коалесцентный модуль 3М-ОДГ-60/25/0,5;Засыпки и сорбенты для ЛОС, Водоподготовка;72;76;;;15.12.2025;;
ПКНФ-001315;15.12.2025;Манжета резиновая переходная D 110/124 Уп., черн;Полиэтелен, корсис, прагма, НПВХ (ПК КСС);4;61;;;15.12.2025;;
ПКНФ-001315;15.12.2025;Муфта Корсис DN630 (OD);Полиэтелен, корсис, прагма, НПВХ (ПК КСС);2;2;;;15.12.2025;;
ПКНФ-001315;15.12.2025;Отвод 90 гр. НПВХ DN110;Полиэтелен, корсис, прагма, НПВХ (ПК КСС);3;40;;;15.12.2025;;
ПКНФ-001315;15.12.2025;Сорбент Rx-Sorb, мешок гео ткань 62,5 л м3;Засыпки и сорбенты для ЛОС, Водоподготовка;0.69;1378.26;29.01.2026;29.01.2026;15.12.2025;;
ПКНФ-001315;15.12.2025;Труба 110/3,2/0560 наружная канализация;Полиэтелен, корсис, прагма, НПВХ (ПК КСС);6;130;;;15.12.2025;;
ПКНФ-001317;15.12.2025;Карабин винтовой D6, нерж. сталь А4 (уп. 1 шт) длинный;Крепеж и цепи, тали (ПК КСС);6;6;;;15.12.2025;;
ПКНФ-001317;15.12.2025;Задвижка шиберная двухсторонняя SP Ду250 Pу7 нев.шток;Арматура (ПК КСС);1;1;;;15.12.2025;;
ПКНФ-001317;15.12.2025;7550 КСС ШУКПП- 2/3 -18,5кВт +АВР+GPRS+УХЛ1;Шкафы управления (ПК КСС);1;0;27.11.2025;;15.12.2025;;
ПКНФ-001317;15.12.2025;Скоба нержавеющая такелажная 6мм;Крепеж и цепи, тали (ПК КСС);6;6;;;15.12.2025;;
ПКНФ-001317;15.12.2025;Болт оцинк. М6х40 DIN 933;Оцинкованные метизы (ПК КСС);0.006;0.164;;;15.12.2025;;
ПКНФ-001317;15.12.2025;Болт М12*40 DIN 933 полная резьба  (А2, 12,0, 45,0, DIN 933) ;Нержавеющие метизы (ПК КСС);4;209;;;15.12.2025;;
ПКНФ-001317;15.12.2025;Труба 25х25х2  ГОСТ;Черные трубы, листы, круги (ПК КСС);60;73;;;15.12.2025;;
ПКНФ-001317;15.12.2025;7550- Трубопровод;Составные части трубопровода (Пк КСС);1;1;;;15.12.2025;ПКНФ-001362;18.12.2025
ПКНФ-001317;15.12.2025;7550- Рама под УПМ;Составные части трубопровода (Пк КСС);1;0;27.11.2025;;15.12.2025;ПКНФ-001363;18.12.2025
ПКНФ-001317;15.12.2025;7550-Направляющие под корзину  Площадка Лестница Балка транспортировочная;Составные части трубопровода (Пк КСС);1;1;;;15.12.2025;ПКНФ-001365;18.12.2025
ПКНФ-001317;15.12.2025;Разъемное соединение прямое ""американка"" никелированный 1"" ВР/НР, LD Pride;Арматура (ПК КСС);2;2;;;15.12.2025;;
ПКНФ-001317;15.12.2025;Разъемное соединение прямое ""американка"" никелированный 1"" ВР/ВР, Gappo;Арматура (ПК КСС);2;2;;;15.12.2025;;
ПКНФ-001317;15.12.2025;Кран шаровой полнопроходной, ВР/ВР, ручка бабочка 1"", Stout SVB-0002-200025;Арматура (ПК КСС);2;2;;;15.12.2025;;
ПКНФ-001317;15.12.2025;Заглушка для трубы 40х40 мм пластик;Расходные материалы (ПК КСС);2;278;;;15.12.2025;;
ПКНФ-001317;15.12.2025;Болт оцинк. М20х60 DIN933;Оцинкованные метизы (ПК КСС);0.012;0.376;;;15.12.2025;;
ПКНФ-001317;15.12.2025;Гайка шестигр. оц. М20 DIN 934 тыс шт;Оцинкованные метизы (ПК КСС);0.036;1.259;;27.06.2024;15.12.2025;;
ПКНФ-001317;15.12.2025;Болт оцинк. М16х80  DIN933;Оцинкованные метизы (ПК КСС);0.08;0.645;;;15.12.2025;;
ПКНФ-001317;15.12.2025;Канализационный насос 80WQ/S228-18.5 стандартный, кабель 10м;Насосы Kaiquan(ПК КСС);3;0;26.02.2026;26.02.2026;15.12.2025;;
ПКНФ-001317;15.12.2025;Труба э/с 40х2 ГОСТ;Черные трубы, листы, круги (ПК КСС);29;29;;;15.12.2025;;
ПКНФ-001317;15.12.2025;Труба э/с 60х2,6 ГОСТ;Черные трубы, листы, круги (ПК КСС);24;24;;;15.12.2025;;
ПКНФ-001317;15.12.2025;Скоба нержавеющая такелажная 4мм;Крепеж и цепи, тали (ПК КСС);6;6;;;15.12.2025;;
ПКНФ-001317;15.12.2025;Труба э/с 530х8 ГОСТ 10705-80;Черные трубы, листы, круги (ПК КСС);2;2;;;15.12.2025;;
ПКНФ-001317;15.12.2025;Труба э/с 325х7 ГОСТ 10705-80;Черные трубы, листы, круги (ПК КСС);16;16;;;15.12.2025;;
ПКНФ-001317;15.12.2025;Шпилька резьб. М20 L1000 DIN975 (Оцинк);Оцинкованные метизы (ПК КСС);3;21;;;15.12.2025;;
ПКНФ-001317;15.12.2025;Труба 50х25х2  ГОСТ 8639-82;Черные трубы, листы, круги (ПК КСС);150;177;;;15.12.2025;;
ПКНФ-001317;15.12.2025;Труба 40х25х2 ГОСТ;Черные трубы, листы, круги (ПК КСС);7;7;;;15.12.2025;;
ПКНФ-001317;15.12.2025;Таль ручная цепная VN г/п 0,5т в/п 6,0м;Крепеж и цепи, тали (ПК КСС);1;1;;;15.12.2025;;
ПКНФ-001317;15.12.2025;Труба АД31Т1 д.20х2х6000мм;Черные трубы, листы, круги (ПК КСС);87;90;;;15.12.2025;;
ПКНФ-001317;15.12.2025;Заглушка для трубы 25х25 мм пластик;Расходные материалы (ПК КСС);2;0;23.04.2024;;15.12.2025;;
ПКНФ-001317;15.12.2025;Шайба гроверная оц. Ф16 DIN 127;Оцинкованные метизы (ПК КСС);0.02;0.58;;27.06.2024;15.12.2025;;
ПКНФ-001317;15.12.2025;Цепь 4х32,0 сварная длиннозвенная DIN 766 A2;Водоподготовка (ПК КСС);10.1;11.1;;;15.12.2025;;
ПКНФ-001317;15.12.2025;Карабин винтовой D4, нерж. сталь А4 (уп. 1 шт) длинный;Крепеж и цепи, тали (ПК КСС);6;6;;;15.12.2025;;
ПКНФ-001317;15.12.2025;Навесной замок с ключом GPLK-50L;Оцинкованные метизы (ПК КСС);1;84;;20.01.2025;15.12.2025;;
ПКНФ-001317;15.12.2025;Автоматическая трубная муфта 80WQL-00W;УПМ Kaiquan (Пк КСС);2;0;;;15.12.2025;;
ПКНФ-001317;15.12.2025;Труба 20х20х2 ГОСТ 8639-82;Черные трубы, листы, круги (ПК КСС);80;119.8;;29.01.2024;15.12.2025;;
ПКНФ-001317;15.12.2025;Прокладка (паронит) 80;Полиэтелен, корсис, прагма, НПВХ (ПК КСС);2;44;;;15.12.2025;;
ПКНФ-001317;15.12.2025;Шайба гровер М22 DIN 127 (А2, DIN 127);Нержавеющие метизы (ПК КСС);8;176;;;15.12.2025;;
ПКНФ-001317;15.12.2025;Гайка шестигр. оц М16  (тыс шт);Оцинкованные метизы (ПК КСС);0.1;0.141;;27.06.2024;15.12.2025;;
ПКНФ-001317;15.12.2025;Труба 40х20х1.5 ГОСТ 8645-68;Черные трубы, листы, круги (ПК КСС);87;87;;;15.12.2025;;
ПКНФ-001317;15.12.2025;Труба 40х40х2 ГОСТ 8639-82;Черные трубы, листы, круги (ПК КСС);40;137.2;;;15.12.2025;;
ПКНФ-001317;15.12.2025;Труба 40х20х2 ГОСТ 8639-82;Черные трубы, листы, круги (ПК КСС);136;165.5;;29.01.2024;15.12.2025;;
ПКНФ-001317;15.12.2025;Труба 60х40х2 ГОСТ 8645-68;Черные трубы, листы, круги (ПК КСС);67;67;;;15.12.2025;;
ПКНФ-001317;15.12.2025;Труба 60х60х2  ГОСТ 8639-82;Черные трубы, листы, круги (ПК КСС);170;170;;;15.12.2025;;
ПКНФ-001317;15.12.2025;Шпилька М10 L1000 (А2, DIN975);Нержавеющие метизы (ПК КСС);1;6;;;15.12.2025;;
ПКНФ-001317;15.12.2025;Анкерный болт с гайкой 16*180 HNM тыс;Оцинкованные метизы (ПК КСС);0.014;0.518;;10.06.2024;15.12.2025;;
ПКНФ-001317;15.12.2025;Болт М10*60 DIN 933 полная резьба  (А2, 10,0, 60,0, DIN 933);Нержавеющие метизы (ПК КСС);30;1148;;;15.12.2025;;
ПКНФ-001317;15.12.2025;Болт М16*80 DIN 933 полная резьба  (А2, 16,0, 80,0, DIN 933);Нержавеющие метизы (ПК КСС);8;316;;;15.12.2025;;
ПКНФ-001317;15.12.2025;Болт М22*90 DIN 933 полная резьба  (А2, 22,0, 90,0, DIN 933);Нержавеющие метизы (ПК КСС);8;7;;;15.12.2025;;
ПКНФ-001317;15.12.2025;Гайка М10 DIN 934  (А2, 10,0, DIN 934);Нержавеющие метизы (ПК КСС);38;690;;19.06.2024;15.12.2025;;
ПКНФ-001317;15.12.2025;Гайка М12 DIN 934  (А2, 12,0, DIN 934);Нержавеющие метизы (ПК КСС);4;1056;;;15.12.2025;;
ПКНФ-001317;15.12.2025;Гайка М16 DIN 934  (А2, 16,0, DIN 934);Нержавеющие метизы (ПК КСС);8;376;25.04.2024;25.04.2024;15.12.2025;;
ПКНФ-001317;15.12.2025;Гайка М22 DIN 934  (А2, 22,0, DIN 934);Нержавеющие метизы (ПК КСС);8;144;;;15.12.2025;;
ПКНФ-001317;15.12.2025;Грибок канализационный;Полиэтелен, корсис, прагма, НПВХ (ПК КСС);1;38;;27.01.2026;15.12.2025;;
ПКНФ-001317;15.12.2025;Задвижка клиновая Ду100 Ру16 штурвал 30ч39р;Арматура (ПК КСС);3;9;;;15.12.2025;;
ПКНФ-001317;15.12.2025;Клапан обратный шаровой DN100 PN16 канализационный;Арматура (ПК КСС);2;6;;;15.12.2025;;
ПКНФ-001317;15.12.2025;Манжета резиновая переходная D 110/124 Уп., черн;Полиэтелен, корсис, прагма, НПВХ (ПК КСС);2;63;;;15.12.2025;;
ПКНФ-001317;15.12.2025;Манжета резиновая переходная D 50/72 Уп., черн;Полиэтелен, корсис, прагма, НПВХ (ПК КСС);1;150;;;15.12.2025;;
ПКНФ-001317;15.12.2025;Отвод 90 гр. НПВХ DN110;Полиэтелен, корсис, прагма, НПВХ (ПК КСС);1;41;;;15.12.2025;;
ПКНФ-001317;15.12.2025;Поплавковый выключатель RL-1 10м;Датчики уровня, преобразователи, реле (ПК КСС);4;61;;05.02.2025;15.12.2025;;
ПКНФ-001317;15.12.2025;Прокладка (паронит) 100;Полиэтелен, корсис, прагма, НПВХ (ПК КСС);10;96;;;15.12.2025;;
ПКНФ-001317;15.12.2025;Проушина прямая 30х70мм;Расходные материалы (ПК КСС);2;249;;;15.12.2025;;
ПКНФ-001317;15.12.2025;Рым-гайка DIN 582 М10;Крепеж и цепи, тали (ПК КСС);6;61;;;15.12.2025;;
ПКНФ-001317;15.12.2025;Рым-гайка DIN 582 М 6;Крепеж и цепи, тали (ПК КСС);0.006;0.077;;17.02.2025;15.12.2025;;
ПКНФ-001317;15.12.2025;Труба 110/3,2/0560 наружная канализация;Полиэтелен, корсис, прагма, НПВХ (ПК КСС);2;132;;;15.12.2025;;
ПКНФ-001317;15.12.2025;Труба двустенная для электропроводки d110 с протяжкой(внутр. d94)/ДКС ;Полиэтелен, корсис, прагма, НПВХ (ПК КСС);3;185;;;15.12.2025;;
ПКНФ-001317;15.12.2025;Труба двустенная для электропроводки d50 с протяжкой(внутр. d41,5) [ДКС] (код 19735) 121950;Полиэтелен, корсис, прагма, НПВХ (ПК КСС);3;117;;;15.12.2025;;
ПКНФ-001317;15.12.2025;Цепь 6х18,5 сварная короткозвенная DIN 766 A2;Крепеж и цепи, тали (ПК КСС);13.5;38.9;;24.01.2024;15.12.2025;;
ПКНФ-001317;15.12.2025;Шайба  гровер М12 DIN 127 (А2, DIN 127);Нержавеющие метизы (ПК КСС);4;926.964;;;15.12.2025;;
ПКНФ-001317;15.12.2025;Шайба гроверная оц.М20 DIN 127;Оцинкованные метизы (ПК КСС);0.036;1.248;;;15.12.2025;;
ПКНФ-001317;15.12.2025;Шайба М10 DIN 125  (А2, DIN 125);Нержавеющие метизы (ПК КСС);76;130;;;15.12.2025;;
ПКНФ-001317;15.12.2025;Шайба  гровер М10 DIN 127 (А2, DIN 127);Нержавеющие метизы (ПК КСС);38;0;;;15.12.2025;;
ПКНФ-001317;15.12.2025;Шайба М12 DIN 125  (А2, DIN 125);Нержавеющие метизы (ПК КСС);8;527;;;15.12.2025;;
ПКНФ-001317;15.12.2025;Шайба М16 DIN 125  (А2, DIN 125);Нержавеющие метизы (ПК КСС);16;979;;;15.12.2025;;
ПКНФ-001317;15.12.2025;Шайба гровер М16 DIN 127 (А2, DIN 127);Нержавеющие метизы (ПК КСС);8;1840;;;15.12.2025;;
ПКНФ-001317;15.12.2025;Шайба М22 DIN 125  (А2, DIN 125);Нержавеющие метизы (ПК КСС);16;1504;;;15.12.2025;;
ПКНФ-001317;15.12.2025;Шайба плоская оц. М6 DIN 125;Оцинкованные метизы (ПК КСС);0.006;0.624;;25.08.2025;15.12.2025;;
ПКНФ-001317;15.12.2025;Шайба плоская оц.М16  DIN 125;Оцинкованные метизы (ПК КСС);0.2;1.54;;27.06.2024;15.12.2025;;
ПКНФ-001317;15.12.2025;Шайба плоская оц.М20  DIN 125;Оцинкованные метизы (ПК КСС);0.072;0.68;;27.06.2024;15.12.2025;;
ПКНФ-001322;15.12.2025;Болт оцинк. М20х60 DIN933;Оцинкованные метизы (ПК КСС);0.002;0.366;;;15.12.2025;;
ПКНФ-001322;15.12.2025;Анкерный болт с гайкой 10*97 HNM ПК (10х100);Оцинкованные метизы (ПК КСС);8;235.968;;;15.12.2025;;
ПКНФ-001322;15.12.2025;Стеклоровинг ECR24-2400D-601 (Шандон) намотка Китай;Сырье стеклопластиковое;114;67430.5;;12.01.2025;15.12.2025;;
ПКНФ-001322;15.12.2025;Труба 110/3,2/3000 наружная канализация;Полиэтелен, корсис, прагма, НПВХ (ПК КСС);1;30;;;15.12.2025;;
ПКНФ-001322;15.12.2025;Труба 315/7,7/2000 наружная канализация;Полиэтелен, корсис, прагма, НПВХ (ПК КСС);1;1;;;15.12.2025;;
ПКНФ-001322;15.12.2025;Отвод 45 гр. НПВХ DN110;Полиэтелен, корсис, прагма, НПВХ (ПК КСС);1;41;;;15.12.2025;;
ПКНФ-001322;15.12.2025;Лента стеклянная 400, 250 мм, кг;Сырье стеклопластиковое;6;4406.5;;12.01.2025;15.12.2025;;
ПКНФ-001322;15.12.2025;Отвердитель Akperox А60 (30кг);Сырье стеклопластиковое;2.2;246.65;;;15.12.2025;;
ПКНФ-001322;15.12.2025;Пигмент железооксидный зеленый Green ТС 5605. Производство Китай.;Сырье стеклопластиковое;1;149.1;;;15.12.2025;;
ПКНФ-001322;15.12.2025;Рым-гайка DIN 582 М 20;Крепеж и цепи, тали (ПК КСС);2;78;;;15.12.2025;;
ПКНФ-001322;15.12.2025;Смола полимер 3401 А (1000кг);Сырье стеклопластиковое;53;2929.2;;12.01.2026;15.12.2025;;
ПКНФ-001322;15.12.2025;Смола полимер 3401 ТА (1000кг);Сырье стеклопластиковое;96;33915.6;;12.01.2026;15.12.2025;;
ПКНФ-001322;15.12.2025;Стекломат  E6CRMC600-1250-Е (45кг) Джуши Китай;Сырье стеклопластиковое;28;26916.7;;12.01.2025;15.12.2025;;
ПКНФ-001322;15.12.2025;Стеклорогожа EWR 560;Сырье стеклопластиковое;8;5622.6;;;15.12.2025;;
ПКНФ-001322;15.12.2025;Тройник НПВХ DN110;Полиэтелен, корсис, прагма, НПВХ (ПК КСС);1;46;;;15.12.2025;;
ПКНФ-001322;15.12.2025;Шайба плоская оц.М20  DIN 125;Оцинкованные метизы (ПК КСС);0.002;0.61;;27.06.2024;15.12.2025;;
ПКНФ-001333;15.12.2025;Клемма двухуровневая винтовой зажим 4 точки подключения 2.5кв.мм сер.;Электротовары КСС ШУ;12;602;;;15.12.2025;;
ПКНФ-001333;15.12.2025;Выключатель автоматический для защиты двигателя 25-40А NS2-80B (R) CHINT 495087;Электротовары КСС ШУ;2;7;;;15.12.2025;;
ПКНФ-001333;15.12.2025;Утройство плавного пуска ESQ-GS9-022 (44А, 380В, 22кВт, встроенный шунтирующий контактор);Электротовары КСС ШУ;2;0;;27.01.2026;15.12.2025;;
ПКНФ-001333;15.12.2025;Кабель-канал перфорированный 40х60 L2000 RL6 G DKC 01163RL;Электротовары КСС ШУ;3.5;50;;;15.12.2025;;
ПКНФ-001333;15.12.2025;Матрица светодиодная AD16-22HS крас. EKF ledm-ad16-r;Электротовары КСС ШУ;3;4;;;15.12.2025;;
ПКНФ-001333;15.12.2025;Провод ПУГВнг(А)-LS 1х0,5 С;Электротовары КСС ШУ;22;1511;;;15.12.2025;;
ПКНФ-001333;15.12.2025;Наконечник штыревой втулочный изол. НШвИ(2) 0.5-8 (уп.50шт);Электротовары КСС ШУ;54;3440;;;15.12.2025;;
ПКНФ-001333;15.12.2025;Знак ""Земля"" круглый d20мм EKF an-1-04;Электротовары КСС ШУ;2;0;;;15.12.2025;;
ПКНФ-001333;15.12.2025;Термостат NC (обогрев) на DIN-рейку 10А 230В IP20;Электротовары КСС ШУ;1;41;;;15.12.2025;;
ПКНФ-001333;15.12.2025;Выключатель автоматический модульный 3п C 6А 4.5кА ВА 47-63;Электротовары КСС ШУ;2;73;;;15.12.2025;;
ПКНФ-001333;15.12.2025;Трубка термоусадочная ТТУ нг-LS 2/1 красн. 1м IEK UDRS-D2-1-K04;Электротовары КСС ШУ;1;82.75;;;15.12.2025;;
ПКНФ-001333;15.12.2025;Трубка термоусадочная ТТУ нг-LS 2/1 желт. 1м IEK UDRS-D2-1-K05;Электротовары КСС ШУ;1.5;75.5;;;15.12.2025;;
ПКНФ-001333;15.12.2025;Трубка термоусадочная ТТУ нг-LS 2/1 зел. 1м IEK UDRS-D2-1-K06;Электротовары КСС ШУ;1;172.75;;;15.12.2025;;
ПКНФ-001333;15.12.2025;Ограничитель на DIN-рейку 1 винт HDW-211;Электротовары КСС ШУ;24;0;;;15.12.2025;;
ПКНФ-001333;15.12.2025;Выключатель автоматический модульный 1п C 6А 4.5кА ВА 47-63;Электротовары КСС ШУ;6;140;;;15.12.2025;;
ПКНФ-001333;15.12.2025;Кабель-канал перфорированный 25х40 L2000 RL6 G DKC 01163RL;Электротовары КСС ШУ;1.5;21.25;;;15.12.2025;;
ПКНФ-001333;15.12.2025;Шина нулевая ""N"" на DIN-рейку в корпусе 4х7 групп;Электротовары КСС ШУ;1;32;;;15.12.2025;;
ПКНФ-001333;15.12.2025;Держатель маркировки LH 20х25мм;Электротовары КСС ШУ;12;384;;;15.12.2025;;
ПКНФ-001333;15.12.2025;Символ ""Молния"" (треугольник) 50х50х50мм;Электротовары КСС ШУ;1;50;;;15.12.2025;;
ПКНФ-001333;15.12.2025;Обогреватель на DIN-рейку клеммный 45Вт 230В IP20;Электротовары КСС ШУ;1;10;;;15.12.2025;;
ПКНФ-001333;15.12.2025;Саморез 4.2х25 металл-металл с прессшайбой сверло цинк (уп.200шт);Электротовары КСС ШУ;14;512;;;15.12.2025;;
ПКНФ-001333;15.12.2025;Переключатель BG33 3P 2NO короткая ручка;Электротовары КСС ШУ;2;0;;;15.12.2025;;
ПКНФ-001333;15.12.2025;DIN-рейка перфорированная L2000 1мм 35х7,5;Электротовары КСС ШУ;2;8.75;;;15.12.2025;;
ПКНФ-001333;15.12.2025;Шайба гроверная оц.М6 DIN 127;Оцинкованные метизы (ПК КСС);0.002;0;;22.01.2026;15.12.2025;;
ПКНФ-001333;15.12.2025;Контакт дополнительный NS2-AU11 для NS2-80B (длинный шток) (R) CHINT 495972;Электротовары КСС ШУ;2;12;;09.02.2026;15.12.2025;;
ПКНФ-001333;15.12.2025;Провод ПуГВнг(А)-LS 1х10 С;Электротовары КСС ШУ;3;0;;12.10.2025;15.12.2025;;
ПКНФ-001333;15.12.2025;Сальник PG 36 диаметр проводника 22-32 мм IP54;Электротовары КСС ШУ;2;18;;;15.12.2025;;
ПКНФ-001333;15.12.2025;Зажим наборный ЗНИ-16мм2 (JXB100А) серый;Электротовары КСС ШУ;9;129;;;15.12.2025;;
ПКНФ-001333;15.12.2025;Колодка клеммная JXB-2.5/35 серая;Электротовары КСС ШУ;24;0;;;15.12.2025;;
ПКНФ-001333;15.12.2025;Заглушка для JXB-2,5/35 серая;Электротовары КСС ШУ;3;0;;;15.12.2025;;
ПКНФ-001333;15.12.2025;Колодка клеммная JXB-35/35 синяя;Электротовары КСС ШУ;1;80;;;15.12.2025;;
ПКНФ-001333;15.12.2025;Сальник PG 29 (d проводника 18-24мм, D резьбовой 36мм) IP54;Электротовары КСС ШУ;2;0;;;15.12.2025;;
ПКНФ-001333;15.12.2025;Колодка клеммная JXB-2.5/35 синяя;Электротовары КСС ШУ;2;90;;;15.12.2025;;
ПКНФ-001333;15.12.2025;Механизм блокировки для КМЭ (40А-95А);Электротовары КСС ШУ;1;107;;;15.12.2025;;
ПКНФ-001333;15.12.2025;Колодка клеммная ЕК-16/80 JXB земля;Электротовары КСС ШУ;3;135;;06.12.2024;15.12.2025;;
ПКНФ-001333;15.12.2025;CCU825-HOME/DB/AE-PC (GSM контроллер CCU825-HOME;Электротовары КСС ШУ;1;2;;;15.12.2025;;
ПКНФ-001333;15.12.2025;Изолятор торцевой для клемм KRUKB-3-5 DKC D-KRUKB-3-5;Электротовары КСС ШУ;1;213;;;15.12.2025;;
ПКНФ-001333;15.12.2025;Сальник PG 9;Электротовары КСС ШУ;4;955;;;15.12.2025;;
ПКНФ-001333;15.12.2025;Наконечник штыревой втулочный изол. НШвИ 6.0-12 (уп.50шт);Электротовары КСС ШУ;38;1356;;25.08.2025;15.12.2025;;
ПКНФ-001333;15.12.2025;Наконечник штыревой втулочный изол. НШвИ 10.0-12 (уп.50шт);Электротовары КСС ШУ;26;590;;;15.12.2025;;
ПКНФ-001333;15.12.2025;Наконечник штыревой втулочный изол. НШвИ(2) 10.0-14 (уп.50шт);Электротовары КСС ШУ;9;483;;;15.12.2025;;
ПКНФ-001333;15.12.2025;Хомут 2,5х150 нейл. (уп.100 шт);Электротовары КСС ШУ;30;0;;;15.12.2025;;
ПКНФ-001333;15.12.2025;Трубка термоус. ТУТ (HF)-16/8, красн. (уп.50м);Электротовары КСС ШУ;1.5;37;;;15.12.2025;;
ПКНФ-001333;15.12.2025;Выключатель нагрузки 3п 63А ВН-63N;Электротовары КСС ШУ;2;20;;;15.12.2025;;
ПКНФ-001333;15.12.2025;Колодка клеммная ЕК-35/125 JXB земля;Электротовары КСС ШУ;1;41;;19.02.2025;15.12.2025;;
ПКНФ-001333;15.12.2025;Контактор КМЭ 65А 220В NO+NC;Электротовары КСС ШУ;2;1;;;15.12.2025;;
ПКНФ-001333;15.12.2025;Наконечник кабельный ТМЛ(DIN) 6-6;Электротовары КСС ШУ;14;106;;;15.12.2025;;
ПКНФ-001333;15.12.2025;Лента двусторонняя клейкая (скотч), 20 ммх5 м, прозрачная;Электротовары КСС ШУ;2;24;;;15.12.2025;;
ПКНФ-001333;15.12.2025;Лента двусторонняя клейкая (скотч), 12 ммх5 м, прозрачная;Электротовары КСС ШУ;2;34;;;15.12.2025;;
ПКНФ-001333;15.12.2025;Реле контроля наличия и чередования фаз CKF-318-1;Электротовары КСС ШУ;2;46;;;15.12.2025;;
ПКНФ-001333;15.12.2025;Наконечник штыревой втулочный изол. НШвИ 0.5-8 (уп.50шт);Электротовары КСС ШУ;78;15573;;;15.12.2025;;
ПКНФ-001333;15.12.2025;Саморез 4.2х13 металл-металл с прессшайбой сверло цинк (уп.200шт);Электротовары КСС ШУ;42;782.91;;;15.12.2025;;
ПКНФ-001333;15.12.2025;Маркер для кабеля 0.5-1.5мм символ ""1"" (уп.200шт) ДКС;Электротовары КСС ШУ;41;9505;;;15.12.2025;;
ПКНФ-001333;15.12.2025;Маркер для кабеля 0.5-1.5мм символ ""2"" (уп.200шт) ДКС;Электротовары КСС ШУ;43;4987;;;15.12.2025;;
ПКНФ-001333;15.12.2025;Маркер для кабеля 0.5-1.5мм символ ""3"" (уп.200шт) ДКС;Электротовары КСС ШУ;35;5201;;;15.12.2025;;
ПКНФ-001333;15.12.2025;Маркер для JXB с нумерацией 1-50 (уп.100шт);Электротовары КСС ШУ;100;10797;;;15.12.2025;;
ПКНФ-001333;15.12.2025;Сальник PG 16 10-14мм IP54;Электротовары КСС ШУ;2;202;;;15.12.2025;;
ПКНФ-001333;15.12.2025;Вентилятор с фильтром 52 м3/ч 124х124 мм;Электротовары КСС ШУ;1;12;;12.10.2025;15.12.2025;;
ПКНФ-001333;15.12.2025;Решетка вентиляционная с фильтром 124x124мм IP54;Электротовары КСС ШУ;1;6;;12.10.2025;15.12.2025;;
ПКНФ-001333;15.12.2025;Болт оцинк. М6х20 DIN 933;Оцинкованные метизы (ПК КСС);0.002;0.065;;;15.12.2025;;
ПКНФ-001333;15.12.2025;Гайка оцинк. DIN 934 М6;Оцинкованные метизы (ПК КСС);0.002;0;;04.03.2025;15.12.2025;;
ПКНФ-001333;15.12.2025;ID 100.80, Дверь внутренняя глухая для корпуса MEV 1000х800;Корпусы для ШУ;1;1;;;15.12.2025;;
ПКНФ-001333;15.12.2025;MES 100.80.30, Шкаф компактный распределительный 1000х800х300;Корпусы для ШУ;1;2;;;15.12.2025;;
ПКНФ-001333;15.12.2025;RKE4CO024LT Реле 4CO, 5A (250VAC/30VDC), 24VDC, мех. индикация, тест-кнопка с блокировкой, LED;Электротовары КСС ШУ;4;103;;;15.12.2025;;
ПКНФ-001333;15.12.2025;Блок автоматики KQ510;Электротовары КСС ШУ;2;7;03.12.2024;03.12.2024;15.12.2025;;
ПКНФ-001333;15.12.2025;Зажим наборный ЗНИ-2,5PEN 2,5мм2 (JXB-земля);Электротовары КСС ШУ;2;153;;;15.12.2025;;
ПКНФ-001333;15.12.2025;Лампа AD-22DS(LED) матрица d22мм желтый 230В;Электротовары КСС ШУ;2;143;;;15.12.2025;;
ПКНФ-001333;15.12.2025;Лампа AD-22DS(LED) матрица d22мм зеленый 230В;Электротовары КСС ШУ;5;33;;;15.12.2025;;
ПКНФ-001333;15.12.2025;Маркер для кабеля 0.5-1.5мм символ ""0"" (уп.200шт) ДКС;Электротовары КСС ШУ;29;6900;;;15.12.2025;;
ПКНФ-001333;15.12.2025;Маркер для кабеля 0.5-1.5мм символ ""4"" (уп.200шт) ДКС;Электротовары КСС ШУ;38;1236;;;15.12.2025;;
ПКНФ-001333;15.12.2025;Маркер для кабеля 0.5-1.5мм символ ""5"" (уп.200шт) ДКС;Электротовары КСС ШУ;17;6023;;;15.12.2025;;
ПКНФ-001333;15.12.2025;Маркер для кабеля 0.5-1.5мм символ ""6"" (уп.200шт) ДКС;Электротовары КСС ШУ;21;5909;;;15.12.2025;;
ПКНФ-001333;15.12.2025;Маркер для кабеля 0.5-1.5мм символ ""7"" (уп.200шт) ДКС;Электротовары КСС ШУ;18;1957;;;15.12.2025;;
ПКНФ-001333;15.12.2025;Маркер для кабеля 0.5-1.5мм символ ""8"" (уп.200шт) ДКС;Электротовары КСС ШУ;28;1323;;;15.12.2025;;
ПКНФ-001333;15.12.2025;Маркер для кабеля 0.5-1.5мм символ ""9"" (уп.200шт) ДКС;Электротовары КСС ШУ;34;1239;;;15.12.2025;;
ПКНФ-001333;15.12.2025;Маркер для JXB с нумерацией 1-10 (уп.100шт);Электротовары КСС ШУ;100;5701;;;15.12.2025;;
ПКНФ-001333;15.12.2025;Провод ПУГВнг(А)-LS 1х0,5 Б;Электротовары КСС ШУ;79;3808;;;15.12.2025;;
ПКНФ-001333;15.12.2025;Провод ПУГВнг(А)-LS 1х0,5 К;Электротовары КСС ШУ;24;1494;;;15.12.2025;;
ПКНФ-001333;15.12.2025;Провод ПУГВнг(А)-LS 1х0,5 Ч;Электротовары КСС ШУ;26;1402;;;15.12.2025;;
ПКНФ-001333;15.12.2025;Провод ПУГВнг(А)-LS 1х10 Б;Электротовары КСС ШУ;12;0;;;15.12.2025;;
ПКНФ-001333;15.12.2025;Провод ПуГВнг(А)-LS 1х10 Ж/З;Электротовары КСС ШУ;1.5;41;;12.10.2025;15.12.2025;;
ПКНФ-001333;15.12.2025;Провод ПУГВнг(А)-LS 1х6 Б;Электротовары КСС ШУ;18;0;;;15.12.2025;;
ПКНФ-001333;15.12.2025;Провод ПуГВнг(А)-LS 1х6 Ж/З;Электротовары КСС ШУ;9;171;;;15.12.2025;;
ПКНФ-001333;15.12.2025;Программируемое реле ПР200-24.2.2.0;Электротовары КСС ШУ;1;6;;;15.12.2025;;
ПКНФ-001333;15.12.2025;Реле RFT2CO730LT, 2CO, 8A(250VAC/30VDC), 230VAC, LED, мех. инд., тест-кнопка;Электротовары КСС ШУ;3;71;;;15.12.2025;;
ПКНФ-001333;15.12.2025;Спираль монтажная СМ-06-04 (10м);Электротовары КСС ШУ;0.3;5.241;;;15.12.2025;;
ПКНФ-001333;15.12.2025;Трубка термоус. ТУТ (HF)-16/8, желт. (уп.50м) (КВТ);Электротовары КСС ШУ;1.5;37;;;15.12.2025;;
ПКНФ-001333;15.12.2025;Трубка термоус. ТУТ (HF)-16/8, зел. (уп.50м) КВТ;Электротовары КСС ШУ;1.5;87;;;15.12.2025;;
ПКНФ-001333;15.12.2025;Трубка термоус. ТУТ (HF)-8/4, жел. (уп.50м) КВТ;Электротовары КСС ШУ;1;25.3;;;15.12.2025;;
ПКНФ-001333;15.12.2025;Трубка термоус. ТУТ (HF)-8/4, зел. (уп.50м) КВТ;Электротовары КСС ШУ;1;25.3;;;15.12.2025;;
ПКНФ-001333;15.12.2025;Трубка термоус. ТУТ (HF)-8/4, красн. (уп.50м) КВТ;Электротовары КСС ШУ;1;26.5;;;15.12.2025;;
ПКНФ-001333;15.12.2025;Цоколь SKC14-E, 10A(300V), черный, на рейку DIN35/панель, для RKE4CO, RKF4CO;Электротовары КСС ШУ;4;7;;;15.12.2025;;
ПКНФ-001333;15.12.2025;Цоколь SRU08-E, 10A(300V), черный, на рейку DIN35/панель, для RFT2CO;Электротовары КСС ШУ;3;0;;;15.12.2025;;
ПКНФ-001333;15.12.2025;Шайба плоская оц. М6 DIN 125;Оцинкованные метизы (ПК КСС);0.002;0.138;;25.08.2025;15.12.2025;;
ПКНФ-001333;15.12.2025;HDR-30-24 Блок питания, 24В,1.5А,36Вт;Электротовары КСС ШУ;1;16;;;15.12.2025;;
ПКНФ-001334;15.12.2025;7719.2 - Лестницы;Составные части трубопровода (Пк КСС);2;2;;;15.12.2025;ПКНФ-001335;15.12.2025
ПКНФ-001334;15.12.2025;Шайба гроверная оц.Ф10 DIN 127;Оцинкованные метизы (ПК КСС);0.03;0.112;;;15.12.2025;;
ПКНФ-001334;15.12.2025;Гайка шестигр.М10 оц. DIN934;Оцинкованные метизы (ПК КСС);0.03;0.626;07.10.2024;07.10.2024;15.12.2025;;
ПКНФ-001334;15.12.2025;Болт оцинк. М10х60 DIN933;Оцинкованные метизы (ПК КСС);0.01;0.628;;;15.12.2025;;
ПКНФ-001334;15.12.2025;Болт оцинк. 10х40 DIN933;Оцинкованные метизы (ПК КСС);0.02;0.057;;;15.12.2025;;
ПКНФ-001334;15.12.2025;Заглушка для трубы 25х25 мм пластик;Расходные материалы (ПК КСС);6;0;23.04.2024;;15.12.2025;;
ПКНФ-001334;15.12.2025;Шайба плоская оц. М10  DIN 125;Оцинкованные метизы (ПК КСС);0.06;0.726;;25.08.2025;15.12.2025;;
ПКНФ-001334;15.12.2025;Навесной замок с ключом GPLK-50L;Оцинкованные метизы (ПК КСС);1;85;;20.01.2025;15.12.2025;;
ПКНФ-001334;15.12.2025;Грибок канализационный;Полиэтелен, корсис, прагма, НПВХ (ПК КСС);1;39;;27.01.2026;15.12.2025;;
ПКНФ-001334;15.12.2025;Манжета резиновая переходная D 110/124 Уп., черн;Полиэтелен, корсис, прагма, НПВХ (ПК КСС);1;64;;;15.12.2025;;
ПКНФ-001334;15.12.2025;Муфта Корсис DN200 (OD);Полиэтелен, корсис, прагма, НПВХ (ПК КСС);1;14;;;15.12.2025;;
ПКНФ-001334;15.12.2025;Отвод 90 гр. НПВХ DN110;Полиэтелен, корсис, прагма, НПВХ (ПК КСС);1;40;;;15.12.2025;;
ПКНФ-001334;15.12.2025;Проушина прямая 30х70мм;Расходные материалы (ПК КСС);2;251;;;15.12.2025;;
ПКНФ-001334;15.12.2025;Труба 110/3,2/0560 наружная канализация;Полиэтелен, корсис, прагма, НПВХ (ПК КСС);2;131;;;15.12.2025;;
ПКНФ-001334;15.12.2025;Труба 200/4,9/1200 наружная канализация;Полиэтелен, корсис, прагма, НПВХ (ПК КСС);0.5;11.5;;;15.12.2025;;
ПКНФ-001336;15.12.2025;MES 120.60.30, Шкаф компактный распределительный 1200х600х300;Корпусы для ШУ;1;2;;;15.12.2025;;
ПКНФ-001336;15.12.2025;ID 120.60, Дверь внутренняя;Корпусы для ШУ;1;2;;;15.12.2025;;
ПКНФ-001336;15.12.2025;Выключатель автоматический для защиты двигателя 25-40А NS2-80B (R) CHINT 495087;Электротовары КСС ШУ;3;7;;;15.12.2025;;
ПКНФ-001336;15.12.2025;Устройство плавного пуска ESQ-GS9mini-022 (44А, 380В, 22кВт, встроенный шунтирующий контактор);Электротовары КСС ШУ;3;3;;;15.12.2025;;
ПКНФ-001336;15.12.2025;Кабель-канал перфорированный 40х60 L2000 RL6 G DKC 01163RL;Электротовары КСС ШУ;3.5;50;;;15.12.2025;;
ПКНФ-001336;15.12.2025;Матрица светодиодная AD16-22HS крас. EKF ledm-ad16-r;Электротовары КСС ШУ;4;4;;;15.12.2025;;
ПКНФ-001336;15.12.2025;Матрица светодиодная AD16-22HS 230В AC IP65 зел. PROxima EKF ledm-ad16-g-65;Электротовары КСС ШУ;7;167;;;15.12.2025;;
ПКНФ-001336;15.12.2025;Провод ПУГВнг(А)-LS 1х0,5 С;Электротовары КСС ШУ;24;1511;;;15.12.2025;;
ПКНФ-001336;15.12.2025;Наконечник штыревой втулочный изол. НШвИ(2) 0.5-8 (уп.50шт);Электротовары КСС ШУ;58;3440;;;15.12.2025;;
ПКНФ-001336;15.12.2025;Знак ""Земля"" круглый d20мм EKF an-1-04;Электротовары КСС ШУ;2;0;;;15.12.2025;;
ПКНФ-001336;15.12.2025;Наконечник кольцевой изол. НКИ 1.5-6 (уп.50шт);Электротовары КСС ШУ;9;0;;;15.12.2025;;
ПКНФ-001336;15.12.2025;Выключатель автоматический модульный 3п C 6А 4.5кА ВА 47-63;Электротовары КСС ШУ;1;73;;;15.12.2025;;
ПКНФ-001336;15.12.2025;Трубка термоусадочная ТТУ нг-LS 2/1 красн. 1м IEK UDRS-D2-1-K04;Электротовары КСС ШУ;0.5;82.75;;;15.12.2025;;
ПКНФ-001336;15.12.2025;Трубка термоусадочная ТТУ нг-LS 2/1 желт. 1м IEK UDRS-D2-1-K05;Электротовары КСС ШУ;1;75.5;;;15.12.2025;;
ПКНФ-001336;15.12.2025;Трубка термоусадочная ТТУ нг-LS 2/1 зел. 1м IEK UDRS-D2-1-K06;Электротовары КСС ШУ;0.5;172.75;;;15.12.2025;;
ПКНФ-001336;15.12.2025;Ограничитель на DIN-рейку 1 винт HDW-211;Электротовары КСС ШУ;30;0;;;15.12.2025;;
ПКНФ-001336;15.12.2025;Выключатель автоматический модульный 1п C 6А 4.5кА ВА 47-63;Электротовары КСС ШУ;6;140;;;15.12.2025;;
ПКНФ-001336;15.12.2025;Кабель-канал перфорированный 25х40 L2000 RL6 G DKC 01163RL;Электротовары КСС ШУ;1.5;21.25;;;15.12.2025;;
ПКНФ-001336;15.12.2025;Держатель маркировки LH 20х25мм;Электротовары КСС ШУ;15;384;;;15.12.2025;;
ПКНФ-001336;15.12.2025;Символ ""Молния"" (треугольник) 50х50х50мм;Электротовары КСС ШУ;1;50;;;15.12.2025;;
ПКНФ-001336;15.12.2025;Термостат NO+NC (охлаждение и обогрев) на DIN-рейку 10A 230В IP20;Электротовары КСС ШУ;1;23;;;15.12.2025;;
ПКНФ-001336;15.12.2025;Саморез 4.2х25 металл-металл с прессшайбой сверло цинк (уп.200шт);Электротовары КСС ШУ;14;512;;;15.12.2025;;
ПКНФ-001336;15.12.2025;Переключатель BG33 3P 2NO короткая ручка;Электротовары КСС ШУ;3;0;;;15.12.2025;;
ПКНФ-001336;15.12.2025;DIN-рейка перфорированная L2000 1мм 35х7,5;Электротовары КСС ШУ;2.5;8.75;;;15.12.2025;;
ПКНФ-001336;15.12.2025;Рубильник 3п 100А с рукояткой управления для прямой установки;Электротовары КСС ШУ;1;1;;;15.12.2025;;
ПКНФ-001336;15.12.2025;Шайба гроверная оц.М6 DIN 127;Оцинкованные метизы (ПК КСС);0.002;0;;22.01.2026;15.12.2025;;
ПКНФ-001336;15.12.2025;Контакт дополнительный NS2-AU11 для NS2-80B (длинный шток) (R) CHINT 495972;Электротовары КСС ШУ;3;12;;09.02.2026;15.12.2025;;
ПКНФ-001336;15.12.2025;Колодка клеммная JXB-2.5/35 серая;Электротовары КСС ШУ;23;0;;;15.12.2025;;
ПКНФ-001336;15.12.2025;Заглушка для JXB-2,5/35 серая;Электротовары КСС ШУ;4;0;;;15.12.2025;;
ПКНФ-001336;15.12.2025;Колодка клеммная JXB-35/35 синяя;Электротовары КСС ШУ;1;80;;;15.12.2025;;
ПКНФ-001336;15.12.2025;Сальник PG 29 (d проводника 18-24мм, D резьбовой 36мм) IP54;Электротовары КСС ШУ;3;0;;;15.12.2025;;
ПКНФ-001336;15.12.2025;Колодка клеммная JXB-2.5/35 синяя;Электротовары КСС ШУ;1;90;;;15.12.2025;;
ПКНФ-001336;15.12.2025;Колодка клеммная ЕК-6/40 JXB земля;Электротовары КСС ШУ;3;15;;06.12.2024;15.12.2025;;
ПКНФ-001336;15.12.2025;Сальник PG 9;Электротовары КСС ШУ;5;955;;;15.12.2025;;
ПКНФ-001336;15.12.2025;Провод ПуГВнг(А)-LS 1х16 С;Электротовары КСС ШУ;3;11;;;15.12.2025;;
ПКНФ-001336;15.12.2025;Наконечник штыревой втулочный изол. НШвИ 6.0-12 (уп.50шт);Электротовары КСС ШУ;40;1356;;25.08.2025;15.12.2025;;
ПКНФ-001336;15.12.2025;Наконечник штыревой втулочный изол. НШвИ 16.0-12 (уп.50шт);Электротовары КСС ШУ;12;922;;;15.12.2025;;
ПКНФ-001336;15.12.2025;Хомут 2,5х150 нейл. (уп.100 шт);Электротовары КСС ШУ;50;0;;;15.12.2025;;
ПКНФ-001336;15.12.2025;Трубка термоус. ТУТ (HF)-16/8, красн. (уп.50м);Электротовары КСС ШУ;0.5;37;;;15.12.2025;;
ПКНФ-001336;15.12.2025;Сальник PG 42 32-38мм IP54;Электротовары КСС ШУ;1;63;;;15.12.2025;;
ПКНФ-001336;15.12.2025;Колодка клеммная JXB-6/35 (50а) сер.;Электротовары КСС ШУ;9;93;;;15.12.2025;;
ПКНФ-001336;15.12.2025;Наконечник кабельный ТМЛ(DIN) 6-6;Электротовары КСС ШУ;22;106;;;15.12.2025;;
ПКНФ-001336;15.12.2025;Обогреватель на DIN-рейку клеммный 60Вт 230В IP20;Электротовары КСС ШУ;1;5;;;15.12.2025;;
ПКНФ-001336;15.12.2025;Лента двусторонняя клейкая (скотч), 20 ммх5 м, прозрачная;Электротовары КСС ШУ;2;24;;;15.12.2025;;
ПКНФ-001336;15.12.2025;Лента двусторонняя клейкая (скотч), 12 ммх5 м, прозрачная;Электротовары КСС ШУ;2;34;;;15.12.2025;;
ПКНФ-001336;15.12.2025;Реле контроля наличия и чередования фаз CKF-318-1;Электротовары КСС ШУ;1;46;;;15.12.2025;;
ПКНФ-001336;15.12.2025;Наконечник штыревой втулочный изол. НШвИ 0.5-8 (уп.50шт);Электротовары КСС ШУ;125;15573;;;15.12.2025;;
ПКНФ-001336;15.12.2025;Саморез 4.2х13 металл-металл с прессшайбой сверло цинк (уп.200шт);Электротовары КСС ШУ;42;782.91;;;15.12.2025;;
ПКНФ-001336;15.12.2025;Маркер для кабеля 0.5-1.5мм символ ""1"" (уп.200шт) ДКС;Электротовары КСС ШУ;52;9505;;;15.12.2025;;
ПКНФ-001336;15.12.2025;Маркер для кабеля 0.5-1.5мм символ ""2"" (уп.200шт) ДКС;Электротовары КСС ШУ;68;4987;;;15.12.2025;;
ПКНФ-001336;15.12.2025;Маркер для кабеля 0.5-1.5мм символ ""3"" (уп.200шт) ДКС;Электротовары КСС ШУ;69;5201;;;15.12.2025;;
ПКНФ-001336;15.12.2025;Маркер для JXB с нумерацией 1-50 (уп.100шт);Электротовары КСС ШУ;100;10797;;;15.12.2025;;
ПКНФ-001336;15.12.2025;Сальник PG 16 10-14мм IP54;Электротовары КСС ШУ;3;202;;;15.12.2025;;
ПКНФ-001336;15.12.2025;Вентилятор с фильтром 52 м3/ч 124х124 мм;Электротовары КСС ШУ;1;12;;12.10.2025;15.12.2025;;
ПКНФ-001336;15.12.2025;Решетка вентиляционная с фильтром 124x124мм IP54;Электротовары КСС ШУ;1;6;;12.10.2025;15.12.2025;;
ПКНФ-001336;15.12.2025;Болт оцинк. М6х20 DIN 933;Оцинкованные метизы (ПК КСС);0.002;0.065;;;15.12.2025;;
ПКНФ-001336;15.12.2025;Гайка оцинк. DIN 934 М6;Оцинкованные метизы (ПК КСС);0.002;0;;04.03.2025;15.12.2025;;
ПКНФ-001336;15.12.2025;RKE4CO024LT Реле 4CO, 5A (250VAC/30VDC), 24VDC, мех. индикация, тест-кнопка с блокировкой, LED;Электротовары КСС ШУ;4;103;;;15.12.2025;;
ПКНФ-001336;15.12.2025;Зажим наборный ЗНИ-35PEN 35мм2 (JXB-земля);Электротовары КСС ШУ;1;33;;;15.12.2025;;
ПКНФ-001336;15.12.2025;Колодка клеммная ЕК-2.5/25 JXB земля;Электротовары КСС ШУ;1;92;;08.06.2024;15.12.2025;;
ПКНФ-001336;15.12.2025;Лампа AD-22DS(LED) матрица d22мм желтый 230В;Электротовары КСС ШУ;1;143;;;15.12.2025;;
ПКНФ-001336;15.12.2025;Маркер для кабеля 0.5-1.5мм символ ""0"" (уп.200шт) ДКС;Электротовары КСС ШУ;79;6900;;;15.12.2025;;
ПКНФ-001336;15.12.2025;Маркер для кабеля 0.5-1.5мм символ ""4"" (уп.200шт) ДКС;Электротовары КСС ШУ;58;1236;;;15.12.2025;;
ПКНФ-001336;15.12.2025;Маркер для кабеля 0.5-1.5мм символ ""5"" (уп.200шт) ДКС;Электротовары КСС ШУ;54;6023;;;15.12.2025;;
ПКНФ-001336;15.12.2025;Маркер для кабеля 0.5-1.5мм символ ""6"" (уп.200шт) ДКС;Электротовары КСС ШУ;47;5909;;;15.12.2025;;
ПКНФ-001336;15.12.2025;Маркер для кабеля 0.5-1.5мм символ ""7"" (уп.200шт) ДКС;Электротовары КСС ШУ;56;1957;;;15.12.2025;;
ПКНФ-001336;15.12.2025;Маркер для кабеля 0.5-1.5мм символ ""8"" (уп.200шт) ДКС;Электротовары КСС ШУ;67;1323;;;15.12.2025;;
ПКНФ-001336;15.12.2025;Маркер для кабеля 0.5-1.5мм символ ""9"" (уп.200шт) ДКС;Электротовары КСС ШУ;68;1239;;;15.12.2025;;
ПКНФ-001336;15.12.2025;Маркер для JXB с нумерацией 1-10 (уп.100шт);Электротовары КСС ШУ;100;5701;;;15.12.2025;;
ПКНФ-001336;15.12.2025;Провод ПУГВнг(А)-LS 1х0,5 Б;Электротовары КСС ШУ;98;3808;;;15.12.2025;;
ПКНФ-001336;15.12.2025;Провод ПУГВнг(А)-LS 1х0,5 К;Электротовары КСС ШУ;21;1494;;;15.12.2025;;
ПКНФ-001336;15.12.2025;Провод ПУГВнг(А)-LS 1х0,5 Ч;Электротовары КСС ШУ;27;1402;;;15.12.2025;;
ПКНФ-001336;15.12.2025;Провод ПУГВнг(А)-LS 1х1,5 ж/з;Электротовары КСС ШУ;3;516.8;;;15.12.2025;;
ПКНФ-001336;15.12.2025;Провод ПуГВнг(А)-LS 1х16 Б;Электротовары КСС ШУ;11;0;;;15.12.2025;;
ПКНФ-001336;15.12.2025;Провод ПУГВнг(А)-LS 1х6 Б;Электротовары КСС ШУ;16;0;;;15.12.2025;;
ПКНФ-001336;15.12.2025;Программируемое реле ПР200-24.2.2.0;Электротовары КСС ШУ;1;6;;;15.12.2025;;
ПКНФ-001336;15.12.2025;Блок распределительный КРОСС крепеж на панель и DIN КБР-160А;Электротовары КСС ШУ;5;66;;;15.12.2025;;
ПКНФ-001336;15.12.2025;Реле RFT2CO730LT, 2CO, 8A(250VAC/30VDC), 230VAC, LED, мех. инд., тест-кнопка;Электротовары КСС ШУ;3;71;;;15.12.2025;;
ПКНФ-001336;15.12.2025;Реле контроля уровня PZ-828 жидкости без датчика;Электротовары КСС ШУ;3;11;;16.01.2026;15.12.2025;;
ПКНФ-001336;15.12.2025;Спираль монтажная СМ-06-04 (10м);Электротовары КСС ШУ;0.2;5.241;;;15.12.2025;;
ПКНФ-001336;15.12.2025;Трубка термоус. ТУТ (HF)-16/8, желт. (уп.50м) (КВТ);Электротовары КСС ШУ;0.5;37;;;15.12.2025;;
ПКНФ-001336;15.12.2025;Трубка термоус. ТУТ (HF)-16/8, зел. (уп.50м) КВТ;Электротовары КСС ШУ;0.5;87;;;15.12.2025;;
ПКНФ-001336;15.12.2025;Трубка термоус. ТУТ (HF)-8/4, жел. (уп.50м) КВТ;Электротовары КСС ШУ;1.5;25.3;;;15.12.2025;;
ПКНФ-001336;15.12.2025;Трубка термоус. ТУТ (HF)-8/4, зел. (уп.50м) КВТ;Электротовары КСС ШУ;1.5;25.3;;;15.12.2025;;
ПКНФ-001336;15.12.2025;Трубка термоус. ТУТ (HF)-8/4, красн. (уп.50м) КВТ;Электротовары КСС ШУ;1.5;26.5;;;15.12.2025;;
ПКНФ-001336;15.12.2025;Цоколь SKC14-E, 10A(300V), черный, на рейку DIN35/панель, для RKE4CO, RKF4CO;Электротовары КСС ШУ;4;7;;;15.12.2025;;
ПКНФ-001336;15.12.2025;Цоколь SRU08-E, 10A(300V), черный, на рейку DIN35/панель, для RFT2CO;Электротовары КСС ШУ;3;0;;;15.12.2025;;
ПКНФ-001336;15.12.2025;Шайба плоская оц. М6 DIN 125;Оцинкованные метизы (ПК КСС);0.002;0.138;;25.08.2025;15.12.2025;;
ПКНФ-001336;15.12.2025;HDR-30-24 Блок питания, 24В,1.5А,36Вт;Электротовары КСС ШУ;1;16;;;15.12.2025;;
ПКНФ-001338;15.12.2025;Выключатель нагрузки 3п 20А ВН-32N;Электротовары КСС ШУ;1;12;;;15.12.2025;;
ПКНФ-001338;15.12.2025;Стяжка нейлоновая КСС 3х120 (б) (100шт);Электротовары КСС ШУ;20;0;;;15.12.2025;;
ПКНФ-001338;15.12.2025;Стяжка нейлоновая КСС 4х200 (б) (100шт);Электротовары КСС ШУ;15;0;;;15.12.2025;;
ПКНФ-001338;15.12.2025;Кабель КГВВнг(А)-LS 4х1.5;Электротовары КСС ШУ;8;270;;;15.12.2025;;
ПКНФ-001338;15.12.2025;Провод ПУГВнг(А)-LS 1х0,5 С;Электротовары КСС ШУ;11;1511;;;15.12.2025;;
ПКНФ-001338;15.12.2025;Наконечник штыревой втулочный изол. НШвИ(2) 0.5-8 (уп.50шт);Электротовары КСС ШУ;20;3440;;;15.12.2025;;
ПКНФ-001338;15.12.2025;Знак ""Земля"" круглый d20мм EKF an-1-04;Электротовары КСС ШУ;2;0;;;15.12.2025;;
ПКНФ-001338;15.12.2025;Наконечник кольцевой изол. НКИ 1.5-6 (уп.50шт);Электротовары КСС ШУ;18;0;;;15.12.2025;;
ПКНФ-001338;15.12.2025;Выключатель автоматический модульный 3п C 6А 4.5кА ВА 47-63;Электротовары КСС ШУ;3;73;;;15.12.2025;;
ПКНФ-001338;15.12.2025;Ограничитель на DIN-рейку 1 винт HDW-211;Электротовары КСС ШУ;24;0;;;15.12.2025;;
ПКНФ-001338;15.12.2025;Выключатель автоматический модульный 1п C 6А 4.5кА ВА 47-63;Электротовары КСС ШУ;2;140;;;15.12.2025;;
ПКНФ-001338;15.12.2025;Кабель-канал перфорированный 25х40 L2000 RL6 G DKC 01163RL;Электротовары КСС ШУ;1.5;21.25;;;15.12.2025;;
ПКНФ-001338;15.12.2025;Символ ""Молния"" (треугольник) 50х50х50мм;Электротовары КСС ШУ;1;50;;;15.12.2025;;
ПКНФ-001338;15.12.2025;DIN-рейка перфорированная L2000 1мм 35х7,5;Электротовары КСС ШУ;0.75;8.75;;;15.12.2025;;
ПКНФ-001338;15.12.2025;Частотный преобразователь ESQ-230-4T-0.7K 0.75кВт, 380В;Электротовары КСС ШУ;3;6;;;15.12.2025;;
ПКНФ-001338;15.12.2025;Термостат NO (охлаждение) на DIN-рейку 10А 230В IP20;Электротовары КСС ШУ;1;23;;;15.12.2025;;
ПКНФ-001338;15.12.2025;Колодка клеммная JXB-2.5/35 серая;Электротовары КСС ШУ;23;0;;;15.12.2025;;
ПКНФ-001338;15.12.2025;Заглушка для JXB-2,5/35 серая;Электротовары КСС ШУ;5;0;;;15.12.2025;;
ПКНФ-001338;15.12.2025;Провод ПуГВнг(А)-LS 1х1,5 Б;Электротовары КСС ШУ;25;186;;;15.12.2025;;
ПКНФ-001338;15.12.2025;Сальник PG21;Электротовары КСС ШУ;1;521;;;15.12.2025;;
ПКНФ-001338;15.12.2025;Колодка клеммная ЕК-16/80 JXB земля;Электротовары КСС ШУ;1;135;;06.12.2024;15.12.2025;;
ПКНФ-001338;15.12.2025;Крышка защитная на 8 модулей под вырез в шкафу MT-WPC8;Электротовары КСС ШУ;1;7;;;15.12.2025;;
ПКНФ-001338;15.12.2025;Программируемое реле ПР200-24.4.2.0;Электротовары КСС ШУ;1;10;;03.02.2026;15.12.2025;;
ПКНФ-001338;15.12.2025;Сальник PG 9;Электротовары КСС ШУ;6;955;;;15.12.2025;;
ПКНФ-001338;15.12.2025;Трубка термоус. ТУТ (HF)-4/2, красн. (уп.100м);Электротовары КСС ШУ;1.2;54.5;;;15.12.2025;;
ПКНФ-001338;15.12.2025;Трубка термоус. ТУТ (HF)-4/2, зел. (уп.100м);Электротовары КСС ШУ;1.2;54.3;;;15.12.2025;;
ПКНФ-001338;15.12.2025;Трубка термоус. ТУТ (HF)-4/2, желт. (уп.100м);Электротовары КСС ШУ;1.2;79;;;15.12.2025;;
ПКНФ-001338;15.12.2025;Колодка клеммная JXB-16/35 син.;Электротовары КСС ШУ;1;87;;06.12.2024;15.12.2025;;
ПКНФ-001338;15.12.2025;Наконечник штыревой втулочный изол. НШвИ 0.5-8 (уп.50шт);Электротовары КСС ШУ;54;15573;;;15.12.2025;;
ПКНФ-001338;15.12.2025;Наконечник штыревой втулочный изол. НШвИ 1.5-8 (уп.50шт);Электротовары КСС ШУ;58;2294;;;15.12.2025;;
ПКНФ-001338;15.12.2025;Саморез 4.2х13 металл-металл с прессшайбой сверло цинк (уп.200шт);Электротовары КСС ШУ;38;782.91;;;15.12.2025;;
ПКНФ-001338;15.12.2025;Маркер для кабеля 0.5-1.5мм символ ""1"" (уп.200шт) ДКС;Электротовары КСС ШУ;18;9505;;;15.12.2025;;
ПКНФ-001338;15.12.2025;Маркер для кабеля 0.5-1.5мм символ ""2"" (уп.200шт) ДКС;Электротовары КСС ШУ;14;4987;;;15.12.2025;;
ПКНФ-001338;15.12.2025;Маркер для кабеля 0.5-1.5мм символ ""3"" (уп.200шт) ДКС;Электротовары КСС ШУ;6;5201;;;15.12.2025;;
ПКНФ-001338;15.12.2025;Сальник PG 16 10-14мм IP54;Электротовары КСС ШУ;3;202;;;15.12.2025;;
ПКНФ-001338;15.12.2025;Вентилятор с фильтром 52 м3/ч 124х124 мм;Электротовары КСС ШУ;1;12;;12.10.2025;15.12.2025;;
ПКНФ-001338;15.12.2025;Решетка вентиляционная с фильтром 124x124мм IP54;Электротовары КСС ШУ;1;6;;12.10.2025;15.12.2025;;
ПКНФ-001338;15.12.2025;MES 80.60.30, Шкаф компактный распределительный 800х600х300;Корпусы для ШУ;1;5;;;15.12.2025;;
ПКНФ-001338;15.12.2025;Кабель-канал перфорированный 15х30 L2000 RL75 G ДКС;Электротовары КСС ШУ;0.3;90;;;15.12.2025;;
ПКНФ-001338;15.12.2025;Колодка клеммная ЕК-2.5/25 JXB земля;Электротовары КСС ШУ;3;92;;08.06.2024;15.12.2025;;
ПКНФ-001338;15.12.2025;Маркер для кабеля 0.5-1.5мм символ ""0"" (уп.200шт) ДКС;Электротовары КСС ШУ;7;6900;;;15.12.2025;;
ПКНФ-001338;15.12.2025;Маркер для кабеля 0.5-1.5мм символ ""4"" (уп.200шт) ДКС;Электротовары КСС ШУ;14;1236;;;15.12.2025;;
ПКНФ-001338;15.12.2025;Маркер для кабеля 0.5-1.5мм символ ""5"" (уп.200шт) ДКС;Электротовары КСС ШУ;6;6023;;;15.12.2025;;
ПКНФ-001338;15.12.2025;Маркер для кабеля 0.5-1.5мм символ ""6"" (уп.200шт) ДКС;Электротовары КСС ШУ;6;5909;;;15.12.2025;;
ПКНФ-001338;15.12.2025;Маркер для кабеля 0.5-1.5мм символ ""7"" (уп.200шт) ДКС;Электротовары КСС ШУ;6;1957;;;15.12.2025;;
ПКНФ-001338;15.12.2025;Маркер для кабеля 0.5-1.5мм символ ""8"" (уп.200шт) ДКС;Электротовары КСС ШУ;4;1323;;;15.12.2025;;
ПКНФ-001338;15.12.2025;Маркер для кабеля 0.5-1.5мм символ ""9"" (уп.200шт) ДКС;Электротовары КСС ШУ;6;1239;;;15.12.2025;;
ПКНФ-001338;15.12.2025;Маркер для JXB с нумерацией 1-10 (уп.100шт);Электротовары КСС ШУ;100;5701;;;15.12.2025;;
ПКНФ-001338;15.12.2025;Наконечник штыревой втулочный изол. НШвИ(2) 2.5-10 (уп.50шт);Электротовары КСС ШУ;18;2691;;;15.12.2025;;
ПКНФ-001338;15.12.2025;Провод ПУГВнг(А)-LS 1х0,5 Б;Электротовары КСС ШУ;33;3808;;;15.12.2025;;
ПКНФ-001338;15.12.2025;Провод ПУГВнг(А)-LS 1х0,5 К;Электротовары КСС ШУ;16;1494;;;15.12.2025;;
ПКНФ-001338;15.12.2025;Провод ПУГВнг(А)-LS 1х0,5 Ч;Электротовары КСС ШУ;16;1402;;;15.12.2025;;
ПКНФ-001338;15.12.2025;Провод ПУГВнг(А)-LS 1х1,5 ж/з;Электротовары КСС ШУ;8;516.8;;;15.12.2025;;
ПКНФ-001338;15.12.2025;Провод ПУГВнг(А)-LS 1х2,5 Б;Электротовары КСС ШУ;9;341.5;;;15.12.2025;;
ПКНФ-001338;15.12.2025;Спираль монтажная СМ-06-04 (10м);Электротовары КСС ШУ;0.1;5.241;;;15.12.2025;;
ПКНФ-001338;15.12.2025;Наконечник штыревой втулочный изол. НШвИ 2.5-8 (уп.50шт);Электротовары КСС ШУ;20;4221;;25.08.2025;15.12.2025;;
ПКНФ-001338;15.12.2025;Провод ШВВП 2х0,75 белый;Электротовары КСС ШУ;9;220;;;15.12.2025;;
ПКНФ-001338;15.12.2025;HDR-30-24 Блок питания, 24В,1.5А,36Вт;Электротовары КСС ШУ;1;16;;;15.12.2025;;
ПКНФ-001338;15.12.2025;Наконечник НШвИ(2) 1.5-8 (уп.50шт);Электротовары КСС ШУ;28;4909;;;15.12.2025;;
ПКНФ-001340;15.12.2025;Канализационный насос WQ2290-4172A-200;Насосы Kaiquan(ПК КСС);2;0;10.03.2026;10.03.2026;15.12.2025;;
ПКНФ-001340;15.12.2025;Расходомер ЭТАЛОН-РМ-1К2Л-RS485-250ФЛ/50М-И (Одноканальный двухлучевой Р=1,6 МПа, RS485, архив, усил;Расходомеры, манометры (ПК КСС);2;0;09.02.2026;09.02.2026;15.12.2025;;
ПКНФ-001340;15.12.2025;Задвижка 30ч39р Ду250 Pу10 штурвал;Арматура (ПК КСС);3;6;;;15.12.2025;;
ПКНФ-001340;15.12.2025;Автоматическая трубная муфта 200WQL-00A;Другие насосы и УПМ (ПК КСС);2;2;;;15.12.2025;;
ПКНФ-001340;15.12.2025;Клапан обратный шаровой DN250 PN10 канализационный;Арматура (ПК КСС);2;5;;;15.12.2025;;
ПКНФ-001345;15.12.2025;Емкость для холодной питьевой воды Флотенк, 10, нестандартное исполнение (7719.6);Перекупные изделия ЕН;1;0;;;15.12.2025;;
ПКНФ-001353;16.12.2025;Гайка шестигр.М10 оц. DIN934;Оцинкованные метизы (ПК КСС);0.006;0.586;07.10.2024;07.10.2024;16.12.2025;;
ПКНФ-001353;16.12.2025;Заглушка для трубы 20х40 мм пластик;Полиэтелен, корсис, прагма, НПВХ (ПК КСС);2;499;;;16.12.2025;;
ПКНФ-001353;16.12.2025;Болт оцинк. 10х40 DIN933;Оцинкованные метизы (ПК КСС);0.006;0.057;;;16.12.2025;;
ПКНФ-001353;16.12.2025;7841-Лестница;Составные части трубопровода (Пк КСС);1;1;;;16.12.2025;ПКНФ-001354;16.12.2025
ПКНФ-001353;16.12.2025;Шайба плоская оц. М10  DIN 125;Оцинкованные метизы (ПК КСС);0.006;0.646;;25.08.2025;16.12.2025;;
ПКНФ-001353;16.12.2025;Грибок канализационный;Полиэтелен, корсис, прагма, НПВХ (ПК КСС);1;37;;27.01.2026;16.12.2025;;
ПКНФ-001353;16.12.2025;Манжета резиновая переходная D 110/124 Уп., черн;Полиэтелен, корсис, прагма, НПВХ (ПК КСС);1;61;;;16.12.2025;;
ПКНФ-001353;16.12.2025;Муфта Корсис DN200 (OD);Полиэтелен, корсис, прагма, НПВХ (ПК КСС);1;13;;;16.12.2025;;
ПКНФ-001353;16.12.2025;Отвод 90 гр. НПВХ DN110;Полиэтелен, корсис, прагма, НПВХ (ПК КСС);1;40;;;16.12.2025;;
ПКНФ-001353;16.12.2025;Труба 110/3,2/0560 наружная канализация;Полиэтелен, корсис, прагма, НПВХ (ПК КСС);2;130;;;16.12.2025;;
ПКНФ-001353;16.12.2025;Труба 200/4,9/1200 наружная канализация;Полиэтелен, корсис, прагма, НПВХ (ПК КСС);1;11;;;16.12.2025;;
ПКНФ-001356;17.12.2025;ZA 80.00 H v.2, Передние и задние элементы цоколя, 200х800 мм (комплект из 2 шт);Корпусы для ШУ;1;1;;;17.12.2025;;
ПКНФ-001356;17.12.2025;ZA 00.60 H v.2, Боковые элементы цоколя 200х600 мм (комплект из 2 шт);Корпусы для ШУ;2;3;;;17.12.2025;;
ПКНФ-001356;17.12.2025;Рубильник 3п 315А без рукоятки управления;Электротовары КСС ШУ;2;2;;;17.12.2025;;
ПКНФ-001356;17.12.2025;Клемма двухуровневая винтовой зажим 4 точки подключения 2.5кв.мм сер.;Электротовары КСС ШУ;58;602;;;17.12.2025;;
ПКНФ-001356;17.12.2025;ZA 120.00 H v.2, Передние и задние элементы цоколя 200х1200, сплошной;Корпусы для ШУ;1;1;;;17.12.2025;;
ПКНФ-001356;17.12.2025;Z 200, Угловой элемент цоколя, 4шт.;Корпусы для ШУ;2;2;;;17.12.2025;;
ПКНФ-001356;17.12.2025;Устройство блокировочное КТЭ 265-500;Электротовары КСС ШУ;1;0;;05.02.2026;17.12.2025;;
ПКНФ-001356;17.12.2025;Рукоятка управления для прямой установки на рубильники 315-400А;Электротовары КСС ШУ;2;2;;14.02.2025;17.12.2025;;
ПКНФ-001356;17.12.2025;Решетка вентиляционная с фильтром 176x176мм IP54;Электротовары КСС ШУ;2;1;;;17.12.2025;;
ПКНФ-001356;17.12.2025;Контактор КТЭ 330А 230В NO;Электротовары КСС ШУ;2;0;;05.02.2026;17.12.2025;;
ПКНФ-001356;17.12.2025;Коробка монтажная ОП 100х100х50 с 6 вводами;Электротовары КСС ШУ;1;3;15.01.2026;15.01.2026;17.12.2025;;
ПКНФ-001356;17.12.2025;Щит настен. 12 мод. (200х255х97) IP41 белый (ЩРН-П-12)/GENERICA;Электротовары КСС ШУ;1;6;15.01.2026;15.01.2026;17.12.2025;;
ПКНФ-001356;17.12.2025;Коробка распределительная ОП безгалогенная (HF) 70х70х40 IP55 Промрукав 40-0200;Электротовары КСС ШУ;12;42;15.01.2026;15.01.2026;17.12.2025;;
ПКНФ-001356;17.12.2025;Изолятор SM-51 680А 15кВ EKF PROxima;Электротовары КСС ШУ;18;18;;;17.12.2025;;
ПКНФ-001356;17.12.2025;Кабель КГтп-ХЛ 4х50;Электротовары КСС ШУ;30;30;;;17.12.2025;;
ПКНФ-001356;17.12.2025;Выключатель 1-кл. ОП Мурманск 10А IP54 сер. EKF EFV10-021-30-54;;1;2;;;17.12.2025;;
ПКНФ-001356;17.12.2025;Шина М1Т 3х15х4000 мм;Электротовары КСС ШУ;4.5;5;;;17.12.2025;;
ПКНФ-001356;17.12.2025;Шина М1Т 3х30х4000 мм;Электротовары КСС ШУ;4.5;5;;;17.12.2025;;
ПКНФ-001356;17.12.2025;Модуль расширения дискретного ввода/вывода ПРМ-24.6;Электротовары КСС ШУ;1;5;;03.02.2026;17.12.2025;;
ПКНФ-001356;17.12.2025;Изолятор SM-40 (M8) силовой с болтом;Электротовары КСС ШУ;12;12;;;17.12.2025;;
ПКНФ-001356;17.12.2025;Кабель-канал перфорированный 40х60 L2000 RL6 G DKC 01163RL;Электротовары КСС ШУ;3.5;50;;;17.12.2025;;
ПКНФ-001356;17.12.2025;Матрица светодиодная AD16-22HS крас. EKF ledm-ad16-r;Электротовары КСС ШУ;2;4;;;17.12.2025;;
ПКНФ-001356;17.12.2025;Провод ПУГВнг(А)-LS 1х0,5 С;Электротовары КСС ШУ;42;1511;;;17.12.2025;;
ПКНФ-001356;17.12.2025;Наконечник штыревой втулочный изол. НШвИ(2) 0.5-8 (уп.50шт);Электротовары КСС ШУ;134;3440;;;17.12.2025;;
ПКНФ-001356;17.12.2025;Шайба плоская оц. М8  DIN 125;Оцинкованные метизы (ПК КСС);0.056;0.336;;;17.12.2025;;
ПКНФ-001356;17.12.2025;Знак ""Земля"" круглый d20мм EKF an-1-04;Электротовары КСС ШУ;2;0;;;17.12.2025;;
ПКНФ-001356;17.12.2025;Наконечник кольцевой изол. НКИ 1.5-6 (уп.50шт);Электротовары КСС ШУ;12;0;;;17.12.2025;;
ПКНФ-001356;17.12.2025;Выключатель автоматический модульный 3п C 6А 4.5кА ВА 47-63;Электротовары КСС ШУ;2;73;;;17.12.2025;;
ПКНФ-001356;17.12.2025;Трубка термоусадочная ТТУ нг-LS 2/1 красн. 1м IEK UDRS-D2-1-K04;Электротовары КСС ШУ;1;82.75;;;17.12.2025;;
ПКНФ-001356;17.12.2025;Трубка термоусадочная ТТУ нг-LS 2/1 желт. 1м IEK UDRS-D2-1-K05;Электротовары КСС ШУ;1.5;75.5;;;17.12.2025;;
ПКНФ-001356;17.12.2025;Трубка термоусадочная ТТУ нг-LS 2/1 зел. 1м IEK UDRS-D2-1-K06;Электротовары КСС ШУ;1;172.75;;;17.12.2025;;
ПКНФ-001356;17.12.2025;Ограничитель на DIN-рейку 1 винт HDW-211;Электротовары КСС ШУ;28;0;;;17.12.2025;;
ПКНФ-001356;17.12.2025;Выключатель автоматический модульный 1п C 6А 4.5кА ВА 47-63;Электротовары КСС ШУ;7;140;;;17.12.2025;;
ПКНФ-001356;17.12.2025;Кабель-канал перфорированный 25х40 L2000 RL6 G DKC 01163RL;Электротовары КСС ШУ;1.5;21.25;;;17.12.2025;;
ПКНФ-001356;17.12.2025;Механизм блокировки для КМЭ (09А-32А);Электротовары КСС ШУ;2;71;;;17.12.2025;;
ПКНФ-001356;17.12.2025;Переключатель BG33 3P 2NO с замком (не возврат.);Электротовары КСС ШУ;1;41;;;17.12.2025;;
ПКНФ-001356;17.12.2025;Переключатель BD21 2P короткая ручка NO IP65 PROxima EKF xb2-bd21-65;Электротовары КСС ШУ;4;0;;;17.12.2025;;
ПКНФ-001356;17.12.2025;Оповещатель светозвуковой ED16-22BMS 230В;Электротовары КСС ШУ;1;108;;;17.12.2025;;
ПКНФ-001356;17.12.2025;Панель оператора PRO-Screen 7 EKF RSC-7;Электротовары КСС ШУ;1;12;;;17.12.2025;;
ПКНФ-001356;17.12.2025;Держатель маркировки LH 20х25мм;Электротовары КСС ШУ;18;384;;;17.12.2025;;
ПКНФ-001356;17.12.2025;Символ ""Молния"" (треугольник) 50х50х50мм;Электротовары КСС ШУ;1;50;;;17.12.2025;;
ПКНФ-001356;17.12.2025;Контактор КМЭ 9А кат. 220В AC 1НЗ;Электротовары КСС ШУ;4;44;;;17.12.2025;;
ПКНФ-001356;17.12.2025;Кнопка BA21 черн. NO;Электротовары КСС ШУ;2;92;;;17.12.2025;;
ПКНФ-001356;17.12.2025;Выключатель кнопочный ВК21-BS542 1р красный гриб с фиксацией (возврат поворотом);Электротовары КСС ШУ;1;0;;;17.12.2025;;
ПКНФ-001356;17.12.2025;Резистор углеродистый CF-50 (C1-4) 0.5 Вт, 4,7 кОм, 5%;Электротовары КСС ШУ;48;1692;;;17.12.2025;;
ПКНФ-001356;17.12.2025;Модуль расширения дискретного ввода/вывода ПРМ-24.2;Электротовары КСС ШУ;1;11;;03.02.2026;17.12.2025;;
ПКНФ-001356;17.12.2025;Розетка 1-м ОП Эра Эксперт 11-2401-01 16А IP54 16AX 250В 2P+E бел. Эра Б0020712;Электротовары КСС ШУ;3;4;15.01.2026;15.01.2026;17.12.2025;;
ПКНФ-001356;17.12.2025;Вентилятор с фильтром 102 куб.м/ч 176х176мм 220В IP54;Электротовары КСС ШУ;2;1;;;17.12.2025;;
ПКНФ-001356;17.12.2025;Держатель для труб d20 мм;Электротовары КСС ШУ;300;1150;15.01.2026;15.01.2026;17.12.2025;;
ПКНФ-001356;17.12.2025;Вентилятор бытовой Эвент Волна 150Сок;Электротовары КСС ШУ;1;4;;;17.12.2025;;
ПКНФ-001356;17.12.2025;Переключатель BG33 3P 2NO короткая ручка;Электротовары КСС ШУ;2;0;;;17.12.2025;;
ПКНФ-001356;17.12.2025;DIN-рейка перфорированная L2000 1мм 35х7,5;Электротовары КСС ШУ;2;8.75;;;17.12.2025;;
ПКНФ-001356;17.12.2025;Гайка оцинк. DIN 934 М8;Оцинкованные метизы (ПК КСС);0.028;0.1;;;17.12.2025;;
ПКНФ-001356;17.12.2025;Шайба гроверная оц.М6 DIN 127;Оцинкованные метизы (ПК КСС);0.042;0;;22.01.2026;17.12.2025;;
ПКНФ-001356;17.12.2025;Кабель-канал перфорированный 25х60 L2000 RL6 G DKC 01166RL;Электротовары КСС ШУ;2;172.975;;;17.12.2025;;
ПКНФ-001356;17.12.2025;MPS 200.120.60 RAL3020 Шкаф распределительный 2000х1200х600 мм;Корпусы для ШУ;1;0;;;17.12.2025;;
ПКНФ-001356;17.12.2025;Контакт дополнительный к ВА-99 250-400А EKF PROxima;Электротовары КСС ШУ;3;3;;;17.12.2025;;
ПКНФ-001356;17.12.2025;Выключатель автоматический 3п 250/160А 45кА ВА-99C;Электротовары КСС ШУ;3;3;;;17.12.2025;;
ПКНФ-001356;17.12.2025;Труба гофрированная d20 ПВХ серая с зондом н/г легкая;Электротовары КСС ШУ;100;350;15.01.2026;15.01.2026;17.12.2025;;
ПКНФ-001356;17.12.2025;Кабель КГВВнг(А) 3х2,5;Электротовары КСС ШУ;20;60;;25.08.2025;17.12.2025;;
ПКНФ-001356;17.12.2025;Устройство плавного пуска ESQ-GS9-075 (150А, 380В, 75кВт, встроенный шунтирующий контактор);Электротовары КСС ШУ;3;4;;;17.12.2025;;
ПКНФ-001356;17.12.2025;Кабель КГВВнг(А) 3х1,5;Электротовары КСС ШУ;40;100;15.01.2026;15.01.2026;17.12.2025;;
ПКНФ-001356;17.12.2025;Кабель КГВВнг(А)-LS 3х0.75;Электротовары КСС ШУ;26;7;;;17.12.2025;;
ПКНФ-001356;17.12.2025;Выключатель автоматический для защиты двигателя 1.6-2.5А NS2-25 (R) CHINT;Электротовары КСС ШУ;3;0;;;17.12.2025;;
ПКНФ-001356;17.12.2025;Контакт дополнительный поперечный NS2-AE11 (R) CHINT 495968;Электротовары КСС ШУ;3;51;;;17.12.2025;;
ПКНФ-001356;17.12.2025;Термостат NO (охлаждение) на DIN-рейку 10А 230В IP20;Электротовары КСС ШУ;1;23;;;17.12.2025;;
ПКНФ-001356;17.12.2025;Колодка клеммная JXB-2.5/35 серая;Электротовары КСС ШУ;22;0;;;17.12.2025;;
ПКНФ-001356;17.12.2025;Заглушка для JXB-2,5/35 серая;Электротовары КСС ШУ;3;0;;;17.12.2025;;
ПКНФ-001356;17.12.2025;Провод ПуГВнг(А)-LS 1х1,5 Б;Электротовары КСС ШУ;16;186;;;17.12.2025;;
ПКНФ-001356;17.12.2025;Контактор КМЭ 9А 220В/АС3 1НО;Электротовары КСС ШУ;1;60;;;17.12.2025;;
ПКНФ-001356;17.12.2025;Колодка клеммная JXB-2.5/35 синяя;Электротовары КСС ШУ;4;90;;;17.12.2025;;
ПКНФ-001356;17.12.2025;Приставка контактная ПКЭ-11 доп. контакы 1з+1р;Электротовары КСС ШУ;4;79;;;17.12.2025;;
ПКНФ-001356;17.12.2025;MPS 200.80.60 RAL3020 Шкаф распределительный 2000х800х600 мм;Корпусы для ШУ;1;1;;;17.12.2025;;
ПКНФ-001356;17.12.2025;SP 200.60 RAL3020, Панель боковая 2000х600 (комплект из 2шт.);Корпусы для ШУ;1;0;;10.02.2026;17.12.2025;;
ПКНФ-001356;17.12.2025;Кабель КПСЭнг(А)-FRLS 1х2х0.5;Электротовары КСС ШУ;600;3120;15.01.2026;15.01.2026;17.12.2025;;
ПКНФ-001356;17.12.2025;Светильник светодиодный ДПО-108 36Вт 6500К IP40 3600лм 230В 1200мм бел. NEOX 4690612039190;Электротовары КСС ШУ;4;4;;;17.12.2025;;
ПКНФ-001356;17.12.2025;Изолятор торцевой для клемм KRUKB-3-5 DKC D-KRUKB-3-5;Электротовары КСС ШУ;10;213;;;17.12.2025;;
ПКНФ-001356;17.12.2025;Шайба плоская оц. М10  DIN 125;Оцинкованные метизы (ПК КСС);0.032;0.264;;25.08.2025;17.12.2025;;
ПКНФ-001356;17.12.2025;Выключатель автоматический модульный 1п C 25А 4.5кА ВА 47-63;Электротовары КСС ШУ;1;43;;;17.12.2025;;
ПКНФ-001356;17.12.2025;Хомут 2,5х150 нейл. (уп.100 шт);Электротовары КСС ШУ;100;0;;;17.12.2025;;
ПКНФ-001356;17.12.2025;Трубка термоус. ТУТ (HF)-4/2, красн. (уп.100м);Электротовары КСС ШУ;1.5;54.5;;;17.12.2025;;
ПКНФ-001356;17.12.2025;Трубка термоус. ТУТ (HF)-4/2, зел. (уп.100м);Электротовары КСС ШУ;1.5;54.3;;;17.12.2025;;
ПКНФ-001356;17.12.2025;Трубка термоус. ТУТ (HF)-4/2, желт. (уп.100м);Электротовары КСС ШУ;1.5;79;;;17.12.2025;;
ПКНФ-001356;17.12.2025;Лента двусторонняя клейкая (скотч), 20 ммх5 м, прозрачная;Электротовары КСС ШУ;4;24;;;17.12.2025;;
ПКНФ-001356;17.12.2025;Лента двусторонняя клейкая (скотч), 12 ммх5 м, прозрачная;Электротовары КСС ШУ;2;34;;;17.12.2025;;
ПКНФ-001356;17.12.2025;Реле контроля наличия и чередования фаз CKF-318-1;Электротовары КСС ШУ;2;46;;;17.12.2025;;
ПКНФ-001356;17.12.2025;Наконечник штыревой втулочный изол. НШвИ 0.5-8 (уп.50шт);Электротовары КСС ШУ;268;15573;;;17.12.2025;;
ПКНФ-001356;17.12.2025;Саморез 4.2х13 металл-металл с прессшайбой сверло цинк (уп.200шт);Электротовары КСС ШУ;42;782.91;;;17.12.2025;;
ПКНФ-001356;17.12.2025;Маркер для кабеля 0.5-1.5мм символ ""1"" (уп.200шт) ДКС;Электротовары КСС ШУ;52;9505;;;17.12.2025;;
ПКНФ-001356;17.12.2025;Маркер для кабеля 0.5-1.5мм символ ""2"" (уп.200шт) ДКС;Электротовары КСС ШУ;68;4987;;;17.12.2025;;
ПКНФ-001356;17.12.2025;Маркер для кабеля 0.5-1.5мм символ ""3"" (уп.200шт) ДКС;Электротовары КСС ШУ;69;5201;;;17.12.2025;;
ПКНФ-001356;17.12.2025;Маркер для JXB с нумерацией 1-50 (уп.100шт);Электротовары КСС ШУ;200;10797;;;17.12.2025;;
ПКНФ-001356;17.12.2025;Изолятор шинный ""Лесенка"" 600А 12кВ/EKF;Электротовары КСС ШУ;4;4;;04.03.2024;17.12.2025;;
ПКНФ-001356;17.12.2025;Гайка оц М10;Загружены, т.к. есть остатки из УТ (бит);16;0;;;17.12.2025;;
ПКНФ-001356;17.12.2025;Конвектор электрический  BEC/EZMR-1500 НС-1055666 Ballu;Электротовары КСС ШУ;3;3;;;17.12.2025;;
ПКНФ-001356;17.12.2025;Болт оцинк. М10х25 DIN933;Оцинкованные метизы (ПК КСС);0.016;0.1;;25.08.2025;17.12.2025;;
ПКНФ-001356;17.12.2025;HDR-60-24 MW (AC/DC ПРЕОБРАЗОВАТЕЛИ) 24B,2.5A,60Вт;Электротовары КСС ШУ;1;29;;;17.12.2025;;
ПКНФ-001356;17.12.2025;Болт оцинк. М6х20 DIN 933;Оцинкованные метизы (ПК КСС);0.054;0.065;;;17.12.2025;;
ПКНФ-001356;17.12.2025;Гайка оцинк. DIN 934 М6;Оцинкованные метизы (ПК КСС);0.026;0;;04.03.2025;17.12.2025;;
ПКНФ-001356;17.12.2025;Кабель-канал перфорированный 15х30 L2000 RL75 G ДКС;Электротовары КСС ШУ;3;90;;;17.12.2025;;
ПКНФ-001356;17.12.2025;Колодка клеммная ЕК-2.5/25 JXB земля;Электротовары КСС ШУ;5;92;;08.06.2024;17.12.2025;;
ПКНФ-001356;17.12.2025;Лампа AD-22DS(LED) матрица d22мм желтый 230В;Электротовары КСС ШУ;2;143;;;17.12.2025;;
ПКНФ-001356;17.12.2025;Лампа AD-22DS(LED) матрица d22мм зеленый 230В;Электротовары КСС ШУ;2;33;;;17.12.2025;;
ПКНФ-001356;17.12.2025;Маркер для кабеля 0.5-1.5мм символ ""0"" (уп.200шт) ДКС;Электротовары КСС ШУ;79;6900;;;17.12.2025;;
ПКНФ-001356;17.12.2025;Маркер для кабеля 0.5-1.5мм символ ""4"" (уп.200шт) ДКС;Электротовары КСС ШУ;58;1236;;;17.12.2025;;
ПКНФ-001356;17.12.2025;Маркер для кабеля 0.5-1.5мм символ ""5"" (уп.200шт) ДКС;Электротовары КСС ШУ;54;6023;;;17.12.2025;;
ПКНФ-001356;17.12.2025;Маркер для кабеля 0.5-1.5мм символ ""6"" (уп.200шт) ДКС;Электротовары КСС ШУ;47;5909;;;17.12.2025;;
ПКНФ-001356;17.12.2025;Маркер для кабеля 0.5-1.5мм символ ""7"" (уп.200шт) ДКС;Электротовары КСС ШУ;56;1957;;;17.12.2025;;
ПКНФ-001356;17.12.2025;Маркер для кабеля 0.5-1.5мм символ ""8"" (уп.200шт) ДКС;Электротовары КСС ШУ;67;1323;;;17.12.2025;;
ПКНФ-001356;17.12.2025;Маркер для кабеля 0.5-1.5мм символ ""9"" (уп.200шт) ДКС;Электротовары КСС ШУ;68;1239;;;17.12.2025;;
ПКНФ-001356;17.12.2025;Маркер для JXB с нумерацией 1-10 (уп.100шт);Электротовары КСС ШУ;200;5701;;;17.12.2025;;
ПКНФ-001356;17.12.2025;Наконечник кольцевой НКИ 2.5-6;Электротовары КСС ШУ;8;295;;;17.12.2025;;
ПКНФ-001356;17.12.2025;Наконечник штыревой втулочный НШвИ 1,5-8 (100шт);Электротовары КСС ШУ;32;734;;;17.12.2025;;
ПКНФ-001356;17.12.2025;Провод ПУГВнг(А)-LS 1х0,5 Б;Электротовары КСС ШУ;268;3808;;;17.12.2025;;
ПКНФ-001356;17.12.2025;Провод ПУГВнг(А)-LS 1х0,5 К;Электротовары КСС ШУ;45;1494;;;17.12.2025;;
ПКНФ-001356;17.12.2025;Провод ПУГВнг(А)-LS 1х0,5 Ч;Электротовары КСС ШУ;46;1402;;;17.12.2025;;
ПКНФ-001356;17.12.2025;Провод ПУГВнг(А)-LS 1х1,5 ж/з;Электротовары КСС ШУ;3;516.8;;;17.12.2025;;
ПКНФ-001356;17.12.2025;Провод ПУГВнг(А)-LS 1х2,5 Б;Электротовары КСС ШУ;8;341.5;;;17.12.2025;;
ПКНФ-001356;17.12.2025;Провод ПУГВнг(А)-LS 1х2,5 С;Электротовары КСС ШУ;7;231;;;17.12.2025;;
ПКНФ-001356;17.12.2025;Программируемое реле ПР102-24.2416.03.2;Электротовары КСС ШУ;2;6;;03.02.2026;17.12.2025;;
ПКНФ-001356;17.12.2025;Реле RFT2CO730LT, 2CO, 8A(250VAC/30VDC), 230VAC, LED, мех. инд., тест-кнопка;Электротовары КСС ШУ;11;71;;;17.12.2025;;
ПКНФ-001356;17.12.2025;Спираль монтажная СМ-06-04 (10м);Электротовары КСС ШУ;0.4;5.241;;;17.12.2025;;
ПКНФ-001356;17.12.2025;Термоусаживаемая трубка ТУТнг 25/12,5 желтая (50 м/ролл) TDM;Электротовары КСС ШУ;6;46.5;;;17.12.2025;;
ПКНФ-001356;17.12.2025;Термоусаживаемая трубка ТУТнг 25/12,5 зеленая (50 м/ролл) TDM;Электротовары КСС ШУ;6;46.5;;;17.12.2025;;
ПКНФ-001356;17.12.2025;Термоусаживаемая трубка ТУТнг 25/12,5 красная (50 м/ролл) TDM;Электротовары КСС ШУ;6;46.5;;;17.12.2025;;
ПКНФ-001356;17.12.2025;Цоколь SRU08-E, 10A(300V), черный, на рейку DIN35/панель, для RFT2CO;Электротовары КСС ШУ;11;0;;;17.12.2025;;
ПКНФ-001356;17.12.2025;Кабель КГ 4х1,5;Расходные материалы (ПК КСС);10;25;;;17.12.2025;;
ПКНФ-001356;17.12.2025;Наконечник медный луженый ТМЛ 50-8-11 /КВТ;Электротовары КСС ШУ;28;78;;;17.12.2025;;
ПКНФ-001356;17.12.2025;Наконечник штыревой втулочный изол. НШвИ 2.5-8 (уп.50шт);Электротовары КСС ШУ;10;4221;;25.08.2025;17.12.2025;;
ПКНФ-001356;17.12.2025;Светильник светодиодный 12W/110-240V 4500К 690Лм IP54;Электротовары КСС ШУ;3;0;;;17.12.2025;;
ПКНФ-001356;17.12.2025;Шайба  гровер М8 DIN 127 (А2, DIN 127);Нержавеющие метизы (ПК КСС);0.028;0;;;17.12.2025;;
ПКНФ-001356;17.12.2025;Шайба плоская оц. М6 DIN 125;Оцинкованные метизы (ПК КСС);0.052;0.138;;25.08.2025;17.12.2025;;
ПКНФ-001356;17.12.2025;Наконечник НШвИ(2) 1.5-8 (уп.50шт);Электротовары КСС ШУ;34;4909;;;17.12.2025;;
ПКНФ-001358;17.12.2025;Карабин винтовой 5 мм;Крепеж и цепи, тали (ПК КСС);6;192;;;17.12.2025;;
ПКНФ-001358;17.12.2025;Болт оцинк. М6х40 DIN 933;Оцинкованные метизы (ПК КСС);0.006;0.17;;;17.12.2025;;
ПКНФ-001358;17.12.2025;Труба э/с 108*4,0 ГОСТ 10704-91;СНГ;0.02;0.108;;;17.12.2025;;
ПКНФ-001358;17.12.2025;Болт М12*40 DIN 933 полная резьба  (А2, 12,0, 45,0, DIN 933) ;Нержавеющие метизы (ПК КСС);4;213;;;17.12.2025;;
ПКНФ-001358;17.12.2025;Скоба такелажная М4;Крепеж и цепи, тали (ПК КСС);6;113;;;17.12.2025;;
ПКНФ-001358;17.12.2025;Труба 25х25х2  ГОСТ;Черные трубы, листы, круги (ПК КСС);184;512;;;17.12.2025;;
ПКНФ-001358;17.12.2025;7614.2 КСС ШУКПП- 2/3 -30кВт +УХЛ1;Шкафы управления (ПК КСС);1;0;;;17.12.2025;;
ПКНФ-001358;17.12.2025;Труба 60х30х2 ГОСТ 8639-82;Черные трубы, листы, круги (ПК КСС);82;179;;;17.12.2025;;
ПКНФ-001358;17.12.2025;Заглушка для трубы 40х40 мм пластик;Расходные материалы (ПК КСС);2;280;;;17.12.2025;;
ПКНФ-001358;17.12.2025;Болт оцинк. М20х60 DIN933;Оцинкованные метизы (ПК КСС);0.012;0.388;;;17.12.2025;;
ПКНФ-001358;17.12.2025;Клапан обратный шаровой DN200 PN10 канализационный;Арматура (ПК КСС);2;2;02.02.2026;02.02.2026;17.12.2025;;
ПКНФ-001358;17.12.2025;Гайка шестигр. оц. М20 DIN 934 тыс шт;Оцинкованные метизы (ПК КСС);0.06;1.295;;27.06.2024;17.12.2025;;
ПКНФ-001358;17.12.2025;Болт оцинк. М16х80  DIN933;Оцинкованные метизы (ПК КСС);0.016;0.617;;;17.12.2025;;
ПКНФ-001358;17.12.2025;Насос 150WQ270-16-22AC(I), 22кВт, без АТМ DN150, 4-х полюс. ;Насосы CNP (ПК КСС);2;0;02.03.2026;02.03.2026;17.12.2025;;
ПКНФ-001358;17.12.2025;Труба э/с 60х2,6 ГОСТ;Черные трубы, листы, круги (ПК КСС);48;73;;;17.12.2025;;
ПКНФ-001358;17.12.2025;Автоматическая трубная муфта для насоса WQ DN150, TOS-150, мощность до 22кВт включительно (ПК);УПМ СNP (ПК КСС);2;0;;;17.12.2025;;
ПКНФ-001358;17.12.2025;Труба э/с 530х8 ГОСТ 10705-80;Черные трубы, листы, круги (ПК КСС);17;35;;;17.12.2025;;
ПКНФ-001358;17.12.2025;Труба э/с 159х4,5 ГОСТ 10704-91;Черные трубы, листы, круги (ПК КСС);0.033;0.1;;;17.12.2025;;
ПКНФ-001358;17.12.2025;Труба э/с 133х4,0 ГОСТ 10704-91;Черные трубы, листы, круги (ПК КСС);50;50;;;17.12.2025;;
ПКНФ-001358;17.12.2025;7614.2 - Трубопровод;Составные части трубопровода (Пк КСС);1;0;11.02.2026;;17.12.2025;ПКНФ-000048;19.01.2026
ПКНФ-001358;17.12.2025;7614.2 - Рама под УПМ, Балка под крышку;Составные части трубопровода (Пк КСС);1;0;11.02.2026;;17.12.2025;ПКНФ-000050;19.01.2026
ПКНФ-001358;17.12.2025;7614.2 - Направляющие под корзину  Площадка Лестница Балка транспортировочная Корзина;Составные части трубопровода (Пк КСС);1;0;11.02.2026;;17.12.2025;ПКНФ-000049;19.01.2026
ПКНФ-001358;17.12.2025;Труба 50х25х2  ГОСТ 8639-82;Черные трубы, листы, круги (ПК КСС);37;148;;;17.12.2025;;
ПКНФ-001358;17.12.2025;Труба 40х25х2 ГОСТ;Черные трубы, листы, круги (ПК КСС);92;207;;;17.12.2025;;
ПКНФ-001358;17.12.2025;Задвижка 30ч39р Ду200 Pу10 штурвал;Арматура (ПК КСС);2;2;02.02.2026;02.02.2026;17.12.2025;;
ПКНФ-001358;17.12.2025;Заглушка для трубы 25х25 мм пластик;Расходные материалы (ПК КСС);2;0;23.04.2024;;17.12.2025;;
ПКНФ-001358;17.12.2025;Шайба гроверная оц. Ф16 DIN 127;Оцинкованные метизы (ПК КСС);0.016;0.612;;27.06.2024;17.12.2025;;
ПКНФ-001358;17.12.2025;Труба 60х40х4  ГОСТ 8639-82;Черные трубы, листы, круги (ПК КСС);116;207;;;17.12.2025;;
ПКНФ-001358;17.12.2025;Болт оцинк. М20х80 DIN933;Оцинкованные метизы (ПК КСС);0.048;0.076;;27.06.2024;17.12.2025;;
ПКНФ-001358;17.12.2025;Навесной замок с ключом GPLK-50L;Оцинкованные метизы (ПК КСС);1;85;;20.01.2025;17.12.2025;;
ПКНФ-001358;17.12.2025;Труба 20х20х2 ГОСТ 8639-82;Черные трубы, листы, круги (ПК КСС);100;339.8;;29.01.2024;17.12.2025;;
ПКНФ-001358;17.12.2025;Шайба гровер М20 DIN 127 (А2, DIN 127);Нержавеющие метизы (ПК КСС);8;2049;;;17.12.2025;;
ПКНФ-001358;17.12.2025;Труба 315/7,7/1200 наружная канализация;Полиэтелен, корсис, прагма, НПВХ (ПК КСС);1;0;23.01.2026;23.01.2026;17.12.2025;;
ПКНФ-001358;17.12.2025;Муфта Корсис DN315 (OD);Полиэтелен, корсис, прагма, НПВХ (ПК КСС);1;8;21.01.2026;21.01.2026;17.12.2025;;
ПКНФ-001358;17.12.2025;Гайка шестигр. оц М16  (тыс шт);Оцинкованные метизы (ПК КСС);0.016;0.093;;27.06.2024;17.12.2025;;
ПКНФ-001358;17.12.2025;Труба 40х20х1.5 ГОСТ 8645-68;Черные трубы, листы, круги (ПК КСС);171;189;;;17.12.2025;;
ПКНФ-001358;17.12.2025;Труба 40х40х2 ГОСТ 8639-82;Черные трубы, листы, круги (ПК КСС);100;297.2;;;17.12.2025;;
ПКНФ-001358;17.12.2025;Труба 40х20х2 ГОСТ 8639-82;Черные трубы, листы, круги (ПК КСС);82;140.5;;29.01.2024;17.12.2025;;
ПКНФ-001358;17.12.2025;Труба 60х40х2 ГОСТ 8645-68;Черные трубы, листы, круги (ПК КСС);33;146;;;17.12.2025;;
ПКНФ-001358;17.12.2025;Труба 60х60х2  ГОСТ 8639-82;Черные трубы, листы, круги (ПК КСС);24;93;;;17.12.2025;;
ПКНФ-001358;17.12.2025;Шпилька М10 L1000 (А2, DIN975);Нержавеющие метизы (ПК КСС);1;7;;;17.12.2025;;
ПКНФ-001358;17.12.2025;Анкерный болт с гайкой 16*180 HNM тыс;Оцинкованные метизы (ПК КСС);0.016;0.52;;10.06.2024;17.12.2025;;
ПКНФ-001358;17.12.2025;Болт М10*60 DIN 933 полная резьба  (А2, 10,0, 60,0, DIN 933);Нержавеющие метизы (ПК КСС);40;1188;;;17.12.2025;;
ПКНФ-001358;17.12.2025;Болт М16*80 DIN 933 полная резьба  (А2, 16,0, 80,0, DIN 933);Нержавеющие метизы (ПК КСС);16;332;;;17.12.2025;;
ПКНФ-001358;17.12.2025;Болт М20*80 DIN 933 полная резьба  (А2, 20,0, 80,0, DIN 933);Нержавеющие метизы (ПК КСС);8;44;;;17.12.2025;;
ПКНФ-001358;17.12.2025;Гайка М10 DIN 934  (А2, 10,0, DIN 934);Нержавеющие метизы (ПК КСС);44;730;;19.06.2024;17.12.2025;;
ПКНФ-001358;17.12.2025;Гайка М12 DIN 934  (А2, 12,0, DIN 934);Нержавеющие метизы (ПК КСС);4;1068;;;17.12.2025;;
ПКНФ-001358;17.12.2025;Гайка М16 DIN 934  (А2, 16,0, DIN 934);Нержавеющие метизы (ПК КСС);16;392;25.04.2024;25.04.2024;17.12.2025;;
ПКНФ-001358;17.12.2025;Гайка М20 DIN 934  (А2, 20,0, DIN 934);Нержавеющие метизы (ПК КСС);8;235;;;17.12.2025;;
ПКНФ-001358;17.12.2025;Грибок канализационный;Полиэтелен, корсис, прагма, НПВХ (ПК КСС);1;39;;27.01.2026;17.12.2025;;
ПКНФ-001358;17.12.2025;Карабин винтовой 4 мм;Крепеж и цепи, тали (ПК КСС);6;73;;;17.12.2025;;
ПКНФ-001358;17.12.2025;Манжета резиновая переходная D 110/124 Уп., черн;Полиэтелен, корсис, прагма, НПВХ (ПК КСС);2;65;;;17.12.2025;;
ПКНФ-001358;17.12.2025;Манжета резиновая переходная D 50/72 Уп., черн;Полиэтелен, корсис, прагма, НПВХ (ПК КСС);1;151;;;17.12.2025;;
ПКНФ-001358;17.12.2025;Отвод 90 гр. НПВХ DN110;Полиэтелен, корсис, прагма, НПВХ (ПК КСС);1;42;;;17.12.2025;;
ПКНФ-001358;17.12.2025;Поплавковый выключатель RL-1 10м;Датчики уровня, преобразователи, реле (ПК КСС);4;65;;05.02.2025;17.12.2025;;
ПКНФ-001358;17.12.2025;Прокладка (паронит) 150;Полиэтелен, корсис, прагма, НПВХ (ПК КСС);2;54;;;17.12.2025;;
ПКНФ-001358;17.12.2025;Прокладка (паронит) 200;Полиэтелен, корсис, прагма, НПВХ (ПК КСС);6;77;;;17.12.2025;;
ПКНФ-001358;17.12.2025;Проушина прямая 30х70мм;Расходные материалы (ПК КСС);2;251;;;17.12.2025;;
ПКНФ-001358;17.12.2025;Рым-гайка DIN 582 М10;Крепеж и цепи, тали (ПК КСС);6;67;;;17.12.2025;;
ПКНФ-001358;17.12.2025;Рым-гайка DIN 582 М 6;Крепеж и цепи, тали (ПК КСС);0.006;0.077;;17.02.2025;17.12.2025;;
ПКНФ-001358;17.12.2025;Скоба с вкручивающимся штифтом 0,33 т, 1/2т 1/4, тип G209, для насосов до 250 кг;Крепеж и цепи, тали (ПК КСС);6;17;;23.01.2026;17.12.2025;;
ПКНФ-001358;17.12.2025;Труба 110/3,2/0560 наружная канализация;Полиэтелен, корсис, прагма, НПВХ (ПК КСС);2;134;;;17.12.2025;;
ПКНФ-001358;17.12.2025;Труба двустенная для электропроводки d110 с протяжкой(внутр. d94)/ДКС ;Полиэтелен, корсис, прагма, НПВХ (ПК КСС);3;188;;;17.12.2025;;
ПКНФ-001358;17.12.2025;Труба двустенная для электропроводки d50 с протяжкой(внутр. d41,5) [ДКС] (код 19735) 121950;Полиэтелен, корсис, прагма, НПВХ (ПК КСС);3;120;;;17.12.2025;;
ПКНФ-001358;17.12.2025;Цепь короткозвенная 4мм DIN766 оцинк;Крепеж и цепи, тали (ПК КСС);11.7;361.06;;05.07.2024;17.12.2025;;
ПКНФ-001358;17.12.2025;Цепь Т6-6х18 мм ГОСТ 30441-97 (покрытие хим.окс.);Крепеж и цепи, тали (ПК КСС);17.4;53.3;;;17.12.2025;;
ПКНФ-001358;17.12.2025;Шайба  гровер М12 DIN 127 (А2, DIN 127);Нержавеющие метизы (ПК КСС);4;938.964;;;17.12.2025;;
ПКНФ-001358;17.12.2025;Шайба гроверная оц.М20 DIN 127;Оцинкованные метизы (ПК КСС);0.06;1.284;;;17.12.2025;;
ПКНФ-001358;17.12.2025;Шайба М10 DIN 125  (А2, DIN 125);Нержавеющие метизы (ПК КСС);88;210;;;17.12.2025;;
ПКНФ-001358;17.12.2025;Шайба  гровер М10 DIN 127 (А2, DIN 127);Нержавеющие метизы (ПК КСС);44;0;;;17.12.2025;;
ПКНФ-001358;17.12.2025;Шайба М12 DIN 125  (А2, DIN 125);Нержавеющие метизы (ПК КСС);8;551;;;17.12.2025;;
ПКНФ-001358;17.12.2025;Шайба М16 DIN 125  (А2, DIN 125);Нержавеющие метизы (ПК КСС);32;1011;;;17.12.2025;;
ПКНФ-001358;17.12.2025;Шайба гровер М16 DIN 127 (А2, DIN 127);Нержавеющие метизы (ПК КСС);16;1856;;;17.12.2025;;
ПКНФ-001358;17.12.2025;Шайба М20 DIN 125  (А2, DIN 125);Нержавеющие метизы (ПК КСС);16;1510;;;17.12.2025;;
ПКНФ-001358;17.12.2025;Шайба плоская оц. М6 DIN 125;Оцинкованные метизы (ПК КСС);0.006;0.63;;25.08.2025;17.12.2025;;
ПКНФ-001358;17.12.2025;Шайба плоская оц.М16  DIN 125;Оцинкованные метизы (ПК КСС);0.032;1.444;;27.06.2024;17.12.2025;;
ПКНФ-001358;17.12.2025;Шайба плоская оц.М20  DIN 125;Оцинкованные метизы (ПК КСС);0.12;0.752;;27.06.2024;17.12.2025;;
ПКНФ-001359;17.12.2025;3024 - Лестницы;Составные части трубопровода (Пк КСС);1;0;19.01.2026;;17.12.2025;ПКНФ-001456;29.12.2025
ПКНФ-001359;17.12.2025;Труба 110/3,2/2000 наружная канализация;Полиэтелен, корсис, прагма, НПВХ (ПК КСС);1;5;;;17.12.2025;;
ПКНФ-001359;17.12.2025;Заглушка для трубы 25х25 мм пластик;Расходные материалы (ПК КСС);4;0;23.04.2024;;17.12.2025;;
ПКНФ-001359;17.12.2025;Муфта Корсис DN110 (OD);Полиэтелен, корсис, прагма, НПВХ (ПК КСС);2;14;;;17.12.2025;;
ПКНФ-001359;17.12.2025;Заглушка НПВХ DN110;Полиэтелен, корсис, прагма, НПВХ (ПК КСС);1;26;;;17.12.2025;;
ПКНФ-001359;17.12.2025;Болт М10*40 DIN 933 полная резьба  (А2, 10,0, 40,0, DIN 933);Нержавеющие метизы (ПК КСС);10;140;;;17.12.2025;;
ПКНФ-001359;17.12.2025;Гайка М10 DIN 934  (А2, 10,0, DIN 934);Нержавеющие метизы (ПК КСС);10;662;;19.06.2024;17.12.2025;;
ПКНФ-001359;17.12.2025;Грибок канализационный;Полиэтелен, корсис, прагма, НПВХ (ПК КСС);1;38;;27.01.2026;17.12.2025;;
ПКНФ-001359;17.12.2025;Коалесцентный модуль 3М-ОДГ-60/25/0,5;Засыпки и сорбенты для ЛОС, Водоподготовка;4;8;;;17.12.2025;;
ПКНФ-001359;17.12.2025;Манжета резиновая переходная D 110/124 Уп., черн;Полиэтелен, корсис, прагма, НПВХ (ПК КСС);1;62;;;17.12.2025;;
ПКНФ-001359;17.12.2025;Отвод 90 гр. НПВХ DN110;Полиэтелен, корсис, прагма, НПВХ (ПК КСС);1;40;;;17.12.2025;;
ПКНФ-001359;17.12.2025;Труба 110/3,2/0560 наружная канализация;Полиэтелен, корсис, прагма, НПВХ (ПК КСС);2;132;;;17.12.2025;;
ПКНФ-001359;17.12.2025;Шайба М10 DIN 125  (А2, DIN 125);Нержавеющие метизы (ПК КСС);20;74;;;17.12.2025;;
ПКНФ-001359;17.12.2025;Шайба  гровер М10 DIN 127 (А2, DIN 127);Нержавеющие метизы (ПК КСС);10;0;;;17.12.2025;;
ПКНФ-001363;18.12.2025;Лист 5,0*1500*6000 ст3 (м2);Черные трубы, листы, круги (ПК КСС);0.4;0;;;18.12.2025;;
ПКНФ-001363;18.12.2025;Арматура А-1 6 мм;Черные трубы, листы, круги (ПК КСС);1;34.6;;;18.12.2025;;
ПКНФ-001363;18.12.2025;Швеллер 10П ГОСТ 8240-97;Черные трубы, листы, круги (ПК КСС);15;186.1;11.09.2025;11.09.2025;18.12.2025;;
ПКНФ-001363;18.12.2025;Труба 40х40х3 ГОСТ 8639-82;Черные трубы, листы, круги (ПК КСС);2.3;16.7;;;18.12.2025;;
ПКНФ-001363;18.12.2025;Арматура ф 16 А-1 ГОСТ 5781-82 (м);Черные трубы, листы, круги (ПК КСС);4;12.3;;24.01.2024;18.12.2025;;
ПКНФ-001363;18.12.2025;Труба 50х50х3 ГОСТ 8639-82, м.д;Черные трубы, листы, круги (ПК КСС);4;65.8;;;18.12.2025;;
ПКНФ-001364;18.12.2025;Частотный преобразователь ESQ-230-4T-5.5K 5.5кВт, 380В;Электротовары КСС ШУ;3;3;;;18.12.2025;;
ПКНФ-001364;18.12.2025;Коробка монтажная ОП 100х100х50 с 6 вводами;Электротовары КСС ШУ;1;3;15.01.2026;15.01.2026;18.12.2025;;
ПКНФ-001364;18.12.2025;Щит настен. 12 мод. (200х255х97) IP41 белый (ЩРН-П-12)/GENERICA;Электротовары КСС ШУ;1;6;15.01.2026;15.01.2026;18.12.2025;;
ПКНФ-001364;18.12.2025;Коробка распределительная ОП безгалогенная (HF) 70х70х40 IP55 Промрукав 40-0200;Электротовары КСС ШУ;3;42;15.01.2026;15.01.2026;18.12.2025;;
ПКНФ-001364;18.12.2025;Стяжка нейлоновая КСС 3х120 (б) (100шт);Электротовары КСС ШУ;20;0;;;18.12.2025;;
ПКНФ-001364;18.12.2025;Стяжка нейлоновая КСС 4х200 (б) (100шт);Электротовары КСС ШУ;15;0;;;18.12.2025;;
ПКНФ-001364;18.12.2025;Кабель КГ-ХЛ 5х1,5;Электротовары КСС ШУ;1;0;;;18.12.2025;;
ПКНФ-001364;18.12.2025;Кабель КГВВнг(А)-LS 4х1.5;Электротовары КСС ШУ;7;270;;;18.12.2025;;
ПКНФ-001364;18.12.2025;Выключатель 1-кл. ОП Мурманск 10А IP54 сер. EKF EFV10-021-30-54;;1;2;;;18.12.2025;;
ПКНФ-001364;18.12.2025;Провод ПУГВнг(А)-LS 1х0,5 С;Электротовары КСС ШУ;11;1511;;;18.12.2025;;
ПКНФ-001364;18.12.2025;Наконечник штыревой втулочный изол. НШвИ(2) 0.5-8 (уп.50шт);Электротовары КСС ШУ;20;3440;;;18.12.2025;;
ПКНФ-001364;18.12.2025;Знак ""Земля"" круглый d20мм EKF an-1-04;Электротовары КСС ШУ;2;0;;;18.12.2025;;
ПКНФ-001364;18.12.2025;Наконечник кольцевой изол. НКИ 1.5-6 (уп.50шт);Электротовары КСС ШУ;18;0;;;18.12.2025;;
ПКНФ-001364;18.12.2025;Ограничитель на DIN-рейку 1 винт HDW-211;Электротовары КСС ШУ;24;0;;;18.12.2025;;
ПКНФ-001364;18.12.2025;Выключатель автоматический модульный 1п C 6А 4.5кА ВА 47-63;Электротовары КСС ШУ;2;140;;;18.12.2025;;
ПКНФ-001364;18.12.2025;Кабель-канал перфорированный 25х40 L2000 RL6 G DKC 01163RL;Электротовары КСС ШУ;1.5;21.25;;;18.12.2025;;
ПКНФ-001364;18.12.2025;Выключатель нагрузки 3п 40А ВН-63N;Электротовары КСС ШУ;1;9;;;18.12.2025;;
ПКНФ-001364;18.12.2025;Символ ""Молния"" (треугольник) 50х50х50мм;Электротовары КСС ШУ;1;50;;;18.12.2025;;
ПКНФ-001364;18.12.2025;Розетка 1-м ОП Эра Эксперт 11-2401-01 16А IP54 16AX 250В 2P+E бел. Эра Б0020712;Электротовары КСС ШУ;1;4;15.01.2026;15.01.2026;18.12.2025;;
ПКНФ-001364;18.12.2025;DIN-рейка перфорированная L2000 1мм 35х7,5;Электротовары КСС ШУ;0.75;8.75;;;18.12.2025;;
ПКНФ-001364;18.12.2025;Труба гофрированная d20 ПВХ серая с зондом н/г легкая;Электротовары КСС ШУ;50;350;15.01.2026;15.01.2026;18.12.2025;;
ПКНФ-001364;18.12.2025;Кабель КГВВнг(А) 3х1,5;Электротовары КСС ШУ;8;100;15.01.2026;15.01.2026;18.12.2025;;
ПКНФ-001364;18.12.2025;Кабель КГВВнг(А)-LS 3х0.75;Электротовары КСС ШУ;16;7;;;18.12.2025;;
ПКНФ-001364;18.12.2025;Термостат NO (охлаждение) на DIN-рейку 10А 230В IP20;Электротовары КСС ШУ;1;23;;;18.12.2025;;
ПКНФ-001364;18.12.2025;Колодка клеммная JXB-2.5/35 серая;Электротовары КСС ШУ;27;0;;;18.12.2025;;
ПКНФ-001364;18.12.2025;Заглушка для JXB-2,5/35 серая;Электротовары КСС ШУ;6;0;;;18.12.2025;;
ПКНФ-001364;18.12.2025;Провод ПуГВнг(А)-LS 1х1,5 Б;Электротовары КСС ШУ;25;186;;;18.12.2025;;
ПКНФ-001364;18.12.2025;Колодка клеммная JXB-2.5/35 синяя;Электротовары КСС ШУ;1;90;;;18.12.2025;;
ПКНФ-001364;18.12.2025;Сальник PG21;Электротовары КСС ШУ;1;521;;;18.12.2025;;
ПКНФ-001364;18.12.2025;Колодка клеммная ЕК-16/80 JXB земля;Электротовары КСС ШУ;1;135;;06.12.2024;18.12.2025;;
ПКНФ-001364;18.12.2025;Крышка защитная на 8 модулей под вырез в шкафу MT-WPC8;Электротовары КСС ШУ;1;7;;;18.12.2025;;
ПКНФ-001364;18.12.2025;Программируемое реле ПР200-24.4.2.0;Электротовары КСС ШУ;1;10;;03.02.2026;18.12.2025;;
ПКНФ-001364;18.12.2025;Сальник PG 9;Электротовары КСС ШУ;7;955;;;18.12.2025;;
ПКНФ-001364;18.12.2025;Выключатель автоматический модульный 3п C 10А 4.5кА ВА 47-63;Электротовары КСС ШУ;3;31;;;18.12.2025;;
ПКНФ-001364;18.12.2025;Выключатель автоматический модульный 3п C 25А 4.5кА ВА 47-63;Электротовары КСС ШУ;1;22;;;18.12.2025;;
ПКНФ-001364;18.12.2025;Трубка термоус. ТУТ (HF)-4/2, красн. (уп.100м);Электротовары КСС ШУ;1.2;54.5;;;18.12.2025;;
ПКНФ-001364;18.12.2025;Трубка термоус. ТУТ (HF)-4/2, зел. (уп.100м);Электротовары КСС ШУ;1.2;54.3;;;18.12.2025;;
ПКНФ-001364;18.12.2025;Трубка термоус. ТУТ (HF)-4/2, желт. (уп.100м);Электротовары КСС ШУ;1.2;79;;;18.12.2025;;
ПКНФ-001364;18.12.2025;Колодка клеммная JXB-16/35 син.;Электротовары КСС ШУ;1;87;;06.12.2024;18.12.2025;;
ПКНФ-001364;18.12.2025;Лента двусторонняя клейкая (скотч), 12 ммх5 м, прозрачная;Электротовары КСС ШУ;4;34;;;18.12.2025;;
ПКНФ-001364;18.12.2025;Наконечник штыревой втулочный изол. НШвИ 0.5-8 (уп.50шт);Электротовары КСС ШУ;54;15573;;;18.12.2025;;
ПКНФ-001364;18.12.2025;Наконечник штыревой втулочный изол. НШвИ 1.5-8 (уп.50шт);Электротовары КСС ШУ;58;2294;;;18.12.2025;;
ПКНФ-001364;18.12.2025;Саморез 4.2х13 металл-металл с прессшайбой сверло цинк (уп.200шт);Электротовары КСС ШУ;38;782.91;;;18.12.2025;;
ПКНФ-001364;18.12.2025;Маркер для кабеля 0.5-1.5мм символ ""1"" (уп.200шт) ДКС;Электротовары КСС ШУ;18;9505;;;18.12.2025;;
ПКНФ-001364;18.12.2025;Маркер для кабеля 0.5-1.5мм символ ""2"" (уп.200шт) ДКС;Электротовары КСС ШУ;14;4987;;;18.12.2025;;
ПКНФ-001364;18.12.2025;Маркер для кабеля 0.5-1.5мм символ ""3"" (уп.200шт) ДКС;Электротовары КСС ШУ;6;5201;;;18.12.2025;;
ПКНФ-001364;18.12.2025;Сальник PG 16 10-14мм IP54;Электротовары КСС ШУ;4;202;;;18.12.2025;;
ПКНФ-001364;18.12.2025;Вентилятор с фильтром 52 м3/ч 124х124 мм;Электротовары КСС ШУ;1;12;;12.10.2025;18.12.2025;;
ПКНФ-001364;18.12.2025;Решетка вентиляционная с фильтром 124x124мм IP54;Электротовары КСС ШУ;1;6;;12.10.2025;18.12.2025;;
ПКНФ-001364;18.12.2025;MES 80.60.30, Шкаф компактный распределительный 800х600х300;Корпусы для ШУ;1;5;;;18.12.2025;;
ПКНФ-001364;18.12.2025;Кабель-канал перфорированный 15х30 L2000 RL75 G ДКС;Электротовары КСС ШУ;0.3;90;;;18.12.2025;;
ПКНФ-001364;18.12.2025;Колодка клеммная ЕК-2.5/25 JXB земля;Электротовары КСС ШУ;4;92;;08.06.2024;18.12.2025;;
ПКНФ-001364;18.12.2025;Маркер для кабеля 0.5-1.5мм символ ""0"" (уп.200шт) ДКС;Электротовары КСС ШУ;7;6900;;;18.12.2025;;
ПКНФ-001364;18.12.2025;Маркер для кабеля 0.5-1.5мм символ ""4"" (уп.200шт) ДКС;Электротовары КСС ШУ;14;1236;;;18.12.2025;;
ПКНФ-001364;18.12.2025;Маркер для кабеля 0.5-1.5мм символ ""5"" (уп.200шт) ДКС;Электротовары КСС ШУ;6;6023;;;18.12.2025;;
ПКНФ-001364;18.12.2025;Маркер для кабеля 0.5-1.5мм символ ""6"" (уп.200шт) ДКС;Электротовары КСС ШУ;6;5909;;;18.12.2025;;
ПКНФ-001364;18.12.2025;Маркер для кабеля 0.5-1.5мм символ ""7"" (уп.200шт) ДКС;Электротовары КСС ШУ;6;1957;;;18.12.2025;;
ПКНФ-001364;18.12.2025;Маркер для кабеля 0.5-1.5мм символ ""8"" (уп.200шт) ДКС;Электротовары КСС ШУ;4;1323;;;18.12.2025;;
ПКНФ-001364;18.12.2025;Маркер для кабеля 0.5-1.5мм символ ""9"" (уп.200шт) ДКС;Электротовары КСС ШУ;6;1239;;;18.12.2025;;
ПКНФ-001364;18.12.2025;Маркер для JXB с нумерацией 1-10 (уп.100шт);Электротовары КСС ШУ;1;5701;;;18.12.2025;;
ПКНФ-001364;18.12.2025;Наконечник штыревой втулочный изол. НШвИ(2) 2.5-10 (уп.50шт);Электротовары КСС ШУ;26;2691;;;18.12.2025;;
ПКНФ-001364;18.12.2025;Провод ПУГВнг(А)-LS 1х0,5 Б;Электротовары КСС ШУ;33;3808;;;18.12.2025;;
ПКНФ-001364;18.12.2025;Провод ПУГВнг(А)-LS 1х0,5 К;Электротовары КСС ШУ;16;1494;;;18.12.2025;;
ПКНФ-001364;18.12.2025;Провод ПУГВнг(А)-LS 1х0,5 Ч;Электротовары КСС ШУ;16;1402;;;18.12.2025;;
ПКНФ-001364;18.12.2025;Провод ПУГВнг(А)-LS 1х1,5 ж/з;Электротовары КСС ШУ;8;516.8;;;18.12.2025;;
ПКНФ-001364;18.12.2025;Провод ПУГВнг(А)-LS 1х2,5 Б;Электротовары КСС ШУ;12;341.5;;;18.12.2025;;
ПКНФ-001364;18.12.2025;Провод ПУГВнг(А)-LS 1х2,5 С;Электротовары КСС ШУ;3;231;;;18.12.2025;;
ПКНФ-001364;18.12.2025;Спираль монтажная СМ-06-04 (10м);Электротовары КСС ШУ;1;5.241;;;18.12.2025;;
ПКНФ-001364;18.12.2025;Держатель для труб d20;Электротовары КСС ШУ;100;150;;;18.12.2025;;
ПКНФ-001364;18.12.2025;Наконечник штыревой втулочный изол. НШвИ 2.5-8 (уп.50шт);Электротовары КСС ШУ;12;4221;;25.08.2025;18.12.2025;;
ПКНФ-001364;18.12.2025;Провод ШВВП 2х0,75 белый;Электротовары КСС ШУ;9;220;;;18.12.2025;;
ПКНФ-001364;18.12.2025;Светильник светодиодный 12W/110-240V 4500К 690Лм IP54;Электротовары КСС ШУ;3;0;;;18.12.2025;;
ПКНФ-001364;18.12.2025;HDR-30-24 Блок питания, 24В,1.5А,36Вт;Электротовары КСС ШУ;1;16;;;18.12.2025;;
ПКНФ-001364;18.12.2025;Наконечник НШвИ(2) 1.5-8 (уп.50шт);Электротовары КСС ШУ;28;4909;;;18.12.2025;;
ПКНФ-001369;19.12.2025;Грунт-Эмаль по ржавчине Серая 1,9 кг;Расходные материалы (ПК КСС);2;2;;;19.12.2025;;
ПКНФ-001369;19.12.2025;7634 КСС-ВРУ 80;Шкафы управления (ПК КСС);1;0;22.01.2026;;19.12.2025;;
ПКНФ-001369;19.12.2025;Лист Г/К 8,0х1500х6000 ст.3 ГОСТ 14637-89 ;Черные трубы, листы, круги (ПК КСС);1;3;;11.06.2025;19.12.2025;;
ПКНФ-001369;19.12.2025;Шайба гроверная оц.Ф10 DIN 127;Оцинкованные метизы (ПК КСС);0.028;0.1;;;19.12.2025;;
ПКНФ-001369;19.12.2025;Гайка шестигр.М10 оц. DIN934;Оцинкованные метизы (ПК КСС);0.028;0.614;07.10.2024;07.10.2024;19.12.2025;;
ПКНФ-001369;19.12.2025;Планка диагональная станд. 0.45 Н-89 50х2000 (RAL 7004 - светло-серый);Для блок-контейнера;6;6;;;19.12.2025;;
ПКНФ-001369;19.12.2025;Болт оцинк. М10х80 DIN933;Оцинкованные метизы (ПК КСС);0.028;0;;;19.12.2025;;
ПКНФ-001369;19.12.2025;Решетка наружная вентиляционная вытяжная 200x200;Для блок-контейнера;1;1;;13.06.2025;19.12.2025;;
ПКНФ-001369;19.12.2025;Решетка наружная вентиляционная регулируемая 200x200;Для блок-контейнера;1;1;;;19.12.2025;;
ПКНФ-001369;19.12.2025;Решетка наружная вентиляционная вытяжная 250x250;Для блок-контейнера;1;1;;;19.12.2025;;
ПКНФ-001369;19.12.2025;Электроконвектор NeoClima Intenso 1500, 1.5 квт;Для блок-контейнера;1;1;;;19.12.2025;;
ПКНФ-001369;19.12.2025;Электроконвектор NeoClima Comforte T1.0, 1 кВт;Для блок-контейнера;1;1;;;19.12.2025;;
ПКНФ-001369;19.12.2025;Вентилятор HXM-200 (230V 50-60HZ);Для блок-контейнера;1;2;;;19.12.2025;;
ПКНФ-001369;19.12.2025;Болт оцинк. М12х40 DIN 933;Оцинкованные метизы (ПК КСС);0.012;0.479;;27.06.2024;19.12.2025;;
ПКНФ-001369;19.12.2025;Шайба плоская оц. М12  DIN 125;Оцинкованные метизы (ПК КСС);0.032;0.771;;03.06.2024;19.12.2025;;
ПКНФ-001369;19.12.2025;Болт оцинк. М16х120 DIN933;Оцинкованные метизы (ПК КСС);0.024;0.11;;27.06.2024;19.12.2025;;
ПКНФ-001369;19.12.2025;Болт оцинк. М16х60 DIN933;Оцинкованные метизы (ПК КСС);0.04;0.812;;;19.12.2025;;
ПКНФ-001369;19.12.2025;7634.1У - Автоматическая насосная станция повышения давления КСС-МЧ-3 CDM15-6-СХ-ГА8 ;Установки ВНС и ПНС (ПК КСС);1;0;28.01.2026;;19.12.2025;ПКНФ-001370;19.12.2025
ПКНФ-001369;19.12.2025;7634.2У - Автоматическая насосная станция повышения давления КСС-МЧ-3 CDM15-6-СХ-ГА8;Установки ВНС и ПНС (ПК КСС);1;0;23.01.2026;;19.12.2025;ПКНФ-000025;13.01.2026
ПКНФ-001369;19.12.2025;Дверь противопожарная 2080х980 (левая, 7035, с наличником, с порогом, размер по коробке);Расходные материалы (ПК КСС);1;0;;;19.12.2025;;
ПКНФ-001369;19.12.2025;Установка обеззараживания воды ОДВ-12С;Биология (ПК КСС);1;1;;;19.12.2025;;
ПКНФ-001369;19.12.2025;7634 Трубопровод (обвязка);Составные части трубопровода (Пк КСС);1;0;22.01.2026;;19.12.2025;ПКНФ-000052;19.01.2026
ПКНФ-001369;19.12.2025;7634 Рама, стойка (обвязка);Составные части трубопровода (Пк КСС);1;0;12.01.2026;;19.12.2025;ПКНФ-000051;19.01.2026
ПКНФ-001369;19.12.2025;Лист рифленый чечевица 3х1250х2500 ГОСТ 8568-77;Черные трубы, листы, круги (ПК КСС);5;5;;;19.12.2025;;
ПКНФ-001369;19.12.2025;Гладкий лист станд. 0,45 1250х2000 оцинкованный;Черные трубы, листы, круги (ПК КСС);14;7;;;19.12.2025;;
ПКНФ-001369;19.12.2025;Профнастил С-8 0,45 (RAL 9003 сигнально-белый);Для блок-контейнера;71.76;71.76;;;19.12.2025;;
ПКНФ-001369;19.12.2025;Пиломатериал обрезной хвойных пород, размер 50х100х6000 мм профилированная;Расходные материалы (ПК КСС);0.87;0.87;;;19.12.2025;;
ПКНФ-001369;19.12.2025;Профнастил МП-20 0,45 (RAL 7004 - серый);Для блок-контейнера;55.68;55.68;;;19.12.2025;;
ПКНФ-001369;19.12.2025;Таль ручная цепная VN г/п 0,5т в/п 6,0м;Крепеж и цепи, тали (ПК КСС);1;1;;;19.12.2025;;
ПКНФ-001369;19.12.2025;Тележка для тали GCL г/п 1,0т в/п 6,0м;Крепеж и цепи, тали (ПК КСС);1;1;;;19.12.2025;;
ПКНФ-001369;19.12.2025;Шайба оцинк гровер М12 DIN 127;Оцинкованные метизы (ПК КСС);0.016;0.746;;03.06.2024;19.12.2025;;
ПКНФ-001369;19.12.2025;Шайба гроверная оц. Ф16 DIN 127;Оцинкованные метизы (ПК КСС);0.064;0.624;;27.06.2024;19.12.2025;;
ПКНФ-001369;19.12.2025;Светильник светодиодный 18W 4000К 1440Лм IP65;Электротовары КСС ШУ;2;2;;;19.12.2025;;
ПКНФ-001369;19.12.2025;Шайба плоская оц. М10  DIN 125;Оцинкованные метизы (ПК КСС);0.056;0.702;;25.08.2025;19.12.2025;;
ПКНФ-001369;19.12.2025;Швеллер 8П ГОСТ 8240-89;Арматура (ПК КСС);28;36;;;19.12.2025;;
ПКНФ-001369;19.12.2025;Упаковка профнастила;Инструменты (ПК КСС);1;6;;15.10.2024;19.12.2025;;
ПКНФ-001369;19.12.2025;Розетка ОП 2-м с з/к для открытой установки IP54 ;Электротовары КСС ШУ;4;4;;;19.12.2025;;
ПКНФ-001369;19.12.2025;Полоса 40*4 ГОСТ 103-76;Черные трубы, листы, круги (ПК КСС);20;99.8;;19.08.2024;19.12.2025;;
ПКНФ-001369;19.12.2025;Швеллер 10П ГОСТ 8240-97;Черные трубы, листы, круги (ПК КСС);17;188.1;11.09.2025;11.09.2025;19.12.2025;;
ПКНФ-001369;19.12.2025;Гайка шестигр. оц М12 DIN934;Оцинкованные метизы (ПК КСС);0.016;1.22;;03.06.2024;19.12.2025;;
ПКНФ-001369;19.12.2025;Гайка шестигр. оц М16  (тыс шт);Оцинкованные метизы (ПК КСС);0.064;0.105;;27.06.2024;19.12.2025;;
ПКНФ-001369;19.12.2025;Труба 100х100х4,0 чермет;Черные трубы, листы, круги (ПК КСС);73;78;;;19.12.2025;;
ПКНФ-001369;19.12.2025;Труба 40х20х2 ГОСТ 8639-82;Черные трубы, листы, круги (ПК КСС);4;34.5;;29.01.2024;19.12.2025;;
ПКНФ-001369;19.12.2025;Выключатель 1-клавишный для открытой установки ВС20-1-0-ФСр;Электротовары КСС ШУ;1;2;;;19.12.2025;;
ПКНФ-001369;19.12.2025;ГРУНТ- ЭМАЛЬ ПО РЖАВЧИНЕ 3 В 1 СЕРАЯ 10 КГ;Расходные материалы (ПК КСС);1;1;;;19.12.2025;;
ПКНФ-001369;19.12.2025;Прокладка (паронит) 100;Полиэтелен, корсис, прагма, НПВХ (ПК КСС);4;90;;;19.12.2025;;
ПКНФ-001369;19.12.2025;Шайба плоская оц.М16  DIN 125;Оцинкованные метизы (ПК КСС);0.128;1.468;;27.06.2024;19.12.2025;;
ПКНФ-001370;19.12.2025;7634.1У - Трубопровод;Составные части трубопровода (Пк КСС);1;0;20.01.2026;;19.12.2025;ПКНФ-001460;29.12.2025
ПКНФ-001370;19.12.2025;7634.1У - Рама, стойка;;1;0;20.01.2026;;19.12.2025;ПКНФ-001461;29.12.2025
ПКНФ-001370;19.12.2025;Болт оцинк. М12х60 DIN933;Оцинкованные метизы (ПК КСС);0.012;0.294;;03.06.2024;19.12.2025;;
ПКНФ-001370;19.12.2025;Болт оцинк. М12х40 DIN 933;Оцинкованные метизы (ПК КСС);0.004;0.024;;27.06.2024;19.12.2025;;
ПКНФ-001370;19.12.2025;Шайба плоская оц. М12  DIN 125;Оцинкованные метизы (ПК КСС);0.04;1.641;;03.06.2024;19.12.2025;;
ПКНФ-001370;19.12.2025;Мембранный бак для водоснабжения вертикальный, 8л, WAV8 10 бар/110С, Westert WAV8;Арматура (ПК КСС);1;4;;;19.12.2025;;
ПКНФ-001370;19.12.2025;Насос CDM15-6FSWPC, 5.5кВт, станд. фланец, 3х380В,50Гц, чугун, 70 С;Насосы CNP (ПК КСС);3;6;23.01.2026;23.01.2026;19.12.2025;;
ПКНФ-001370;19.12.2025;Болт оцинк. М16х120 DIN933;Оцинкованные метизы (ПК КСС);0.036;0.452;;27.06.2024;19.12.2025;;
ПКНФ-001370;19.12.2025;Реле избыточного давления RVG-20-0.6 (0.6МПа) EKF RVG-20-0.6  (ПК);Датчики уровня, преобразователи, реле (ПК КСС);1;5;;;19.12.2025;;
ПКНФ-001370;19.12.2025;Шайба плоская оц. М8  DIN 125;Оцинкованные метизы (ПК КСС);0.004;1.237;;;19.12.2025;;
ПКНФ-001370;19.12.2025;Гайка шестигр. оц М8 DIN934;Оцинкованные метизы (ПК КСС);0.004;0.739;;;19.12.2025;;
ПКНФ-001370;19.12.2025;Шайба гроверная оц. Ф8 DIN 127;Оцинкованные метизы (ПК КСС);0.004;0.834;;;19.12.2025;;
ПКНФ-001370;19.12.2025;Болт оцинк. М16х80  DIN933;Оцинкованные метизы (ПК КСС);0.02;0.056;;;19.12.2025;;
ПКНФ-001370;19.12.2025;7634 КСС-ШУПЧ2  3-3 -5.5кВт+СХ;Шкафы управления (ПК КСС);1;0;22.01.2026;;19.12.2025;;
ПКНФ-001370;19.12.2025;Виброопора PDH106/38/143 M16 NR60;Расходные материалы (ПК КСС);6;12;;;19.12.2025;;
ПКНФ-001370;19.12.2025;Шаровой кран латунный 1/2"" ВР, с дренажем и воздухоотводчиком, ручка-бабочка, Pride LD 44.344.15;Арматура (ПК КСС);2;37;;;19.12.2025;;
ПКНФ-001370;19.12.2025;Ниппель прямой никелированный 1/2"" НР. LD Pride LD.67.501.15;Арматура (ПК КСС);2;38;;;19.12.2025;;
ПКНФ-001370;19.12.2025;Манометр с поверкой тип ТМ-310Т.00, 0..1,6 МПа, 63 мм, G1/4""(сзади), кл.1,5, корпус-сталь, Росма 000;Расходомеры, манометры (ПК КСС);2;28;;21.01.2026;19.12.2025;;
ПКНФ-001370;19.12.2025;Муфта никелированная 1/2"" ВР, LD Pride LD.67.502.15;Арматура (ПК КСС);2;26;;;19.12.2025;;
ПКНФ-001370;19.12.2025;Рым-болт DIN 580 М 12;Оцинкованные метизы (ПК КСС);4;27.992;;;19.12.2025;;
ПКНФ-001370;19.12.2025;Преобразователь давления EKF PRT-100-1.6-1.0-G2;Датчики уровня, преобразователи, реле (ПК КСС);1;36;;;19.12.2025;;
ПКНФ-001370;19.12.2025;Кран шаровой латунный 3/4"" ВР, ручка-бабочка, LD Pride 47.20.В-В.Б;Арматура (ПК КСС);1;17;;;19.12.2025;;
ПКНФ-001370;19.12.2025;Шайба оцинк гровер М12 DIN 127;Оцинкованные метизы (ПК КСС);0.02;0.994;;03.06.2024;19.12.2025;;
ПКНФ-001370;19.12.2025;Шайба гроверная оц. Ф16 DIN 127;Оцинкованные метизы (ПК КСС);0.048;0.957;;27.06.2024;19.12.2025;;
ПКНФ-001370;19.12.2025;Затвор Ridval тип RVB 01 DN50 PN16 рукоятка, синий;Арматура (ПК КСС);6;14;;;19.12.2025;;
ПКНФ-001370;19.12.2025;Клапан Ridval тип RVC 20 DN50 PN16, синий;Арматура (ПК КСС);3;13;;;19.12.2025;;
ПКНФ-001370;19.12.2025;Болт оцинк. М8х30 DIN 933;Оцинкованные метизы (ПК КСС);0.004;0.622;;;19.12.2025;;
ПКНФ-001370;19.12.2025;Гайка шестигр. оц М12 DIN934;Оцинкованные метизы (ПК КСС);0.02;1.233;;03.06.2024;19.12.2025;;
ПКНФ-001370;19.12.2025;Гайка шестигр. оц М16  (тыс шт);Оцинкованные метизы (ПК КСС);0.048;0.772;;27.06.2024;19.12.2025;;
ПКНФ-001370;19.12.2025;Прокладка (паронит) 50;Полиэтелен, корсис, прагма, НПВХ (ПК КСС);9;88.994;;;19.12.2025;;
ПКНФ-001370;19.12.2025;Футорка ник. латун. 1/2х 1/4;Арматура (ПК КСС);1;45;;;19.12.2025;;
ПКНФ-001370;19.12.2025;Шайба плоская оц.М16  DIN 125;Оцинкованные метизы (ПК КСС);0.096;1.689;;27.06.2024;19.12.2025;;
ПКНФ-001376;22.12.2025;Шайба гроверная оц.Ф10 DIN 127;Оцинкованные метизы (ПК КСС);0.05;0.072;;;22.12.2025;;
ПКНФ-001376;22.12.2025;Гайка шестигр.М10 оц. DIN934;Оцинкованные метизы (ПК КСС);0.05;0.726;07.10.2024;07.10.2024;22.12.2025;;
ПКНФ-001376;22.12.2025;Заглушка для трубы 20х40 мм пластик;Полиэтелен, корсис, прагма, НПВХ (ПК КСС);4;499;;;22.12.2025;;
ПКНФ-001376;22.12.2025;Болт оцинк. 10х40 DIN933;Оцинкованные метизы (ПК КСС);0.05;0.057;;;22.12.2025;;
ПКНФ-001376;22.12.2025;7649.5  - Гильза DN 630 L=950 самодельная ;Составные части трубопровода (Пк КСС);1;0;;;22.12.2025;;
ПКНФ-001376;22.12.2025;7649.5  - Гильза DN 630 L=1710 самодельная;Составные части трубопровода (Пк КСС);1;0;;;22.12.2025;;
ПКНФ-001376;22.12.2025;Муфта Икапласт DN/OD 630;Полиэтелен, корсис, прагма, НПВХ (ПК КСС);2;2;;;22.12.2025;;
ПКНФ-001376;22.12.2025;7649.5 - Лестницы;Составные части трубопровода (Пк КСС);6;0;21.01.2026;;22.12.2025;ПКНФ-001377;22.12.2025
ПКНФ-001376;22.12.2025;Заглушка для трубы 25х25 мм пластик;Расходные материалы (ПК КСС);14;28;23.04.2024;;22.12.2025;;
ПКНФ-001376;22.12.2025;Шайба плоская оц. М10  DIN 125;Оцинкованные метизы (ПК КСС);0.1;0.786;;25.08.2025;22.12.2025;;
ПКНФ-001376;22.12.2025;Профиль стоечный 0,6 мм 50х50х3000 мм;Расходные материалы (ПК КСС);6;28;;;22.12.2025;;
ПКНФ-001376;22.12.2025;Труба 315/7,7/2000 наружная канализация;Полиэтелен, корсис, прагма, НПВХ (ПК КСС);3;3;;;22.12.2025;;
ПКНФ-001376;22.12.2025;Пуролат-Стандарт"" из антрацита фр.3,0-7,0 мм с учетом упаковки (полиэтиленовые мешки по 22,5кг (25 л;Засыпки и сорбенты для ЛОС, Водоподготовка;0.9;2.825;;;22.12.2025;;
ПКНФ-001376;22.12.2025;Песок кварцевый фр. 10,0-20,0;Засыпки и сорбенты для ЛОС, Водоподготовка;10.8;0;30.01.2026;30.01.2026;22.12.2025;;
ПКНФ-001376;22.12.2025;Заглушка НПВХ DN110;Полиэтелен, корсис, прагма, НПВХ (ПК КСС);1;25;;;22.12.2025;;
ПКНФ-001376;22.12.2025;Грибок канализационный;Полиэтелен, корсис, прагма, НПВХ (ПК КСС);3;46;;27.01.2026;22.12.2025;;
ПКНФ-001376;22.12.2025;Коалесцентный модуль 3М-ОДГ-60/25/0,5;Засыпки и сорбенты для ЛОС, Водоподготовка;120;124;;;22.12.2025;;
ПКНФ-001376;22.12.2025;Манжета резиновая переходная D 110/124 Уп., черн;Полиэтелен, корсис, прагма, НПВХ (ПК КСС);3;75;;;22.12.2025;;
ПКНФ-001376;22.12.2025;Отвод 90 гр. НПВХ DN110;Полиэтелен, корсис, прагма, НПВХ (ПК КСС);3;51;;;22.12.2025;;
ПКНФ-001376;22.12.2025;Сорбент Rx-Sorb, мешок гео ткань 62,5 л м3;Засыпки и сорбенты для ЛОС, Водоподготовка;0.9;1378.47;29.01.2026;29.01.2026;22.12.2025;;
ПКНФ-001376;22.12.2025;Труба 110/3,2/0560 наружная канализация;Полиэтелен, корсис, прагма, НПВХ (ПК КСС);6;164;;;22.12.2025;;
ПКНФ-001377;22.12.2025;Пластина 100х40 (AISI 304);Нержавеющие трубы, листы, круги, сетки(ПК КСС);28;60;;;22.12.2025;;
ПКНФ-001377;22.12.2025;Труба 40х20х2 (AISI304);Нержавеющие трубы, листы, круги, сетки(ПК КСС);17.1;0;09.09.2025;09.09.2025;22.12.2025;;
ПКНФ-001377;22.12.2025;Труба 25х25х2 (AISI 304);Нержавеющие трубы, листы, круги, сетки(ПК КСС);28;79.5;09.09.2025;05.08.2025;22.12.2025;;
ПКНФ-001377;22.12.2025;Труба 50х50х3,0 AISI 304;Нержавеющие трубы, листы, круги, сетки(ПК КСС);0.2;27.8;09.09.2025;05.08.2025;22.12.2025;;
ПКНФ-001380;22.12.2025;Лист 5,0*1500*6000 ст3 (шт);Черные трубы, листы, круги (ПК КСС);0.004;0.006;;;22.12.2025;;
ПКНФ-001380;22.12.2025;Арматура А-1 6 мм;Черные трубы, листы, круги (ПК КСС);1;35.6;;;22.12.2025;;
ПКНФ-001380;22.12.2025;Швеллер 10П ГОСТ 8240-97;Черные трубы, листы, круги (ПК КСС);15;186.1;11.09.2025;11.09.2025;22.12.2025;;
ПКНФ-001380;22.12.2025;Труба 40х40х3 ГОСТ 8639-82;Черные трубы, листы, круги (ПК КСС);2.3;78.7;;;22.12.2025;;
ПКНФ-001380;22.12.2025;Арматура ф 16 А-1 ГОСТ 5781-82 (м);Черные трубы, листы, круги (ПК КСС);0.4;9.1;;24.01.2024;22.12.2025;;
ПКНФ-001387;22.12.2025;Гайка шестигр.М10 оц. DIN934;Оцинкованные метизы (ПК КСС);0.01;0.726;07.10.2024;07.10.2024;22.12.2025;;
ПКНФ-001387;22.12.2025;Болт оцинк. М10х60 DIN933;Оцинкованные метизы (ПК КСС);0.01;0.728;;;22.12.2025;;
ПКНФ-001387;22.12.2025;7649.4.3 - Лестница;Составные части трубопровода (Пк КСС);1;0;;;22.12.2025;ПКНФ-000078;20.01.2026
ПКНФ-001387;22.12.2025;7649.4.3 - Трубопровод;Составные части трубопровода (Пк КСС);1;0;;;22.12.2025;ПКНФ-000033;20.01.2026
ПКНФ-001387;22.12.2025;Заглушка для трубы 25х25 мм пластик;Расходные материалы (ПК КСС);2;28;23.04.2024;;22.12.2025;;
ПКНФ-001387;22.12.2025;Шайба плоская оц. М10  DIN 125;Оцинкованные метизы (ПК КСС);0.01;0.786;;25.08.2025;22.12.2025;;
ПКНФ-001387;22.12.2025;Болт М10*40 DIN 933 полная резьба  (А2, 10,0, 40,0, DIN 933);Нержавеющие метизы (ПК КСС);4;196;;;22.12.2025;;
ПКНФ-001387;22.12.2025;Гайка М10 DIN 934  (А2, 10,0, DIN 934);Нержавеющие метизы (ПК КСС);4;708;;19.06.2024;22.12.2025;;
ПКНФ-001387;22.12.2025;Грибок канализационный;Полиэтелен, корсис, прагма, НПВХ (ПК КСС);1;46;;27.01.2026;22.12.2025;;
ПКНФ-001387;22.12.2025;Манжета резиновая переходная D 110/124 Уп., черн;Полиэтелен, корсис, прагма, НПВХ (ПК КСС);1;75;;;22.12.2025;;
ПКНФ-001387;22.12.2025;Отвод 90 гр. НПВХ DN110;Полиэтелен, корсис, прагма, НПВХ (ПК КСС);1;51;;;22.12.2025;;
ПКНФ-001387;22.12.2025;Труба 110/3,2/0560 наружная канализация;Полиэтелен, корсис, прагма, НПВХ (ПК КСС);2;164;;;22.12.2025;;
ПКНФ-001387;22.12.2025;Шайба М10 DIN 125  (А2, DIN 125);Нержавеющие метизы (ПК КСС);4;110;;;22.12.2025;;
ПКНФ-001390;22.12.2025;Гайка шестигр.М10 оц. DIN934;Оцинкованные метизы (ПК КСС);0.01;0.726;07.10.2024;07.10.2024;22.12.2025;;
ПКНФ-001390;22.12.2025;Болт оцинк. М10х60 DIN933;Оцинкованные метизы (ПК КСС);0.01;0.728;;;22.12.2025;;
ПКНФ-001390;22.12.2025;7649.4.4 - Лестница;Составные части трубопровода (Пк КСС);1;0;;;22.12.2025;ПКНФ-001391;22.12.2025
ПКНФ-001390;22.12.2025;7649.4.4 - Трубопровод;Составные части трубопровода (Пк КСС);1;0;;;22.12.2025;ПКНФ-000034;20.01.2026
ПКНФ-001390;22.12.2025;Заглушка для трубы 25х25 мм пластик;Расходные материалы (ПК КСС);2;28;23.04.2024;;22.12.2025;;
ПКНФ-001390;22.12.2025;Шайба плоская оц. М10  DIN 125;Оцинкованные метизы (ПК КСС);0.01;0.786;;25.08.2025;22.12.2025;;
ПКНФ-001390;22.12.2025;Болт М10*40 DIN 933 полная резьба  (А2, 10,0, 40,0, DIN 933);Нержавеющие метизы (ПК КСС);4;196;;;22.12.2025;;
ПКНФ-001390;22.12.2025;Гайка М10 DIN 934  (А2, 10,0, DIN 934);Нержавеющие метизы (ПК КСС);4;708;;19.06.2024;22.12.2025;;
ПКНФ-001390;22.12.2025;Грибок канализационный;Полиэтелен, корсис, прагма, НПВХ (ПК КСС);1;46;;27.01.2026;22.12.2025;;
ПКНФ-001390;22.12.2025;Манжета резиновая переходная D 110/124 Уп., черн;Полиэтелен, корсис, прагма, НПВХ (ПК КСС);1;75;;;22.12.2025;;
ПКНФ-001390;22.12.2025;Отвод 90 гр. НПВХ DN110;Полиэтелен, корсис, прагма, НПВХ (ПК КСС);1;51;;;22.12.2025;;
ПКНФ-001390;22.12.2025;Труба 110/3,2/0560 наружная канализация;Полиэтелен, корсис, прагма, НПВХ (ПК КСС);2;164;;;22.12.2025;;
ПКНФ-001390;22.12.2025;Шайба М10 DIN 125  (А2, DIN 125);Нержавеющие метизы (ПК КСС);4;110;;;22.12.2025;;
ПКНФ-001393;22.12.2025;Гайка шестигр.М10 оц. DIN934;Оцинкованные метизы (ПК КСС);0.01;0.726;07.10.2024;07.10.2024;22.12.2025;;
ПКНФ-001393;22.12.2025;Болт оцинк. М10х60 DIN933;Оцинкованные метизы (ПК КСС);0.01;0.728;;;22.12.2025;;
ПКНФ-001393;22.12.2025;7649.4.5 - Лестница;Составные части трубопровода (Пк КСС);1;0;;;22.12.2025;ПКНФ-001394;22.12.2025
ПКНФ-001393;22.12.2025;7649.4.5 - Трубопровод;Составные части трубопровода (Пк КСС);1;0;;;22.12.2025;ПКНФ-000035;20.01.2026
ПКНФ-001393;22.12.2025;Заглушка для трубы 25х25 мм пластик;Расходные материалы (ПК КСС);2;28;23.04.2024;;22.12.2025;;
ПКНФ-001393;22.12.2025;Шайба плоская оц. М10  DIN 125;Оцинкованные метизы (ПК КСС);0.01;0.786;;25.08.2025;22.12.2025;;
ПКНФ-001393;22.12.2025;Болт М10*40 DIN 933 полная резьба  (А2, 10,0, 40,0, DIN 933);Нержавеющие метизы (ПК КСС);4;196;;;22.12.2025;;
ПКНФ-001393;22.12.2025;Гайка М10 DIN 934  (А2, 10,0, DIN 934);Нержавеющие метизы (ПК КСС);4;708;;19.06.2024;22.12.2025;;
ПКНФ-001393;22.12.2025;Грибок канализационный;Полиэтелен, корсис, прагма, НПВХ (ПК КСС);1;46;;27.01.2026;22.12.2025;;
ПКНФ-001393;22.12.2025;Манжета резиновая переходная D 110/124 Уп., черн;Полиэтелен, корсис, прагма, НПВХ (ПК КСС);1;75;;;22.12.2025;;
ПКНФ-001393;22.12.2025;Отвод 90 гр. НПВХ DN110;Полиэтелен, корсис, прагма, НПВХ (ПК КСС);1;51;;;22.12.2025;;
ПКНФ-001393;22.12.2025;Труба 110/3,2/0560 наружная канализация;Полиэтелен, корсис, прагма, НПВХ (ПК КСС);2;164;;;22.12.2025;;
ПКНФ-001393;22.12.2025;Шайба М10 DIN 125  (А2, DIN 125);Нержавеющие метизы (ПК КСС);4;110;;;22.12.2025;;
ПКНФ-001396;22.12.2025;Гайка шестигр.М10 оц. DIN934;Оцинкованные метизы (ПК КСС);0.01;0.726;07.10.2024;07.10.2024;22.12.2025;;
ПКНФ-001396;22.12.2025;Болт оцинк. М10х60 DIN933;Оцинкованные метизы (ПК КСС);0.01;0.728;;;22.12.2025;;
ПКНФ-001396;22.12.2025;7649.4.6 - Лестница;Составные части трубопровода (Пк КСС);1;0;;;22.12.2025;ПКНФ-001397;22.12.2025
ПКНФ-001396;22.12.2025;7649.4.6 - Трубопровод;Составные части трубопровода (Пк КСС);1;0;;;22.12.2025;ПКНФ-000036;20.01.2026
ПКНФ-001396;22.12.2025;Заглушка для трубы 25х25 мм пластик;Расходные материалы (ПК КСС);2;28;23.04.2024;;22.12.2025;;
ПКНФ-001396;22.12.2025;Шайба плоская оц. М10  DIN 125;Оцинкованные метизы (ПК КСС);0.01;0.786;;25.08.2025;22.12.2025;;
ПКНФ-001396;22.12.2025;Болт М10*40 DIN 933 полная резьба  (А2, 10,0, 40,0, DIN 933);Нержавеющие метизы (ПК КСС);4;196;;;22.12.2025;;
ПКНФ-001396;22.12.2025;Гайка М10 DIN 934  (А2, 10,0, DIN 934);Нержавеющие метизы (ПК КСС);4;708;;19.06.2024;22.12.2025;;
ПКНФ-001396;22.12.2025;Грибок канализационный;Полиэтелен, корсис, прагма, НПВХ (ПК КСС);1;46;;27.01.2026;22.12.2025;;
ПКНФ-001396;22.12.2025;Манжета резиновая переходная D 110/124 Уп., черн;Полиэтелен, корсис, прагма, НПВХ (ПК КСС);1;75;;;22.12.2025;;
ПКНФ-001396;22.12.2025;Отвод 90 гр. НПВХ DN110;Полиэтелен, корсис, прагма, НПВХ (ПК КСС);1;51;;;22.12.2025;;
ПКНФ-001396;22.12.2025;Труба 110/3,2/0560 наружная канализация;Полиэтелен, корсис, прагма, НПВХ (ПК КСС);2;164;;;22.12.2025;;
ПКНФ-001396;22.12.2025;Шайба М10 DIN 125  (А2, DIN 125);Нержавеющие метизы (ПК КСС);4;110;;;22.12.2025;;
ПКНФ-001399;22.12.2025;Гайка шестигр.М10 оц. DIN934;Оцинкованные метизы (ПК КСС);0.01;0.726;07.10.2024;07.10.2024;22.12.2025;;
ПКНФ-001399;22.12.2025;Болт оцинк. М10х60 DIN933;Оцинкованные метизы (ПК КСС);0.01;0.728;;;22.12.2025;;
ПКНФ-001399;22.12.2025;7649.4.7 - Лестница;Составные части трубопровода (Пк КСС);1;0;;;22.12.2025;ПКНФ-000089;20.01.2026
ПКНФ-001399;22.12.2025;7649.4.7 - Трубопровод;Составные части трубопровода (Пк КСС);1;0;;;22.12.2025;ПКНФ-000037;20.01.2026
ПКНФ-001399;22.12.2025;Заглушка для трубы 25х25 мм пластик;Расходные материалы (ПК КСС);2;28;23.04.2024;;22.12.2025;;
ПКНФ-001399;22.12.2025;Шайба плоская оц. М10  DIN 125;Оцинкованные метизы (ПК КСС);0.01;0.786;;25.08.2025;22.12.2025;;
ПКНФ-001399;22.12.2025;Болт М10*40 DIN 933 полная резьба  (А2, 10,0, 40,0, DIN 933);Нержавеющие метизы (ПК КСС);4;196;;;22.12.2025;;
ПКНФ-001399;22.12.2025;Гайка М10 DIN 934  (А2, 10,0, DIN 934);Нержавеющие метизы (ПК КСС);4;708;;19.06.2024;22.12.2025;;
ПКНФ-001399;22.12.2025;Грибок канализационный;Полиэтелен, корсис, прагма, НПВХ (ПК КСС);1;46;;27.01.2026;22.12.2025;;
ПКНФ-001399;22.12.2025;Манжета резиновая переходная D 110/124 Уп., черн;Полиэтелен, корсис, прагма, НПВХ (ПК КСС);1;75;;;22.12.2025;;
ПКНФ-001399;22.12.2025;Отвод 90 гр. НПВХ DN110;Полиэтелен, корсис, прагма, НПВХ (ПК КСС);1;51;;;22.12.2025;;
ПКНФ-001399;22.12.2025;Труба 110/3,2/0560 наружная канализация;Полиэтелен, корсис, прагма, НПВХ (ПК КСС);2;164;;;22.12.2025;;
ПКНФ-001399;22.12.2025;Шайба М10 DIN 125  (А2, DIN 125);Нержавеющие метизы (ПК КСС);4;110;;;22.12.2025;;
ПКНФ-001402;22.12.2025;Гайка шестигр.М10 оц. DIN934;Оцинкованные метизы (ПК КСС);0.01;0.726;07.10.2024;07.10.2024;22.12.2025;;
ПКНФ-001402;22.12.2025;Болт оцинк. М10х60 DIN933;Оцинкованные метизы (ПК КСС);0.01;0.728;;;22.12.2025;;
ПКНФ-001402;22.12.2025;7649.4.8 - Лестница;Составные части трубопровода (Пк КСС);1;0;;;22.12.2025;ПКНФ-000088;20.01.2026
ПКНФ-001402;22.12.2025;7649.4.8 - Трубопровод;Составные части трубопровода (Пк КСС);1;0;;;22.12.2025;ПКНФ-000038;20.01.2026
ПКНФ-001402;22.12.2025;Заглушка для трубы 25х25 мм пластик;Расходные материалы (ПК КСС);2;28;23.04.2024;;22.12.2025;;
ПКНФ-001402;22.12.2025;Шайба плоская оц. М10  DIN 125;Оцинкованные метизы (ПК КСС);0.01;0.786;;25.08.2025;22.12.2025;;
ПКНФ-001402;22.12.2025;Болт М10*40 DIN 933 полная резьба  (А2, 10,0, 40,0, DIN 933);Нержавеющие метизы (ПК КСС);4;196;;;22.12.2025;;
ПКНФ-001402;22.12.2025;Гайка М10 DIN 934  (А2, 10,0, DIN 934);Нержавеющие метизы (ПК КСС);4;708;;19.06.2024;22.12.2025;;
ПКНФ-001402;22.12.2025;Грибок канализационный;Полиэтелен, корсис, прагма, НПВХ (ПК КСС);1;46;;27.01.2026;22.12.2025;;
ПКНФ-001402;22.12.2025;Манжета резиновая переходная D 110/124 Уп., черн;Полиэтелен, корсис, прагма, НПВХ (ПК КСС);1;75;;;22.12.2025;;
ПКНФ-001402;22.12.2025;Отвод 90 гр. НПВХ DN110;Полиэтелен, корсис, прагма, НПВХ (ПК КСС);1;51;;;22.12.2025;;
ПКНФ-001402;22.12.2025;Труба 110/3,2/0560 наружная канализация;Полиэтелен, корсис, прагма, НПВХ (ПК КСС);2;164;;;22.12.2025;;
ПКНФ-001402;22.12.2025;Шайба М10 DIN 125  (А2, DIN 125);Нержавеющие метизы (ПК КСС);4;110;;;22.12.2025;;
ПКНФ-001405;22.12.2025;Гайка шестигр.М10 оц. DIN934;Оцинкованные метизы (ПК КСС);0.01;0.726;07.10.2024;07.10.2024;22.12.2025;;
ПКНФ-001405;22.12.2025;Болт оцинк. М10х60 DIN933;Оцинкованные метизы (ПК КСС);0.01;0.728;;;22.12.2025;;
ПКНФ-001405;22.12.2025;7649.4.9 - Лестница;Составные части трубопровода (Пк КСС);1;0;;;22.12.2025;ПКНФ-000087;20.01.2026
ПКНФ-001405;22.12.2025;7649.4.9 - Трубопровод;Составные части трубопровода (Пк КСС);1;0;;;22.12.2025;ПКНФ-000039;20.01.2026
ПКНФ-001405;22.12.2025;Заглушка для трубы 25х25 мм пластик;Расходные материалы (ПК КСС);2;28;23.04.2024;;22.12.2025;;
ПКНФ-001405;22.12.2025;Шайба плоская оц. М10  DIN 125;Оцинкованные метизы (ПК КСС);0.01;0.786;;25.08.2025;22.12.2025;;
ПКНФ-001405;22.12.2025;Болт М10*40 DIN 933 полная резьба  (А2, 10,0, 40,0, DIN 933);Нержавеющие метизы (ПК КСС);4;196;;;22.12.2025;;
ПКНФ-001405;22.12.2025;Гайка М10 DIN 934  (А2, 10,0, DIN 934);Нержавеющие метизы (ПК КСС);4;708;;19.06.2024;22.12.2025;;
ПКНФ-001405;22.12.2025;Грибок канализационный;Полиэтелен, корсис, прагма, НПВХ (ПК КСС);1;46;;27.01.2026;22.12.2025;;
ПКНФ-001405;22.12.2025;Манжета резиновая переходная D 110/124 Уп., черн;Полиэтелен, корсис, прагма, НПВХ (ПК КСС);1;75;;;22.12.2025;;
ПКНФ-001405;22.12.2025;Отвод 90 гр. НПВХ DN110;Полиэтелен, корсис, прагма, НПВХ (ПК КСС);1;51;;;22.12.2025;;
ПКНФ-001405;22.12.2025;Труба 110/3,2/0560 наружная канализация;Полиэтелен, корсис, прагма, НПВХ (ПК КСС);2;164;;;22.12.2025;;
ПКНФ-001405;22.12.2025;Шайба М10 DIN 125  (А2, DIN 125);Нержавеющие метизы (ПК КСС);4;110;;;22.12.2025;;
ПКНФ-001408;22.12.2025;Гайка шестигр.М10 оц. DIN934;Оцинкованные метизы (ПК КСС);0.01;0.726;07.10.2024;07.10.2024;22.12.2025;;
ПКНФ-001408;22.12.2025;Болт оцинк. М10х60 DIN933;Оцинкованные метизы (ПК КСС);0.01;0.728;;;22.12.2025;;
ПКНФ-001408;22.12.2025;7649.4.10 - Трубопровод;Составные части трубопровода (Пк КСС);1;0;;;22.12.2025;ПКНФ-000040;20.01.2026
ПКНФ-001408;22.12.2025;7649.4.10 - Лестница;Составные части трубопровода (Пк КСС);1;0;;;22.12.2025;ПКНФ-000086;20.01.2026
ПКНФ-001408;22.12.2025;Заглушка для трубы 25х25 мм пластик;Расходные материалы (ПК КСС);2;28;23.04.2024;;22.12.2025;;
ПКНФ-001408;22.12.2025;Шайба плоская оц. М10  DIN 125;Оцинкованные метизы (ПК КСС);0.01;0.786;;25.08.2025;22.12.2025;;
ПКНФ-001408;22.12.2025;Болт М10*40 DIN 933 полная резьба  (А2, 10,0, 40,0, DIN 933);Нержавеющие метизы (ПК КСС);4;196;;;22.12.2025;;
ПКНФ-001408;22.12.2025;Гайка М10 DIN 934  (А2, 10,0, DIN 934);Нержавеющие метизы (ПК КСС);4;708;;19.06.2024;22.12.2025;;
ПКНФ-001408;22.12.2025;Грибок канализационный;Полиэтелен, корсис, прагма, НПВХ (ПК КСС);1;46;;27.01.2026;22.12.2025;;
ПКНФ-001408;22.12.2025;Манжета резиновая переходная D 110/124 Уп., черн;Полиэтелен, корсис, прагма, НПВХ (ПК КСС);1;75;;;22.12.2025;;
ПКНФ-001408;22.12.2025;Отвод 90 гр. НПВХ DN110;Полиэтелен, корсис, прагма, НПВХ (ПК КСС);1;51;;;22.12.2025;;
ПКНФ-001408;22.12.2025;Труба 110/3,2/0560 наружная канализация;Полиэтелен, корсис, прагма, НПВХ (ПК КСС);2;164;;;22.12.2025;;
ПКНФ-001408;22.12.2025;Шайба М10 DIN 125  (А2, DIN 125);Нержавеющие метизы (ПК КСС);4;110;;;22.12.2025;;
ПКНФ-001411;22.12.2025;Гайка шестигр.М10 оц. DIN934;Оцинкованные метизы (ПК КСС);0.01;0.726;07.10.2024;07.10.2024;22.12.2025;;
ПКНФ-001411;22.12.2025;Болт оцинк. М10х60 DIN933;Оцинкованные метизы (ПК КСС);0.01;0.728;;;22.12.2025;;
ПКНФ-001411;22.12.2025;7649.4.11 - Лестница;Составные части трубопровода (Пк КСС);1;0;;;22.12.2025;ПКНФ-000085;20.01.2026
ПКНФ-001411;22.12.2025;7649.4.11 - Трубопровод;Составные части трубопровода (Пк КСС);1;0;;;22.12.2025;ПКНФ-000041;20.01.2026
ПКНФ-001411;22.12.2025;Заглушка для трубы 25х25 мм пластик;Расходные материалы (ПК КСС);2;28;23.04.2024;;22.12.2025;;
ПКНФ-001411;22.12.2025;Шайба плоская оц. М10  DIN 125;Оцинкованные метизы (ПК КСС);0.01;0.786;;25.08.2025;22.12.2025;;
ПКНФ-001411;22.12.2025;Болт М10*40 DIN 933 полная резьба  (А2, 10,0, 40,0, DIN 933);Нержавеющие метизы (ПК КСС);4;196;;;22.12.2025;;
ПКНФ-001411;22.12.2025;Гайка М10 DIN 934  (А2, 10,0, DIN 934);Нержавеющие метизы (ПК КСС);4;708;;19.06.2024;22.12.2025;;
ПКНФ-001411;22.12.2025;Грибок канализационный;Полиэтелен, корсис, прагма, НПВХ (ПК КСС);1;46;;27.01.2026;22.12.2025;;
ПКНФ-001411;22.12.2025;Манжета резиновая переходная D 110/124 Уп., черн;Полиэтелен, корсис, прагма, НПВХ (ПК КСС);1;75;;;22.12.2025;;
ПКНФ-001411;22.12.2025;Отвод 90 гр. НПВХ DN110;Полиэтелен, корсис, прагма, НПВХ (ПК КСС);1;51;;;22.12.2025;;
ПКНФ-001411;22.12.2025;Труба 110/3,2/0560 наружная канализация;Полиэтелен, корсис, прагма, НПВХ (ПК КСС);2;164;;;22.12.2025;;
ПКНФ-001411;22.12.2025;Шайба М10 DIN 125  (А2, DIN 125);Нержавеющие метизы (ПК КСС);4;110;;;22.12.2025;;
ПКНФ-001414;22.12.2025;Гайка шестигр.М10 оц. DIN934;Оцинкованные метизы (ПК КСС);0.01;0.726;07.10.2024;07.10.2024;22.12.2025;;
ПКНФ-001414;22.12.2025;Болт оцинк. М10х60 DIN933;Оцинкованные метизы (ПК КСС);0.01;0.728;;;22.12.2025;;
ПКНФ-001414;22.12.2025;7649.4.12 - Лестница;Составные части трубопровода (Пк КСС);1;0;;;22.12.2025;ПКНФ-000084;20.01.2026
ПКНФ-001414;22.12.2025;7649.4.12 - Трубопровод;Составные части трубопровода (Пк КСС);1;0;;;22.12.2025;ПКНФ-000042;20.01.2026
ПКНФ-001414;22.12.2025;Заглушка для трубы 25х25 мм пластик;Расходные материалы (ПК КСС);2;28;23.04.2024;;22.12.2025;;
ПКНФ-001414;22.12.2025;Шайба плоская оц. М10  DIN 125;Оцинкованные метизы (ПК КСС);0.01;0.786;;25.08.2025;22.12.2025;;
ПКНФ-001414;22.12.2025;Болт М10*40 DIN 933 полная резьба  (А2, 10,0, 40,0, DIN 933);Нержавеющие метизы (ПК КСС);4;196;;;22.12.2025;;
ПКНФ-001414;22.12.2025;Гайка М10 DIN 934  (А2, 10,0, DIN 934);Нержавеющие метизы (ПК КСС);4;708;;19.06.2024;22.12.2025;;
ПКНФ-001414;22.12.2025;Грибок канализационный;Полиэтелен, корсис, прагма, НПВХ (ПК КСС);1;46;;27.01.2026;22.12.2025;;
ПКНФ-001414;22.12.2025;Манжета резиновая переходная D 110/124 Уп., черн;Полиэтелен, корсис, прагма, НПВХ (ПК КСС);1;75;;;22.12.2025;;
ПКНФ-001414;22.12.2025;Отвод 90 гр. НПВХ DN110;Полиэтелен, корсис, прагма, НПВХ (ПК КСС);1;51;;;22.12.2025;;
ПКНФ-001414;22.12.2025;Труба 110/3,2/0560 наружная канализация;Полиэтелен, корсис, прагма, НПВХ (ПК КСС);2;164;;;22.12.2025;;
ПКНФ-001414;22.12.2025;Шайба М10 DIN 125  (А2, DIN 125);Нержавеющие метизы (ПК КСС);4;110;;;22.12.2025;;
ПКНФ-001417;22.12.2025;Гайка шестигр.М10 оц. DIN934;Оцинкованные метизы (ПК КСС);0.01;0.726;07.10.2024;07.10.2024;22.12.2025;;
ПКНФ-001417;22.12.2025;Болт оцинк. М10х60 DIN933;Оцинкованные метизы (ПК КСС);0.01;0.728;;;22.12.2025;;
ПКНФ-001417;22.12.2025;7649.4.13 - Трубопровод;Составные части трубопровода (Пк КСС);1;0;;;22.12.2025;ПКНФ-000043;20.01.2026
ПКНФ-001417;22.12.2025;7649.4.13 - Лестница;Составные части трубопровода (Пк КСС);1;0;;;22.12.2025;ПКНФ-000079;20.01.2026
ПКНФ-001417;22.12.2025;Заглушка для трубы 25х25 мм пластик;Расходные материалы (ПК КСС);2;28;23.04.2024;;22.12.2025;;
ПКНФ-001417;22.12.2025;Шайба плоская оц. М10  DIN 125;Оцинкованные метизы (ПК КСС);0.01;0.786;;25.08.2025;22.12.2025;;
ПКНФ-001417;22.12.2025;Болт М10*40 DIN 933 полная резьба  (А2, 10,0, 40,0, DIN 933);Нержавеющие метизы (ПК КСС);4;196;;;22.12.2025;;
ПКНФ-001417;22.12.2025;Гайка М10 DIN 934  (А2, 10,0, DIN 934);Нержавеющие метизы (ПК КСС);4;708;;19.06.2024;22.12.2025;;
ПКНФ-001417;22.12.2025;Грибок канализационный;Полиэтелен, корсис, прагма, НПВХ (ПК КСС);1;46;;27.01.2026;22.12.2025;;
ПКНФ-001417;22.12.2025;Манжета резиновая переходная D 110/124 Уп., черн;Полиэтелен, корсис, прагма, НПВХ (ПК КСС);1;75;;;22.12.2025;;
ПКНФ-001417;22.12.2025;Отвод 90 гр. НПВХ DN110;Полиэтелен, корсис, прагма, НПВХ (ПК КСС);1;51;;;22.12.2025;;
ПКНФ-001417;22.12.2025;Труба 110/3,2/0560 наружная канализация;Полиэтелен, корсис, прагма, НПВХ (ПК КСС);2;164;;;22.12.2025;;
ПКНФ-001417;22.12.2025;Шайба М10 DIN 125  (А2, DIN 125);Нержавеющие метизы (ПК КСС);4;110;;;22.12.2025;;
ПКНФ-001420;22.12.2025;Гайка шестигр.М10 оц. DIN934;Оцинкованные метизы (ПК КСС);0.01;0.726;07.10.2024;07.10.2024;22.12.2025;;
ПКНФ-001420;22.12.2025;Болт оцинк. М10х60 DIN933;Оцинкованные метизы (ПК КСС);0.01;0.728;;;22.12.2025;;
ПКНФ-001420;22.12.2025;7649.4.14 - Лестница;Составные части трубопровода (Пк КСС);1;0;;;22.12.2025;ПКНФ-000083;20.01.2026
ПКНФ-001420;22.12.2025;7649.4.14 - Трубопровод;Составные части трубопровода (Пк КСС);1;0;;;22.12.2025;ПКНФ-000044;20.01.2026
ПКНФ-001420;22.12.2025;Заглушка для трубы 25х25 мм пластик;Расходные материалы (ПК КСС);2;28;23.04.2024;;22.12.2025;;
ПКНФ-001420;22.12.2025;Шайба плоская оц. М10  DIN 125;Оцинкованные метизы (ПК КСС);0.01;0.786;;25.08.2025;22.12.2025;;
ПКНФ-001420;22.12.2025;Болт М10*40 DIN 933 полная резьба  (А2, 10,0, 40,0, DIN 933);Нержавеющие метизы (ПК КСС);4;196;;;22.12.2025;;
ПКНФ-001420;22.12.2025;Гайка М10 DIN 934  (А2, 10,0, DIN 934);Нержавеющие метизы (ПК КСС);4;708;;19.06.2024;22.12.2025;;
ПКНФ-001420;22.12.2025;Грибок канализационный;Полиэтелен, корсис, прагма, НПВХ (ПК КСС);1;46;;27.01.2026;22.12.2025;;
ПКНФ-001420;22.12.2025;Манжета резиновая переходная D 110/124 Уп., черн;Полиэтелен, корсис, прагма, НПВХ (ПК КСС);1;75;;;22.12.2025;;
ПКНФ-001420;22.12.2025;Отвод 90 гр. НПВХ DN110;Полиэтелен, корсис, прагма, НПВХ (ПК КСС);1;51;;;22.12.2025;;
ПКНФ-001420;22.12.2025;Труба 110/3,2/0560 наружная канализация;Полиэтелен, корсис, прагма, НПВХ (ПК КСС);2;164;;;22.12.2025;;
ПКНФ-001420;22.12.2025;Шайба М10 DIN 125  (А2, DIN 125);Нержавеющие метизы (ПК КСС);4;110;;;22.12.2025;;
ПКНФ-001423;22.12.2025;Гайка шестигр.М10 оц. DIN934;Оцинкованные метизы (ПК КСС);0.01;0.726;07.10.2024;07.10.2024;22.12.2025;;
ПКНФ-001423;22.12.2025;Болт оцинк. М10х60 DIN933;Оцинкованные метизы (ПК КСС);0.01;0.728;;;22.12.2025;;
ПКНФ-001423;22.12.2025;7649.4.15 - Лестница;Составные части трубопровода (Пк КСС);1;0;;;22.12.2025;ПКНФ-000081;20.01.2026
ПКНФ-001423;22.12.2025;7649.4.15 - Трубопровод;Составные части трубопровода (Пк КСС);1;0;;;22.12.2025;ПКНФ-000045;20.01.2026
ПКНФ-001423;22.12.2025;Заглушка для трубы 25х25 мм пластик;Расходные материалы (ПК КСС);2;28;23.04.2024;;22.12.2025;;
ПКНФ-001423;22.12.2025;Шайба плоская оц. М10  DIN 125;Оцинкованные метизы (ПК КСС);0.01;0.786;;25.08.2025;22.12.2025;;
ПКНФ-001423;22.12.2025;Болт М10*40 DIN 933 полная резьба  (А2, 10,0, 40,0, DIN 933);Нержавеющие метизы (ПК КСС);4;196;;;22.12.2025;;
ПКНФ-001423;22.12.2025;Гайка М10 DIN 934  (А2, 10,0, DIN 934);Нержавеющие метизы (ПК КСС);4;708;;19.06.2024;22.12.2025;;
ПКНФ-001423;22.12.2025;Грибок канализационный;Полиэтелен, корсис, прагма, НПВХ (ПК КСС);1;46;;27.01.2026;22.12.2025;;
ПКНФ-001423;22.12.2025;Манжета резиновая переходная D 110/124 Уп., черн;Полиэтелен, корсис, прагма, НПВХ (ПК КСС);1;75;;;22.12.2025;;
ПКНФ-001423;22.12.2025;Отвод 90 гр. НПВХ DN110;Полиэтелен, корсис, прагма, НПВХ (ПК КСС);1;51;;;22.12.2025;;
ПКНФ-001423;22.12.2025;Труба 110/3,2/0560 наружная канализация;Полиэтелен, корсис, прагма, НПВХ (ПК КСС);2;164;;;22.12.2025;;
ПКНФ-001423;22.12.2025;Шайба М10 DIN 125  (А2, DIN 125);Нержавеющие метизы (ПК КСС);4;110;;;22.12.2025;;
ПКНФ-001426;22.12.2025;Гайка шестигр.М10 оц. DIN934;Оцинкованные метизы (ПК КСС);0.01;0.726;07.10.2024;07.10.2024;22.12.2025;;
ПКНФ-001426;22.12.2025;Болт оцинк. М10х60 DIN933;Оцинкованные метизы (ПК КСС);0.01;0.728;;;22.12.2025;;
ПКНФ-001426;22.12.2025;7649.4.16 - Трубопровод;Составные части трубопровода (Пк КСС);1;0;;;22.12.2025;ПКНФ-000046;20.01.2026
ПКНФ-001426;22.12.2025;7649.4.16 - Лестница;Составные части трубопровода (Пк КСС);1;0;;;22.12.2025;ПКНФ-000080;20.01.2026
ПКНФ-001426;22.12.2025;Заглушка для трубы 25х25 мм пластик;Расходные материалы (ПК КСС);2;28;23.04.2024;;22.12.2025;;
ПКНФ-001426;22.12.2025;Шайба плоская оц. М10  DIN 125;Оцинкованные метизы (ПК КСС);0.01;0.786;;25.08.2025;22.12.2025;;
ПКНФ-001426;22.12.2025;Болт М10*40 DIN 933 полная резьба  (А2, 10,0, 40,0, DIN 933);Нержавеющие метизы (ПК КСС);4;196;;;22.12.2025;;
ПКНФ-001426;22.12.2025;Гайка М10 DIN 934  (А2, 10,0, DIN 934);Нержавеющие метизы (ПК КСС);4;708;;19.06.2024;22.12.2025;;
ПКНФ-001426;22.12.2025;Грибок канализационный;Полиэтелен, корсис, прагма, НПВХ (ПК КСС);1;46;;27.01.2026;22.12.2025;;
ПКНФ-001426;22.12.2025;Манжета резиновая переходная D 110/124 Уп., черн;Полиэтелен, корсис, прагма, НПВХ (ПК КСС);1;75;;;22.12.2025;;
ПКНФ-001426;22.12.2025;Отвод 90 гр. НПВХ DN110;Полиэтелен, корсис, прагма, НПВХ (ПК КСС);1;51;;;22.12.2025;;
ПКНФ-001426;22.12.2025;Труба 110/3,2/0560 наружная канализация;Полиэтелен, корсис, прагма, НПВХ (ПК КСС);2;164;;;22.12.2025;;
ПКНФ-001426;22.12.2025;Шайба М10 DIN 125  (А2, DIN 125);Нержавеющие метизы (ПК КСС);4;110;;;22.12.2025;;
ПКНФ-001429;23.12.2025;Уголок 50х50х5 ГОСТ 8509-93 (м);Черные трубы, листы, круги (ПК КСС);6;16.5;;;23.12.2025;;
ПКНФ-001429;23.12.2025;Уголок 40х40х4 ГОСТ 8509-93;Черные трубы, листы, круги (ПК КСС);1.5;83.2;;;23.12.2025;;
ПКНФ-001429;23.12.2025;Труба 40х40х3 ГОСТ 8639-82;Черные трубы, листы, круги (ПК КСС);4;147.8;;;23.12.2025;;
ПКНФ-001429;23.12.2025;Полоса 4,0x40,0 (AISI304, 08X18H10, 2B);Нержавеющие трубы, листы, круги, сетки(ПК КСС);2;153;;25.02.2025;23.12.2025;;
ПКНФ-001430;23.12.2025;Фланец 60,3 (AISI304, 08*18H10, PN10) свободный;Нержавеющие фланцы и фиттинги (ПК КСС);4;8;;;23.12.2025;;
ПКНФ-001430;23.12.2025;Отбортовка 60,3х2,0 AISI304;Нержавеющие фланцы и фиттинги (ПК КСС);4;26;16.05.2025;21.01.2026;23.12.2025;;
ПКНФ-001430;23.12.2025;Фланец 33,7 (PN16 AISI 304 08x18H10) воротниковый;Нержавеющие фланцы и фиттинги (ПК КСС);6;17;;;23.12.2025;;
ПКНФ-001430;23.12.2025;Ниппель приварной DN25 1  (33,7мм) (AISI304, 08Х18H10);Нержавеющие фланцы и фиттинги (ПК КСС);12;63;;03.06.2024;23.12.2025;;
ПКНФ-001430;23.12.2025;Труба СВ  21,3х2,0мм 08Х18Н10 (AISI 304);Нержавеющие трубы, листы, круги, сетки(ПК КСС);0.2;77.3;;;23.12.2025;;
ПКНФ-001430;23.12.2025;Труба СВ  26,9х2,0мм 08Х18Н10 (AISI 304);Нержавеющие трубы, листы, круги, сетки(ПК КСС);0.1;28.6;;;23.12.2025;;
ПКНФ-001430;23.12.2025;Труба СВ  60,3х2,0мм 08Х18Н10 (AISI 304);Нержавеющие трубы, листы, круги, сетки(ПК КСС);2;9.5;09.09.2025;09.09.2025;23.12.2025;;
ПКНФ-001430;23.12.2025;Ниппель приварной DN15  1/2"" (AISI304, 08Х18H10);Нержавеющие фланцы и фиттинги (ПК КСС);2;33;;03.06.2024;23.12.2025;;
ПКНФ-001430;23.12.2025;Ниппель приварной DN20  3/4"" (26,9мм) ( AISI304 08Х18H10);Нержавеющие фланцы и фиттинги (ПК КСС);1;34;;;23.12.2025;;
ПКНФ-001431;23.12.2025;Лист 5,0*1500*6000 ст3 (м2);Черные трубы, листы, круги (ПК КСС);0.4;0;;;23.12.2025;;
ПКНФ-001431;23.12.2025;Швеллер 14П ГОСТ 8240-97;Черные трубы, листы, круги (ПК КСС);24.1;144.1;;;23.12.2025;;
ПКНФ-001431;23.12.2025;Арматура А-1 6 мм;Черные трубы, листы, круги (ПК КСС);1;35.6;;;23.12.2025;;
ПКНФ-001431;23.12.2025;Арматура ф 16 А-1 ГОСТ 5781-82 (м);Черные трубы, листы, круги (ПК КСС);0.4;9.1;;24.01.2024;23.12.2025;;
ПКНФ-001431;23.12.2025;Труба 50х50х3 ГОСТ 8639-82, м.д;Черные трубы, листы, круги (ПК КСС);6.5;67.8;;;23.12.2025;;
ПКНФ-001434;23.12.2025;Клемма силовая вводная КСВ 16-95 cин.;Электротовары КСС ШУ;1;3;;;23.12.2025;;
ПКНФ-001434;23.12.2025;Ограничитель на DIN-рейку 1 винт HDW-211;Электротовары КСС ШУ;18;0;;;23.12.2025;;
ПКНФ-001434;23.12.2025;Выключатель автоматический модульный 1п C 6А 4.5кА ВА 47-63;Электротовары КСС ШУ;2;140;;;23.12.2025;;
ПКНФ-001434;23.12.2025;Шина нулевая ""N"" на DIN-рейку в корпусе 4х7 групп;Электротовары КСС ШУ;1;32;;;23.12.2025;;
ПКНФ-001434;23.12.2025;Выключатель автоматический модульный 1п C 10А 4.5кА ВА 47-63;Электротовары КСС ШУ;2;55;;;23.12.2025;;
ПКНФ-001434;23.12.2025;Провод ПУГВнг(А)-LS 1х2,5 ж/з;Электротовары КСС ШУ;3;31;;25.08.2025;23.12.2025;;
ПКНФ-001434;23.12.2025;Символ ""Молния"" (треугольник) 50х50х50мм;Электротовары КСС ШУ;1;50;;;23.12.2025;;
ПКНФ-001434;23.12.2025;DIN-рейка перфорированная L2000 1мм 35х7,5;Электротовары КСС ШУ;0.75;8.75;;;23.12.2025;;
ПКНФ-001434;23.12.2025;Клемма силовая вводная КСВ 16-95 cерая;Электротовары КСС ШУ;3;6;;;23.12.2025;;
ПКНФ-001434;23.12.2025;Клемма силовая вводная КСВ 16-95 желто-зеленая;Электротовары КСС ШУ;1;5;;14.02.2025;23.12.2025;;
ПКНФ-001434;23.12.2025;Рубильник 3п 80А с рукояткой управления для прямой установки;Электротовары КСС ШУ;1;11;;;23.12.2025;;
ПКНФ-001434;23.12.2025;Сальник PG 36 диаметр проводника 22-32 мм IP54;Электротовары КСС ШУ;1;18;;;23.12.2025;;
ПКНФ-001434;23.12.2025;Колодка клеммная JXB-2.5/35 серая;Электротовары КСС ШУ;10;0;;;23.12.2025;;
ПКНФ-001434;23.12.2025;Провод ПуГВнг(А)-LS 1х1,5 Б;Электротовары КСС ШУ;7;186;;;23.12.2025;;
ПКНФ-001434;23.12.2025;Колодка клеммная JXB-2.5/35 синяя;Электротовары КСС ШУ;6;90;;;23.12.2025;;
ПКНФ-001434;23.12.2025;Сальник PG21;Электротовары КСС ШУ;4;521;;;23.12.2025;;
ПКНФ-001434;23.12.2025;Кабель ВВГнг-П-LS 3х1,5;Электротовары КСС ШУ;100;118;;;23.12.2025;;
ПКНФ-001434;23.12.2025;Провод ПуГВнг(А)-LS 1х16 С;Электротовары КСС ШУ;0.5;11;;;23.12.2025;;
ПКНФ-001434;23.12.2025;Выключатель автоматический модульный 3п C 25А 4.5кА ВА 47-63;Электротовары КСС ШУ;2;22;;;23.12.2025;;
ПКНФ-001434;23.12.2025;Наконечник штыревой втулочный изол. НШвИ 16.0-12 (уп.50шт);Электротовары КСС ШУ;10;922;;;23.12.2025;;
ПКНФ-001434;23.12.2025;Трубка термоус. ТУТ (HF)-4/2, красн. (уп.100м);Электротовары КСС ШУ;1.2;54.5;;;23.12.2025;;
ПКНФ-001434;23.12.2025;Трубка термоус. ТУТ (HF)-4/2, зел. (уп.100м);Электротовары КСС ШУ;1.2;54.3;;;23.12.2025;;
ПКНФ-001434;23.12.2025;Трубка термоус. ТУТ (HF)-4/2, желт. (уп.100м);Электротовары КСС ШУ;1.2;79;;;23.12.2025;;
ПКНФ-001434;23.12.2025;Трубка термоус. ТУТ (HF)-16/8, красн. (уп.50м);Электротовары КСС ШУ;0.5;37;;;23.12.2025;;
ПКНФ-001434;23.12.2025;Наконечник штыревой втулочный изол. НШвИ 1.5-8 (уп.50шт);Электротовары КСС ШУ;18;2294;;;23.12.2025;;
ПКНФ-001434;23.12.2025;Саморез 4.2х13 металл-металл с прессшайбой сверло цинк (уп.200шт);Электротовары КСС ШУ;32;782.91;;;23.12.2025;;
ПКНФ-001434;23.12.2025;Сальник PG 16 10-14мм IP54;Электротовары КСС ШУ;2;202;;;23.12.2025;;
ПКНФ-001434;23.12.2025;MES 70.50.25, Шкаф компактный распределительный 700х500х250;Корпусы для ШУ;1;1;;;23.12.2025;;
ПКНФ-001434;23.12.2025;Кабель-канал перфорированный 40х40 L2000 RL6 G DKC 01134RL;Электротовары КСС ШУ;1.5;61;;;23.12.2025;;
ПКНФ-001434;23.12.2025;Колодка клеммная ЕК-2.5/25 JXB земля;Электротовары КСС ШУ;6;92;;08.06.2024;23.12.2025;;
ПКНФ-001434;23.12.2025;Маркер для JXB с нумерацией 1-10 (уп.100шт);Электротовары КСС ШУ;100;5701;;;23.12.2025;;
ПКНФ-001434;23.12.2025;Провод ПУГВнг(А)-LS 1х1,5 ж/з;Электротовары КСС ШУ;7;516.8;;;23.12.2025;;
ПКНФ-001434;23.12.2025;Провод ПуГВнг(А)-LS 1х16 Б;Электротовары КСС ШУ;1.5;0;;;23.12.2025;;
ПКНФ-001434;23.12.2025;Провод ПУГВнг(А)-LS 1х2,5 Б;Электротовары КСС ШУ;12;341.5;;;23.12.2025;;
ПКНФ-001434;23.12.2025;Провод ПУГВнг(А)-LS 1х2,5 С;Электротовары КСС ШУ;3;231;;;23.12.2025;;
ПКНФ-001434;23.12.2025;Провод силовой ПУГВнг(А)-LS 1х1,5 С;Электротовары КСС ШУ;7;0;;;23.12.2025;;
ПКНФ-001434;23.12.2025;Трубка термоус. ТУТ (HF)-16/8, желт. (уп.50м) (КВТ);Электротовары КСС ШУ;0.5;37;;;23.12.2025;;
ПКНФ-001434;23.12.2025;Трубка термоус. ТУТ (HF)-16/8, зел. (уп.50м) КВТ;Электротовары КСС ШУ;0.5;87;;;23.12.2025;;
ПКНФ-001434;23.12.2025;Наконечник штыревой втулочный изол. НШвИ 2.5-8 (уп.50шт);Электротовары КСС ШУ;32;4221;;25.08.2025;23.12.2025;;
ПКНФ-001436;25.12.2025;Канализационные очистные сооружения, усиленные ребрами Полипропилен/Металл BAZMAN КОС-ПП 10-УФ (м3/с;Прочие изделия ;1;0;12.03.2026;12.03.2026;25.12.2025;;
ПКНФ-001437;25.12.2025;Канализационные очистные сооружения, усиленные ребрами Полипропилен/Металл BAZMAN КОС-ПП 33-УФ (м3/с;Прочие изделия ;1;0;12.03.2026;12.03.2026;25.12.2025;;
ПКНФ-001438;25.12.2025;Выключатель нагрузки 3п 25А ВН-32N;Электротовары КСС ШУ;1;14;;;25.12.2025;;
ПКНФ-001438;25.12.2025;Частотный преобразователь ESQ-230-4T-7.5K 7.5кВт, 380В;Электротовары КСС ШУ;3;6;27.01.2026;27.01.2026;25.12.2025;;
ПКНФ-001438;25.12.2025;Коробка монтажная ОП 100х100х50 с 6 вводами;Электротовары КСС ШУ;1;3;15.01.2026;15.01.2026;25.12.2025;;
ПКНФ-001438;25.12.2025;Щит настен. 12 мод. (200х255х97) IP41 белый (ЩРН-П-12)/GENERICA;Электротовары КСС ШУ;1;6;15.01.2026;15.01.2026;25.12.2025;;
ПКНФ-001438;25.12.2025;Коробка распределительная ОП безгалогенная (HF) 70х70х40 IP55 Промрукав 40-0200;Электротовары КСС ШУ;12;42;15.01.2026;15.01.2026;25.12.2025;;
ПКНФ-001438;25.12.2025;Стяжка нейлоновая КСС 3х120 (б) (100шт);Электротовары КСС ШУ;20;0;;;25.12.2025;;
ПКНФ-001438;25.12.2025;Стяжка нейлоновая КСС 4х200 (б) (100шт);Электротовары КСС ШУ;15;0;;;25.12.2025;;
ПКНФ-001438;25.12.2025;Электропанель Solo 1.5 кВт (мех.упр.) / BALLU (электроконвектор);Электротовары КСС ШУ;2;4;;;25.12.2025;;
ПКНФ-001438;25.12.2025;Кабель КГВВнг(А)-LS 4х1.5;Электротовары КСС ШУ;20;270;;;25.12.2025;;
ПКНФ-001438;25.12.2025;Матрица светодиодная AD16-22HS 230В AC IP65 зел. PROxima EKF ledm-ad16-g-65;Электротовары КСС ШУ;3;167;;;25.12.2025;;
ПКНФ-001438;25.12.2025;Провод ПУГВнг(А)-LS 1х0,5 С;Электротовары КСС ШУ;11;1511;;;25.12.2025;;
ПКНФ-001438;25.12.2025;Наконечник штыревой втулочный изол. НШвИ(2) 0.5-8 (уп.50шт);Электротовары КСС ШУ;20;3440;;;25.12.2025;;
ПКНФ-001438;25.12.2025;Знак ""Земля"" круглый d20мм EKF an-1-04;Электротовары КСС ШУ;2;0;;;25.12.2025;;
ПКНФ-001438;25.12.2025;Наконечник кольцевой изол. НКИ 1.5-6 (уп.50шт);Электротовары КСС ШУ;18;0;;;25.12.2025;;
ПКНФ-001438;25.12.2025;Ограничитель на DIN-рейку 1 винт HDW-211;Электротовары КСС ШУ;24;0;;;25.12.2025;;
ПКНФ-001438;25.12.2025;Выключатель автоматический модульный 1п C 6А 4.5кА ВА 47-63;Электротовары КСС ШУ;2;140;;;25.12.2025;;
ПКНФ-001438;25.12.2025;Кабель-канал перфорированный 25х40 L2000 RL6 G DKC 01163RL;Электротовары КСС ШУ;1.5;21.25;;;25.12.2025;;
ПКНФ-001438;25.12.2025;Оповещатель светозвуковой ED16-22BMS 230В;Электротовары КСС ШУ;1;108;;;25.12.2025;;
ПКНФ-001438;25.12.2025;Символ ""Молния"" (треугольник) 50х50х50мм;Электротовары КСС ШУ;1;50;;;25.12.2025;;
ПКНФ-001438;25.12.2025;Розетка 1-м ОП Эра Эксперт 11-2401-01 16А IP54 16AX 250В 2P+E бел. Эра Б0020712;Электротовары КСС ШУ;2;4;15.01.2026;15.01.2026;25.12.2025;;
ПКНФ-001438;25.12.2025;Вентилятор бытовой Эвент Волна 150Сок;Электротовары КСС ШУ;1;4;;;25.12.2025;;
ПКНФ-001438;25.12.2025;Светильник светодиодный 36W 6500K 3000Лм IP20 170-265V AL5054 (1200x75x25) аналог ЛПО 2х36 опал/Fero;Электротовары КСС ШУ;4;8;;;25.12.2025;;
ПКНФ-001438;25.12.2025;DIN-рейка перфорированная L2000 1мм 35х7,5;Электротовары КСС ШУ;0.75;8.75;;;25.12.2025;;
ПКНФ-001438;25.12.2025;Труба гофрированная d20 ПВХ серая с зондом н/г легкая;Электротовары КСС ШУ;100;350;15.01.2026;15.01.2026;25.12.2025;;
ПКНФ-001438;25.12.2025;Кабель КГВВнг(А) 3х2,5;Электротовары КСС ШУ;20;60;;25.08.2025;25.12.2025;;
ПКНФ-001438;25.12.2025;Кабель КГВВнг(А) 3х1,5;Электротовары КСС ШУ;30;100;15.01.2026;15.01.2026;25.12.2025;;
ПКНФ-001438;25.12.2025;Кабель КГВВнг(А)-LS 3х0.75;Электротовары КСС ШУ;26;7;;;25.12.2025;;
ПКНФ-001438;25.12.2025;Термостат NO (охлаждение) на DIN-рейку 10А 230В IP20;Электротовары КСС ШУ;1;23;;;25.12.2025;;
ПКНФ-001438;25.12.2025;Колодка клеммная JXB-2.5/35 серая;Электротовары КСС ШУ;23;0;;;25.12.2025;;
ПКНФ-001438;25.12.2025;Заглушка для JXB-2,5/35 серая;Электротовары КСС ШУ;5;0;;;25.12.2025;;
ПКНФ-001438;25.12.2025;Провод ПуГВнг(А)-LS 1х1,5 Б;Электротовары КСС ШУ;25;186;;;25.12.2025;;
ПКНФ-001438;25.12.2025;Сальник PG21;Электротовары КСС ШУ;1;521;;;25.12.2025;;
ПКНФ-001438;25.12.2025;Колодка клеммная ЕК-16/80 JXB земля;Электротовары КСС ШУ;1;135;;06.12.2024;25.12.2025;;
ПКНФ-001438;25.12.2025;Крышка защитная на 8 модулей под вырез в шкафу MT-WPC8;Электротовары КСС ШУ;1;7;;;25.12.2025;;
ПКНФ-001438;25.12.2025;Программируемое реле ПР200-24.4.2.0;Электротовары КСС ШУ;1;10;;03.02.2026;25.12.2025;;
ПКНФ-001438;25.12.2025;Сальник PG 9;Электротовары КСС ШУ;6;955;;;25.12.2025;;
ПКНФ-001438;25.12.2025;Выключатель автоматический модульный 3п C 16А 4.5кА ВА 47-63;Электротовары КСС ШУ;3;30;;;25.12.2025;;
ПКНФ-001438;25.12.2025;Трубка термоус. ТУТ (HF)-4/2, красн. (уп.100м);Электротовары КСС ШУ;1.2;54.5;;;25.12.2025;;
ПКНФ-001438;25.12.2025;Трубка термоус. ТУТ (HF)-4/2, зел. (уп.100м);Электротовары КСС ШУ;1.2;54.3;;;25.12.2025;;
ПКНФ-001438;25.12.2025;Трубка термоус. ТУТ (HF)-4/2, желт. (уп.100м);Электротовары КСС ШУ;1.2;79;;;25.12.2025;;
ПКНФ-001438;25.12.2025;Колодка клеммная JXB-16/35 син.;Электротовары КСС ШУ;1;87;;06.12.2024;25.12.2025;;
ПКНФ-001438;25.12.2025;Наконечник штыревой втулочный изол. НШвИ 0.5-8 (уп.50шт);Электротовары КСС ШУ;54;15573;;;25.12.2025;;
ПКНФ-001438;25.12.2025;Наконечник штыревой втулочный изол. НШвИ 1.5-8 (уп.50шт);Электротовары КСС ШУ;58;2294;;;25.12.2025;;
ПКНФ-001438;25.12.2025;Саморез 4.2х13 металл-металл с прессшайбой сверло цинк (уп.200шт);Электротовары КСС ШУ;38;782.91;;;25.12.2025;;
ПКНФ-001438;25.12.2025;Маркер для кабеля 0.5-1.5мм символ ""1"" (уп.200шт) ДКС;Электротовары КСС ШУ;18;9505;;;25.12.2025;;
ПКНФ-001438;25.12.2025;Маркер для кабеля 0.5-1.5мм символ ""2"" (уп.200шт) ДКС;Электротовары КСС ШУ;14;4987;;;25.12.2025;;
ПКНФ-001438;25.12.2025;Маркер для кабеля 0.5-1.5мм символ ""3"" (уп.200шт) ДКС;Электротовары КСС ШУ;6;5201;;;25.12.2025;;
ПКНФ-001438;25.12.2025;Сальник PG 16 10-14мм IP54;Электротовары КСС ШУ;3;202;;;25.12.2025;;
ПКНФ-001438;25.12.2025;Вентилятор с фильтром 52 м3/ч 124х124 мм;Электротовары КСС ШУ;1;12;;12.10.2025;25.12.2025;;
ПКНФ-001438;25.12.2025;Решетка вентиляционная с фильтром 124x124мм IP54;Электротовары КСС ШУ;1;6;;12.10.2025;25.12.2025;;
ПКНФ-001438;25.12.2025;MES 80.60.30, Шкаф компактный распределительный 800х600х300;Корпусы для ШУ;1;5;;;25.12.2025;;
ПКНФ-001438;25.12.2025;Кабель-канал перфорированный 15х30 L2000 RL75 G ДКС;Электротовары КСС ШУ;0.3;90;;;25.12.2025;;
ПКНФ-001438;25.12.2025;Колодка клеммная ЕК-2.5/25 JXB земля;Электротовары КСС ШУ;3;92;;08.06.2024;25.12.2025;;
ПКНФ-001438;25.12.2025;Маркер для кабеля 0.5-1.5мм символ ""0"" (уп.200шт) ДКС;Электротовары КСС ШУ;7;6900;;;25.12.2025;;
ПКНФ-001438;25.12.2025;Маркер для кабеля 0.5-1.5мм символ ""4"" (уп.200шт) ДКС;Электротовары КСС ШУ;14;1236;;;25.12.2025;;
ПКНФ-001438;25.12.2025;Маркер для кабеля 0.5-1.5мм символ ""5"" (уп.200шт) ДКС;Электротовары КСС ШУ;6;6023;;;25.12.2025;;
ПКНФ-001438;25.12.2025;Маркер для кабеля 0.5-1.5мм символ ""6"" (уп.200шт) ДКС;Электротовары КСС ШУ;6;5909;;;25.12.2025;;
ПКНФ-001438;25.12.2025;Маркер для кабеля 0.5-1.5мм символ ""7"" (уп.200шт) ДКС;Электротовары КСС ШУ;6;1957;;;25.12.2025;;
ПКНФ-001438;25.12.2025;Маркер для кабеля 0.5-1.5мм символ ""8"" (уп.200шт) ДКС;Электротовары КСС ШУ;4;1323;;;25.12.2025;;
ПКНФ-001438;25.12.2025;Маркер для кабеля 0.5-1.5мм символ ""9"" (уп.200шт) ДКС;Электротовары КСС ШУ;6;1239;;;25.12.2025;;
ПКНФ-001438;25.12.2025;Маркер для JXB с нумерацией 1-10 (уп.100шт);Электротовары КСС ШУ;100;5701;;;25.12.2025;;
ПКНФ-001438;25.12.2025;Наконечник штыревой втулочный изол. НШвИ(2) 2.5-10 (уп.50шт);Электротовары КСС ШУ;18;2691;;;25.12.2025;;
ПКНФ-001438;25.12.2025;Провод ПУГВнг(А)-LS 1х0,5 Б;Электротовары КСС ШУ;33;3808;;;25.12.2025;;
ПКНФ-001438;25.12.2025;Провод ПУГВнг(А)-LS 1х0,5 К;Электротовары КСС ШУ;16;1494;;;25.12.2025;;
ПКНФ-001438;25.12.2025;Провод ПУГВнг(А)-LS 1х0,5 Ч;Электротовары КСС ШУ;16;1402;;;25.12.2025;;
ПКНФ-001438;25.12.2025;Провод ПУГВнг(А)-LS 1х1,5 ж/з;Электротовары КСС ШУ;8;516.8;;;25.12.2025;;
ПКНФ-001438;25.12.2025;Провод ПУГВнг(А)-LS 1х2,5 Б;Электротовары КСС ШУ;9;341.5;;;25.12.2025;;
ПКНФ-001438;25.12.2025;Спираль монтажная СМ-06-04 (10м);Электротовары КСС ШУ;0.1;5.241;;;25.12.2025;;
ПКНФ-001438;25.12.2025;Выключатель 1-м ОП IP54 (белый) ГЕРМЕС PLUS/ИЭК;Электротовары КСС ШУ;1;3;15.01.2026;15.01.2026;25.12.2025;;
ПКНФ-001438;25.12.2025;Держатель для труб d20;Электротовары КСС ШУ;300;150;;;25.12.2025;;
ПКНФ-001438;25.12.2025;Наконечник штыревой втулочный изол. НШвИ 2.5-8 (уп.50шт);Электротовары КСС ШУ;20;4221;;25.08.2025;25.12.2025;;
ПКНФ-001438;25.12.2025;Провод ШВВП 2х0,75 белый;Электротовары КСС ШУ;15;220;;;25.12.2025;;
ПКНФ-001438;25.12.2025;HDR-30-24 Блок питания, 24В,1.5А,36Вт;Электротовары КСС ШУ;1;16;;;25.12.2025;;
ПКНФ-001438;25.12.2025;Наконечник НШвИ(2) 1.5-8 (уп.50шт);Электротовары КСС ШУ;28;4909;;;25.12.2025;;
ПКНФ-001439;25.12.2025;Емкость для холодной питьевой воды Flotenk-EV, 120, k, h3.5;Перекупные изделия ЕН;1;0;26.02.2026;26.02.2026;25.12.2025;;
ПКНФ-001439;25.12.2025;Ремень стяжной 7,0/14,0/10000 75мм;Крепеж и цепи, тали (ПК КСС);15;67;;;25.12.2025;;
ПКНФ-001440;25.12.2025;Установка повышения давления КСС-МЧ-3 CHLFT20-40-СХ-ГА8+GSM;Установки ВНС и ПНС (ПК КСС);1;0;13.02.2026;;25.12.2025;ПКНФ-001443;25.12.2025
ПКНФ-001440;25.12.2025;Затвор поворотный межфланцевый ABRA BUV-VF826D125H DN125 PN16/10 корпус GG25 / диск GGG40 / седло EP;Арматура (ПК КСС);4;4;;;25.12.2025;;
ПКНФ-001440;25.12.2025;Гибкая вставка Ду125 Ру10,ЕРDM, нейлоновый корд, фланцевая ABRA-EJF-10-125;Арматура (ПК КСС);4;4;;;25.12.2025;;
ПКНФ-001440;25.12.2025;Насос дренажный «Leo» QDX 6-18-0.75А (закрытая крыльчатка) (ПК);Насосы LEO/ОНИС (ПК КСС);1;2;29.01.2026;19.01.2026;25.12.2025;;
ПКНФ-001441;25.12.2025;Затвор Ridval тип RVB 01 DN300 PN16 редуктор,с УКП о/з.IP64 (красный);Арматура (ПК КСС);4;4;;;25.12.2025;;
ПКНФ-001441;25.12.2025;Автоматическая насосная станция пожаротушения КСС-П-3 NIS200-150-400-75-ЖН CDM3-8-ГА80-АВР-2ЭЗ-РК;Установки ВНС и ПНС (ПК КСС);1;0;08.12.2025;;25.12.2025;ПКНФ-001442;25.12.2025
ПКНФ-001441;25.12.2025;Таль электрическая CD1 г/п 1тн, в/п 6м, скорость подъема 8м/мин, скорость передвижения 20м/мин + тор;Крепеж и цепи, тали (ПК КСС);1;1;;;25.12.2025;;
ПКНФ-001441;25.12.2025;Клапан Ridval тип RVC 20 DN150 PN16 красный;Арматура (ПК КСС);3;3;;;25.12.2025;;
ПКНФ-001441;25.12.2025;Затвор Ridval тип RVB 01 DN150 PN16 рукоятка,с УКП о/з.IP64 (красный);Арматура (ПК КСС);3;3;;;25.12.2025;;
ПКНФ-001441;25.12.2025;Затвор Ridval тип RVB 01 DN200 PN16 рукоятка,с УКП о/з.IP64 (красный);Арматура (ПК КСС);3;3;;;25.12.2025;;
ПКНФ-001442;25.12.2025;Насос CDM3-8FSWPC, 0.75 кВт, станд. фланец, 3х220В/3х380В, 50 Гц, чугун, 70 С;Многоступенчатые вертикальные насосы;1;1;;;25.12.2025;;
ПКНФ-001442;25.12.2025;Насос NIS200-150-400/75SWH, 75кВт, 3х380В, 50Гц, чугун;Консольно-моноблочные насосы;3;0;13.03.2026;13.03.2026;25.12.2025;;
ПКНФ-001443;25.12.2025;Насос CHLFT20-40LSWPC, 4.4кВт, резьб.соед., 3х380В, 50Гц, чугун, 70 С (ПК);Насосы CNP (ПК КСС);3;3;;;25.12.2025;;
ПКНФ-001445;25.12.2025;Пластина 100х40 (AISI 304);Нержавеющие трубы, листы, круги, сетки(ПК КСС);8;70;;;25.12.2025;;
ПКНФ-001445;25.12.2025;Труба 40х20х2 (AISI304);Нержавеющие трубы, листы, круги, сетки(ПК КСС);1;1.5;17.09.2025;09.09.2025;25.12.2025;;
ПКНФ-001445;25.12.2025;Труба 25х25х2 (AISI 304);Нержавеющие трубы, листы, круги, сетки(ПК КСС);18;69.5;09.09.2025;05.08.2025;25.12.2025;;
ПКНФ-001446;25.12.2025;Полоса 2,0x50,0 (AISI304, 08X18H10, 2B);Нержавеющие трубы, листы, круги, сетки(ПК КСС);1;59;;;25.12.2025;;
ПКНФ-001446;25.12.2025;Лист 5,0*1500*6000 ст3 (м2);Черные трубы, листы, круги (ПК КСС);0.4;0;;;25.12.2025;;
ПКНФ-001446;25.12.2025;Уголок 50х50х5 ГОСТ 8509-93 (м);Черные трубы, листы, круги (ПК КСС);1;45.4;;;25.12.2025;;
ПКНФ-001446;25.12.2025;Лист 1000х3000 ПВЛ 406;Черные трубы, листы, круги (ПК КСС);3;11;;;25.12.2025;;
ПКНФ-001446;25.12.2025;Труба 40х40х2 ГОСТ 8639-82;Черные трубы, листы, круги (ПК КСС);10;107.2;;;25.12.2025;;
ПКНФ-001446;25.12.2025;Труба 40х20х2 ГОСТ 8639-82;Черные трубы, листы, круги (ПК КСС);17;81;;29.01.2024;25.12.2025;;
ПКНФ-001446;25.12.2025;Арматура ф 16 А-1 ГОСТ 5781-82 (м);Черные трубы, листы, круги (ПК КСС);0.4;8.7;;24.01.2024;25.12.2025;;
ПКНФ-001446;25.12.2025;Труба 50х50х3 ГОСТ 8639-82, м.д;Черные трубы, листы, круги (ПК КСС);37;104.8;;;25.12.2025;;
ПКНФ-001447;25.12.2025;Заглушка фланцевая 1-50-40  08х18Н10;Нержавеющие фланцы и фиттинги (ПК КСС);1;1;;;25.12.2025;;
ПКНФ-001447;25.12.2025;Отбортовка 60,3х2,0 AISI304;Нержавеющие фланцы и фиттинги (ПК КСС);3;26;16.05.2025;21.01.2026;25.12.2025;;
ПКНФ-001447;25.12.2025;Пресс-фланец ст.20 Ду50 Ру 16 ПФСР 050х16 (65 мм) ;Черные фланцы и фиттинги (ПК КСС);3;32;;;25.12.2025;;
ПКНФ-001447;25.12.2025;Труба СВ  60,3х2,0мм 08Х18Н10 (AISI 304);Нержавеющие трубы, листы, круги, сетки(ПК КСС);0.5;9.5;09.09.2025;09.09.2025;25.12.2025;;
ПКНФ-001447;25.12.2025;Труба СВ  88,9х2,0мм 08Х18Н10 (AISI 304);Нержавеющие трубы, листы, круги, сетки(ПК КСС);3;34.9;05.08.2025;05.08.2025;25.12.2025;;
ПКНФ-001447;25.12.2025;Отвод 60,3х2,0 мм AISI 304;Нержавеющие фланцы и фиттинги (ПК КСС);1;6;09.09.2025;09.09.2025;25.12.2025;;
ПКНФ-001447;25.12.2025;Переход  88,9/60,3х2,0 (DN 80/50) AISI 304/08Х18Н10;Нержавеющие фланцы и фиттинги (ПК КСС);3;3;;;25.12.2025;;
ПКНФ-001447;25.12.2025;Фланец 88,9 (AISI304, 08*18H10, PN10/16) плоский;Нержавеющие фланцы и фиттинги (ПК КСС);3;6;;;25.12.2025;;
ПКНФ-001449;25.12.2025;Труба 60х60х3  ГОСТ 8639-82;Черные трубы, листы, круги (ПК КСС);7.2;31.5;;;25.12.2025;;
ПКНФ-001449;25.12.2025;Лист 5,0*1500*6000 ст3 (м2);Черные трубы, листы, круги (ПК КСС);0.4;0;;;25.12.2025;;
ПКНФ-001449;25.12.2025;Полоса 40*2 ГОСТ 8509-93;Черные трубы, листы, круги (ПК КСС);0.6;0;;;25.12.2025;;
ПКНФ-001449;25.12.2025;Швеллер 10П ГОСТ 8240-97;Черные трубы, листы, круги (ПК КСС);32;203.1;11.09.2025;11.09.2025;25.12.2025;;
ПКНФ-001449;25.12.2025;Уголок 50х50х5 ГОСТ 8509-93 (м);Черные трубы, листы, круги (ПК КСС);1;45.4;;;25.12.2025;;
ПКНФ-001449;25.12.2025;Лист 1000х3000 ПВЛ 406;Черные трубы, листы, круги (ПК КСС);4;10;;;25.12.2025;;
ПКНФ-001449;25.12.2025;Труба 40х40х3 ГОСТ 8639-82;Черные трубы, листы, круги (ПК КСС);10;24.4;;;25.12.2025;;
ПКНФ-001449;25.12.2025;Арматура ф 16 А-1 ГОСТ 5781-82 (м);Черные трубы, листы, круги (ПК КСС);0.4;8.7;;24.01.2024;25.12.2025;;
ПКНФ-001449;25.12.2025;Полоса 2,0х40 AISI304;Нержавеющие трубы, листы, круги, сетки(ПК КСС);1.5;0;;;25.12.2025;;
ПКНФ-001449;25.12.2025;Труба 50х50х3 ГОСТ 8639-82, м.д;Черные трубы, листы, круги (ПК КСС);29;90.8;;;25.12.2025;;
ПКНФ-001451;29.12.2025;Швеллер 10П ГОСТ 8240-97;Черные трубы, листы, круги (ПК КСС);6;20.7;11.09.2025;11.09.2025;29.12.2025;;
ПКНФ-001453;29.12.2025;7883 - Лестница;Составные части трубопровода (Пк КСС);1;0;14.01.2026;;29.12.2025;ПКНФ-001454;29.12.2025
ПКНФ-001453;29.12.2025;Муфта Корсис DN250 (ID);Полиэтелен, корсис, прагма, НПВХ (ПК КСС);3;0;29.01.2026;29.01.2026;29.12.2025;;
ПКНФ-001453;29.12.2025;7883 - Трубопровод;Составные части трубопровода (Пк КСС);1;0;27.01.2026;;29.12.2025;ПКНФ-001455;29.12.2025
ПКНФ-001453;29.12.2025;Заглушка для трубы 25х25 мм пластик;Расходные материалы (ПК КСС);4;0;23.04.2024;;29.12.2025;;
ПКНФ-001453;29.12.2025;Болт М10*60 DIN 933 полная резьба  (А2, 10,0, 60,0, DIN 933);Нержавеющие метизы (ПК КСС);4;1122;;;29.12.2025;;
ПКНФ-001453;29.12.2025;Гайка М10 DIN 934  (А2, 10,0, DIN 934);Нержавеющие метизы (ПК КСС);4;656;;19.06.2024;29.12.2025;;
ПКНФ-001453;29.12.2025;Грибок канализационный;Полиэтелен, корсис, прагма, НПВХ (ПК КСС);2;39;;27.01.2026;29.12.2025;;
ПКНФ-001453;29.12.2025;Манжета резиновая переходная D 110/124 Уп., черн;Полиэтелен, корсис, прагма, НПВХ (ПК КСС);2;63;;;29.12.2025;;
ПКНФ-001453;29.12.2025;Отвод 90 гр. НПВХ DN110;Полиэтелен, корсис, прагма, НПВХ (ПК КСС);2;40;;;29.12.2025;;
ПКНФ-001453;29.12.2025;Труба 110/3,2/0560 наружная канализация;Полиэтелен, корсис, прагма, НПВХ (ПК КСС);2;132;;;29.12.2025;;
ПКНФ-001453;29.12.2025;Шайба М10 DIN 125  (А2, DIN 125);Нержавеющие метизы (ПК КСС);8;62;;;29.12.2025;;
ПКНФ-001453;29.12.2025;Шайба  гровер М10 DIN 127 (А2, DIN 127);Нержавеющие метизы (ПК КСС);4;0;;;29.12.2025;;
ПКНФ-001454;29.12.2025;Пластина 100х40 (AISI 304);Нержавеющие трубы, листы, круги, сетки(ПК КСС);8;60;;;29.12.2025;;
ПКНФ-001454;29.12.2025;Труба 30х30х2 (AISI 304);Нержавеющие трубы, листы, круги, сетки(ПК КСС);0.2;115.8;09.09.2025;09.09.2025;29.12.2025;;
ПКНФ-001454;29.12.2025;Труба 40х20х2 (AISI304);Нержавеющие трубы, листы, круги, сетки(ПК КСС);0.4;0.4;09.09.2025;09.09.2025;29.12.2025;;
ПКНФ-001454;29.12.2025;Труба 25х25х2 (AISI 304);Нержавеющие трубы, листы, круги, сетки(ПК КСС);25.5;77;17.09.2025;05.08.2025;29.12.2025;;
ПКНФ-001455;29.12.2025;Труба СВ 273,0х3,0мм 08Х18Н10 (AISI 304);Нержавеющие трубы, листы, круги, сетки(ПК КСС);2.5;20.5;;;29.12.2025;;
ПКНФ-001456;29.12.2025;Пластина 100х40 (AISI 304);Нержавеющие трубы, листы, круги, сетки(ПК КСС);4;60;;;29.12.2025;;
ПКНФ-001456;29.12.2025;Труба 40х20х2 (AISI304);Нержавеющие трубы, листы, круги, сетки(ПК КСС);0.3;0.3;17.09.2025;09.09.2025;29.12.2025;;
ПКНФ-001456;29.12.2025;Труба 25х25х2 (AISI 304);Нержавеющие трубы, листы, круги, сетки(ПК КСС);3.5;55;09.09.2025;05.08.2025;29.12.2025;;
ПКНФ-001456;29.12.2025;Труба 50х50х3,0 AISI 304;Нержавеющие трубы, листы, круги, сетки(ПК КСС);0.2;27.8;09.09.2025;05.08.2025;29.12.2025;;
ПКНФ-001457;29.12.2025;Лист г/к 5,0*1500*3000 ст3 шт;Черные трубы, листы, круги (ПК КСС);0.04;0;;;29.12.2025;;
ПКНФ-001457;29.12.2025;Швеллер 14П ГОСТ 8240-97;Черные трубы, листы, круги (ПК КСС);21;141.1;;;29.12.2025;;
ПКНФ-001457;29.12.2025;Арматура А-1 6 мм;Черные трубы, листы, круги (ПК КСС);1;33.6;;;29.12.2025;;
ПКНФ-001457;29.12.2025;Труба 40х40х3 ГОСТ 8639-82;Черные трубы, листы, круги (ПК КСС);6;205.4;;;29.12.2025;;
ПКНФ-001457;29.12.2025;Арматура ф 16 А-1 ГОСТ 5781-82 (м);Черные трубы, листы, круги (ПК КСС);4;8.3;;24.01.2024;29.12.2025;;
ПКНФ-001458;29.12.2025;Полоса 2,0x50,0 (AISI304, 08X18H10, 2B);Нержавеющие трубы, листы, круги, сетки(ПК КСС);3;0;;;29.12.2025;;
ПКНФ-001458;29.12.2025;Лист 2,0*1000*2000  AISI 304 (08х18Н10), х/к, мат (2В);Нержавеющие трубы, листы, круги, сетки(ПК КСС);0.5;1;17.09.2025;17.09.2025;29.12.2025;;
ПКНФ-001458;29.12.2025;Пластина 100х40 (AISI 304);Нержавеющие трубы, листы, круги, сетки(ПК КСС);26;60;;;29.12.2025;;
ПКНФ-001458;29.12.2025;Труба 30х30х2 (AISI 304);Нержавеющие трубы, листы, круги, сетки(ПК КСС);12;127.6;09.09.2025;09.09.2025;29.12.2025;;
ПКНФ-001458;29.12.2025;Труба СВ  14,0х1,5мм 08Х18Н10 (AISI 304);Нержавеющие трубы, листы, круги, сетки(ПК КСС);1;5;;;29.12.2025;;
ПКНФ-001458;29.12.2025;Труба 40х20х2 (AISI304);Нержавеющие трубы, листы, круги, сетки(ПК КСС);17.5;24.7;17.09.2025;09.09.2025;29.12.2025;;
ПКНФ-001458;29.12.2025;Лист 3,0*1000*2000  AISI 304 (42х22мм*3,0мм) ПВЛ;Нержавеющие трубы, листы, круги, сетки(ПК КСС);3;0;;02.02.2026;29.12.2025;;
ПКНФ-001458;29.12.2025;Круг 10,0 (AISI304, 08x18H10);Нержавеющие трубы, листы, круги, сетки(ПК КСС);1;9.8;;;29.12.2025;;
ПКНФ-001458;29.12.2025;Круг 6,0 (AISI304, 08x18H10);Нержавеющие трубы, листы, круги, сетки(ПК КСС);160;296.5;09.09.2025;05.08.2025;29.12.2025;;
ПКНФ-001458;29.12.2025;Труба 25х25х2 (AISI 304);Нержавеющие трубы, листы, круги, сетки(ПК КСС);19.5;51.5;27.01.2026;05.08.2025;29.12.2025;;
ПКНФ-001458;29.12.2025;Труба 40х40х2,0 (AISI 304);Нержавеющие трубы, листы, круги, сетки(ПК КСС);16;43;05.08.2025;05.08.2025;29.12.2025;;
ПКНФ-001458;29.12.2025;Труба 50х50х3,0 AISI 304;Нержавеющие трубы, листы, круги, сетки(ПК КСС);27.5;55.1;05.08.2025;05.08.2025;29.12.2025;;
ПКНФ-001458;29.12.2025;Уголок 50,0х50,0х5,0 (AISI304, 08X18H10);Нержавеющие трубы, листы, круги, сетки(ПК КСС);1.5;1.9;17.09.2025;17.09.2025;29.12.2025;;
ПКНФ-001459;29.12.2025;Отбортовка 219,1х2,0 AISI304;Нержавеющие фланцы и фиттинги (ПК КСС);6;2;27.01.2026;21.01.2026;29.12.2025;;
ПКНФ-001459;29.12.2025;Труба СВ 219,1х2,0мм 08Х18Н10 (AISI 304);Нержавеющие трубы, листы, круги, сетки(ПК КСС);9.5;13.248;;;29.12.2025;;
ПКНФ-001459;29.12.2025;Труба СВ 323,9х3,0мм 08Х18Н10 (AISI 304);Нержавеющие трубы, листы, круги, сетки(ПК КСС);3.5;22.8;;;29.12.2025;;
ПКНФ-001459;29.12.2025;Труба СВ 406,4х3,0мм 08Х18Н10 (AISI 304);Нержавеющие трубы, листы, круги, сетки(ПК КСС);0.2;10.1;11.04.2024;11.04.2024;29.12.2025;;
ПКНФ-001459;29.12.2025;Фланец 406,4 (AISI304, 08*18H10, PN10) плоский;Нержавеющие фланцы и фиттинги (ПК КСС);2;3;;;29.12.2025;;
ПКНФ-001459;29.12.2025;Переход 406,4х323,9 (3.0, AISI304, 08*18H10, Mill finish);Нержавеющие фланцы и фиттинги (ПК КСС);2;2;;;29.12.2025;;
ПКНФ-001459;29.12.2025;Фланец 219,1  (AISI304, 08*18H10, PN10) свободный;Нержавеющие фланцы и фиттинги (ПК КСС);6;1;;;29.12.2025;;
ПКНФ-001459;29.12.2025;Заглушка 323,9х3,0 AISI 304;Нержавеющие фланцы и фиттинги (ПК КСС);2;4;;;29.12.2025;;
ПКНФ-001459;29.12.2025;Фланец 219,1  (AISI304, 08*18H10, PN6) плоский;Нержавеющие фланцы и фиттинги (ПК КСС);3;3;;;29.12.2025;;
ПКНФ-001460;29.12.2025;Отбортовка 60,3х2,0 AISI304;Нержавеющие фланцы и фиттинги (ПК КСС);18;37;16.05.2025;21.01.2026;29.12.2025;;
ПКНФ-001460;29.12.2025;Пресс-фланец ст.20 Ду125 Ру 16 ПФСР 100х16 (145 мм);Черные фланцы и фиттинги (ПК КСС);1;33;;;29.12.2025;;
ПКНФ-001460;29.12.2025;Пресс-фланец ст.20 Ду50 Ру 16 ПФСР 050х16 (65 мм) ;Черные фланцы и фиттинги (ПК КСС);18;65;;;29.12.2025;;
ПКНФ-001460;29.12.2025;Пресс-фланец ст.20 Ду100 Ру 16 ПФСР 100х16 (119 мм);Черные фланцы и фиттинги (ПК КСС);4;42;;;29.12.2025;;
ПКНФ-001460;29.12.2025;Труба СВ  21,3х2,0мм 08Х18Н10 (AISI 304);Нержавеющие трубы, листы, круги, сетки(ПК КСС);0.1;77.3;;;29.12.2025;;
ПКНФ-001460;29.12.2025;Труба СВ  26,9х2,0мм 08Х18Н10 (AISI 304);Нержавеющие трубы, листы, круги, сетки(ПК КСС);0.1;28.7;;;29.12.2025;;
ПКНФ-001460;29.12.2025;Труба СВ  60,3х2,0мм 08Х18Н10 (AISI 304);Нержавеющие трубы, листы, круги, сетки(ПК КСС);2;11;09.09.2025;09.09.2025;29.12.2025;;
ПКНФ-001460;29.12.2025;Труба СВ 139,7х3,0мм 08Х18Н10 (AISI 304);Нержавеющие трубы, листы, круги, сетки(ПК КСС);1;9.8;;;29.12.2025;;
ПКНФ-001460;29.12.2025;Переход 139,7/114,3х2,0 (DN 125/100) AISI 304/08Х18Н10;Нержавеющие фланцы и фиттинги (ПК КСС);1;3;;;29.12.2025;;
ПКНФ-001460;29.12.2025;Отбортовка 139,7х2,0 AISI304;Нержавеющие фланцы и фиттинги (ПК КСС);1;45;;;29.12.2025;;
ПКНФ-001460;29.12.2025;Заглушка фланцевая  DN100 (114,3) PN10/16;Нержавеющие фланцы и фиттинги (ПК КСС);3;0;29.01.2026;28.01.2026;29.12.2025;;
ПКНФ-001460;29.12.2025;Ниппель приварной DN15  1/2"" (AISI304, 08Х18H10);Нержавеющие фланцы и фиттинги (ПК КСС);2;35;;03.06.2024;29.12.2025;;
ПКНФ-001460;29.12.2025;Ниппель приварной DN20  3/4"" (26,9мм) ( AISI304 08Х18H10);Нержавеющие фланцы и фиттинги (ПК КСС);1;35;;;29.12.2025;;
ПКНФ-001460;29.12.2025;Отбортовка 114,3х2,0 AISI304;Нержавеющие фланцы и фиттинги (ПК КСС);4;116;;;29.12.2025;;
ПКНФ-001460;29.12.2025;Труба СВ 114,3х2,0мм 08Х18Н10 (AISI 304);Нержавеющие трубы, листы, круги, сетки(ПК КСС);3.5;49.2;;22.10.2024;29.12.2025;;
ПКНФ-001461;29.12.2025;Швеллер 10П ГОСТ 8240-97;Черные трубы, листы, круги (ПК КСС);6;20.7;11.09.2025;11.09.2025;29.12.2025;;
ПКНФ-001462;29.12.2025;Лист 5,0*1500*6000 ст3 (шт);Черные трубы, листы, круги (ПК КСС);0.04;0.002;;;29.12.2025;;
ПКНФ-001462;29.12.2025;Арматура А-1 6 мм;Черные трубы, листы, круги (ПК КСС);1;33.6;;;29.12.2025;;
ПКНФ-001462;29.12.2025;Швеллер 10П ГОСТ 8240-97;Черные трубы, листы, круги (ПК КСС);8;179.1;11.09.2025;11.09.2025;29.12.2025;;
ПКНФ-001462;29.12.2025;Труба 40х40х3 ГОСТ 8639-82;Черные трубы, листы, круги (ПК КСС);1.5;205.4;;;29.12.2025;;
ПКНФ-001462;29.12.2025;Арматура ф 16 А-1 ГОСТ 5781-82 (м);Черные трубы, листы, круги (ПК КСС);4;8.3;;24.01.2024;29.12.2025;;
ПКНФ-001463;29.12.2025;Фланец 114,3  (AISI304, 08*18H10, PN10) свободный;Нержавеющие фланцы и фиттинги (ПК КСС);4;1;;;29.12.2025;;
ПКНФ-001463;29.12.2025;Труба СВ 168,3х2,0мм 08Х18Н10 (AISI 304);Нержавеющие трубы, листы, круги, сетки(ПК КСС);0.1;8.4;;03.06.2024;29.12.2025;;
ПКНФ-001463;29.12.2025;Переход 168,3/114,3х2,0 (DN 150/100) AISI 304/08Х18Н10;Нержавеющие фланцы и фиттинги (ПК КСС);2;4;;;29.12.2025;;
ПКНФ-001463;29.12.2025;Фланец 168,3 (AISI304, 08*18H10, PN10/16) плоский;Нержавеющие фланцы и фиттинги (ПК КСС);2;7;26.05.2025;26.05.2025;29.12.2025;;
ПКНФ-001463;29.12.2025;Отбортовка 114,3х2,0 AISI304;Нержавеющие фланцы и фиттинги (ПК КСС);4;102;;;29.12.2025;;
ПКНФ-001463;29.12.2025;Отвод 114,3х2,0 мм AISI 304;Нержавеющие фланцы и фиттинги (ПК КСС);2;6;;;29.12.2025;;
ПКНФ-001463;29.12.2025;Тройник 114,3х2,0 AISI 304 короткий;Нержавеющие фланцы и фиттинги (ПК КСС);2;2;;;29.12.2025;;
ПКНФ-001463;29.12.2025;Труба СВ 114,3х2,0мм 08Х18Н10 (AISI 304);Нержавеющие трубы, листы, круги, сетки(ПК КСС);6;47.6;;22.10.2024;29.12.2025;;
ПКНФ-001463;29.12.2025;Фланец 114,3  (AISI304, 08*18H10, PN6) плоский;Нержавеющие фланцы и фиттинги (ПК КСС);2;7;;;29.12.2025;;
ПКНФ-001464;29.12.2025;Полоса 2,0x50,0 (AISI304, 08X18H10, 2B);Нержавеющие трубы, листы, круги, сетки(ПК КСС);1;0;;;29.12.2025;;
ПКНФ-001464;29.12.2025;Лист 2,0*1000*2000  AISI 304 (08х18Н10), х/к, мат (2В);Нержавеющие трубы, листы, круги, сетки(ПК КСС);1;1;17.09.2025;17.09.2025;29.12.2025;;
ПКНФ-001464;29.12.2025;Пластина 100х40 (AISI 304);Нержавеющие трубы, листы, круги, сетки(ПК КСС);22;60;;;29.12.2025;;
ПКНФ-001464;29.12.2025;Труба 20х20х2 (AISI 304);Нержавеющие трубы, листы, круги, сетки(ПК КСС);6;18.5;17.09.2025;05.08.2025;29.12.2025;;
ПКНФ-001464;29.12.2025;Труба СВ  14,0х1,5мм 08Х18Н10 (AISI 304);Нержавеющие трубы, листы, круги, сетки(ПК КСС);1;5;;;29.12.2025;;
ПКНФ-001464;29.12.2025;Труба 40х20х2 (AISI304);Нержавеющие трубы, листы, круги, сетки(ПК КСС);7.2;24.7;17.09.2025;09.09.2025;29.12.2025;;
ПКНФ-001464;29.12.2025;Лист 3,0*1000*2000  AISI 304 (42х22мм*3,0мм) ПВЛ;Нержавеющие трубы, листы, круги, сетки(ПК КСС);1;0;;02.02.2026;29.12.2025;;
ПКНФ-001464;29.12.2025;Круг 10,0 (AISI304, 08x18H10);Нержавеющие трубы, листы, круги, сетки(ПК КСС);1;9.8;;;29.12.2025;;
ПКНФ-001464;29.12.2025;Круг 6,0 (AISI304, 08x18H10);Нержавеющие трубы, листы, круги, сетки(ПК КСС);61;296.5;05.08.2025;05.08.2025;29.12.2025;;
ПКНФ-001464;29.12.2025;Труба 25х25х2 (AISI 304);Нержавеющие трубы, листы, круги, сетки(ПК КСС);15.5;51.5;05.08.2025;05.08.2025;29.12.2025;;
ПКНФ-001464;29.12.2025;Труба 40х40х2,0 (AISI 304);Нержавеющие трубы, листы, круги, сетки(ПК КСС);18.3;43;05.08.2025;05.08.2025;29.12.2025;;
ПКНФ-001464;29.12.2025;Уголок 50,0х50,0х5,0 (AISI304, 08X18H10);Нержавеющие трубы, листы, круги, сетки(ПК КСС);2;1.9;17.09.2025;17.09.2025;29.12.2025;;
ПКНФ-001465;29.12.2025;Болт оцинк. М20х60 DIN933;Оцинкованные метизы (ПК КСС);0.002;0.364;;;29.12.2025;;
ПКНФ-001465;29.12.2025;Отвод 45 гр. НПВХ DN110;Полиэтелен, корсис, прагма, НПВХ (ПК КСС);1;40;;;29.12.2025;;
ПКНФ-001465;29.12.2025;Труба 315/7,7/1200 наружная канализация;Полиэтелен, корсис, прагма, НПВХ (ПК КСС);1.2;0;23.01.2026;23.01.2026;29.12.2025;;
ПКНФ-001465;29.12.2025;Анкерный болт с гайкой 12*120 HNM ПК (тыс);Оцинкованные метизы (ПК КСС);0.01;0.205;;;29.12.2025;;
ПКНФ-001465;29.12.2025;Рым-гайка DIN 582 М 20;Крепеж и цепи, тали (ПК КСС);2;76;;;29.12.2025;;
ПКНФ-001465;29.12.2025;Тройник НПВХ DN110;Полиэтелен, корсис, прагма, НПВХ (ПК КСС);1;45;;;29.12.2025;;
ПКНФ-001465;29.12.2025;Труба 110/3,2/1000 наружная канализация;Полиэтелен, корсис, прагма, НПВХ (ПК КСС);1;0;;;29.12.2025;;
ПКНФ-001465;29.12.2025;Труба 110/3,2/0560 наружная канализация;Полиэтелен, корсис, прагма, НПВХ (ПК КСС);2;130;;;29.12.2025;;
ПКНФ-001465;29.12.2025;Шайба плоская оц.М20  DIN 125;Оцинкованные метизы (ПК КСС);0.002;0.608;;27.06.2024;29.12.2025;;
ПКНФ-001468;29.12.2025;Автоматическая трубная муфта для насоса WQ DN200, TO-200, мощность 0.55кВт и выше (ПК);УПМ СNP (ПК КСС);2;0;;15.01.2026;29.12.2025;;
ПКНФ-001468;29.12.2025;Насос 200WQ270-10-11AC(I), 11кВт, без АТМ DN200, 4-х полюс. (ПК);Насосы CNP (ПК КСС);2;0;;15.01.2026;29.12.2025;;
ПКНФ-001468;29.12.2025;Клапан обратный шаровой DN200 PN10 канализационный;Арматура (ПК КСС);2;0;02.02.2026;02.02.2026;29.12.2025;;
ПКНФ-001468;29.12.2025;Задвижка 30ч39р Ду200 Pу10 штурвал;Арматура (ПК КСС);2;0;02.02.2026;02.02.2026;29.12.2025;;
ПКНФ-001469;29.12.2025;Обратный клапан фланцевый чугунный шаровый NBR Ду050 Ру10/16 GGG50 ABRA-D-022-NBR-50;Арматура (ПК КСС);2;12;;;29.12.2025;;
ПКНФ-001469;29.12.2025;Задвижка 30ч39р Ду50 Pу16 штурвал;Арматура (ПК КСС);2;6;02.02.2026;02.02.2026;29.12.2025;;
ПКНФ-001469;29.12.2025;Насос 50WQ10-7-0.55AC(I), 0.55кВт, без АТМ DN50, 2-х полюс. (ПК);Насосы CNP (ПК КСС);2;0;;15.01.2026;29.12.2025;;
ПКНФ-001469;29.12.2025;Автоматическая трубная муфта для насоса WQ DN50,TOS-50, мощность 0.55кВт и выше (ПК);УПМ СNP (ПК КСС);2;0;;15.01.2026;29.12.2025;;
ПКНФ-001470;29.12.2025;6176.3У - Установка подачи воды для пожаротушения;Установки ВНС и ПНС (ПК КСС);1;0;26.12.2025;;29.12.2025;ПКНФ-001471;29.12.2025
ПКНФ-001470;29.12.2025;Насос дренажный «Leo» QDX 6-18-0.75А (закрытая крыльчатка) (ПК);Насосы LEO/ОНИС (ПК КСС);1;1;29.01.2026;19.01.2026;29.12.2025;;
ПКНФ-001471;29.12.2025;Насос CDM85-3-2FSWPC, 18.5кВт, станд. фланец, 3х380В, 50Гц, чугун, 70 С ;Насосы CNP (ПК КСС);3;0;;15.01.2026;29.12.2025;;
ПКНФ-001472;30.12.2025;Станция очистки бытовых сточных вод модельного ряда ""ЮНИЛОС"" серии ""ТРИУМФ - 20 лонг"", КНС, УФ с/т ;Очистные сооружения ( промочистка);1;0;23.01.2026;23.01.2026;30.12.2025;;
ПКНФ-001472;30.12.2025;Установка обеззараживания воды ""ОДВ-2С-0,5"" ;Биология (ПК КСС);1;0;23.01.2026;23.01.2026;30.12.2025;;
ПКНФ-001472;30.12.2025;Фекальный насос Pedrollo BCm-10/50;Другие насосы и УПМ (ПК КСС);1;0;23.01.2026;23.01.2026;30.12.2025;;
ПКНФ-001472;30.12.2025;Дренажный насос Pedrollo ТОР-1;Биология (ПК КСС);1;0;23.01.2026;23.01.2026;30.12.2025;;
ПКНФ-000022;12.01.2026;Болт оцинк. М12х80 DIN933;Оцинкованные метизы (ПК КСС);0.012;0.199;;;12.01.2026;;
ПКНФ-000022;12.01.2026;7719.5 КСС-ШУПФ-Д-3-3-5,5К+АВР+ 2ЭЗ;Шкафы управления (ПК КСС);1;0;;;12.01.2026;;
ПКНФ-000022;12.01.2026;Насос CDM20-5FSWPC, 5.5кВт, станд. фланец, 3х380В, 50Гц, чугун, 70 С;Насосы CNP (ПК КСС);3;3;;;12.01.2026;;
ПКНФ-000022;12.01.2026;Болт оцинк. М16х70 DIN933;Оцинкованные метизы (ПК КСС);0.012;0.456;;27.06.2024;12.01.2026;;
ПКНФ-000022;12.01.2026;Шайба плоская оц. М12  DIN 125;Оцинкованные метизы (ПК КСС);0.032;1.681;;03.06.2024;12.01.2026;;
ПКНФ-000022;12.01.2026;Затвор Ridval тип RVB 01 DN100 PN16 рукоятка,с УКП о/з.IP64 (красный);Арматура (ПК КСС);4;7;;;12.01.2026;;
ПКНФ-000022;12.01.2026;Клапан Ridval тип RVC 20 DN50 PN16 (красный);Арматура (ПК КСС);3;10;;;12.01.2026;;
ПКНФ-000022;12.01.2026;Реле давления РД-2Р 0,5..1,6МПа, G1/4"" ;Датчики уровня, преобразователи, реле (ПК КСС);3;10;;;12.01.2026;;
ПКНФ-000022;12.01.2026;Шаровой кран латунный 1/2"" ВР, с дренажем и воздухоотводчиком, ручка-бабочка, Pride LD 44.344.15;Арматура (ПК КСС);4;37;;;12.01.2026;;
ПКНФ-000022;12.01.2026;Ниппель прямой никелированный 1/2"" НР. LD Pride LD.67.501.15;Арматура (ПК КСС);4;40;;;12.01.2026;;
ПКНФ-000022;12.01.2026;Манометр с поверкой тип ТМ-310Т.00, 0..1,6 МПа, 63 мм, G1/4""(сзади), кл.1,5, корпус-сталь, Росма 000;Расходомеры, манометры (ПК КСС);2;26;;21.01.2026;12.01.2026;;
ПКНФ-000022;12.01.2026;Муфта никелированная 1/2"" ВР, LD Pride LD.67.502.15;Арматура (ПК КСС);4;26;;;12.01.2026;;
ПКНФ-000022;12.01.2026;7719.5У - Трубопровод;Составные части трубопровода (Пк КСС);1;1;;;12.01.2026;ПКНФ-001361;17.12.2025
ПКНФ-000022;12.01.2026;7719.5У - Рама, Стойка;Составные части трубопровода (Пк КСС);1;1;;;12.01.2026;ПКНФ-000024;12.01.2026
ПКНФ-000022;12.01.2026;Шайба оцинк гровер М12 DIN 127;Оцинкованные метизы (ПК КСС);0.016;1.014;;03.06.2024;12.01.2026;;
ПКНФ-000022;12.01.2026;Шайба гроверная оц. Ф16 DIN 127;Оцинкованные метизы (ПК КСС);0.082;0.943;;27.06.2024;12.01.2026;;
ПКНФ-000022;12.01.2026;CLS.H01-1-G12 — Кондуктометрический датчик уровня (наружная резьба G1/2"", резьба стержня М4, материа;Датчики уровня, преобразователи, реле (ПК КСС);1;2;;;12.01.2026;;
ПКНФ-000022;12.01.2026;Затвор Ridval тип RVB 01 DN50 PN16 рукоятка,с УКП о/з.IP64 (красный);Арматура (ПК КСС);6;12;;;12.01.2026;;
ПКНФ-000022;12.01.2026;Гайка шестигр. оц М12 DIN934;Оцинкованные метизы (ПК КСС);0.016;1.253;;03.06.2024;12.01.2026;;
ПКНФ-000022;12.01.2026;Гайка шестигр. оц М16  (тыс шт);Оцинкованные метизы (ПК КСС);0.082;0.758;;27.06.2024;12.01.2026;;
ПКНФ-000022;12.01.2026;Прокладка (паронит) 50;Полиэтелен, корсис, прагма, НПВХ (ПК КСС);9;79.994;;;12.01.2026;;
ПКНФ-000022;12.01.2026;Футорка ник. латун. 1/2х 1/4;Арматура (ПК КСС);3;46;;;12.01.2026;;
ПКНФ-000022;12.01.2026;Шайба плоская оц.М16  DIN 125;Оцинкованные метизы (ПК КСС);0.164;1.661;;27.06.2024;12.01.2026;;
ПКНФ-000028;12.01.2026;Отбортовка 60,3х2,0 AISI304;Нержавеющие фланцы и фиттинги (ПК КСС);18;37;16.05.2025;21.01.2026;12.01.2026;;
ПКНФ-000028;12.01.2026;Пресс-фланец ст.20 Ду125 Ру 16 ПФСР 100х16 (145 мм);Черные фланцы и фиттинги (ПК КСС);1;33;;;12.01.2026;;
ПКНФ-000028;12.01.2026;Пресс-фланец ст.20 Ду50 Ру 16 ПФСР 050х16 (65 мм) ;Черные фланцы и фиттинги (ПК КСС);18;65;;;12.01.2026;;
ПКНФ-000028;12.01.2026;Пресс-фланец ст.20 Ду100 Ру 16 ПФСР 100х16 (119 мм);Черные фланцы и фиттинги (ПК КСС);4;42;;;12.01.2026;;
ПКНФ-000028;12.01.2026;Труба СВ  21,3х2,0мм 08Х18Н10 (AISI 304);Нержавеющие трубы, листы, круги, сетки(ПК КСС);0.1;77.3;;;12.01.2026;;
ПКНФ-000028;12.01.2026;Труба СВ  26,9х2,0мм 08Х18Н10 (AISI 304);Нержавеющие трубы, листы, круги, сетки(ПК КСС);0.1;28.7;;;12.01.2026;;
ПКНФ-000028;12.01.2026;Труба СВ  60,3х2,0мм 08Х18Н10 (AISI 304);Нержавеющие трубы, листы, круги, сетки(ПК КСС);2;11;09.09.2025;09.09.2025;12.01.2026;;
ПКНФ-000028;12.01.2026;Труба СВ 139,7х2,0мм 08Х18Н10 (AISI 304);Нержавеющие трубы, листы, круги, сетки(ПК КСС);1;3.6;;;12.01.2026;;
ПКНФ-000028;12.01.2026;Переход 139,7/114,3х2,0 (DN 125/100) AISI 304/08Х18Н10;Нержавеющие фланцы и фиттинги (ПК КСС);1;3;;;12.01.2026;;
ПКНФ-000028;12.01.2026;Отбортовка 139,7х2,0 AISI304;Нержавеющие фланцы и фиттинги (ПК КСС);1;45;;;12.01.2026;;
ПКНФ-000028;12.01.2026;Заглушка фланцевая  DN100 (114,3) PN10/16;Нержавеющие фланцы и фиттинги (ПК КСС);3;0;28.01.2026;28.01.2026;12.01.2026;;
ПКНФ-000028;12.01.2026;Ниппель приварной DN15  1/2"" (AISI304, 08Х18H10);Нержавеющие фланцы и фиттинги (ПК КСС);2;35;;03.06.2024;12.01.2026;;
ПКНФ-000028;12.01.2026;Ниппель приварной DN20  3/4"" (26,9мм) ( AISI304 08Х18H10);Нержавеющие фланцы и фиттинги (ПК КСС);1;35;;;12.01.2026;;
ПКНФ-000028;12.01.2026;Отбортовка 114,3х2,0 AISI304;Нержавеющие фланцы и фиттинги (ПК КСС);4;116;;;12.01.2026;;
ПКНФ-000028;12.01.2026;Труба СВ 114,3х2,0мм 08Х18Н10 (AISI 304);Нержавеющие трубы, листы, круги, сетки(ПК КСС);3.5;49.2;;22.10.2024;12.01.2026;;
ПКНФ-000001;12.01.2026;7726.1У - Установка повышения давления ;Установки ВНС и ПНС (ПК КСС);1;0;15.12.2025;;12.01.2026;ПКНФ-000002;12.01.2026
ПКНФ-000001;12.01.2026;Затвор поворотный межфланцевый ABRA BUV-VF826D080H DN080 PN16/10 корпус GG25 / диск GGG40 / седло EP;Арматура (ПК КСС);2;2;;;12.01.2026;;
ПКНФ-000001;12.01.2026;Гибкая вставка эластичная - антивибрационный компенсатор (виброкомпенсатор) DN080 PN16, фланец/флане;Арматура (ПК КСС);2;4;;;12.01.2026;;
ПКНФ-000001;12.01.2026;Насос дренажный «Leo» QDX 6-18-0.75А (закрытая крыльчатка) (ПК);Насосы LEO/ОНИС (ПК КСС);1;1;29.01.2026;19.01.2026;12.01.2026;;
ПКНФ-000002;12.01.2026;Насос CDM15-6FSWPC, 5.5кВт, станд. фланец, 3х380В,50Гц, чугун, 70 С;Насосы CNP (ПК КСС);3;0;23.01.2026;23.01.2026;12.01.2026;;
ПКНФ-000003;12.01.2026;Затвор поворотный межфланцевый ABRA BUV-VF866D150H DN150 PN16/10 корпус GG25 / КРАСНЫЙ;Арматура (ПК КСС);4;4;;;12.01.2026;;
ПКНФ-000003;12.01.2026;7726.2У - Установка пожаротушения;Установки ВНС и ПНС (ПК КСС);1;0;15.12.2025;;12.01.2026;ПКНФ-000004;12.01.2026
ПКНФ-000003;12.01.2026;Гибкая вставка эластичная - антивибрационный компенсатор (виброкомпенсатор) DN150 PN16, фланец/флане;Арматура (ПК КСС);4;4;;;12.01.2026;;
ПКНФ-000003;12.01.2026;Насос дренажный «Leo» QDX 6-18-0.75А (закрытая крыльчатка) (ПК);Насосы LEO/ОНИС (ПК КСС);1;1;29.01.2026;19.01.2026;12.01.2026;;
ПКНФ-000004;12.01.2026;Насос NIS125-100-200/37SWH, 37кВт, 3х380В, 50Гц, чугун ;Насосы CNP (ПК КСС);2;0;23.01.2026;23.01.2026;12.01.2026;;
ПКНФ-000007;12.01.2026;Фланец 60,3 (AISI304, 08*18H10, PN10) свободный;Нержавеющие фланцы и фиттинги (ПК КСС);4;8;;;12.01.2026;;
ПКНФ-000007;12.01.2026;Отбортовка 60,3х2,0 AISI304;Нержавеющие фланцы и фиттинги (ПК КСС);4;19;16.05.2025;21.01.2026;12.01.2026;;
ПКНФ-000007;12.01.2026;Тройник 60,3х2,0 AISI 304 приварной;Нержавеющие фланцы и фиттинги (ПК КСС);1;1;09.09.2025;09.09.2025;12.01.2026;;
ПКНФ-000007;12.01.2026;Труба СВ  33,7х3,0мм 08Х18Н10 (AISI 304);Нержавеющие трубы, листы, круги, сетки(ПК КСС);24;38;;07.10.2025;12.01.2026;;
ПКНФ-000007;12.01.2026;Труба СВ  60,3х2,0мм 08Х18Н10 (AISI 304);Нержавеющие трубы, листы, круги, сетки(ПК КСС);6;13;09.09.2025;09.09.2025;12.01.2026;;
ПКНФ-000007;12.01.2026;Отвод 60,3х2,0 мм AISI 304;Нержавеющие фланцы и фиттинги (ПК КСС);2;7;09.09.2025;09.09.2025;12.01.2026;;
ПКНФ-000007;12.01.2026;Переход  76,1/60,3х2,0 (DN 65/50) AISI 304/08Х18Н10;Нержавеющие фланцы и фиттинги (ПК КСС);1;1;;;12.01.2026;;
ПКНФ-000007;12.01.2026;Труба СВ  76,1х2,0мм 08Х18Н10 (AISI 304);Нержавеющие трубы, листы, круги, сетки(ПК КСС);0.1;5.2;27.12.2024;;12.01.2026;;
ПКНФ-000007;12.01.2026;Фланец 60,3 (AISI304, 08*18H10, PN6) плоский;Нержавеющие фланцы и фиттинги (ПК КСС);2;9;;;12.01.2026;;
ПКНФ-000007;12.01.2026;Фланец 76,1  (AISI304, 08*18H10, PN10/16) плоский;Нержавеющие фланцы и фиттинги (ПК КСС);1;1;09.09.2025;09.09.2025;12.01.2026;;
ПКНФ-000008;12.01.2026;Лист 5,0*1500*6000 ст3 (шт);Черные трубы, листы, круги (ПК КСС);0.004;0.002;;;12.01.2026;;
ПКНФ-000008;12.01.2026;Арматура А-1 6 мм;Черные трубы, листы, круги (ПК КСС);1;34.2;;;12.01.2026;;
ПКНФ-000008;12.01.2026;Швеллер 10П ГОСТ 8240-97;Черные трубы, листы, круги (ПК КСС);8;171.1;11.09.2025;11.09.2025;12.01.2026;;
ПКНФ-000008;12.01.2026;Труба 40х40х3 ГОСТ 8639-82;Черные трубы, листы, круги (ПК КСС);1.2;131.7;;;12.01.2026;;
ПКНФ-000008;12.01.2026;Арматура ф 16 А-1 ГОСТ 5781-82 (м);Черные трубы, листы, круги (ПК КСС);0.4;12.3;;24.01.2024;12.01.2026;;
ПКНФ-000009;12.01.2026;Полоса 2,0x50,0 (AISI304, 08X18H10, 2B);Нержавеющие трубы, листы, круги, сетки(ПК КСС);0.4;0;;;12.01.2026;;
ПКНФ-000009;12.01.2026;Лист 2,0*1000*2000  AISI 304 (08х18Н10), х/к, мат (2В);Нержавеющие трубы, листы, круги, сетки(ПК КСС);1;0;17.09.2025;17.09.2025;12.01.2026;;
ПКНФ-000009;12.01.2026;Пластина 100х40 (AISI 304);Нержавеющие трубы, листы, круги, сетки(ПК КСС);18;60;;;12.01.2026;;
ПКНФ-000009;12.01.2026;Труба СВ  14,0х1,0мм 08Х18Н10 (AISI 304);Нержавеющие трубы, листы, круги, сетки(ПК КСС);1;3.5;;;12.01.2026;;
ПКНФ-000009;12.01.2026;Труба 20х20х2 (AISI 304);Нержавеющие трубы, листы, круги, сетки(ПК КСС);6;26.5;05.08.2025;05.08.2025;12.01.2026;;
ПКНФ-000009;12.01.2026;Труба 40х20х2 (AISI304);Нержавеющие трубы, листы, круги, сетки(ПК КСС);6.5;16.5;09.09.2025;09.09.2025;12.01.2026;;
ПКНФ-000009;12.01.2026;Лист 3,0*1000*2000  AISI 304 (42х22мм*3,0мм) ПВЛ;Нержавеющие трубы, листы, круги, сетки(ПК КСС);1;0;;02.02.2026;12.01.2026;;
ПКНФ-000009;12.01.2026;Круг 10,0 (AISI304, 08x18H10);Нержавеющие трубы, листы, круги, сетки(ПК КСС);1;11.8;;;12.01.2026;;
ПКНФ-000009;12.01.2026;Круг 6,0 (AISI304, 08x18H10);Нержавеющие трубы, листы, круги, сетки(ПК КСС);61;197.5;09.09.2025;05.08.2025;12.01.2026;;
ПКНФ-000009;12.01.2026;Труба 25х25х2 (AISI 304);Нержавеющие трубы, листы, круги, сетки(ПК КСС);12;63.5;27.01.2026;05.08.2025;12.01.2026;;
ПКНФ-000009;12.01.2026;Труба 40х40х2,0 (AISI 304);Нержавеющие трубы, листы, круги, сетки(ПК КСС);15;23.7;05.08.2025;05.08.2025;12.01.2026;;
ПКНФ-000009;12.01.2026;Уголок 50,0х50,0х5,0 (AISI304, 08X18H10);Нержавеющие трубы, листы, круги, сетки(ПК КСС);1;1.4;17.09.2025;17.09.2025;12.01.2026;;
ПКНФ-000025;13.01.2026;7634.2У - Трубопровод;Составные части трубопровода (Пк КСС);1;0;20.01.2026;;13.01.2026;ПКНФ-000028;12.01.2026
ПКНФ-000025;13.01.2026;7634.2У - Рама, стойка;Составные части трубопровода (Пк КСС);1;0;20.01.2026;;13.01.2026;ПКНФ-001451;29.12.2025
ПКНФ-000025;13.01.2026;Болт оцинк. М12х60 DIN933;Оцинкованные метизы (ПК КСС);0.012;0.294;;03.06.2024;13.01.2026;;
ПКНФ-000025;13.01.2026;Болт оцинк. М12х40 DIN 933;Оцинкованные метизы (ПК КСС);0.004;0.024;;27.06.2024;13.01.2026;;
ПКНФ-000025;13.01.2026;Шайба плоская оц. М12  DIN 125;Оцинкованные метизы (ПК КСС);0.04;1.641;;03.06.2024;13.01.2026;;
ПКНФ-000025;13.01.2026;Мембранный бак для водоснабжения вертикальный, 8л, WAV8 10 бар/110С, Westert WAV8;Арматура (ПК КСС);1;4;;;13.01.2026;;
ПКНФ-000025;13.01.2026;Насос CDM15-6FSWPC, 5.5кВт, станд. фланец, 3х380В,50Гц, чугун, 70 С;Насосы CNP (ПК КСС);3;6;23.01.2026;23.01.2026;13.01.2026;;
ПКНФ-000025;13.01.2026;Болт оцинк. М16х120 DIN933;Оцинкованные метизы (ПК КСС);0.036;0.452;;27.06.2024;13.01.2026;;
ПКНФ-000025;13.01.2026;Реле избыточного давления RVG-20-0.6 (0.6МПа) EKF RVG-20-0.6  (ПК);Датчики уровня, преобразователи, реле (ПК КСС);1;5;;;13.01.2026;;
ПКНФ-000025;13.01.2026;Шайба плоская оц. М8  DIN 125;Оцинкованные метизы (ПК КСС);0.004;1.237;;;13.01.2026;;
ПКНФ-000025;13.01.2026;Гайка шестигр. оц М8 DIN934;Оцинкованные метизы (ПК КСС);0.004;0.739;;;13.01.2026;;
ПКНФ-000025;13.01.2026;Шайба гроверная оц. Ф8 DIN 127;Оцинкованные метизы (ПК КСС);0.004;0.834;;;13.01.2026;;
ПКНФ-000025;13.01.2026;Болт оцинк. М16х80  DIN933;Оцинкованные метизы (ПК КСС);0.02;0.056;;;13.01.2026;;
ПКНФ-000025;13.01.2026;7634 КСС-ШУПЧ2  3-3 -5.5кВт+СХ;Шкафы управления (ПК КСС);1;0;22.01.2026;;13.01.2026;;
ПКНФ-000025;13.01.2026;Виброопора PDH106/38/143 M16 NR60;Расходные материалы (ПК КСС);6;12;;;13.01.2026;;
ПКНФ-000025;13.01.2026;Шаровой кран латунный 1/2"" ВР, с дренажем и воздухоотводчиком, ручка-бабочка, Pride LD 44.344.15;Арматура (ПК КСС);2;37;;;13.01.2026;;
ПКНФ-000025;13.01.2026;Ниппель прямой никелированный 1/2"" НР. LD Pride LD.67.501.15;Арматура (ПК КСС);2;38;;;13.01.2026;;
ПКНФ-000025;13.01.2026;Манометр с поверкой тип ТМ-310Т.00, 0..1,6 МПа, 63 мм, G1/4""(сзади), кл.1,5, корпус-сталь, Росма 000;Расходомеры, манометры (ПК КСС);2;28;;21.01.2026;13.01.2026;;
ПКНФ-000025;13.01.2026;Муфта никелированная 1/2"" ВР, LD Pride LD.67.502.15;Арматура (ПК КСС);2;26;;;13.01.2026;;
ПКНФ-000025;13.01.2026;Рым-болт DIN 580 М 12;Оцинкованные метизы (ПК КСС);4;27.992;;;13.01.2026;;
ПКНФ-000025;13.01.2026;Преобразователь давления EKF PRT-100-1.6-1.0-G2;Датчики уровня, преобразователи, реле (ПК КСС);1;36;;;13.01.2026;;
ПКНФ-000025;13.01.2026;Кран шаровой латунный 3/4"" ВР, ручка-бабочка, LD Pride 47.20.В-В.Б;Арматура (ПК КСС);1;17;;;13.01.2026;;
ПКНФ-000025;13.01.2026;Шайба оцинк гровер М12 DIN 127;Оцинкованные метизы (ПК КСС);0.02;0.994;;03.06.2024;13.01.2026;;
ПКНФ-000025;13.01.2026;Шайба гроверная оц. Ф16 DIN 127;Оцинкованные метизы (ПК КСС);0.048;0.957;;27.06.2024;13.01.2026;;
ПКНФ-000025;13.01.2026;Затвор Ridval тип RVB 01 DN50 PN16 рукоятка, синий;Арматура (ПК КСС);6;14;;;13.01.2026;;
ПКНФ-000025;13.01.2026;Клапан Ridval тип RVC 20 DN50 PN16, синий;Арматура (ПК КСС);3;13;;;13.01.2026;;
ПКНФ-000025;13.01.2026;Болт оцинк. М8х30 DIN 933;Оцинкованные метизы (ПК КСС);0.004;0.622;;;13.01.2026;;
ПКНФ-000025;13.01.2026;Гайка шестигр. оц М12 DIN934;Оцинкованные метизы (ПК КСС);0.02;1.233;;03.06.2024;13.01.2026;;
ПКНФ-000025;13.01.2026;Гайка шестигр. оц М16  (тыс шт);Оцинкованные метизы (ПК КСС);0.048;0.772;;27.06.2024;13.01.2026;;
ПКНФ-000025;13.01.2026;Прокладка (паронит) 50;Полиэтелен, корсис, прагма, НПВХ (ПК КСС);9;88.994;;;13.01.2026;;
ПКНФ-000025;13.01.2026;Футорка ник. латун. 1/2х 1/4;Арматура (ПК КСС);1;45;;;13.01.2026;;
ПКНФ-000025;13.01.2026;Шайба плоская оц.М16  DIN 125;Оцинкованные метизы (ПК КСС);0.096;1.689;;27.06.2024;13.01.2026;;
ПКНФ-000010;13.01.2026;Клемма двухуровневая винтовой зажим 4 точки подключения 2.5кв.мм сер.;Электротовары КСС ШУ;38;602;;;13.01.2026;;
ПКНФ-000010;13.01.2026;Кабель КГ-ХЛ 4х1,5;Электротовары КСС ШУ;12;270;15.01.2026;15.01.2026;13.01.2026;;
ПКНФ-000010;13.01.2026;Частотный преобразователь ESQ-230-4T-22K 22кВт, 380В;Электротовары КСС ШУ;3;0;;27.01.2026;13.01.2026;;
ПКНФ-000010;13.01.2026;Светильник светодиодный 12W 6500К 800Лм IP54 200-240V;Электротовары КСС ШУ;3;0;15.01.2026;15.01.2026;13.01.2026;;
ПКНФ-000010;13.01.2026;Кабель-канал перфорированный 80х60 L2000 RL6 G DKC 01139RL;Электротовары КСС ШУ;1;0;;19.02.2025;13.01.2026;;
ПКНФ-000010;13.01.2026;Коробка монтажная ОП 100х100х50 с 6 вводами;Электротовары КСС ШУ;1;3;15.01.2026;15.01.2026;13.01.2026;;
ПКНФ-000010;13.01.2026;Щит настен. 12 мод. (200х255х97) IP41 белый (ЩРН-П-12)/GENERICA;Электротовары КСС ШУ;1;6;15.01.2026;15.01.2026;13.01.2026;;
ПКНФ-000010;13.01.2026;Коробка распределительная ОП безгалогенная (HF) 70х70х40 IP55 Промрукав 40-0200;Электротовары КСС ШУ;3;42;15.01.2026;15.01.2026;13.01.2026;;
ПКНФ-000010;13.01.2026;Кабель-канал перфорированный 40х60 L2000 RL6 G DKC 01163RL;Электротовары КСС ШУ;2.5;50;;;13.01.2026;;
ПКНФ-000010;13.01.2026;Матрица светодиодная AD16-22HS крас. EKF ledm-ad16-r;Электротовары КСС ШУ;2;4;;;13.01.2026;;
ПКНФ-000010;13.01.2026;Матрица светодиодная AD16-22HS 230В AC IP65 зел. PROxima EKF ledm-ad16-g-65;Электротовары КСС ШУ;2;167;;;13.01.2026;;
ПКНФ-000010;13.01.2026;Провод ПУГВнг(А)-LS 1х0,5 С;Электротовары КСС ШУ;38;1511;;;13.01.2026;;
ПКНФ-000010;13.01.2026;Наконечник штыревой втулочный изол. НШвИ(2) 0.5-8 (уп.50шт);Электротовары КСС ШУ;134;3440;;;13.01.2026;;
ПКНФ-000010;13.01.2026;Знак ""Земля"" круглый d20мм EKF an-1-04;Электротовары КСС ШУ;2;0;;;13.01.2026;;
ПКНФ-000010;13.01.2026;Наконечник кольцевой изол. НКИ 1.5-6 (уп.50шт);Электротовары КСС ШУ;12;0;;;13.01.2026;;
ПКНФ-000010;13.01.2026;Выключатель автоматический модульный 3п C 6А 4.5кА ВА 47-63;Электротовары КСС ШУ;2;73;;;13.01.2026;;
ПКНФ-000010;13.01.2026;Трубка термоусадочная ТТУ нг-LS 2/1 красн. 1м IEK UDRS-D2-1-K04;Электротовары КСС ШУ;1;82.75;;;13.01.2026;;
ПКНФ-000010;13.01.2026;Трубка термоусадочная ТТУ нг-LS 2/1 желт. 1м IEK UDRS-D2-1-K05;Электротовары КСС ШУ;1.5;75.5;;;13.01.2026;;
ПКНФ-000010;13.01.2026;Трубка термоусадочная ТТУ нг-LS 2/1 зел. 1м IEK UDRS-D2-1-K06;Электротовары КСС ШУ;1;172.75;;;13.01.2026;;
ПКНФ-000010;13.01.2026;Ограничитель на DIN-рейку 1 винт HDW-211;Электротовары КСС ШУ;30;0;;;13.01.2026;;
ПКНФ-000010;13.01.2026;Выключатель автоматический модульный 1п C 6А 4.5кА ВА 47-63;Электротовары КСС ШУ;4;140;;;13.01.2026;;
ПКНФ-000010;13.01.2026;Кабель-канал перфорированный 25х40 L2000 RL6 G DKC 01163RL;Электротовары КСС ШУ;1.5;21.25;;;13.01.2026;;
ПКНФ-000010;13.01.2026;Механизм блокировки для КМЭ (09А-32А);Электротовары КСС ШУ;2;71;;;13.01.2026;;
ПКНФ-000010;13.01.2026;Переключатель BG33 3P 2NO с замком (не возврат.);Электротовары КСС ШУ;1;41;;;13.01.2026;;
ПКНФ-000010;13.01.2026;Переключатель BD21 2P короткая ручка NO IP65 PROxima EKF xb2-bd21-65;Электротовары КСС ШУ;2;0;;;13.01.2026;;
ПКНФ-000010;13.01.2026;Оповещатель светозвуковой ED16-22BMS 230В;Электротовары КСС ШУ;1;108;;;13.01.2026;;
ПКНФ-000010;13.01.2026;Панель оператора PRO-Screen 7 EKF RSC-7;Электротовары КСС ШУ;1;12;;;13.01.2026;;
ПКНФ-000010;13.01.2026;Держатель маркировки LH 20х25мм;Электротовары КСС ШУ;16;384;;;13.01.2026;;
ПКНФ-000010;13.01.2026;Символ ""Молния"" (треугольник) 50х50х50мм;Электротовары КСС ШУ;1;50;;;13.01.2026;;
ПКНФ-000010;13.01.2026;Контактор КМЭ 9А кат. 220В AC 1НЗ;Электротовары КСС ШУ;4;44;;;13.01.2026;;
ПКНФ-000010;13.01.2026;Кнопка BA21 черн. NO;Электротовары КСС ШУ;2;92;;;13.01.2026;;
ПКНФ-000010;13.01.2026;Резистор углеродистый CF-50 (C1-4) 0.5 Вт, 4,7 кОм, 5%;Электротовары КСС ШУ;36;1692;;;13.01.2026;;
ПКНФ-000010;13.01.2026;Кабель гибкий КГ 4х1,5;Электротовары КСС ШУ;10;12;15.01.2026;15.01.2026;13.01.2026;;
ПКНФ-000010;13.01.2026;Кабель КГВВнг(А) 3х0,75;Электротовары КСС ШУ;16;275;15.01.2026;15.01.2026;13.01.2026;;
ПКНФ-000010;13.01.2026;Розетка 1-м ОП Эра Эксперт 11-2401-01 16А IP54 16AX 250В 2P+E бел. Эра Б0020712;Электротовары КСС ШУ;1;4;15.01.2026;15.01.2026;13.01.2026;;
ПКНФ-000010;13.01.2026;Держатель для труб d20 мм;Электротовары КСС ШУ;100;1150;15.01.2026;15.01.2026;13.01.2026;;
ПКНФ-000010;13.01.2026;Саморез 4.2х25 металл-металл с прессшайбой сверло цинк (уп.200шт);Электротовары КСС ШУ;10;512;;;13.01.2026;;
ПКНФ-000010;13.01.2026;Переключатель BG33 3P 2NO короткая ручка;Электротовары КСС ШУ;2;0;;;13.01.2026;;
ПКНФ-000010;13.01.2026;Шайба гроверная оц.М6 DIN 127;Оцинкованные метизы (ПК КСС);0.002;0;;22.01.2026;13.01.2026;;
ПКНФ-000010;13.01.2026;Труба гофрированная d20 ПВХ серая с зондом н/г легкая;Электротовары КСС ШУ;50;350;15.01.2026;15.01.2026;13.01.2026;;
ПКНФ-000010;13.01.2026;Кнопка ""Грибок"" BS542 NC поворотн. красн.;Электротовары КСС ШУ;1;76;;;13.01.2026;;
ПКНФ-000010;13.01.2026;Выключатель автоматический для защиты двигателя 40-63А NS2-80B (R) CHINT 495088;Электротовары КСС ШУ;3;5;;;13.01.2026;;
ПКНФ-000010;13.01.2026;Контакт дополнительный NS2-AU11 для NS2-80B (длинный шток) (R) CHINT 495972;Электротовары КСС ШУ;3;12;;09.02.2026;13.01.2026;;
ПКНФ-000010;13.01.2026;Кабель КГВВнг(А)-LS 4х10;Электротовары КСС ШУ;20;35;15.01.2026;15.01.2026;13.01.2026;;
ПКНФ-000010;13.01.2026;Кабель КГВВнг(А) 3х1,5;Электротовары КСС ШУ;8;100;15.01.2026;15.01.2026;13.01.2026;;
ПКНФ-000010;13.01.2026;Выключатель автоматический для защиты двигателя 1.6-2.5А NS2-25 (R) CHINT;Электротовары КСС ШУ;2;0;;;13.01.2026;;
ПКНФ-000010;13.01.2026;Контакт дополнительный поперечный NS2-AE11 (R) CHINT 495968;Электротовары КСС ШУ;3;51;;;13.01.2026;;
ПКНФ-000010;13.01.2026;Рубильник 3п 80А с рукояткой управления для прямой установки;Электротовары КСС ШУ;2;11;;;13.01.2026;;
ПКНФ-000010;13.01.2026;Сальник PG 36 диаметр проводника 22-32 мм IP54;Электротовары КСС ШУ;2;18;;;13.01.2026;;
ПКНФ-000010;13.01.2026;Термостат NO (охлаждение) на DIN-рейку 10А 230В IP20;Электротовары КСС ШУ;1;23;;;13.01.2026;;
ПКНФ-000010;13.01.2026;Колодка клеммная JXB-2.5/35 серая;Электротовары КСС ШУ;13;0;;;13.01.2026;;
ПКНФ-000010;13.01.2026;Заглушка для JXB-2,5/35 серая;Электротовары КСС ШУ;3;0;;;13.01.2026;;
ПКНФ-000010;13.01.2026;Провод ПуГВнг(А)-LS 1х1,5 Б;Электротовары КСС ШУ;16;186;;;13.01.2026;;
ПКНФ-000010;13.01.2026;Сальник PG 29 (d проводника 18-24мм, D резьбовой 36мм) IP54;Электротовары КСС ШУ;2;0;;;13.01.2026;;
ПКНФ-000010;13.01.2026;Колодка клеммная JXB-2.5/35 синяя;Электротовары КСС ШУ;2;90;;;13.01.2026;;
ПКНФ-000010;13.01.2026;Механизм блокировки для КМЭ (40А-95А);Электротовары КСС ШУ;1;107;;;13.01.2026;;
ПКНФ-000010;13.01.2026;Приставка контактная ПКЭ-11 доп. контакы 1з+1р;Электротовары КСС ШУ;4;79;;;13.01.2026;;
ПКНФ-000010;13.01.2026;Колодка клеммная JXB-16/35 серая;Электротовары КСС ШУ;6;0;;;13.01.2026;;
ПКНФ-000010;13.01.2026;Кабель КПСЭнг(А)-FRLS 1х2х0.5;Электротовары КСС ШУ;240;3120;15.01.2026;15.01.2026;13.01.2026;;
ПКНФ-000010;13.01.2026;Изолятор торцевой для клемм KRUKB-3-5 DKC D-KRUKB-3-5;Электротовары КСС ШУ;6;213;;;13.01.2026;;
ПКНФ-000010;13.01.2026;Сальник PG 9;Электротовары КСС ШУ;38;955;;;13.01.2026;;
ПКНФ-000010;13.01.2026;Наконечник штыревой втулочный изол. НШвИ 16.0-12 (уп.50шт);Электротовары КСС ШУ;12;922;;;13.01.2026;;
ПКНФ-000010;13.01.2026;Наконечник штыревой втулочный изол. НШвИ(2) 16.0-14 (уп.50шт);Электротовары КСС ШУ;5;287;;;13.01.2026;;
ПКНФ-000010;13.01.2026;Хомут 2,5х150 нейл. (уп.100 шт);Электротовары КСС ШУ;100;0;;;13.01.2026;;
ПКНФ-000010;13.01.2026;Трубка термоус. ТУТ (HF)-4/2, красн. (уп.100м);Электротовары КСС ШУ;1.5;54.5;;;13.01.2026;;
ПКНФ-000010;13.01.2026;Трубка термоус. ТУТ (HF)-4/2, зел. (уп.100м);Электротовары КСС ШУ;1.5;54.3;;;13.01.2026;;
ПКНФ-000010;13.01.2026;Трубка термоус. ТУТ (HF)-4/2, желт. (уп.100м);Электротовары КСС ШУ;1.5;79;;;13.01.2026;;
ПКНФ-000010;13.01.2026;Трубка термоус. ТУТ (HF)-16/8, красн. (уп.50м);Электротовары КСС ШУ;1;37;;;13.01.2026;;
ПКНФ-000010;13.01.2026;Колодка клеммная JXB-16/35 син.;Электротовары КСС ШУ;2;87;;06.12.2024;13.01.2026;;
ПКНФ-000010;13.01.2026;Колодка клеммная ЕК-35/125 JXB земля;Электротовары КСС ШУ;2;41;;19.02.2025;13.01.2026;;
ПКНФ-000010;13.01.2026;Контактор КМЭ 65А 220В NO+NC;Электротовары КСС ШУ;2;1;;;13.01.2026;;
ПКНФ-000010;13.01.2026;Наконечник кабельный ТМЛ(DIN) 16-8;Электротовары КСС ШУ;24;13;;;13.01.2026;;
ПКНФ-000010;13.01.2026;Реле контроля наличия и чередования фаз CKF-318-1;Электротовары КСС ШУ;2;46;;;13.01.2026;;
ПКНФ-000010;13.01.2026;Наконечник штыревой втулочный изол. НШвИ 0.5-8 (уп.50шт);Электротовары КСС ШУ;268;15573;;;13.01.2026;;
ПКНФ-000010;13.01.2026;Наконечник штыревой втулочный изол. НШвИ 1.5-8 (уп.50шт);Электротовары КСС ШУ;32;2294;;;13.01.2026;;
ПКНФ-000010;13.01.2026;Саморез 4.2х13 металл-металл с прессшайбой сверло цинк (уп.200шт);Электротовары КСС ШУ;42;782.91;;;13.01.2026;;
ПКНФ-000010;13.01.2026;Маркер для кабеля 0.5-1.5мм символ ""1"" (уп.200шт) ДКС;Электротовары КСС ШУ;52;9505;;;13.01.2026;;
ПКНФ-000010;13.01.2026;Маркер для кабеля 0.5-1.5мм символ ""2"" (уп.200шт) ДКС;Электротовары КСС ШУ;68;4987;;;13.01.2026;;
ПКНФ-000010;13.01.2026;Маркер для кабеля 0.5-1.5мм символ ""3"" (уп.200шт) ДКС;Электротовары КСС ШУ;69;5201;;;13.01.2026;;
ПКНФ-000010;13.01.2026;Маркер для JXB с нумерацией 1-50 (уп.100шт);Электротовары КСС ШУ;200;10797;;;13.01.2026;;
ПКНФ-000010;13.01.2026;MES 140.80.40 RAL3020, Шкаф компактный распределительный;Корпусы для ШУ;1;0;;10.02.2026;13.01.2026;;
ПКНФ-000010;13.01.2026;Сальник PG 16 10-14мм IP54;Электротовары КСС ШУ;3;202;;;13.01.2026;;
ПКНФ-000010;13.01.2026;Вентилятор с фильтром 52 м3/ч 124х124 мм;Электротовары КСС ШУ;1;12;;12.10.2025;13.01.2026;;
ПКНФ-000010;13.01.2026;Решетка вентиляционная с фильтром 124x124мм IP54;Электротовары КСС ШУ;1;6;;12.10.2025;13.01.2026;;
ПКНФ-000010;13.01.2026;HDR-60-24 MW (AC/DC ПРЕОБРАЗОВАТЕЛИ) 24B,2.5A,60Вт;Электротовары КСС ШУ;1;29;;;13.01.2026;;
ПКНФ-000010;13.01.2026;Болт оцинк. М6х20 DIN 933;Оцинкованные метизы (ПК КСС);0.002;0.065;;;13.01.2026;;
ПКНФ-000010;13.01.2026;Гайка оцинк. DIN 934 М6;Оцинкованные метизы (ПК КСС);0.002;0;;04.03.2025;13.01.2026;;
ПКНФ-000010;13.01.2026;Колодка клеммная ЕК-2.5/25 JXB земля;Электротовары КСС ШУ;3;92;;08.06.2024;13.01.2026;;
ПКНФ-000010;13.01.2026;Лампа AD-22DS(LED) матрица d22мм желтый 230В;Электротовары КСС ШУ;2;143;;;13.01.2026;;
ПКНФ-000010;13.01.2026;Маркер для кабеля 0.5-1.5мм символ ""0"" (уп.200шт) ДКС;Электротовары КСС ШУ;79;6900;;;13.01.2026;;
ПКНФ-000010;13.01.2026;Маркер для кабеля 0.5-1.5мм символ ""4"" (уп.200шт) ДКС;Электротовары КСС ШУ;58;1236;;;13.01.2026;;
ПКНФ-000010;13.01.2026;Маркер для кабеля 0.5-1.5мм символ ""5"" (уп.200шт) ДКС;Электротовары КСС ШУ;54;6023;;;13.01.2026;;
ПКНФ-000010;13.01.2026;Маркер для кабеля 0.5-1.5мм символ ""6"" (уп.200шт) ДКС;Электротовары КСС ШУ;47;5909;;;13.01.2026;;
ПКНФ-000010;13.01.2026;Маркер для кабеля 0.5-1.5мм символ ""7"" (уп.200шт) ДКС;Электротовары КСС ШУ;56;1957;;;13.01.2026;;
ПКНФ-000010;13.01.2026;Маркер для кабеля 0.5-1.5мм символ ""8"" (уп.200шт) ДКС;Электротовары КСС ШУ;67;1323;;;13.01.2026;;
ПКНФ-000010;13.01.2026;Маркер для кабеля 0.5-1.5мм символ ""9"" (уп.200шт) ДКС;Электротовары КСС ШУ;68;1239;;;13.01.2026;;
ПКНФ-000010;13.01.2026;Маркер для JXB с нумерацией 1-10 (уп.100шт);Электротовары КСС ШУ;200;5701;;;13.01.2026;;
ПКНФ-000010;13.01.2026;Модуль расширения дискретного ввода/вывода ПРМ-24.1;Электротовары КСС ШУ;1;14;;;13.01.2026;;
ПКНФ-000010;13.01.2026;Наконечник штыревой НШВИ 10-12 КВТ;Электротовары КСС ШУ;42;0;;25.08.2025;13.01.2026;;
ПКНФ-000010;13.01.2026;Наконечник штыревой втулочный изол. НШвИ(2) 2.5-10 (уп.50шт);Электротовары КСС ШУ;12;2691;;;13.01.2026;;
ПКНФ-000010;13.01.2026;Провод ПУГВнг(А)-LS 1х0,5 Б;Электротовары КСС ШУ;215;3808;;;13.01.2026;;
ПКНФ-000010;13.01.2026;Провод ПУГВнг(А)-LS 1х0,5 К;Электротовары КСС ШУ;30;1494;;;13.01.2026;;
ПКНФ-000010;13.01.2026;Провод ПУГВнг(А)-LS 1х0,5 Ч;Электротовары КСС ШУ;34;1402;;;13.01.2026;;
ПКНФ-000010;13.01.2026;Провод ПУГВнг(А)-LS 1х1,5 ж/з;Электротовары КСС ШУ;1.5;516.8;;;13.01.2026;;
ПКНФ-000010;13.01.2026;Провод ПУГВнг(А)-LS 1х10 Б;Электротовары КСС ШУ;20;0;;;13.01.2026;;
ПКНФ-000010;13.01.2026;Провод ПуГВнг(А)-LS 1х16 Б;Электротовары КСС ШУ;12;0;;;13.01.2026;;
ПКНФ-000010;13.01.2026;Провод ПУГВнг(А)-LS 1х2,5 Б;Электротовары КСС ШУ;3.5;341.5;;;13.01.2026;;
ПКНФ-000010;13.01.2026;Провод ПУГВнг(А)-LS 1х2,5 С;Электротовары КСС ШУ;7;231;;;13.01.2026;;
ПКНФ-000010;13.01.2026;Программируемое реле ПР102-24.2416.03.2;Электротовары КСС ШУ;2;6;;03.02.2026;13.01.2026;;
ПКНФ-000010;13.01.2026;Блок распределительный КРОСС крепеж на панель и DIN КБР-160А;Электротовары КСС ШУ;5;66;;;13.01.2026;;
ПКНФ-000010;13.01.2026;Реле RFT2CO730LT, 2CO, 8A(250VAC/30VDC), 230VAC, LED, мех. инд., тест-кнопка;Электротовары КСС ШУ;11;71;;;13.01.2026;;
ПКНФ-000010;13.01.2026;Спираль монтажная СМ-06-04 (10м);Электротовары КСС ШУ;0.2;5.241;;;13.01.2026;;
ПКНФ-000010;13.01.2026;Термоусаживаемая трубка ТУТнг 25/12,5 желтая (50 м/ролл) TDM;Электротовары КСС ШУ;0.5;46.5;;;13.01.2026;;
ПКНФ-000010;13.01.2026;Термоусаживаемая трубка ТУТнг 25/12,5 зеленая (50 м/ролл) TDM;Электротовары КСС ШУ;0.5;46.5;;;13.01.2026;;
ПКНФ-000010;13.01.2026;Термоусаживаемая трубка ТУТнг 25/12,5 красная (50 м/ролл) TDM;Электротовары КСС ШУ;0.5;46.5;;;13.01.2026;;
ПКНФ-000010;13.01.2026;Трубка термоус. ТУТ (HF)-16/8, желт. (уп.50м) (КВТ);Электротовары КСС ШУ;1;37;;;13.01.2026;;
ПКНФ-000010;13.01.2026;Трубка термоус. ТУТ (HF)-16/8, зел. (уп.50м) КВТ;Электротовары КСС ШУ;1;87;;;13.01.2026;;
ПКНФ-000010;13.01.2026;Цоколь SRU08-E, 10A(300V), черный, на рейку DIN35/панель, для RFT2CO;Электротовары КСС ШУ;11;0;;;13.01.2026;;
ПКНФ-000010;13.01.2026;Выключатель 1-м ОП IP54 (белый) ГЕРМЕС PLUS/ИЭК;Электротовары КСС ШУ;1;3;15.01.2026;15.01.2026;13.01.2026;;
ПКНФ-000010;13.01.2026;Наконечник штыревой втулочный изол. НШвИ 2.5-8 (уп.50шт);Электротовары КСС ШУ;10;4221;;25.08.2025;13.01.2026;;
ПКНФ-000010;13.01.2026;Шайба плоская оц. М6 DIN 125;Оцинкованные метизы (ПК КСС);0.002;0.138;;25.08.2025;13.01.2026;;
ПКНФ-000010;13.01.2026;Наконечник НШвИ(2) 1.5-8 (уп.50шт);Электротовары КСС ШУ;34;4909;;;13.01.2026;;
ПКНФ-000011;13.01.2026;Клемма двухуровневая винтовой зажим 4 точки подключения 2.5кв.мм сер.;Электротовары КСС ШУ;38;602;;;13.01.2026;;
ПКНФ-000011;13.01.2026;Устройство плавного пуска INSTART SBIM-30/60-04 30кВт 380В;Электротовары КСС ШУ;2;0;;27.01.2026;13.01.2026;;
ПКНФ-000011;13.01.2026;Кабель-канал перфорированный 80х60 L2000 RL6 G DKC 01139RL;Электротовары КСС ШУ;1;0;;19.02.2025;13.01.2026;;
ПКНФ-000011;13.01.2026;Модуль расширения дискретного ввода/вывода ПРМ-24.6;Электротовары КСС ШУ;1;5;;03.02.2026;13.01.2026;;
ПКНФ-000011;13.01.2026;Кабель-канал перфорированный 40х60 L2000 RL6 G DKC 01163RL;Электротовары КСС ШУ;2.5;50;;;13.01.2026;;
ПКНФ-000011;13.01.2026;Матрица светодиодная AD16-22HS крас. EKF ledm-ad16-r;Электротовары КСС ШУ;2;4;;;13.01.2026;;
ПКНФ-000011;13.01.2026;Матрица светодиодная AD16-22HS 230В AC IP65 зел. PROxima EKF ledm-ad16-g-65;Электротовары КСС ШУ;2;167;;;13.01.2026;;
ПКНФ-000011;13.01.2026;Провод ПУГВнг(А)-LS 1х0,5 С;Электротовары КСС ШУ;38;1511;;;13.01.2026;;
ПКНФ-000011;13.01.2026;Наконечник штыревой втулочный изол. НШвИ(2) 0.5-8 (уп.50шт);Электротовары КСС ШУ;134;3440;;;13.01.2026;;
ПКНФ-000011;13.01.2026;Знак ""Земля"" круглый d20мм EKF an-1-04;Электротовары КСС ШУ;2;0;;;13.01.2026;;
ПКНФ-000011;13.01.2026;Наконечник кольцевой изол. НКИ 1.5-6 (уп.50шт);Электротовары КСС ШУ;12;0;;;13.01.2026;;
ПКНФ-000011;13.01.2026;Выключатель автоматический модульный 3п C 6А 4.5кА ВА 47-63;Электротовары КСС ШУ;2;73;;;13.01.2026;;
ПКНФ-000011;13.01.2026;Трубка термоусадочная ТТУ нг-LS 2/1 красн. 1м IEK UDRS-D2-1-K04;Электротовары КСС ШУ;1;82.75;;;13.01.2026;;
ПКНФ-000011;13.01.2026;Трубка термоусадочная ТТУ нг-LS 2/1 желт. 1м IEK UDRS-D2-1-K05;Электротовары КСС ШУ;1.5;75.5;;;13.01.2026;;
ПКНФ-000011;13.01.2026;Трубка термоусадочная ТТУ нг-LS 2/1 зел. 1м IEK UDRS-D2-1-K06;Электротовары КСС ШУ;1;172.75;;;13.01.2026;;
ПКНФ-000011;13.01.2026;Ограничитель на DIN-рейку 1 винт HDW-211;Электротовары КСС ШУ;30;0;;;13.01.2026;;
ПКНФ-000011;13.01.2026;Выключатель автоматический модульный 1п C 6А 4.5кА ВА 47-63;Электротовары КСС ШУ;3;140;;;13.01.2026;;
ПКНФ-000011;13.01.2026;Кабель-канал перфорированный 25х40 L2000 RL6 G DKC 01163RL;Электротовары КСС ШУ;1.5;21.25;;;13.01.2026;;
ПКНФ-000011;13.01.2026;Механизм блокировки для КМЭ (09А-32А);Электротовары КСС ШУ;2;71;;;13.01.2026;;
ПКНФ-000011;13.01.2026;Переключатель BG33 3P 2NO с замком (не возврат.);Электротовары КСС ШУ;1;41;;;13.01.2026;;
ПКНФ-000011;13.01.2026;Переключатель BD21 2P короткая ручка NO IP65 PROxima EKF xb2-bd21-65;Электротовары КСС ШУ;2;0;;;13.01.2026;;
ПКНФ-000011;13.01.2026;Оповещатель светозвуковой ED16-22BMS 230В;Электротовары КСС ШУ;1;108;;;13.01.2026;;
ПКНФ-000011;13.01.2026;Панель оператора PRO-Screen 7 EKF RSC-7;Электротовары КСС ШУ;1;12;;;13.01.2026;;
ПКНФ-000011;13.01.2026;Держатель маркировки LH 20х25мм;Электротовары КСС ШУ;16;384;;;13.01.2026;;
ПКНФ-000011;13.01.2026;Символ ""Молния"" (треугольник) 50х50х50мм;Электротовары КСС ШУ;1;50;;;13.01.2026;;
ПКНФ-000011;13.01.2026;Контактор КМЭ 9А кат. 220В AC 1НЗ;Электротовары КСС ШУ;4;44;;;13.01.2026;;
ПКНФ-000011;13.01.2026;Кнопка BA21 черн. NO;Электротовары КСС ШУ;2;92;;;13.01.2026;;
ПКНФ-000011;13.01.2026;Резистор углеродистый CF-50 (C1-4) 0.5 Вт, 4,7 кОм, 5%;Электротовары КСС ШУ;36;1692;;;13.01.2026;;
ПКНФ-000011;13.01.2026;Модуль расширения дискретного ввода/вывода ПРМ-24.2;Электротовары КСС ШУ;1;11;;03.02.2026;13.01.2026;;
ПКНФ-000011;13.01.2026;Саморез 4.2х25 металл-металл с прессшайбой сверло цинк (уп.200шт);Электротовары КСС ШУ;10;512;;;13.01.2026;;
ПКНФ-000011;13.01.2026;Переключатель BG33 3P 2NO короткая ручка;Электротовары КСС ШУ;2;0;;;13.01.2026;;
ПКНФ-000011;13.01.2026;DIN-рейка перфорированная L2000 1мм 35х7,5;Электротовары КСС ШУ;2;8.75;;;13.01.2026;;
ПКНФ-000011;13.01.2026;Шайба гроверная оц.М6 DIN 127;Оцинкованные метизы (ПК КСС);0.001;0;;22.01.2026;13.01.2026;;
ПКНФ-000011;13.01.2026;Кнопка ""Грибок"" BS542 NC поворотн. красн.;Электротовары КСС ШУ;1;76;;;13.01.2026;;
ПКНФ-000011;13.01.2026;Выключатель автоматический для защиты двигателя 40-63А NS2-80B (R) CHINT 495088;Электротовары КСС ШУ;2;5;;;13.01.2026;;
ПКНФ-000011;13.01.2026;Контакт дополнительный NS2-AU11 для NS2-80B (длинный шток) (R) CHINT 495972;Электротовары КСС ШУ;2;12;;09.02.2026;13.01.2026;;
ПКНФ-000011;13.01.2026;Кабель КГВВнг(А)-LS 4х16;Электротовары КСС ШУ;24;155;;;13.01.2026;;
ПКНФ-000011;13.01.2026;Выключатель автоматический для защиты двигателя 1.6-2.5А NS2-25 (R) CHINT;Электротовары КСС ШУ;2;0;;;13.01.2026;;
ПКНФ-000011;13.01.2026;Контакт дополнительный поперечный NS2-AE11 (R) CHINT 495968;Электротовары КСС ШУ;3;51;;;13.01.2026;;
ПКНФ-000011;13.01.2026;Рубильник 3п 80А с рукояткой управления для прямой установки;Электротовары КСС ШУ;2;11;;;13.01.2026;;
ПКНФ-000011;13.01.2026;Термостат NO (охлаждение) на DIN-рейку 10А 230В IP20;Электротовары КСС ШУ;1;23;;;13.01.2026;;
ПКНФ-000011;13.01.2026;Колодка клеммная JXB-2.5/35 серая;Электротовары КСС ШУ;13;0;;;13.01.2026;;
ПКНФ-000011;13.01.2026;Заглушка для JXB-2,5/35 серая;Электротовары КСС ШУ;3;0;;;13.01.2026;;
ПКНФ-000011;13.01.2026;Провод ПуГВнг(А)-LS 1х1,5 Б;Электротовары КСС ШУ;16;186;;;13.01.2026;;
ПКНФ-000011;13.01.2026;Колодка клеммная JXB-35/35 синяя;Электротовары КСС ШУ;2;80;;;13.01.2026;;
ПКНФ-000011;13.01.2026;Сальник PG 29 (d проводника 18-24мм, D резьбовой 36мм) IP54;Электротовары КСС ШУ;2;0;;;13.01.2026;;
ПКНФ-000011;13.01.2026;Колодка клеммная JXB-2.5/35 синяя;Электротовары КСС ШУ;2;90;;;13.01.2026;;
ПКНФ-000011;13.01.2026;Контактор КМЭ 95А 220В/АС3 1НО 1Н3;Электротовары КСС ШУ;2;5;;09.02.2026;13.01.2026;;
ПКНФ-000011;13.01.2026;Механизм блокировки для КМЭ (40А-95А);Электротовары КСС ШУ;1;107;;;13.01.2026;;
ПКНФ-000011;13.01.2026;Приставка контактная ПКЭ-11 доп. контакы 1з+1р;Электротовары КСС ШУ;4;79;;;13.01.2026;;
ПКНФ-000011;13.01.2026;Колодка клеммная JXB-16/35 серая;Электротовары КСС ШУ;6;0;;;13.01.2026;;
ПКНФ-000011;13.01.2026;Кабель КПСЭнг(А)-FRLS 1х2х0.5;Электротовары КСС ШУ;240;3120;15.01.2026;15.01.2026;13.01.2026;;
ПКНФ-000011;13.01.2026;Изолятор торцевой для клемм KRUKB-3-5 DKC D-KRUKB-3-5;Электротовары КСС ШУ;6;213;;;13.01.2026;;
ПКНФ-000011;13.01.2026;Сальник PG 9;Электротовары КСС ШУ;38;955;;;13.01.2026;;
ПКНФ-000011;13.01.2026;Наконечник штыревой втулочный изол. НШвИ 16.0-12 (уп.50шт);Электротовары КСС ШУ;42;922;;;13.01.2026;;
ПКНФ-000011;13.01.2026;Хомут 2,5х150 нейл. (уп.100 шт);Электротовары КСС ШУ;100;0;;;13.01.2026;;
ПКНФ-000011;13.01.2026;Трубка термоус. ТУТ (HF)-4/2, красн. (уп.100м);Электротовары КСС ШУ;1.5;54.5;;;13.01.2026;;
ПКНФ-000011;13.01.2026;Трубка термоус. ТУТ (HF)-4/2, зел. (уп.100м);Электротовары КСС ШУ;1.5;54.3;;;13.01.2026;;
ПКНФ-000011;13.01.2026;Трубка термоус. ТУТ (HF)-4/2, желт. (уп.100м);Электротовары КСС ШУ;1.5;79;;;13.01.2026;;
ПКНФ-000011;13.01.2026;Сальник PG 42 32-38мм IP54;Электротовары КСС ШУ;2;63;;;13.01.2026;;
ПКНФ-000011;13.01.2026;Колодка клеммная ЕК-35/125 JXB земля;Электротовары КСС ШУ;2;41;;19.02.2025;13.01.2026;;
ПКНФ-000011;13.01.2026;Реле контроля наличия и чередования фаз CKF-318-1;Электротовары КСС ШУ;2;46;;;13.01.2026;;
ПКНФ-000011;13.01.2026;Наконечник штыревой втулочный изол. НШвИ 0.5-8 (уп.50шт);Электротовары КСС ШУ;268;15573;;;13.01.2026;;
ПКНФ-000011;13.01.2026;Наконечник штыревой втулочный изол. НШвИ 1.5-8 (уп.50шт);Электротовары КСС ШУ;32;2294;;;13.01.2026;;
ПКНФ-000011;13.01.2026;Наконечник штыревой втулочный изол. НШвИ 25.0-16 (уп.50шт);Электротовары КСС ШУ;5;930;;;13.01.2026;;
ПКНФ-000011;13.01.2026;Саморез 4.2х13 металл-металл с прессшайбой сверло цинк (уп.200шт);Электротовары КСС ШУ;42;782.91;;;13.01.2026;;
ПКНФ-000011;13.01.2026;Маркер для кабеля 0.5-1.5мм символ ""1"" (уп.200шт) ДКС;Электротовары КСС ШУ;52;9505;;;13.01.2026;;
ПКНФ-000011;13.01.2026;Маркер для кабеля 0.5-1.5мм символ ""2"" (уп.200шт) ДКС;Электротовары КСС ШУ;68;4987;;;13.01.2026;;
ПКНФ-000011;13.01.2026;Маркер для кабеля 0.5-1.5мм символ ""3"" (уп.200шт) ДКС;Электротовары КСС ШУ;69;5201;;;13.01.2026;;
ПКНФ-000011;13.01.2026;Маркер для JXB с нумерацией 1-50 (уп.100шт);Электротовары КСС ШУ;200;10797;;;13.01.2026;;
ПКНФ-000011;13.01.2026;MES 140.80.40 RAL3020, Шкаф компактный распределительный;Корпусы для ШУ;1;0;;10.02.2026;13.01.2026;;
ПКНФ-000011;13.01.2026;Сальник PG 16 10-14мм IP54;Электротовары КСС ШУ;2;202;;;13.01.2026;;
ПКНФ-000011;13.01.2026;Вентилятор с фильтром 52 м3/ч 124х124 мм;Электротовары КСС ШУ;1;12;;12.10.2025;13.01.2026;;
ПКНФ-000011;13.01.2026;Решетка вентиляционная с фильтром 124x124мм IP54;Электротовары КСС ШУ;1;6;;12.10.2025;13.01.2026;;
ПКНФ-000011;13.01.2026;HDR-60-24 MW (AC/DC ПРЕОБРАЗОВАТЕЛИ) 24B,2.5A,60Вт;Электротовары КСС ШУ;1;29;;;13.01.2026;;
ПКНФ-000011;13.01.2026;Болт оцинк. М6х20 DIN 933;Оцинкованные метизы (ПК КСС);0.001;0.065;;;13.01.2026;;
ПКНФ-000011;13.01.2026;Гайка оцинк. DIN 934 М6;Оцинкованные метизы (ПК КСС);0.001;0;;04.03.2025;13.01.2026;;
ПКНФ-000011;13.01.2026;ID 140.80, Дверь внутренняя для компактных шкафов;Корпусы для ШУ;1;2;18.04.2024;;13.01.2026;;
ПКНФ-000011;13.01.2026;Колодка клеммная ЕК-2.5/25 JXB земля;Электротовары КСС ШУ;3;92;;08.06.2024;13.01.2026;;
ПКНФ-000011;13.01.2026;Лампа AD-22DS(LED) матрица d22мм желтый 230В;Электротовары КСС ШУ;2;143;;;13.01.2026;;
ПКНФ-000011;13.01.2026;Маркер для кабеля 0.5-1.5мм символ ""0"" (уп.200шт) ДКС;Электротовары КСС ШУ;79;6900;;;13.01.2026;;
ПКНФ-000011;13.01.2026;Маркер для кабеля 0.5-1.5мм символ ""4"" (уп.200шт) ДКС;Электротовары КСС ШУ;58;1236;;;13.01.2026;;
ПКНФ-000011;13.01.2026;Маркер для кабеля 0.5-1.5мм символ ""5"" (уп.200шт) ДКС;Электротовары КСС ШУ;54;6023;;;13.01.2026;;
ПКНФ-000011;13.01.2026;Маркер для кабеля 0.5-1.5мм символ ""6"" (уп.200шт) ДКС;Электротовары КСС ШУ;47;5909;;;13.01.2026;;
ПКНФ-000011;13.01.2026;Маркер для кабеля 0.5-1.5мм символ ""7"" (уп.200шт) ДКС;Электротовары КСС ШУ;56;1957;;;13.01.2026;;
ПКНФ-000011;13.01.2026;Маркер для кабеля 0.5-1.5мм символ ""8"" (уп.200шт) ДКС;Электротовары КСС ШУ;67;1323;;;13.01.2026;;
ПКНФ-000011;13.01.2026;Маркер для кабеля 0.5-1.5мм символ ""9"" (уп.200шт) ДКС;Электротовары КСС ШУ;68;1239;;;13.01.2026;;
ПКНФ-000011;13.01.2026;Маркер для JXB с нумерацией 1-10 (уп.100шт);Электротовары КСС ШУ;200;5701;;;13.01.2026;;
ПКНФ-000011;13.01.2026;Наконечник штыревой втулочный изол. НШвИ(2) 2.5-10 (уп.50шт);Электротовары КСС ШУ;12;2691;;;13.01.2026;;
ПКНФ-000011;13.01.2026;Провод ПУГВнг(А)-LS 1х0,5 Б;Электротовары КСС ШУ;215;3808;;;13.01.2026;;
ПКНФ-000011;13.01.2026;Провод ПУГВнг(А)-LS 1х0,5 К;Электротовары КСС ШУ;30;1494;;;13.01.2026;;
ПКНФ-000011;13.01.2026;Провод ПУГВнг(А)-LS 1х0,5 Ч;Электротовары КСС ШУ;34;1402;;;13.01.2026;;
ПКНФ-000011;13.01.2026;Провод ПУГВнг(А)-LS 1х1,5 ж/з;Электротовары КСС ШУ;1.5;516.8;;;13.01.2026;;
ПКНФ-000011;13.01.2026;Провод ПуГВнг(А)-LS 1х16 Б;Электротовары КСС ШУ;20;0;;;13.01.2026;;
ПКНФ-000011;13.01.2026;Провод ПУГВнг(А)-LS 1х2,5 С;Электротовары КСС ШУ;7;231;;;13.01.2026;;
ПКНФ-000011;13.01.2026;Провод ПУГВнг(А)-LS 1х25 Б;Электротовары КСС ШУ;12;118;;;13.01.2026;;
ПКНФ-000011;13.01.2026;Программируемое реле ПР102-24.2416.03.2;Электротовары КСС ШУ;1;6;;03.02.2026;13.01.2026;;
ПКНФ-000011;13.01.2026;Блок распределительный КРОСС крепеж на панель и DIN КБР-160А;Электротовары КСС ШУ;4;66;;;13.01.2026;;
ПКНФ-000011;13.01.2026;Реле RFT2CO730LT, 2CO, 8A(250VAC/30VDC), 230VAC, LED, мех. инд., тест-кнопка;Электротовары КСС ШУ;11;71;;;13.01.2026;;
ПКНФ-000011;13.01.2026;Спираль монтажная СМ-06-04 (10м);Электротовары КСС ШУ;0.2;5.241;;;13.01.2026;;
ПКНФ-000011;13.01.2026;Термоусаживаемая трубка ТУТнг 25/12,5 желтая (50 м/ролл) TDM;Электротовары КСС ШУ;2;46.5;;;13.01.2026;;
ПКНФ-000011;13.01.2026;Термоусаживаемая трубка ТУТнг 25/12,5 зеленая (50 м/ролл) TDM;Электротовары КСС ШУ;2;46.5;;;13.01.2026;;
ПКНФ-000011;13.01.2026;Термоусаживаемая трубка ТУТнг 25/12,5 красная (50 м/ролл) TDM;Электротовары КСС ШУ;2;46.5;;;13.01.2026;;
ПКНФ-000011;13.01.2026;Цоколь SRU08-E, 10A(300V), черный, на рейку DIN35/панель, для RFT2CO;Электротовары КСС ШУ;11;0;;;13.01.2026;;
ПКНФ-000011;13.01.2026;Наконечник штыревой втулочный изол. НШвИ 2.5-8 (уп.50шт);Электротовары КСС ШУ;10;4221;;25.08.2025;13.01.2026;;
ПКНФ-000011;13.01.2026;Шайба плоская оц. М6 DIN 125;Оцинкованные метизы (ПК КСС);0.002;0.138;;25.08.2025;13.01.2026;;
ПКНФ-000011;13.01.2026;Наконечник НШвИ(2) 1.5-8 (уп.50шт);Электротовары КСС ШУ;34;4909;;;13.01.2026;;
ПКНФ-000013;13.01.2026;Частотный преобразователь ESQ-230-4T-7.5K 7.5кВт, 380В;Электротовары КСС ШУ;3;6;27.01.2026;27.01.2026;13.01.2026;;
ПКНФ-000013;13.01.2026;Стяжка нейлоновая КСС 3х120 (б) (100шт);Электротовары КСС ШУ;20;0;;;13.01.2026;;
ПКНФ-000013;13.01.2026;Стяжка нейлоновая КСС 4х200 (б) (100шт);Электротовары КСС ШУ;15;0;;;13.01.2026;;
ПКНФ-000013;13.01.2026;Кабель КГВВнг(А)-LS 4х1.5;Электротовары КСС ШУ;9;270;;;13.01.2026;;
ПКНФ-000013;13.01.2026;Выключатель нагрузки NXHB-125 3P 20А(R) 193180CHINT;Электротовары КСС ШУ;1;5;;16.01.2026;13.01.2026;;
ПКНФ-000013;13.01.2026;Провод ПУГВнг(А)-LS 1х0,5 С;Электротовары КСС ШУ;11;1511;;;13.01.2026;;
ПКНФ-000013;13.01.2026;Наконечник штыревой втулочный изол. НШвИ(2) 0.5-8 (уп.50шт);Электротовары КСС ШУ;20;3440;;;13.01.2026;;
ПКНФ-000013;13.01.2026;Знак ""Земля"" круглый d20мм EKF an-1-04;Электротовары КСС ШУ;2;0;;;13.01.2026;;
ПКНФ-000013;13.01.2026;Наконечник кольцевой изол. НКИ 1.5-6 (уп.50шт);Электротовары КСС ШУ;18;0;;;13.01.2026;;
ПКНФ-000013;13.01.2026;Выключатель автоматический модульный 3п C 6А 4.5кА ВА 47-63;Электротовары КСС ШУ;3;73;;;13.01.2026;;
ПКНФ-000013;13.01.2026;Ограничитель на DIN-рейку 1 винт HDW-211;Электротовары КСС ШУ;24;0;;;13.01.2026;;
ПКНФ-000013;13.01.2026;Выключатель автоматический модульный 1п C 6А 4.5кА ВА 47-63;Электротовары КСС ШУ;2;140;;;13.01.2026;;
ПКНФ-000013;13.01.2026;Кабель-канал перфорированный 25х40 L2000 RL6 G DKC 01163RL;Электротовары КСС ШУ;1.5;21.25;;;13.01.2026;;
ПКНФ-000013;13.01.2026;Символ ""Молния"" (треугольник) 50х50х50мм;Электротовары КСС ШУ;1;50;;;13.01.2026;;
ПКНФ-000013;13.01.2026;DIN-рейка перфорированная L2000 1мм 35х7,5;Электротовары КСС ШУ;0.75;8.75;;;13.01.2026;;
ПКНФ-000013;13.01.2026;Термостат NO (охлаждение) на DIN-рейку 10А 230В IP20;Электротовары КСС ШУ;1;23;;;13.01.2026;;
ПКНФ-000013;13.01.2026;Колодка клеммная JXB-2.5/35 серая;Электротовары КСС ШУ;23;0;;;13.01.2026;;
ПКНФ-000013;13.01.2026;Заглушка для JXB-2,5/35 серая;Электротовары КСС ШУ;4;0;;;13.01.2026;;
ПКНФ-000013;13.01.2026;Провод ПуГВнг(А)-LS 1х1,5 Б;Электротовары КСС ШУ;25;186;;;13.01.2026;;
ПКНФ-000013;13.01.2026;Сальник PG21;Электротовары КСС ШУ;1;521;;;13.01.2026;;
ПКНФ-000013;13.01.2026;Колодка клеммная ЕК-16/80 JXB земля;Электротовары КСС ШУ;1;135;;06.12.2024;13.01.2026;;
ПКНФ-000013;13.01.2026;Крышка защитная на 8 модулей под вырез в шкафу MT-WPC8;Электротовары КСС ШУ;1;7;;;13.01.2026;;
ПКНФ-000013;13.01.2026;Программируемое реле ПР200-24.4.2.0;Электротовары КСС ШУ;1;10;;03.02.2026;13.01.2026;;
ПКНФ-000013;13.01.2026;Сальник PG 9;Электротовары КСС ШУ;7;955;;;13.01.2026;;
ПКНФ-000013;13.01.2026;Трубка термоус. ТУТ (HF)-4/2, красн. (уп.100м);Электротовары КСС ШУ;1.2;54.5;;;13.01.2026;;
ПКНФ-000013;13.01.2026;Трубка термоус. ТУТ (HF)-4/2, зел. (уп.100м);Электротовары КСС ШУ;1.2;54.3;;;13.01.2026;;
ПКНФ-000013;13.01.2026;Трубка термоус. ТУТ (HF)-4/2, желт. (уп.100м);Электротовары КСС ШУ;1.2;79;;;13.01.2026;;
ПКНФ-000013;13.01.2026;Колодка клеммная JXB-16/35 син.;Электротовары КСС ШУ;1;87;;06.12.2024;13.01.2026;;
ПКНФ-000013;13.01.2026;Наконечник штыревой втулочный изол. НШвИ 0.5-8 (уп.50шт);Электротовары КСС ШУ;54;15573;;;13.01.2026;;
ПКНФ-000013;13.01.2026;Наконечник штыревой втулочный изол. НШвИ 1.5-8 (уп.50шт);Электротовары КСС ШУ;58;2294;;;13.01.2026;;
ПКНФ-000013;13.01.2026;Саморез 4.2х13 металл-металл с прессшайбой сверло цинк (уп.200шт);Электротовары КСС ШУ;38;782.91;;;13.01.2026;;
ПКНФ-000013;13.01.2026;Маркер для кабеля 0.5-1.5мм символ ""1"" (уп.200шт) ДКС;Электротовары КСС ШУ;18;9505;;;13.01.2026;;
ПКНФ-000013;13.01.2026;Маркер для кабеля 0.5-1.5мм символ ""2"" (уп.200шт) ДКС;Электротовары КСС ШУ;14;4987;;;13.01.2026;;
ПКНФ-000013;13.01.2026;Маркер для кабеля 0.5-1.5мм символ ""3"" (уп.200шт) ДКС;Электротовары КСС ШУ;6;5201;;;13.01.2026;;
ПКНФ-000013;13.01.2026;Сальник PG 16 10-14мм IP54;Электротовары КСС ШУ;3;202;;;13.01.2026;;
ПКНФ-000013;13.01.2026;Вентилятор с фильтром 52 м3/ч 124х124 мм;Электротовары КСС ШУ;1;12;;12.10.2025;13.01.2026;;
ПКНФ-000013;13.01.2026;Решетка вентиляционная с фильтром 124x124мм IP54;Электротовары КСС ШУ;1;6;;12.10.2025;13.01.2026;;
ПКНФ-000013;13.01.2026;ID 80.60, Дверь внутренняя для шкафов MEV;Корпусы для ШУ;1;1;;;13.01.2026;;
ПКНФ-000013;13.01.2026;MES 80.60.30, Шкаф компактный распределительный 800х600х300;Корпусы для ШУ;1;5;;;13.01.2026;;
ПКНФ-000013;13.01.2026;Кабель-канал перфорированный 15х30 L2000 RL75 G ДКС;Электротовары КСС ШУ;0.3;90;;;13.01.2026;;
ПКНФ-000013;13.01.2026;Колодка клеммная ЕК-2.5/25 JXB земля;Электротовары КСС ШУ;2;92;;08.06.2024;13.01.2026;;
ПКНФ-000013;13.01.2026;Маркер для кабеля 0.5-1.5мм символ ""0"" (уп.200шт) ДКС;Электротовары КСС ШУ;7;6900;;;13.01.2026;;
ПКНФ-000013;13.01.2026;Маркер для кабеля 0.5-1.5мм символ ""4"" (уп.200шт) ДКС;Электротовары КСС ШУ;14;1236;;;13.01.2026;;
ПКНФ-000013;13.01.2026;Маркер для кабеля 0.5-1.5мм символ ""5"" (уп.200шт) ДКС;Электротовары КСС ШУ;6;6023;;;13.01.2026;;
ПКНФ-000013;13.01.2026;Маркер для кабеля 0.5-1.5мм символ ""6"" (уп.200шт) ДКС;Электротовары КСС ШУ;6;5909;;;13.01.2026;;
ПКНФ-000013;13.01.2026;Маркер для кабеля 0.5-1.5мм символ ""7"" (уп.200шт) ДКС;Электротовары КСС ШУ;6;1957;;;13.01.2026;;
ПКНФ-000013;13.01.2026;Маркер для кабеля 0.5-1.5мм символ ""8"" (уп.200шт) ДКС;Электротовары КСС ШУ;4;1323;;;13.01.2026;;
ПКНФ-000013;13.01.2026;Маркер для кабеля 0.5-1.5мм символ ""9"" (уп.200шт) ДКС;Электротовары КСС ШУ;6;1239;;;13.01.2026;;
ПКНФ-000013;13.01.2026;Маркер для JXB с нумерацией 1-10 (уп.100шт);Электротовары КСС ШУ;100;5701;;;13.01.2026;;
ПКНФ-000013;13.01.2026;Наконечник штыревой втулочный изол. НШвИ(2) 2.5-10 (уп.50шт);Электротовары КСС ШУ;18;2691;;;13.01.2026;;
ПКНФ-000013;13.01.2026;Провод ПУГВнг(А)-LS 1х0,5 Б;Электротовары КСС ШУ;33;3808;;;13.01.2026;;
ПКНФ-000013;13.01.2026;Провод ПУГВнг(А)-LS 1х0,5 К;Электротовары КСС ШУ;16;1494;;;13.01.2026;;
ПКНФ-000013;13.01.2026;Провод ПУГВнг(А)-LS 1х0,5 Ч;Электротовары КСС ШУ;16;1402;;;13.01.2026;;
ПКНФ-000013;13.01.2026;Провод ПУГВнг(А)-LS 1х1,5 ж/з;Электротовары КСС ШУ;8;516.8;;;13.01.2026;;
ПКНФ-000013;13.01.2026;Провод ПУГВнг(А)-LS 1х2,5 Б;Электротовары КСС ШУ;9;341.5;;;13.01.2026;;
ПКНФ-000013;13.01.2026;Спираль монтажная СМ-06-04 (10м);Электротовары КСС ШУ;0.1;5.241;;;13.01.2026;;
ПКНФ-000013;13.01.2026;Наконечник штыревой втулочный изол. НШвИ 2.5-8 (уп.50шт);Электротовары КСС ШУ;20;4221;;25.08.2025;13.01.2026;;
ПКНФ-000013;13.01.2026;Провод ШВВП 2х0,75 белый;Электротовары КСС ШУ;7;220;;;13.01.2026;;
ПКНФ-000013;13.01.2026;HDR-30-24 Блок питания, 24В,1.5А,36Вт;Электротовары КСС ШУ;1;16;;;13.01.2026;;
ПКНФ-000013;13.01.2026;Наконечник НШвИ(2) 1.5-8 (уп.50шт);Электротовары КСС ШУ;28;4909;;;13.01.2026;;
ПКНФ-000014;13.01.2026;Контакт вспомогательный для ВА-99С 100/1250А;Электротовары КСС ШУ;2;0;;09.02.2026;13.01.2026;;
ПКНФ-000014;13.01.2026;Клемма двухуровневая винтовой зажим 4 точки подключения 2.5кв.мм сер.;Электротовары КСС ШУ;38;602;;;13.01.2026;;
ПКНФ-000014;13.01.2026;Устройство плавного пуска INSTART SBIM-37/74-04 37кВт 380В;Электротовары КСС ШУ;2;0;;27.01.2026;13.01.2026;;
ПКНФ-000014;13.01.2026;Кабель-канал перфорированный 80х60 L2000 RL6 G DKC 01139RL;Электротовары КСС ШУ;1;0;;19.02.2025;13.01.2026;;
ПКНФ-000014;13.01.2026;Модуль расширения дискретного ввода/вывода ПРМ-24.6;Электротовары КСС ШУ;1;5;;03.02.2026;13.01.2026;;
ПКНФ-000014;13.01.2026;Кабель-канал перфорированный 40х60 L2000 RL6 G DKC 01163RL;Электротовары КСС ШУ;2.5;50;;;13.01.2026;;
ПКНФ-000014;13.01.2026;Матрица светодиодная AD16-22HS крас. EKF ledm-ad16-r;Электротовары КСС ШУ;2;4;;;13.01.2026;;
ПКНФ-000014;13.01.2026;Матрица светодиодная AD16-22HS 230В AC IP65 зел. PROxima EKF ledm-ad16-g-65;Электротовары КСС ШУ;2;167;;;13.01.2026;;
ПКНФ-000014;13.01.2026;Провод ПУГВнг(А)-LS 1х0,5 С;Электротовары КСС ШУ;38;1511;;;13.01.2026;;
ПКНФ-000014;13.01.2026;Наконечник штыревой втулочный изол. НШвИ(2) 0.5-8 (уп.50шт);Электротовары КСС ШУ;134;3440;;;13.01.2026;;
ПКНФ-000014;13.01.2026;Знак ""Земля"" круглый d20мм EKF an-1-04;Электротовары КСС ШУ;2;0;;;13.01.2026;;
ПКНФ-000014;13.01.2026;Наконечник кольцевой изол. НКИ 1.5-6 (уп.50шт);Электротовары КСС ШУ;12;0;;;13.01.2026;;
ПКНФ-000014;13.01.2026;Выключатель автоматический модульный 3п C 6А 4.5кА ВА 47-63;Электротовары КСС ШУ;2;73;;;13.01.2026;;
ПКНФ-000014;13.01.2026;Трубка термоусадочная ТТУ нг-LS 2/1 красн. 1м IEK UDRS-D2-1-K04;Электротовары КСС ШУ;1;82.75;;;13.01.2026;;
ПКНФ-000014;13.01.2026;Трубка термоусадочная ТТУ нг-LS 2/1 желт. 1м IEK UDRS-D2-1-K05;Электротовары КСС ШУ;1.5;75.5;;;13.01.2026;;
ПКНФ-000014;13.01.2026;Трубка термоусадочная ТТУ нг-LS 2/1 зел. 1м IEK UDRS-D2-1-K06;Электротовары КСС ШУ;1;172.75;;;13.01.2026;;
ПКНФ-000014;13.01.2026;Ограничитель на DIN-рейку 1 винт HDW-211;Электротовары КСС ШУ;30;0;;;13.01.2026;;
ПКНФ-000014;13.01.2026;Выключатель автоматический модульный 1п C 6А 4.5кА ВА 47-63;Электротовары КСС ШУ;3;140;;;13.01.2026;;
ПКНФ-000014;13.01.2026;Кабель-канал перфорированный 25х40 L2000 RL6 G DKC 01163RL;Электротовары КСС ШУ;1.5;21.25;;;13.01.2026;;
ПКНФ-000014;13.01.2026;Механизм блокировки для КМЭ (09А-32А);Электротовары КСС ШУ;2;71;;;13.01.2026;;
ПКНФ-000014;13.01.2026;Переключатель BG33 3P 2NO с замком (не возврат.);Электротовары КСС ШУ;1;41;;;13.01.2026;;
ПКНФ-000014;13.01.2026;Переключатель BD21 2P короткая ручка NO IP65 PROxima EKF xb2-bd21-65;Электротовары КСС ШУ;2;0;;;13.01.2026;;
ПКНФ-000014;13.01.2026;Оповещатель светозвуковой ED16-22BMS 230В;Электротовары КСС ШУ;1;108;;;13.01.2026;;
ПКНФ-000014;13.01.2026;Панель оператора PRO-Screen 7 EKF RSC-7;Электротовары КСС ШУ;1;12;;;13.01.2026;;
ПКНФ-000014;13.01.2026;Держатель маркировки LH 20х25мм;Электротовары КСС ШУ;16;384;;;13.01.2026;;
ПКНФ-000014;13.01.2026;Символ ""Молния"" (треугольник) 50х50х50мм;Электротовары КСС ШУ;1;50;;;13.01.2026;;
ПКНФ-000014;13.01.2026;Контактор КМЭ 9А кат. 220В AC 1НЗ;Электротовары КСС ШУ;4;44;;;13.01.2026;;
ПКНФ-000014;13.01.2026;Кнопка BA21 черн. NO;Электротовары КСС ШУ;2;92;;;13.01.2026;;
ПКНФ-000014;13.01.2026;Резистор углеродистый CF-50 (C1-4) 0.5 Вт, 4,7 кОм, 5%;Электротовары КСС ШУ;36;1692;;;13.01.2026;;
ПКНФ-000014;13.01.2026;Модуль расширения дискретного ввода/вывода ПРМ-24.2;Электротовары КСС ШУ;1;11;;03.02.2026;13.01.2026;;
ПКНФ-000014;13.01.2026;Саморез 4.2х25 металл-металл с прессшайбой сверло цинк (уп.200шт);Электротовары КСС ШУ;10;512;;;13.01.2026;;
ПКНФ-000014;13.01.2026;Переключатель BG33 3P 2NO короткая ручка;Электротовары КСС ШУ;2;0;;;13.01.2026;;
ПКНФ-000014;13.01.2026;DIN-рейка перфорированная L2000 1мм 35х7,5;Электротовары КСС ШУ;2;8.75;;;13.01.2026;;
ПКНФ-000014;13.01.2026;Шайба гроверная оц.М6 DIN 127;Оцинкованные метизы (ПК КСС);0.001;0;;22.01.2026;13.01.2026;;
ПКНФ-000014;13.01.2026;Кнопка ""Грибок"" BS542 NC поворотн. красн.;Электротовары КСС ШУ;1;76;;;13.01.2026;;
ПКНФ-000014;13.01.2026;Кабель КГВВнг(А)-LS 4х16;Электротовары КСС ШУ;24;155;;;13.01.2026;;
ПКНФ-000014;13.01.2026;Выключатель автоматический для защиты двигателя 1.6-2.5А NS2-25 (R) CHINT;Электротовары КСС ШУ;2;0;;;13.01.2026;;
ПКНФ-000014;13.01.2026;Контакт дополнительный поперечный NS2-AE11 (R) CHINT 495968;Электротовары КСС ШУ;3;51;;;13.01.2026;;
ПКНФ-000014;13.01.2026;Рубильник 3п 80А с рукояткой управления для прямой установки;Электротовары КСС ШУ;2;11;;;13.01.2026;;
ПКНФ-000014;13.01.2026;Термостат NO (охлаждение) на DIN-рейку 10А 230В IP20;Электротовары КСС ШУ;1;23;;;13.01.2026;;
ПКНФ-000014;13.01.2026;Колодка клеммная JXB-2.5/35 серая;Электротовары КСС ШУ;13;0;;;13.01.2026;;
ПКНФ-000014;13.01.2026;Заглушка для JXB-2,5/35 серая;Электротовары КСС ШУ;3;0;;;13.01.2026;;
ПКНФ-000014;13.01.2026;Провод ПуГВнг(А)-LS 1х1,5 Б;Электротовары КСС ШУ;16;186;;;13.01.2026;;
ПКНФ-000014;13.01.2026;Сальник PG 29 (d проводника 18-24мм, D резьбовой 36мм) IP54;Электротовары КСС ШУ;2;0;;;13.01.2026;;
ПКНФ-000014;13.01.2026;Колодка клеммная JXB-2.5/35 синяя;Электротовары КСС ШУ;2;90;;;13.01.2026;;
ПКНФ-000014;13.01.2026;Контактор КМЭ 95А 220В/АС3 1НО 1Н3;Электротовары КСС ШУ;2;5;;09.02.2026;13.01.2026;;
ПКНФ-000014;13.01.2026;Механизм блокировки для КМЭ (40А-95А);Электротовары КСС ШУ;1;107;;;13.01.2026;;
ПКНФ-000014;13.01.2026;Приставка контактная ПКЭ-11 доп. контакы 1з+1р;Электротовары КСС ШУ;4;79;;;13.01.2026;;
ПКНФ-000014;13.01.2026;Колодка клеммная JXB-16/35 серая;Электротовары КСС ШУ;6;0;;;13.01.2026;;
ПКНФ-000014;13.01.2026;Кабель КПСЭнг(А)-FRLS 1х2х0.5;Электротовары КСС ШУ;240;3120;15.01.2026;15.01.2026;13.01.2026;;
ПКНФ-000014;13.01.2026;Изолятор торцевой для клемм KRUKB-3-5 DKC D-KRUKB-3-5;Электротовары КСС ШУ;6;213;;;13.01.2026;;
ПКНФ-000014;13.01.2026;Сальник PG 9;Электротовары КСС ШУ;38;955;;;13.01.2026;;
ПКНФ-000014;13.01.2026;Выключатель автоматический 3п 100/100А 35кА ВА-99М PROxima EKF mccb99-100-100m;Электротовары КСС ШУ;2;2;;;13.01.2026;;
ПКНФ-000014;13.01.2026;Наконечник штыревой втулочный изол. НШвИ 16.0-12 (уп.50шт);Электротовары КСС ШУ;42;922;;;13.01.2026;;
ПКНФ-000014;13.01.2026;Хомут 2,5х150 нейл. (уп.100 шт);Электротовары КСС ШУ;100;0;;;13.01.2026;;
ПКНФ-000014;13.01.2026;Трубка термоус. ТУТ (HF)-4/2, красн. (уп.100м);Электротовары КСС ШУ;1.5;54.5;;;13.01.2026;;
ПКНФ-000014;13.01.2026;Трубка термоус. ТУТ (HF)-4/2, зел. (уп.100м);Электротовары КСС ШУ;1.5;54.3;;;13.01.2026;;
ПКНФ-000014;13.01.2026;Трубка термоус. ТУТ (HF)-4/2, желт. (уп.100м);Электротовары КСС ШУ;1.5;79;;;13.01.2026;;
ПКНФ-000014;13.01.2026;Сальник PG 42 32-38мм IP54;Электротовары КСС ШУ;2;63;;;13.01.2026;;
ПКНФ-000014;13.01.2026;Колодка клеммная JXB-16/35 син.;Электротовары КСС ШУ;2;87;;06.12.2024;13.01.2026;;
ПКНФ-000014;13.01.2026;Колодка клеммная ЕК-35/125 JXB земля;Электротовары КСС ШУ;2;41;;19.02.2025;13.01.2026;;
ПКНФ-000014;13.01.2026;Наконечник кабельный ТМЛ(DIN) 16-8;Электротовары КСС ШУ;24;13;;;13.01.2026;;
ПКНФ-000014;13.01.2026;Реле контроля наличия и чередования фаз CKF-318-1;Электротовары КСС ШУ;2;46;;;13.01.2026;;
ПКНФ-000014;13.01.2026;Наконечник штыревой втулочный изол. НШвИ 0.5-8 (уп.50шт);Электротовары КСС ШУ;268;15573;;;13.01.2026;;
ПКНФ-000014;13.01.2026;Наконечник штыревой втулочный изол. НШвИ 1.5-8 (уп.50шт);Электротовары КСС ШУ;32;2294;;;13.01.2026;;
ПКНФ-000014;13.01.2026;Наконечник штыревой втулочный изол. НШвИ 25.0-16 (уп.50шт);Электротовары КСС ШУ;5;930;;;13.01.2026;;
ПКНФ-000014;13.01.2026;Саморез 4.2х13 металл-металл с прессшайбой сверло цинк (уп.200шт);Электротовары КСС ШУ;42;782.91;;;13.01.2026;;
ПКНФ-000014;13.01.2026;Маркер для кабеля 0.5-1.5мм символ ""1"" (уп.200шт) ДКС;Электротовары КСС ШУ;52;9505;;;13.01.2026;;
ПКНФ-000014;13.01.2026;Маркер для кабеля 0.5-1.5мм символ ""2"" (уп.200шт) ДКС;Электротовары КСС ШУ;68;4987;;;13.01.2026;;
ПКНФ-000014;13.01.2026;Маркер для кабеля 0.5-1.5мм символ ""3"" (уп.200шт) ДКС;Электротовары КСС ШУ;69;5201;;;13.01.2026;;
ПКНФ-000014;13.01.2026;Маркер для JXB с нумерацией 1-50 (уп.100шт);Электротовары КСС ШУ;200;10797;;;13.01.2026;;
ПКНФ-000014;13.01.2026;MES 140.80.40 RAL3020, Шкаф компактный распределительный;Корпусы для ШУ;1;0;;10.02.2026;13.01.2026;;
ПКНФ-000014;13.01.2026;Сальник PG 16 10-14мм IP54;Электротовары КСС ШУ;2;202;;;13.01.2026;;
ПКНФ-000014;13.01.2026;Вентилятор с фильтром 52 м3/ч 124х124 мм;Электротовары КСС ШУ;1;12;;12.10.2025;13.01.2026;;
ПКНФ-000014;13.01.2026;Решетка вентиляционная с фильтром 124x124мм IP54;Электротовары КСС ШУ;1;6;;12.10.2025;13.01.2026;;
ПКНФ-000014;13.01.2026;HDR-60-24 MW (AC/DC ПРЕОБРАЗОВАТЕЛИ) 24B,2.5A,60Вт;Электротовары КСС ШУ;1;29;;;13.01.2026;;
ПКНФ-000014;13.01.2026;Болт оцинк. М6х20 DIN 933;Оцинкованные метизы (ПК КСС);0.001;0.065;;;13.01.2026;;
ПКНФ-000014;13.01.2026;Гайка оцинк. DIN 934 М6;Оцинкованные метизы (ПК КСС);0.001;0;;04.03.2025;13.01.2026;;
ПКНФ-000014;13.01.2026;ID 140.80, Дверь внутренняя для компактных шкафов;Корпусы для ШУ;1;2;18.04.2024;;13.01.2026;;
ПКНФ-000014;13.01.2026;Колодка клеммная ЕК-2.5/25 JXB земля;Электротовары КСС ШУ;3;92;;08.06.2024;13.01.2026;;
ПКНФ-000014;13.01.2026;Лампа AD-22DS(LED) матрица d22мм желтый 230В;Электротовары КСС ШУ;2;143;;;13.01.2026;;
ПКНФ-000014;13.01.2026;Маркер для кабеля 0.5-1.5мм символ ""0"" (уп.200шт) ДКС;Электротовары КСС ШУ;79;6900;;;13.01.2026;;
ПКНФ-000014;13.01.2026;Маркер для кабеля 0.5-1.5мм символ ""4"" (уп.200шт) ДКС;Электротовары КСС ШУ;58;1236;;;13.01.2026;;
ПКНФ-000014;13.01.2026;Маркер для кабеля 0.5-1.5мм символ ""5"" (уп.200шт) ДКС;Электротовары КСС ШУ;54;6023;;;13.01.2026;;
ПКНФ-000014;13.01.2026;Маркер для кабеля 0.5-1.5мм символ ""6"" (уп.200шт) ДКС;Электротовары КСС ШУ;47;5909;;;13.01.2026;;
ПКНФ-000014;13.01.2026;Маркер для кабеля 0.5-1.5мм символ ""7"" (уп.200шт) ДКС;Электротовары КСС ШУ;56;1957;;;13.01.2026;;
ПКНФ-000014;13.01.2026;Маркер для кабеля 0.5-1.5мм символ ""8"" (уп.200шт) ДКС;Электротовары КСС ШУ;67;1323;;;13.01.2026;;
ПКНФ-000014;13.01.2026;Маркер для кабеля 0.5-1.5мм символ ""9"" (уп.200шт) ДКС;Электротовары КСС ШУ;68;1239;;;13.01.2026;;
ПКНФ-000014;13.01.2026;Маркер для JXB с нумерацией 1-10 (уп.100шт);Электротовары КСС ШУ;200;5701;;;13.01.2026;;
ПКНФ-000014;13.01.2026;Наконечник штыревой втулочный изол. НШвИ(2) 2.5-10 (уп.50шт);Электротовары КСС ШУ;12;2691;;;13.01.2026;;
ПКНФ-000014;13.01.2026;Провод ПУГВнг(А)-LS 1х0,5 Б;Электротовары КСС ШУ;215;3808;;;13.01.2026;;
ПКНФ-000014;13.01.2026;Провод ПУГВнг(А)-LS 1х0,5 К;Электротовары КСС ШУ;30;1494;;;13.01.2026;;
ПКНФ-000014;13.01.2026;Провод ПУГВнг(А)-LS 1х0,5 Ч;Электротовары КСС ШУ;34;1402;;;13.01.2026;;
ПКНФ-000014;13.01.2026;Провод ПУГВнг(А)-LS 1х1,5 ж/з;Электротовары КСС ШУ;1.5;516.8;;;13.01.2026;;
ПКНФ-000014;13.01.2026;Провод ПуГВнг(А)-LS 1х16 Б;Электротовары КСС ШУ;20;0;;;13.01.2026;;
ПКНФ-000014;13.01.2026;Провод ПУГВнг(А)-LS 1х2,5 С;Электротовары КСС ШУ;7;231;;;13.01.2026;;
ПКНФ-000014;13.01.2026;Провод ПУГВнг(А)-LS 1х25 Б;Электротовары КСС ШУ;12;118;;;13.01.2026;;
ПКНФ-000014;13.01.2026;Блок распределительный КРОСС крепеж на панель и DIN КБР-160А;Электротовары КСС ШУ;4;66;;;13.01.2026;;
ПКНФ-000014;13.01.2026;Реле RFT2CO730LT, 2CO, 8A(250VAC/30VDC), 230VAC, LED, мех. инд., тест-кнопка;Электротовары КСС ШУ;11;71;;;13.01.2026;;
ПКНФ-000014;13.01.2026;Спираль монтажная СМ-06-04 (10м);Электротовары КСС ШУ;0.2;5.241;;;13.01.2026;;
ПКНФ-000014;13.01.2026;Термоусаживаемая трубка ТУТнг 25/12,5 желтая (50 м/ролл) TDM;Электротовары КСС ШУ;2;46.5;;;13.01.2026;;
ПКНФ-000014;13.01.2026;Термоусаживаемая трубка ТУТнг 25/12,5 зеленая (50 м/ролл) TDM;Электротовары КСС ШУ;2;46.5;;;13.01.2026;;
ПКНФ-000014;13.01.2026;Термоусаживаемая трубка ТУТнг 25/12,5 красная (50 м/ролл) TDM;Электротовары КСС ШУ;2;46.5;;;13.01.2026;;
ПКНФ-000014;13.01.2026;Цоколь SRU08-E, 10A(300V), черный, на рейку DIN35/панель, для RFT2CO;Электротовары КСС ШУ;11;0;;;13.01.2026;;
ПКНФ-000014;13.01.2026;Наконечник штыревой втулочный изол. НШвИ 2.5-8 (уп.50шт);Электротовары КСС ШУ;10;4221;;25.08.2025;13.01.2026;;
ПКНФ-000014;13.01.2026;Шайба плоская оц. М6 DIN 125;Оцинкованные метизы (ПК КСС);0.002;0.138;;25.08.2025;13.01.2026;;
ПКНФ-000014;13.01.2026;Наконечник НШвИ(2) 1.5-8 (уп.50шт);Электротовары КСС ШУ;34;4909;;;13.01.2026;;
ПКНФ-000029;14.01.2026;Пластина 100х40 (AISI 304);Нержавеющие трубы, листы, круги, сетки(ПК КСС);10;70;;;14.01.2026;;
ПКНФ-000029;14.01.2026;Труба 40х20х2 (AISI304);Нержавеющие трубы, листы, круги, сетки(ПК КСС);1.5;1.5;09.09.2025;09.09.2025;14.01.2026;;
ПКНФ-000029;14.01.2026;Труба 25х25х2 (AISI 304);Нержавеющие трубы, листы, круги, сетки(ПК КСС);18;69.5;09.09.2025;05.08.2025;14.01.2026;;
ПКНФ-000030;14.01.2026;Фланец 114,3  (AISI304, 08*18H10, PN10) свободный;Нержавеющие фланцы и фиттинги (ПК КСС);4;1;;;14.01.2026;;
ПКНФ-000030;14.01.2026;Фланец 114,3  (AISI304, 08*18H10, PN10/16) плоский;Нержавеющие фланцы и фиттинги (ПК КСС);4;25;05.08.2025;26.05.2025;14.01.2026;;
ПКНФ-000030;14.01.2026;Отбортовка 114,3х2,0 AISI304;Нержавеющие фланцы и фиттинги (ПК КСС);4;106;;;14.01.2026;;
ПКНФ-000030;14.01.2026;Отвод 114,3х2,0 мм AISI 304;Нержавеющие фланцы и фиттинги (ПК КСС);4;8;;;14.01.2026;;
ПКНФ-000030;14.01.2026;Труба СВ 114,3х2,0мм 08Х18Н10 (AISI 304);Нержавеющие трубы, листы, круги, сетки(ПК КСС);5;46.6;;22.10.2024;14.01.2026;;
ПКНФ-000031;14.01.2026;Труба 60х60х3  ГОСТ 8639-82;Черные трубы, листы, круги (ПК КСС);7;24.3;;;14.01.2026;;
ПКНФ-000031;14.01.2026;Лист 5,0*1500*6000 ст3 (м2);Черные трубы, листы, круги (ПК КСС);0.4;0;;;14.01.2026;;
ПКНФ-000031;14.01.2026;Полоса 40*2 ГОСТ 8509-93;Черные трубы, листы, круги (ПК КСС);9.2;0;;;14.01.2026;;
ПКНФ-000031;14.01.2026;Швеллер 10П ГОСТ 8240-97;Черные трубы, листы, круги (ПК КСС);28;171.1;11.09.2025;11.09.2025;14.01.2026;;
ПКНФ-000031;14.01.2026;Уголок 50х50х5 ГОСТ 8509-93 (м);Черные трубы, листы, круги (ПК КСС);1.5;45.4;;;14.01.2026;;
ПКНФ-000031;14.01.2026;Лист 1000х3000 ПВЛ 406;Черные трубы, листы, круги (ПК КСС);4;11;;;14.01.2026;;
ПКНФ-000031;14.01.2026;Труба 40х40х3 ГОСТ 8639-82;Черные трубы, листы, круги (ПК КСС);4.5;14.4;;;14.01.2026;;
ПКНФ-000031;14.01.2026;Труба 40х20х2 ГОСТ 8639-82;Черные трубы, листы, круги (ПК КСС);1.5;81;;29.01.2024;14.01.2026;;
ПКНФ-000031;14.01.2026;Арматура ф 16 А-1 ГОСТ 5781-82 (м);Черные трубы, листы, круги (ПК КСС);4;8.7;;24.01.2024;14.01.2026;;
ПКНФ-000031;14.01.2026;Полоса 2,0х40 AISI304;Нержавеющие трубы, листы, круги, сетки(ПК КСС);1.5;0;;;14.01.2026;;
ПКНФ-000031;14.01.2026;Труба 50х50х3 ГОСТ 8639-82, м.д;Черные трубы, листы, круги (ПК КСС);42;104.8;;;14.01.2026;;
ПКНФ-000048;19.01.2026;Отбортовка 219,1х2,0 AISI304;Нержавеющие фланцы и фиттинги (ПК КСС);4;2;16.05.2025;21.01.2026;19.01.2026;;
ПКНФ-000048;19.01.2026;Труба СВ 168,3х2,0мм 08Х18Н10 (AISI 304);Нержавеющие трубы, листы, круги, сетки(ПК КСС);0.3;8.6;;03.06.2024;19.01.2026;;
ПКНФ-000048;19.01.2026;Труба СВ 219,1х2,0мм 08Х18Н10 (AISI 304);Нержавеющие трубы, листы, круги, сетки(ПК КСС);8.5;12.248;;;19.01.2026;;
ПКНФ-000048;19.01.2026;Отвод 219,1х2,0 мм AISI 304;Нержавеющие фланцы и фиттинги (ПК КСС);1;0;27.01.2026;27.01.2026;19.01.2026;;
ПКНФ-000048;19.01.2026;Переход 219,1/168,3х2,0 (DN 200/150) AISI 304/08Х18Н10;Нержавеющие фланцы и фиттинги (ПК КСС);2;0;27.01.2026;27.01.2026;19.01.2026;;
ПКНФ-000048;19.01.2026;Фланец 219,1  (AISI304, 08*18H10, PN10) плоский;Нержавеющие фланцы и фиттинги (ПК КСС);1;10;27.01.2026;19.12.2024;19.01.2026;;
ПКНФ-000048;19.01.2026;Фланец 168,3 (AISI304, 08*18H10, PN6) плоский;Нержавеющие фланцы и фиттинги (ПК КСС);2;10;;;19.01.2026;;
ПКНФ-000049;19.01.2026;Полоса 2,0x50,0 (AISI304, 08X18H10, 2B);Нержавеющие трубы, листы, круги, сетки(ПК КСС);1;0;;;19.01.2026;;
ПКНФ-000049;19.01.2026;Лист 2,0*1000*2000  AISI 304 (08х18Н10), х/к, мат (2В);Нержавеющие трубы, листы, круги, сетки(ПК КСС);1;0;17.09.2025;17.09.2025;19.01.2026;;
ПКНФ-000049;19.01.2026;Пластина 100х40 (AISI 304);Нержавеющие трубы, листы, круги, сетки(ПК КСС);22;60;;;19.01.2026;;
ПКНФ-000049;19.01.2026;Труба СВ  14,0х1,0мм 08Х18Н10 (AISI 304);Нержавеющие трубы, листы, круги, сетки(ПК КСС);1;3.5;;;19.01.2026;;
ПКНФ-000049;19.01.2026;Труба 20х20х2 (AISI 304);Нержавеющие трубы, листы, круги, сетки(ПК КСС);8;26.5;17.09.2025;05.08.2025;19.01.2026;;
ПКНФ-000049;19.01.2026;Труба 40х20х2 (AISI304);Нержавеющие трубы, листы, круги, сетки(ПК КСС);10;16.5;09.09.2025;09.09.2025;19.01.2026;;
ПКНФ-000049;19.01.2026;Лист 3,0*1000*2000  AISI 304 (42х22мм*3,0мм) ПВЛ;Нержавеющие трубы, листы, круги, сетки(ПК КСС);1;0;;02.02.2026;19.01.2026;;
ПКНФ-000049;19.01.2026;Круг 10,0 (AISI304, 08x18H10);Нержавеющие трубы, листы, круги, сетки(ПК КСС);1;11.8;;;19.01.2026;;
ПКНФ-000049;19.01.2026;Круг 6,0 (AISI304, 08x18H10);Нержавеющие трубы, листы, круги, сетки(ПК КСС);61;197.5;05.08.2025;05.08.2025;19.01.2026;;
ПКНФ-000049;19.01.2026;Труба 25х25х2 (AISI 304);Нержавеющие трубы, листы, круги, сетки(ПК КСС);18.5;63.5;05.08.2025;05.08.2025;19.01.2026;;
ПКНФ-000049;19.01.2026;Труба 40х40х2,0 (AISI 304);Нержавеющие трубы, листы, круги, сетки(ПК КСС);32;23.7;27.01.2026;05.08.2025;19.01.2026;;
ПКНФ-000049;19.01.2026;Уголок 50,0х50,0х5,0 (AISI304, 08X18H10);Нержавеющие трубы, листы, круги, сетки(ПК КСС);2;1.4;17.09.2025;17.09.2025;19.01.2026;;
ПКНФ-000050;19.01.2026;Труба СВ  60,3х4,0мм 08Х18Н10 (AISI 304);Нержавеющие трубы, листы, круги, сетки(ПК КСС);22.8;30;;;19.01.2026;;
ПКНФ-000050;19.01.2026;Лист 5,0*1500*6000 ст3 (м2);Черные трубы, листы, круги (ПК КСС);0.4;0;;;19.01.2026;;
ПКНФ-000050;19.01.2026;Арматура А-1 6 мм;Черные трубы, листы, круги (ПК КСС);0.6;34.2;;;19.01.2026;;
ПКНФ-000050;19.01.2026;Труба 40х40х3 ГОСТ 8639-82;Черные трубы, листы, круги (ПК КСС);2.3;131.7;;;19.01.2026;;
ПКНФ-000050;19.01.2026;Швеллер 12П ГОСТ 8240-97;Черные трубы, листы, круги (ПК КСС);13;72;;;19.01.2026;;
ПКНФ-000050;19.01.2026;Арматура ф 16 А-1 ГОСТ 5781-82 (м);Черные трубы, листы, круги (ПК КСС);4;12.3;;24.01.2024;19.01.2026;;
ПКНФ-000051;19.01.2026;Полоса 2,0x50,0 (AISI304, 08X18H10, 2B);Нержавеющие трубы, листы, круги, сетки(ПК КСС);1.5;59.5;;;19.01.2026;;
ПКНФ-000051;19.01.2026;Труба 40х40х2 ГОСТ 8639-82;Черные трубы, листы, круги (ПК КСС);1.5;98.7;;;19.01.2026;;
ПКНФ-000051;19.01.2026;Труба 40х20х2 ГОСТ 8639-82;Черные трубы, листы, круги (ПК КСС);1;34.5;;29.01.2024;19.01.2026;;
ПКНФ-000051;19.01.2026;Шпилька М10 L1000 (А2, DIN975);Нержавеющие метизы (ПК КСС);1;6;;;19.01.2026;;
ПКНФ-000051;19.01.2026;Труба 50х50х3 ГОСТ 8639-82, м.д;Черные трубы, листы, круги (ПК КСС);10;71.8;;;19.01.2026;;
ПКНФ-000052;19.01.2026;Затвор Ridval тип RVB 01 DN100 PN16 рукоятка, синий;Арматура (ПК КСС);3;3;;;19.01.2026;;
ПКНФ-000052;19.01.2026;Фланец 139,7  (AISI304, 08*18H10, PN10) плоский;Нержавеющие фланцы и фиттинги (ПК КСС);3;7;;;19.01.2026;;
ПКНФ-000052;19.01.2026;Пресс-фланец ст.20 Ду125 Ру 16 ПФСР 100х16 (145 мм);Черные фланцы и фиттинги (ПК КСС);2;33;;;19.01.2026;;
ПКНФ-000052;19.01.2026;Пресс-фланец ст.20 Ду100 Ру 16 ПФСР 100х16 (119 мм);Черные фланцы и фиттинги (ПК КСС);10;42;;;19.01.2026;;
ПКНФ-000052;19.01.2026;Труба СВ 139,7х2,0мм 08Х18Н10 (AISI 304);Нержавеющие трубы, листы, круги, сетки(ПК КСС);2;3.6;;;19.01.2026;;
ПКНФ-000052;19.01.2026;Переход 139,7/114,3х2,0 (DN 125/100) AISI 304/08Х18Н10;Нержавеющие фланцы и фиттинги (ПК КСС);1;3;;;19.01.2026;;
ПКНФ-000052;19.01.2026;Фланец 114,3  (AISI304, 08*18H10, PN10/16) плоский;Нержавеющие фланцы и фиттинги (ПК КСС);2;23;05.08.2025;26.05.2025;19.01.2026;;
ПКНФ-000052;19.01.2026;Отбортовка 139,7х2,0 AISI304;Нержавеющие фланцы и фиттинги (ПК КСС);2;45;;;19.01.2026;;
ПКНФ-000052;19.01.2026;Отбортовка 114,3х2,0 AISI304;Нержавеющие фланцы и фиттинги (ПК КСС);10;116;;;19.01.2026;;
ПКНФ-000052;19.01.2026;Отвод 114,3х2,0 мм AISI 304;Нержавеющие фланцы и фиттинги (ПК КСС);4;8;;;19.01.2026;;
ПКНФ-000052;19.01.2026;Тройник 114,3х2,0 AISI 304 короткий;Нержавеющие фланцы и фиттинги (ПК КСС);3;3;;;19.01.2026;;
ПКНФ-000052;19.01.2026;Труба СВ 114,3х2,0мм 08Х18Н10 (AISI 304);Нержавеющие трубы, листы, круги, сетки(ПК КСС);3.6;49.2;;22.10.2024;19.01.2026;;
ПКНФ-000090;20.01.2026;Карабин винтовой 5 мм;Крепеж и цепи, тали (ПК КСС);6;192;;;20.01.2026;;
ПКНФ-000090;20.01.2026;Болт оцинк. М6х40 DIN 933;Оцинкованные метизы (ПК КСС);0.006;0.17;;;20.01.2026;;
ПКНФ-000090;20.01.2026;Труба э/с 108*4,0 ГОСТ 10704-91;СНГ;0.088;0.108;;;20.01.2026;;
ПКНФ-000090;20.01.2026;Обратный клапан фланцевый чугунный шаровый NBR Ду050 Ру10/16 GGG50 ABRA-D-022-NBR-50;Арматура (ПК КСС);2;10;;;20.01.2026;;
ПКНФ-000090;20.01.2026;Болт М12*40 DIN 933 полная резьба  (А2, 12,0, 45,0, DIN 933) ;Нержавеющие метизы (ПК КСС);4;213;;;20.01.2026;;
ПКНФ-000090;20.01.2026;7614.1 - Трубопровод;Составные части трубопровода (Пк КСС);1;0;27.01.2026;;20.01.2026;ПКНФ-000007;12.01.2026
ПКНФ-000090;20.01.2026;7614.1 - Рама под УПМ Балка под крышку;Составные части трубопровода (Пк КСС);1;0;27.01.2026;;20.01.2026;ПКНФ-000008;12.01.2026
ПКНФ-000090;20.01.2026;7614.1 - Направляющие под корзину  Площадка Лестница Балка транспортировочная Корзина;Составные части трубопровода (Пк КСС);1;0;27.01.2026;;20.01.2026;ПКНФ-000009;12.01.2026
ПКНФ-000090;20.01.2026;Скоба такелажная М4;Крепеж и цепи, тали (ПК КСС);6;113;;;20.01.2026;;
ПКНФ-000090;20.01.2026;Труба 25х25х2  ГОСТ;Черные трубы, листы, круги (ПК КСС);315;512;;;20.01.2026;;
ПКНФ-000090;20.01.2026;7614.1 КСС ШУК- 2/3 -0,75кВт АВР+УХЛ1;Шкафы управления (ПК КСС);1;0;;;20.01.2026;;
ПКНФ-000090;20.01.2026;Труба 60х30х2 ГОСТ 8639-82;Черные трубы, листы, круги (ПК КСС);97;179;;;20.01.2026;;
ПКНФ-000090;20.01.2026;Заглушка для трубы 40х40 мм пластик;Расходные материалы (ПК КСС);2;280;;;20.01.2026;;
ПКНФ-000090;20.01.2026;Болт оцинк. М20х60 DIN933;Оцинкованные метизы (ПК КСС);0.012;0.388;;;20.01.2026;;
ПКНФ-000090;20.01.2026;Задвижка 30ч39р Ду50 Pу16 штурвал;Арматура (ПК КСС);2;8;02.02.2026;02.02.2026;20.01.2026;;
ПКНФ-000090;20.01.2026;Труба 160/4,0/580 наружная канализация;Полиэтелен, корсис, прагма, НПВХ (ПК КСС);1;7.5;;;20.01.2026;;
ПКНФ-000090;20.01.2026;Гайка шестигр. оц. М20 DIN 934 тыс шт;Оцинкованные метизы (ПК КСС);0.012;1.295;;27.06.2024;20.01.2026;;
ПКНФ-000090;20.01.2026;Болт оцинк. М16х80  DIN933;Оцинкованные метизы (ПК КСС);0.036;0.617;;;20.01.2026;;
ПКНФ-000090;20.01.2026;Насос 50WQ10-10-0.75ACW(I), 0.75кВт, без АТМ DN50, с реж.механизмом, 2-х полюс. (ПК);Насосы CNP (ПК КСС);2;0;;;20.01.2026;;
ПКНФ-000090;20.01.2026;Труба э/с 40х2 ГОСТ;Черные трубы, листы, круги (ПК КСС);63;63;;;20.01.2026;;
ПКНФ-000090;20.01.2026;Труба э/с 60х2,6 ГОСТ;Черные трубы, листы, круги (ПК КСС);25;73;;;20.01.2026;;
ПКНФ-000090;20.01.2026;Труба э/с 530х8 ГОСТ 10705-80;Черные трубы, листы, круги (ПК КСС);18;35;;;20.01.2026;;
ПКНФ-000090;20.01.2026;Труба э/с 325х7 ГОСТ 10705-80;Черные трубы, листы, круги (ПК КСС);70;70;;;20.01.2026;;
ПКНФ-000090;20.01.2026;Труба э/с 159х4,5 ГОСТ 10704-91;Черные трубы, листы, круги (ПК КСС);0.067;0.1;;;20.01.2026;;
ПКНФ-000090;20.01.2026;Труба 50х25х2  ГОСТ 8639-82;Черные трубы, листы, круги (ПК КСС);84;148;;;20.01.2026;;
ПКНФ-000090;20.01.2026;Труба 40х25х2 ГОСТ;Черные трубы, листы, круги (ПК КСС);115;207;;;20.01.2026;;
ПКНФ-000090;20.01.2026;Автоматическая трубная муфта для насоса WQ DN50,TOS-50, мощность 0.55кВт и выше (ПК);УПМ СNP (ПК КСС);2;0;;15.01.2026;20.01.2026;;
ПКНФ-000090;20.01.2026;Заглушка для трубы 25х25 мм пластик;Расходные материалы (ПК КСС);2;0;23.04.2024;;20.01.2026;;
ПКНФ-000090;20.01.2026;Шайба гроверная оц. Ф16 DIN 127;Оцинкованные метизы (ПК КСС);0.036;0.612;;27.06.2024;20.01.2026;;
ПКНФ-000090;20.01.2026;Труба 60х40х4  ГОСТ 8639-82;Черные трубы, листы, круги (ПК КСС);87;207;;;20.01.2026;;
ПКНФ-000090;20.01.2026;Навесной замок с ключом GPLK-50L;Оцинкованные метизы (ПК КСС);1;85;;20.01.2025;20.01.2026;;
ПКНФ-000090;20.01.2026;Труба 20х20х2 ГОСТ 8639-82;Черные трубы, листы, круги (ПК КСС);200;339.8;;29.01.2024;20.01.2026;;
ПКНФ-000090;20.01.2026;Муфта Корсис DN160 (OD);Полиэтелен, корсис, прагма, НПВХ (ПК КСС);1;12;;;20.01.2026;;
ПКНФ-000090;20.01.2026;Гайка шестигр. оц М16  (тыс шт);Оцинкованные метизы (ПК КСС);0.036;0.093;;27.06.2024;20.01.2026;;
ПКНФ-000090;20.01.2026;Труба 40х20х1.5 ГОСТ 8645-68;Черные трубы, листы, круги (ПК КСС);18;189;;;20.01.2026;;
ПКНФ-000090;20.01.2026;Труба 40х40х2 ГОСТ 8639-82;Черные трубы, листы, круги (ПК КСС);100;297.2;;;20.01.2026;;
ПКНФ-000090;20.01.2026;Труба 40х40х3 ГОСТ 8639-82;Черные трубы, листы, круги (ПК КСС);115;131.7;;;20.01.2026;;
ПКНФ-000090;20.01.2026;Труба 40х20х2 ГОСТ 8639-82;Черные трубы, листы, круги (ПК КСС);29;140.5;;29.01.2024;20.01.2026;;
ПКНФ-000090;20.01.2026;Труба 60х40х2 ГОСТ 8645-68;Черные трубы, листы, круги (ПК КСС);113;146;;;20.01.2026;;
ПКНФ-000090;20.01.2026;Труба 60х60х2  ГОСТ 8639-82;Черные трубы, листы, круги (ПК КСС);69;93;;;20.01.2026;;
ПКНФ-000090;20.01.2026;Шпилька М10 L1000 (А2, DIN975);Нержавеющие метизы (ПК КСС);1;7;;;20.01.2026;;
ПКНФ-000090;20.01.2026;Анкерный болт с гайкой 12*120 HNM ПК (тыс);Оцинкованные метизы (ПК КСС);0.01;0.215;;;20.01.2026;;
ПКНФ-000090;20.01.2026;Болт М10*60 DIN 933 полная резьба  (А2, 10,0, 60,0, DIN 933);Нержавеющие метизы (ПК КСС);30;1188;;;20.01.2026;;
ПКНФ-000090;20.01.2026;Болт М12*80 DIN 933 полная резьба  (А2, 12,0, 80,0, DIN 933);Нержавеющие метизы (ПК КСС);8;80;;;20.01.2026;;
ПКНФ-000090;20.01.2026;Болт М16*80 DIN 933 полная резьба  (А2, 16,0, 80,0, DIN 933);Нержавеющие метизы (ПК КСС);8;332;;;20.01.2026;;
ПКНФ-000090;20.01.2026;Гайка М10 DIN 934  (А2, 10,0, DIN 934);Нержавеющие метизы (ПК КСС);34;730;;19.06.2024;20.01.2026;;
ПКНФ-000090;20.01.2026;Гайка М12 DIN 934  (А2, 12,0, DIN 934);Нержавеющие метизы (ПК КСС);12;1068;;;20.01.2026;;
ПКНФ-000090;20.01.2026;Гайка М16 DIN 934  (А2, 16,0, DIN 934);Нержавеющие метизы (ПК КСС);8;392;25.04.2024;25.04.2024;20.01.2026;;
ПКНФ-000090;20.01.2026;Грибок канализационный;Полиэтелен, корсис, прагма, НПВХ (ПК КСС);1;39;;27.01.2026;20.01.2026;;
ПКНФ-000090;20.01.2026;Карабин винтовой 4 мм;Крепеж и цепи, тали (ПК КСС);6;73;;;20.01.2026;;
ПКНФ-000090;20.01.2026;Манжета резиновая переходная D 110/124 Уп., черн;Полиэтелен, корсис, прагма, НПВХ (ПК КСС);2;65;;;20.01.2026;;
ПКНФ-000090;20.01.2026;Манжета резиновая переходная D 50/72 Уп., черн;Полиэтелен, корсис, прагма, НПВХ (ПК КСС);1;151;;;20.01.2026;;
ПКНФ-000090;20.01.2026;Отвод 90 гр. НПВХ DN110;Полиэтелен, корсис, прагма, НПВХ (ПК КСС);1;42;;;20.01.2026;;
ПКНФ-000090;20.01.2026;Поплавковый выключатель RL-1 10м;Датчики уровня, преобразователи, реле (ПК КСС);4;65;;05.02.2025;20.01.2026;;
ПКНФ-000090;20.01.2026;Прокладка (паронит) 50;Полиэтелен, корсис, прагма, НПВХ (ПК КСС);8;63;;;20.01.2026;;
ПКНФ-000090;20.01.2026;Проушина прямая 30х70мм;Расходные материалы (ПК КСС);2;251;;;20.01.2026;;
ПКНФ-000090;20.01.2026;Рым-гайка DIN 582 М10;Крепеж и цепи, тали (ПК КСС);6;67;;;20.01.2026;;
ПКНФ-000090;20.01.2026;Рым-гайка DIN 582 М 6;Крепеж и цепи, тали (ПК КСС);6;0.077;;17.02.2025;20.01.2026;;
ПКНФ-000090;20.01.2026;Скоба с вкручивающимся штифтом 0,33 т, 1/2т 1/4, тип G209, для насосов до 250 кг;Крепеж и цепи, тали (ПК КСС);6;17;;23.01.2026;20.01.2026;;
ПКНФ-000090;20.01.2026;Труба 110/3,2/0560 наружная канализация;Полиэтелен, корсис, прагма, НПВХ (ПК КСС);2;134;;;20.01.2026;;
ПКНФ-000090;20.01.2026;Труба двустенная для электропроводки d110 с протяжкой(внутр. d94)/ДКС ;Полиэтелен, корсис, прагма, НПВХ (ПК КСС);3;188;;;20.01.2026;;
ПКНФ-000090;20.01.2026;Труба двустенная для электропроводки d50 с протяжкой(внутр. d41,5) [ДКС] (код 19735) 121950;Полиэтелен, корсис, прагма, НПВХ (ПК КСС);3;120;;;20.01.2026;;
ПКНФ-000090;20.01.2026;Цепь короткозвенная 4мм DIN766 оцинк;Крепеж и цепи, тали (ПК КСС);9.7;361.06;;05.07.2024;20.01.2026;;
ПКНФ-000090;20.01.2026;Цепь Т6-6х18 мм ГОСТ 30441-97 (покрытие хим.окс.);Крепеж и цепи, тали (ПК КСС);12.8;53.3;;;20.01.2026;;
ПКНФ-000090;20.01.2026;Шайба  гровер М12 DIN 127 (А2, DIN 127);Нержавеющие метизы (ПК КСС);12;938.964;;;20.01.2026;;
ПКНФ-000090;20.01.2026;Шайба гроверная оц.М20 DIN 127;Оцинкованные метизы (ПК КСС);0.012;1.284;;;20.01.2026;;
ПКНФ-000090;20.01.2026;Шайба М10 DIN 125  (А2, DIN 125);Нержавеющие метизы (ПК КСС);68;210;;;20.01.2026;;
ПКНФ-000090;20.01.2026;Шайба  гровер М10 DIN 127 (А2, DIN 127);Нержавеющие метизы (ПК КСС);34;0;;;20.01.2026;;
ПКНФ-000090;20.01.2026;Шайба М12 DIN 125  (А2, DIN 125);Нержавеющие метизы (ПК КСС);24;551;;;20.01.2026;;
ПКНФ-000090;20.01.2026;Шайба М16 DIN 125  (А2, DIN 125);Нержавеющие метизы (ПК КСС);16;1011;;;20.01.2026;;
ПКНФ-000090;20.01.2026;Шайба гровер М16 DIN 127 (А2, DIN 127);Нержавеющие метизы (ПК КСС);8;1856;;;20.01.2026;;
ПКНФ-000090;20.01.2026;Шайба плоская оц. М6 DIN 125;Оцинкованные метизы (ПК КСС);0.006;0.63;;25.08.2025;20.01.2026;;
ПКНФ-000090;20.01.2026;Шайба плоская оц.М16  DIN 125;Оцинкованные метизы (ПК КСС);0.072;1.444;;27.06.2024;20.01.2026;;
ПКНФ-000090;20.01.2026;Шайба плоская оц.М20  DIN 125;Оцинкованные метизы (ПК КСС);0.024;0.752;;27.06.2024;20.01.2026;;
ПКНФ-000095;20.01.2026;7719.4- Рама под установку;Составные части трубопровода (Пк КСС);1;0;23.01.2025;;20.01.2026;ПКНФ-001429;23.12.2025
ПКНФ-000095;20.01.2026;7719.4-Коллекторы,патрубки;Составные части трубопровода (Пк КСС);1;0;23.01.2025;;20.01.2026;ПКНФ-001430;23.12.2025
ПКНФ-000095;20.01.2026;Кран шаровой полнопроходной, ВР/НР, Stout ручка бабочка 1, ГОСТ Р 59553-2021;Арматура (ПК КСС);3;14;;;20.01.2026;;
ПКНФ-000095;20.01.2026;Кран шаровой полнопроходной, ВР/ВР, ручка бабочка 1"", Stout SVB-0002-200025;Арматура (ПК КСС);3;12;;;20.01.2026;;
ПКНФ-000095;20.01.2026;Болт оцинк. М12х60 DIN933;Оцинкованные метизы (ПК КСС);0.036;0.306;;03.06.2024;20.01.2026;;
ПКНФ-000095;20.01.2026;Болт оцинк. М12х40 DIN 933;Оцинкованные метизы (ПК КСС);0.004;0.02;;27.06.2024;20.01.2026;;
ПКНФ-000095;20.01.2026;Шайба плоская оц. М12  DIN 125;Оцинкованные метизы (ПК КСС);0.088;1.681;;03.06.2024;20.01.2026;;
ПКНФ-000095;20.01.2026;Реле избыточного давления RVG-20-0.6 (0.6МПа) EKF RVG-20-0.6  (ПК);Датчики уровня, преобразователи, реле (ПК КСС);1;4;;;20.01.2026;;
ПКНФ-000095;20.01.2026;Шайба плоская оц. М8  DIN 125;Оцинкованные метизы (ПК КСС);0.012;1.241;;;20.01.2026;;
ПКНФ-000095;20.01.2026;Гайка шестигр. оц М8 DIN934;Оцинкованные метизы (ПК КСС);0.012;0.743;;;20.01.2026;;
ПКНФ-000095;20.01.2026;Шайба гроверная оц. Ф8 DIN 127;Оцинкованные метизы (ПК КСС);0.012;0.838;;;20.01.2026;;
ПКНФ-000095;20.01.2026;Шаровой кран латунный 1/2"" ВР, с дренажем и воздухоотводчиком, ручка-бабочка, Pride LD 44.344.15;Арматура (ПК КСС);2;37;;;20.01.2026;;
ПКНФ-000095;20.01.2026;Ниппель прямой никелированный 1/2"" НР. LD Pride LD.67.501.15;Арматура (ПК КСС);2;40;;;20.01.2026;;
ПКНФ-000095;20.01.2026;Манометр с поверкой тип ТМ-310Т, 0...0,6МПа, 63 мм, G1/4""(сзади), кл.1,5, корпус-сталь, Росма 000000;Расходомеры, манометры (ПК КСС);1;24;;;20.01.2026;;
ПКНФ-000095;20.01.2026;Манометр с поверкой тип ТМ-310Т.00, 0..1,6 МПа, 63 мм, G1/4""(сзади), кл.1,5, корпус-сталь, Росма 000;Расходомеры, манометры (ПК КСС);1;26;;21.01.2026;20.01.2026;;
ПКНФ-000095;20.01.2026;Муфта никелированная 1/2"" ВР, LD Pride LD.67.502.15;Арматура (ПК КСС);2;26;;;20.01.2026;;
ПКНФ-000095;20.01.2026;Насос CDM1-8FSWPC, 0.55кВт, станд. фланец, 3х220В/3х380В, 50Гц, чугун, 70 С;Насосы CNP (ПК КСС);3;3;;;20.01.2026;;
ПКНФ-000095;20.01.2026;Рым-болт DIN 580 М 12;Оцинкованные метизы (ПК КСС);4;31.992;;;20.01.2026;;
ПКНФ-000095;20.01.2026;Преобразователь давления EKF PRT-100-1.6-1.0-G2;Датчики уровня, преобразователи, реле (ПК КСС);1;35;;;20.01.2026;;
ПКНФ-000095;20.01.2026;Кран шаровой латунный 3/4"" ВР, ручка-бабочка, LD Pride 47.20.В-В.Б;Арматура (ПК КСС);1;16;;;20.01.2026;;
ПКНФ-000095;20.01.2026;Шайба оцинк гровер М12 DIN 127;Оцинкованные метизы (ПК КСС);0.044;1.014;;03.06.2024;20.01.2026;;
ПКНФ-000095;20.01.2026;Прокладка (паронит) 25;Полиэтелен, корсис, прагма, НПВХ (ПК КСС);6;127;;;20.01.2026;;
ПКНФ-000095;20.01.2026;Обратный клапан с латунным сердечником 1"", MVI CV.320.06;Арматура (ПК КСС);3;40;;;20.01.2026;;
ПКНФ-000095;20.01.2026;Болт оцинк. М8х30 DIN 933;Оцинкованные метизы (ПК КСС);0.004;0.618;;;20.01.2026;;
ПКНФ-000095;20.01.2026;Гайка шестигр. оц М12 DIN934;Оцинкованные метизы (ПК КСС);0.044;1.253;;03.06.2024;20.01.2026;;
ПКНФ-000095;20.01.2026;Футорка ник. латун. 1/2х 1/4;Арматура (ПК КСС);1;46;;;20.01.2026;;
ПКНФ-000069;20.01.2026;Резервуар питьевой воды Samitech-ENP-5;Перекупные изделия ЕН;2;0;16.02.2026;16.02.2026;20.01.2026;;
ПКНФ-000070;20.01.2026;Карабин винтовой 5 мм;Крепеж и цепи, тали (ПК КСС);6;186;;;20.01.2026;;
ПКНФ-000070;20.01.2026;Круглый канальный вентилятор BDTX 100;Электротовары КСС ШУ;1;2;;;20.01.2026;;
ПКНФ-000070;20.01.2026;Болт оцинк. М6х40 DIN 933;Оцинкованные метизы (ПК КСС);0.006;0.164;;;20.01.2026;;
ПКНФ-000070;20.01.2026;Кронштейн ""телескопический"" для крепления к стенке колодца L=400-600 мм;Арматура (ПК КСС);3;3;;;20.01.2026;;
ПКНФ-000070;20.01.2026;Болт М12*40 DIN 933 полная резьба  (А2, 12,0, 45,0, DIN 933) ;Нержавеющие метизы (ПК КСС);4;209;;;20.01.2026;;
ПКНФ-000070;20.01.2026;Американка 1"" ВР латунь;Арматура (ПК КСС);3;0;;;20.01.2026;;
ПКНФ-000070;20.01.2026;Скоба такелажная М4;Крепеж и цепи, тали (ПК КСС);6;107;;;20.01.2026;;
ПКНФ-000070;20.01.2026;Переход под. эл. привод, штанга двух-составная L-5128 мм со втулкой на вал шиберной задвижки Ду150,;Арматура (ПК КСС);1;1;;;20.01.2026;;
ПКНФ-000070;20.01.2026;6228.1 КСС ШУК- 2/3 -1,1кВт +Гидростат+ЭЗ+Вентилятор+УХЛ1;Шкафы управления (ПК КСС);1;0;;;20.01.2026;;
ПКНФ-000070;20.01.2026;Кран шаровой полнопроходной, ВР/ВР, ручка бабочка 1"", Stout SVB-0002-200025;Арматура (ПК КСС);2;0;;;20.01.2026;;
ПКНФ-000070;20.01.2026;Труба 110/3,2/2000 наружная канализация;Полиэтелен, корсис, прагма, НПВХ (ПК КСС);1;5;;;20.01.2026;;
ПКНФ-000070;20.01.2026;МПУ-01 диаметром корпуса 26,5 мм бюджетный преобразователь (датчик) уровня гидростатический (МПУ01.1;Датчики уровня, преобразователи, реле (ПК КСС);1;2;;;20.01.2026;;
ПКНФ-000070;20.01.2026;Прокладка (паронит) 550;Полиэтелен, корсис, прагма, НПВХ (ПК КСС);14;0;;;20.01.2026;;
ПКНФ-000070;20.01.2026;6228.1 - Трубопровод;Составные части трубопровода (Пк КСС);1;0;03.12.2025;;20.01.2026;ПКНФ-000074;21.01.2026
ПКНФ-000070;20.01.2026;6228.1 - Рама под УПМ Балка под крышку Стойки для взмучивателя, Конусное дно;Составные части трубопровода (Пк КСС);1;0;03.12.2025;;20.01.2026;ПКНФ-000073;21.01.2026
ПКНФ-000070;20.01.2026;6228.1 - Направляющие под корзину  Площадка Лестница Балка трансп. Корзина, Упор под шибер, Крыш;Составные части трубопровода (Пк КСС);1;0;03.12.2025;;20.01.2026;ПКНФ-000075;21.01.2026
ПКНФ-000070;20.01.2026;Заглушка для трубы 40х40 мм пластик;Расходные материалы (ПК КСС);2;278;;;20.01.2026;;
ПКНФ-000070;20.01.2026;Болт оцинк. М20х60 DIN933;Оцинкованные метизы (ПК КСС);0.012;0.376;;;20.01.2026;;
ПКНФ-000070;20.01.2026;Задвижка 30ч39р Ду50 Pу16 штурвал;Арматура (ПК КСС);5;6;02.02.2026;02.02.2026;20.01.2026;;
ПКНФ-000070;20.01.2026;Болт М18*80 DIN 933 полная резьба  (А2, 18,0, 80,0, DIN 933);Нержавеющие метизы (ПК КСС);8;99;;;20.01.2026;;
ПКНФ-000070;20.01.2026;Задвижка шиб. двухстор. Ду150 Ру10 нев. шток;Арматура (ПК КСС);1;1;;;20.01.2026;;
ПКНФ-000070;20.01.2026;Гайка шестигр. оц. М20 DIN 934 тыс шт;Оцинкованные метизы (ПК КСС);0.06;1.283;;27.06.2024;20.01.2026;;
ПКНФ-000070;20.01.2026;Болт оцинк. М16х80  DIN933;Оцинкованные метизы (ПК КСС);0.064;0.629;;;20.01.2026;;
ПКНФ-000070;20.01.2026;Канализационный насос 50WQ/S218-1.1 стандартный, кабель 10м;Насосы Kaiquan(ПК КСС);2;0;;;20.01.2026;;
ПКНФ-000070;20.01.2026;Канальный фильтр MAGICFILTER 250/100;Электротовары КСС ШУ;1;0;;26.01.2026;20.01.2026;;
ПКНФ-000070;20.01.2026;Клапан обратный шаровой Ду50 Ру16 канализационный;Арматура (ПК КСС);2;2;;;20.01.2026;;
ПКНФ-000070;20.01.2026;Электропривод SP-M-10-W-Y1 IP67 380V ;Арматура (ПК КСС);1;1;;;20.01.2026;;
ПКНФ-000070;20.01.2026;Заглушка для трубы 25х25 мм пластик;Расходные материалы (ПК КСС);2;0;23.04.2024;;20.01.2026;;
ПКНФ-000070;20.01.2026;АТМ Kaiquan WQL DN50;УПМ Kaiquan (Пк КСС);2;2;;;20.01.2026;;
ПКНФ-000070;20.01.2026;Шайба гроверная оц. Ф16 DIN 127;Оцинкованные метизы (ПК КСС);0.064;0.624;;27.06.2024;20.01.2026;;
ПКНФ-000070;20.01.2026;Болт оцинк. М20х80 DIN933;Оцинкованные метизы (ПК КСС);0.048;0.028;;27.06.2024;20.01.2026;;
ПКНФ-000070;20.01.2026;Навесной замок с ключом GPLK-50L;Оцинкованные метизы (ПК КСС);1;84;;20.01.2025;20.01.2026;;
ПКНФ-000070;20.01.2026;Шайба гровер М20 DIN 127 (А2, DIN 127);Нержавеющие метизы (ПК КСС);16;2057;;;20.01.2026;;
ПКНФ-000070;20.01.2026;Гайка шестигр. оц М16  (тыс шт);Оцинкованные метизы (ПК КСС);0.064;0.105;;27.06.2024;20.01.2026;;
ПКНФ-000070;20.01.2026;Шпилька М10 L1000 (А2, DIN975);Нержавеющие метизы (ПК КСС);1;6;;;20.01.2026;;
ПКНФ-000070;20.01.2026;Шпилька М20 L1000 (А2, DIN975);Нержавеющие метизы (ПК КСС);2;15;;;20.01.2026;;
ПКНФ-000070;20.01.2026;Анкерный болт с гайкой 12*120 HNM ПК (тыс);Оцинкованные метизы (ПК КСС);0.012;0.217;;;20.01.2026;;
ПКНФ-000070;20.01.2026;Болт М10*60 DIN 933 полная резьба  (А2, 10,0, 60,0, DIN 933);Нержавеющие метизы (ПК КСС);50;1168;;;20.01.2026;;
ПКНФ-000070;20.01.2026;Болт М12*80 DIN 933 полная резьба  (А2, 12,0, 80,0, DIN 933);Нержавеющие метизы (ПК КСС);8;80;;;20.01.2026;;
ПКНФ-000070;20.01.2026;Гайка М10 DIN 934  (А2, 10,0, DIN 934);Нержавеющие метизы (ПК КСС);58;710;;19.06.2024;20.01.2026;;
ПКНФ-000070;20.01.2026;Гайка М12 DIN 934  (А2, 12,0, DIN 934);Нержавеющие метизы (ПК КСС);12;1064;;;20.01.2026;;
ПКНФ-000070;20.01.2026;Гайка М18 DIN 934  (А2, 18,0, DIN 934);Нержавеющие метизы (ПК КСС);8;514;;;20.01.2026;;
ПКНФ-000070;20.01.2026;Гайка М20 DIN 934  (А2, 20,0, DIN 934);Нержавеющие метизы (ПК КСС);16;243;;;20.01.2026;;
ПКНФ-000070;20.01.2026;Грибок канализационный;Полиэтелен, корсис, прагма, НПВХ (ПК КСС);1;38;;27.01.2026;20.01.2026;;
ПКНФ-000070;20.01.2026;Карабин винтовой 4 мм;Крепеж и цепи, тали (ПК КСС);6;67;;;20.01.2026;;
ПКНФ-000070;20.01.2026;Манжета резиновая переходная D 110/124 Уп., черн;Полиэтелен, корсис, прагма, НПВХ (ПК КСС);2;63;;;20.01.2026;;
ПКНФ-000070;20.01.2026;Манжета резиновая переходная D 50/72 Уп., черн;Полиэтелен, корсис, прагма, НПВХ (ПК КСС);1;150;;;20.01.2026;;
ПКНФ-000070;20.01.2026;Отвод 90 гр. НПВХ DN110;Полиэтелен, корсис, прагма, НПВХ (ПК КСС);2;42;;;20.01.2026;;
ПКНФ-000070;20.01.2026;Поплавковый выключатель RL-1 10м;Датчики уровня, преобразователи, реле (ПК КСС);2;59;;05.02.2025;20.01.2026;;
ПКНФ-000070;20.01.2026;Прокладка (паронит) 150;Полиэтелен, корсис, прагма, НПВХ (ПК КСС);2;54;;;20.01.2026;;
ПКНФ-000070;20.01.2026;Проушина прямая 30х70мм;Расходные материалы (ПК КСС);2;249;;;20.01.2026;;
ПКНФ-000070;20.01.2026;Рым-гайка DIN 582 М10;Крепеж и цепи, тали (ПК КСС);6;61;;;20.01.2026;;
ПКНФ-000070;20.01.2026;Рым-гайка DIN 582 М 6;Крепеж и цепи, тали (ПК КСС);0.006;0.077;;17.02.2025;20.01.2026;;
ПКНФ-000070;20.01.2026;Скоба с вкручивающимся штифтом 0,33 т, 1/2т 1/4, тип G209, для насосов до 250 кг;Крепеж и цепи, тали (ПК КСС);6;5;;23.01.2026;20.01.2026;;
ПКНФ-000070;20.01.2026;Труба 110/3,2/0560 наружная канализация;Полиэтелен, корсис, прагма, НПВХ (ПК КСС);3;133;;;20.01.2026;;
ПКНФ-000070;20.01.2026;Труба двустенная для электропроводки d110 с протяжкой(внутр. d94)/ДКС ;Полиэтелен, корсис, прагма, НПВХ (ПК КСС);3;185;;;20.01.2026;;
ПКНФ-000070;20.01.2026;Труба двустенная для электропроводки d50 с протяжкой(внутр. d41,5) [ДКС] (код 19735) 121950;Полиэтелен, корсис, прагма, НПВХ (ПК КСС);3;117;;;20.01.2026;;
ПКНФ-000070;20.01.2026;Цепь короткозвенная 4мм DIN766 оцинк;Крепеж и цепи, тали (ПК КСС);13.9;353.56;;05.07.2024;20.01.2026;;
ПКНФ-000070;20.01.2026;Цепь Т6-6х18 мм ГОСТ 30441-97 (покрытие хим.окс.);Крепеж и цепи, тали (ПК КСС);21.6;44.7;;;20.01.2026;;
ПКНФ-000070;20.01.2026;Шайба  гровер М12 DIN 127 (А2, DIN 127);Нержавеющие метизы (ПК КСС);12;934.964;;;20.01.2026;;
ПКНФ-000070;20.01.2026;Шайба  гровер М18 DIN 127 (А2, DIN 127);Нержавеющие метизы (ПК КСС);8;1614;;;20.01.2026;;
ПКНФ-000070;20.01.2026;Шайба гроверная оц.М20 DIN 127;Оцинкованные метизы (ПК КСС);0.06;1.272;;;20.01.2026;;
ПКНФ-000070;20.01.2026;Шайба М10 DIN 125  (А2, DIN 125);Нержавеющие метизы (ПК КСС);116;170;;;20.01.2026;;
ПКНФ-000070;20.01.2026;Шайба  гровер М10 DIN 127 (А2, DIN 127);Нержавеющие метизы (ПК КСС);58;0;;;20.01.2026;;
ПКНФ-000070;20.01.2026;Шайба М12 DIN 125  (А2, DIN 125);Нержавеющие метизы (ПК КСС);24;543;;;20.01.2026;;
ПКНФ-000070;20.01.2026;Шайба М18 DIN 125  (А2, DIN 125);Нержавеющие метизы (ПК КСС);16;932;;;20.01.2026;;
ПКНФ-000070;20.01.2026;Шайба М20 DIN 125  (А2, DIN 125);Нержавеющие метизы (ПК КСС);16;1510;;;20.01.2026;;
ПКНФ-000070;20.01.2026;Шайба плоская оц. М6 DIN 125;Оцинкованные метизы (ПК КСС);0.006;0.624;;25.08.2025;20.01.2026;;
ПКНФ-000070;20.01.2026;Шайба плоская оц.М16  DIN 125;Оцинкованные метизы (ПК КСС);0.128;1.468;;27.06.2024;20.01.2026;;
ПКНФ-000070;20.01.2026;Шайба плоская оц.М20  DIN 125;Оцинкованные метизы (ПК КСС);0.12;0.728;;27.06.2024;20.01.2026;;
ПКНФ-000082;21.01.2026;Карабин винтовой 5 мм;Крепеж и цепи, тали (ПК КСС);6;192;;;21.01.2026;;
ПКНФ-000082;21.01.2026;Автоматическая трубная муфта для насоса WQ DN200, TO-200, мощность 0.55кВт и выше (ПК);УПМ СNP (ПК КСС);3;0;;15.01.2026;21.01.2026;;
ПКНФ-000082;21.01.2026;7024.1 КСС ШУКПП- 3/3 -18,5кВт +УХЛ1;Шкафы управления (ПК КСС);1;0;02.02.2026;;21.01.2026;;
ПКНФ-000082;21.01.2026;Насос 200WQ250-15-18.5AC(I), 18.5кВт, без АТМ DN200, 4-х полюс.;Насосы CNP (ПК КСС);3;0;25.02.2026;25.02.2026;21.01.2026;;
ПКНФ-000082;21.01.2026;7024.1 - Трубопровод;Составные части трубопровода (Пк КСС);1;0;23.01.2026;;21.01.2026;ПКНФ-001459;29.12.2025
ПКНФ-000082;21.01.2026;7024.1 - Рама под УПМ, Балка под крышку;Составные части трубопровода (Пк КСС);1;0;02.02.2026;;21.01.2026;ПКНФ-001457;29.12.2025
ПКНФ-000082;21.01.2026;7024.1 - Направляющие под корзину  Площадка Лестница Балка транспортировочная Корзина;Составные части трубопровода (Пк КСС);1;0;23.01.2026;;21.01.2026;ПКНФ-001458;29.12.2025
ПКНФ-000082;21.01.2026;Болт оцинк. М6х40 DIN 933;Оцинкованные метизы (ПК КСС);0.006;0.17;;;21.01.2026;;
ПКНФ-000082;21.01.2026;Труба э/с 108*4,0 ГОСТ 10704-91;СНГ;0.088;0.18;;;21.01.2026;;
ПКНФ-000082;21.01.2026;Болт М12*40 DIN 933 полная резьба  (А2, 12,0, 45,0, DIN 933) ;Нержавеющие метизы (ПК КСС);9;218;;;21.01.2026;;
ПКНФ-000082;21.01.2026;Скоба такелажная М4;Крепеж и цепи, тали (ПК КСС);10;117;;;21.01.2026;;
ПКНФ-000082;21.01.2026;Труба 25х25х2  ГОСТ;Черные трубы, листы, круги (ПК КСС);116;214;;;21.01.2026;;
ПКНФ-000082;21.01.2026;Труба 60х30х2 ГОСТ 8639-82;Черные трубы, листы, круги (ПК КСС);18;121;;;21.01.2026;;
ПКНФ-000082;21.01.2026;Труба 400/9,8/580 наружная канализация;Полиэтелен, корсис, прагма, НПВХ (ПК КСС);1;0;;;21.01.2026;;
ПКНФ-000082;21.01.2026;Заглушка для трубы 40х40 мм пластик;Расходные материалы (ПК КСС);2;280;;;21.01.2026;;
ПКНФ-000082;21.01.2026;Болт оцинк. М20х60 DIN933;Оцинкованные метизы (ПК КСС);0.012;0.388;;;21.01.2026;;
ПКНФ-000082;21.01.2026;Клапан обратный шаровой DN200 PN10 канализационный;Арматура (ПК КСС);3;3;02.02.2026;02.02.2026;21.01.2026;;
ПКНФ-000082;21.01.2026;Гайка шестигр. оц. М20 DIN 934 тыс шт;Оцинкованные метизы (ПК КСС);0.084;1.319;;27.06.2024;21.01.2026;;
ПКНФ-000082;21.01.2026;Болт оцинк. М16х80  DIN933;Оцинкованные метизы (ПК КСС);0.022;0.635;;;21.01.2026;;
ПКНФ-000082;21.01.2026;Труба э/с 40х2 ГОСТ;Черные трубы, листы, круги (ПК КСС);71;108;;;21.01.2026;;
ПКНФ-000082;21.01.2026;Труба э/с 60х2,6 ГОСТ;Черные трубы, листы, круги (ПК КСС);12;87;;;21.01.2026;;
ПКНФ-000082;21.01.2026;Труба э/с 530х8 ГОСТ 10705-80;Черные трубы, листы, круги (ПК КСС);13;95;;;21.01.2026;;
ПКНФ-000082;21.01.2026;Труба э/с 325х7 ГОСТ 10705-80;Черные трубы, листы, круги (ПК КСС);14;114;;;21.01.2026;;
ПКНФ-000082;21.01.2026;Труба э/с 159х4,5 ГОСТ 10704-91;Черные трубы, листы, круги (ПК КСС);0.067;0.1;;;21.01.2026;;
ПКНФ-000082;21.01.2026;Труба э/с 133х4,0 ГОСТ 10704-91;Черные трубы, листы, круги (ПК КСС);17;17;;;21.01.2026;;
ПКНФ-000082;21.01.2026;Труба 50х25х2  ГОСТ 8639-82;Черные трубы, листы, круги (ПК КСС);13;156;;;21.01.2026;;
ПКНФ-000082;21.01.2026;Труба 40х25х2 ГОСТ;Черные трубы, листы, круги (ПК КСС);88;173;;;21.01.2026;;
ПКНФ-000082;21.01.2026;Задвижка 30ч39р Ду200 Pу10 штурвал;Арматура (ПК КСС);3;3;02.02.2026;02.02.2026;21.01.2026;;
ПКНФ-000082;21.01.2026;Заглушка для трубы 25х25 мм пластик;Расходные материалы (ПК КСС);4;0;23.04.2024;;21.01.2026;;
ПКНФ-000082;21.01.2026;Шайба гроверная оц. Ф16 DIN 127;Оцинкованные метизы (ПК КСС);0.022;0.63;;27.06.2024;21.01.2026;;
ПКНФ-000082;21.01.2026;Труба 60х40х4  ГОСТ 8639-82;Черные трубы, листы, круги (ПК КСС);84;201;;;21.01.2026;;
ПКНФ-000082;21.01.2026;Болт оцинк. М20х80 DIN933;Оцинкованные метизы (ПК КСС);0.072;0.1;;27.06.2024;21.01.2026;;
ПКНФ-000082;21.01.2026;Навесной замок с ключом GPLK-50L;Оцинкованные метизы (ПК КСС);2;86;;20.01.2025;21.01.2026;;
ПКНФ-000082;21.01.2026;Труба 20х20х2 ГОСТ 8639-82;Черные трубы, листы, круги (ПК КСС);100;289.8;;29.01.2024;21.01.2026;;
ПКНФ-000082;21.01.2026;Шайба гровер М20 DIN 127 (А2, DIN 127);Нержавеющие метизы (ПК КСС);12;2053;;;21.01.2026;;
ПКНФ-000082;21.01.2026;Гайка шестигр. оц М16  (тыс шт);Оцинкованные метизы (ПК КСС);0.022;0.111;;27.06.2024;21.01.2026;;
ПКНФ-000082;21.01.2026;Труба 40х20х1.5 ГОСТ 8645-68;Черные трубы, листы, круги (ПК КСС);29;111;;;21.01.2026;;
ПКНФ-000082;21.01.2026;Труба ВГП ОЦ 40х3 ГОСТ 3262-75 (м);Черные трубы, листы, круги (ПК КСС);32.4;119.2;;;21.01.2026;;
ПКНФ-000082;21.01.2026;Труба 40х40х3 ГОСТ 8639-82;Черные трубы, листы, круги (ПК КСС);100;205.4;;;21.01.2026;;
ПКНФ-000082;21.01.2026;Труба 40х20х2 ГОСТ 8639-82;Черные трубы, листы, круги (ПК КСС);18;118.5;;29.01.2024;21.01.2026;;
ПКНФ-000082;21.01.2026;Труба 60х60х2  ГОСТ 8639-82;Черные трубы, листы, круги (ПК КСС);76;207;;;21.01.2026;;
ПКНФ-000082;21.01.2026;Шпилька М10 L1000 (А2, DIN975);Нержавеющие метизы (ПК КСС);2;9;;;21.01.2026;;
ПКНФ-000082;21.01.2026;Анкерный болт с гайкой 16*180 HNM тыс;Оцинкованные метизы (ПК КСС);0.02;0.54;;10.06.2024;21.01.2026;;
ПКНФ-000082;21.01.2026;Болт М10*60 DIN 933 полная резьба  (А2, 10,0, 60,0, DIN 933);Нержавеющие метизы (ПК КСС);50;1218;;;21.01.2026;;
ПКНФ-000082;21.01.2026;Болт М16*80 DIN 933 полная резьба  (А2, 16,0, 80,0, DIN 933);Нержавеющие метизы (ПК КСС);24;348;;;21.01.2026;;
ПКНФ-000082;21.01.2026;Болт М20*80 DIN 933 полная резьба  (А2, 20,0, 80,0, DIN 933);Нержавеющие метизы (ПК КСС);12;48;;;21.01.2026;;
ПКНФ-000082;21.01.2026;Гайка М10 DIN 934  (А2, 10,0, DIN 934);Нержавеющие метизы (ПК КСС);50;756;;19.06.2024;21.01.2026;;
ПКНФ-000082;21.01.2026;Гайка М12 DIN 934  (А2, 12,0, DIN 934);Нержавеющие метизы (ПК КСС);21;1077;;;21.01.2026;;
ПКНФ-000082;21.01.2026;Гайка М16 DIN 934  (А2, 16,0, DIN 934);Нержавеющие метизы (ПК КСС);24;408;15.05.2024;25.04.2024;21.01.2026;;
ПКНФ-000082;21.01.2026;Гайка М20 DIN 934  (А2, 20,0, DIN 934);Нержавеющие метизы (ПК КСС);12;239;;;21.01.2026;;
ПКНФ-000082;21.01.2026;Грибок канализационный;Полиэтелен, корсис, прагма, НПВХ (ПК КСС);1;39;;27.01.2026;21.01.2026;;
ПКНФ-000082;21.01.2026;Карабин винтовой 4 мм;Крепеж и цепи, тали (ПК КСС);10;77;;;21.01.2026;;
ПКНФ-000082;21.01.2026;Манжета резиновая переходная D 110/124 Уп., черн;Полиэтелен, корсис, прагма, НПВХ (ПК КСС);4;67;;;21.01.2026;;
ПКНФ-000082;21.01.2026;Манжета резиновая переходная D 50/72 Уп., черн;Полиэтелен, корсис, прагма, НПВХ (ПК КСС);1;151;;;21.01.2026;;
ПКНФ-000082;21.01.2026;Муфта Корсис DN400 (OD);Полиэтелен, корсис, прагма, НПВХ (ПК КСС);1;5;;;21.01.2026;;
ПКНФ-000082;21.01.2026;Отвод 90 гр. НПВХ DN110;Полиэтелен, корсис, прагма, НПВХ (ПК КСС);1;42;;;21.01.2026;;
ПКНФ-000082;21.01.2026;Поплавковый выключатель RL-1 10м;Датчики уровня, преобразователи, реле (ПК КСС);4;65;;05.02.2025;21.01.2026;;
ПКНФ-000082;21.01.2026;Прокладка (паронит) 200;Полиэтелен, корсис, прагма, НПВХ (ПК КСС);12;83;;;21.01.2026;;
ПКНФ-000082;21.01.2026;Проушина прямая 30х70мм;Расходные материалы (ПК КСС);4;253;;;21.01.2026;;
ПКНФ-000082;21.01.2026;Рым-гайка DIN 582 М10;Крепеж и цепи, тали (ПК КСС);6;67;;;21.01.2026;;
ПКНФ-000082;21.01.2026;Рым-гайка DIN 582 М 6;Крепеж и цепи, тали (ПК КСС);0.006;0.083;;17.02.2025;21.01.2026;;
ПКНФ-000082;21.01.2026;Скоба с вкручивающимся штифтом 0,33 т, 1/2т 1/4, тип G209, для насосов до 250 кг;Крепеж и цепи, тали (ПК КСС);6;17;;23.01.2026;21.01.2026;;
ПКНФ-000082;21.01.2026;Труба 110/3,2/0560 наружная канализация;Полиэтелен, корсис, прагма, НПВХ (ПК КСС);2;134;;;21.01.2026;;
ПКНФ-000082;21.01.2026;Труба двустенная для электропроводки d110 с протяжкой(внутр. d94)/ДКС ;Полиэтелен, корсис, прагма, НПВХ (ПК КСС);3;188;;;21.01.2026;;
ПКНФ-000082;21.01.2026;Труба двустенная для электропроводки d50 с протяжкой(внутр. d41,5) [ДКС] (код 19735) 121950;Полиэтелен, корсис, прагма, НПВХ (ПК КСС);3;120;;;21.01.2026;;
ПКНФ-000082;21.01.2026;Цепь короткозвенная 4мм DIN766 оцинк;Крепеж и цепи, тали (ПК КСС);18.4;369.16;;05.07.2024;21.01.2026;;
ПКНФ-000082;21.01.2026;Цепь Т6-6х18 мм ГОСТ 30441-97 (покрытие хим.окс.);Крепеж и цепи, тали (ПК КСС);22.8;61.5;;;21.01.2026;;
ПКНФ-000082;21.01.2026;Шайба  гровер М12 DIN 127 (А2, DIN 127);Нержавеющие метизы (ПК КСС);21;951.964;;;21.01.2026;;
ПКНФ-000082;21.01.2026;Шайба гроверная оц.М20 DIN 127;Оцинкованные метизы (ПК КСС);0.084;1.308;;;21.01.2026;;
ПКНФ-000082;21.01.2026;Шайба М10 DIN 125  (А2, DIN 125);Нержавеющие метизы (ПК КСС);100;262;;;21.01.2026;;
ПКНФ-000082;21.01.2026;Шайба  гровер М10 DIN 127 (А2, DIN 127);Нержавеющие метизы (ПК КСС);50;0;;;21.01.2026;;
ПКНФ-000082;21.01.2026;Шайба М12 DIN 125  (А2, DIN 125);Нержавеющие метизы (ПК КСС);42;562;;;21.01.2026;;
ПКНФ-000082;21.01.2026;Шайба М16 DIN 125  (А2, DIN 125);Нержавеющие метизы (ПК КСС);48;1043;;;21.01.2026;;
ПКНФ-000082;21.01.2026;Шайба гровер М16 DIN 127 (А2, DIN 127);Нержавеющие метизы (ПК КСС);24;1872;;;21.01.2026;;
ПКНФ-000082;21.01.2026;Шайба М20 DIN 125  (А2, DIN 125);Нержавеющие метизы (ПК КСС);24;1518;;;21.01.2026;;
ПКНФ-000082;21.01.2026;Шайба плоская оц. М6 DIN 125;Оцинкованные метизы (ПК КСС);0.006;0.63;;25.08.2025;21.01.2026;;
ПКНФ-000082;21.01.2026;Шайба плоская оц.М16  DIN 125;Оцинкованные метизы (ПК КСС);0.044;1.48;;27.06.2024;21.01.2026;;
ПКНФ-000082;21.01.2026;Шайба плоская оц.М20  DIN 125;Оцинкованные метизы (ПК КСС);0.168;0.8;;27.06.2024;21.01.2026;;
ПКНФ-000091;21.01.2026;Карабин винтовой 5 мм;Крепеж и цепи, тали (ПК КСС);6;192;;;21.01.2026;;
ПКНФ-000091;21.01.2026;7024.2 КСС ШУК- 2/3 -7,5кВт +УХЛ1;Шкафы управления (ПК КСС);1;0;;;21.01.2026;;
ПКНФ-000091;21.01.2026;Насос 100WQ70-17-7.5ACW(I), 7.5кВт, без АТМ DN100, с реж.механизмом, 2-х полюс.;Насосы CNP (ПК КСС);2;0;09.02.2026;09.02.2026;21.01.2026;;
ПКНФ-000091;21.01.2026;7024.2 - Трубопровод;Составные части трубопровода (Пк КСС);1;0;29.01.2026;;21.01.2026;ПКНФ-001463;29.12.2025
ПКНФ-000091;21.01.2026;7024.2 - Рама под УПМ, Балка под крышку;Составные части трубопровода (Пк КСС);1;0;02.02.2026;;21.01.2026;ПКНФ-001462;29.12.2025
ПКНФ-000091;21.01.2026;7024.2 - Направляющие под корзину  Площадка Лестница Балка транспортировочная Корзина;Составные части трубопровода (Пк КСС);1;0;02.02.2026;;21.01.2026;ПКНФ-001464;29.12.2025
ПКНФ-000091;21.01.2026;Болт оцинк. М6х40 DIN 933;Оцинкованные метизы (ПК КСС);0.006;0.17;;;21.01.2026;;
ПКНФ-000091;21.01.2026;Автоматическая трубная муфта для насоса WQ DN100, TOS-100, мощность до 15кВт включительно (ПК);УПМ СNP (ПК КСС);2;0;;;21.01.2026;;
ПКНФ-000091;21.01.2026;Труба э/с 108*4,0 ГОСТ 10704-91;СНГ;0.092;0.18;;;21.01.2026;;
ПКНФ-000091;21.01.2026;Болт М12*40 DIN 933 полная резьба  (А2, 12,0, 45,0, DIN 933) ;Нержавеющие метизы (ПК КСС);4;218;;;21.01.2026;;
ПКНФ-000091;21.01.2026;Скоба такелажная М4;Крепеж и цепи, тали (ПК КСС);6;117;;;21.01.2026;;
ПКНФ-000091;21.01.2026;Труба 25х25х2  ГОСТ;Черные трубы, листы, круги (ПК КСС);85;214;;;21.01.2026;;
ПКНФ-000091;21.01.2026;Труба 60х30х2 ГОСТ 8639-82;Черные трубы, листы, круги (ПК КСС);103;121;;;21.01.2026;;
ПКНФ-000091;21.01.2026;Заглушка для трубы 40х40 мм пластик;Расходные материалы (ПК КСС);2;280;;;21.01.2026;;
ПКНФ-000091;21.01.2026;Болт оцинк. М20х60 DIN933;Оцинкованные метизы (ПК КСС);0.012;0.388;;;21.01.2026;;
ПКНФ-000091;21.01.2026;Гайка шестигр. оц. М20 DIN 934 тыс шт;Оцинкованные метизы (ПК КСС);0.012;1.319;;27.06.2024;21.01.2026;;
ПКНФ-000091;21.01.2026;Болт оцинк. М16х80  DIN933;Оцинкованные метизы (ПК КСС);0.048;0.635;;;21.01.2026;;
ПКНФ-000091;21.01.2026;Труба э/с 40х2 ГОСТ;Черные трубы, листы, круги (ПК КСС);37;108;;;21.01.2026;;
ПКНФ-000091;21.01.2026;Труба э/с 60х2,6 ГОСТ;Черные трубы, листы, круги (ПК КСС);75;87;;;21.01.2026;;
ПКНФ-000091;21.01.2026;Труба э/с 530х8 ГОСТ 10705-80;Черные трубы, листы, круги (ПК КСС);82;95;;;21.01.2026;;
ПКНФ-000091;21.01.2026;Труба э/с 325х7 ГОСТ 10705-80;Черные трубы, листы, круги (ПК КСС);100;114;;;21.01.2026;;
ПКНФ-000091;21.01.2026;Труба э/с 159х4,5 ГОСТ 10704-91;Черные трубы, листы, круги (ПК КСС);0.033;0.1;;;21.01.2026;;
ПКНФ-000091;21.01.2026;Труба 50х25х2  ГОСТ 8639-82;Черные трубы, листы, круги (ПК КСС);116;156;;;21.01.2026;;
ПКНФ-000091;21.01.2026;Труба 40х25х2 ГОСТ;Черные трубы, листы, круги (ПК КСС);85;173;;;21.01.2026;;
ПКНФ-000091;21.01.2026;Заглушка для трубы 25х25 мм пластик;Расходные материалы (ПК КСС);2;0;23.04.2024;;21.01.2026;;
ПКНФ-000091;21.01.2026;Шайба гроверная оц. Ф16 DIN 127;Оцинкованные метизы (ПК КСС);0.048;0.63;;27.06.2024;21.01.2026;;
ПКНФ-000091;21.01.2026;Труба 60х40х4  ГОСТ 8639-82;Черные трубы, листы, круги (ПК КСС);113;201;;;21.01.2026;;
ПКНФ-000091;21.01.2026;Навесной замок с ключом GPLK-50L;Оцинкованные метизы (ПК КСС);1;86;;20.01.2025;21.01.2026;;
ПКНФ-000091;21.01.2026;Труба 20х20х2 ГОСТ 8639-82;Черные трубы, листы, круги (ПК КСС);150;289.8;;29.01.2024;21.01.2026;;
ПКНФ-000091;21.01.2026;Гайка шестигр. оц М16  (тыс шт);Оцинкованные метизы (ПК КСС);0.048;0.111;;27.06.2024;21.01.2026;;
ПКНФ-000091;21.01.2026;Труба 40х20х1.5 ГОСТ 8645-68;Черные трубы, листы, круги (ПК КСС);82;111;;;21.01.2026;;
ПКНФ-000091;21.01.2026;Труба 40х40х2 ГОСТ 8639-82;Черные трубы, листы, круги (ПК КСС);100;197.2;;;21.01.2026;;
ПКНФ-000091;21.01.2026;Труба ВГП ОЦ 50х3,5  ГОСТ 3262-75 (м);Черные трубы, листы, круги (ПК КСС);19.2;103;11.11.2025;11.11.2025;21.01.2026;;
ПКНФ-000091;21.01.2026;Труба 40х40х3 ГОСТ 8639-82;Черные трубы, листы, круги (ПК КСС);85;205.4;;;21.01.2026;;
ПКНФ-000091;21.01.2026;Труба 40х20х2 ГОСТ 8639-82;Черные трубы, листы, круги (ПК КСС);71;118.5;;29.01.2024;21.01.2026;;
ПКНФ-000091;21.01.2026;Труба 60х40х2 ГОСТ 8645-68;Черные трубы, листы, круги (ПК КСС);87;87;;;21.01.2026;;
ПКНФ-000091;21.01.2026;Труба 60х60х2  ГОСТ 8639-82;Черные трубы, листы, круги (ПК КСС);131;207;;;21.01.2026;;
ПКНФ-000091;21.01.2026;Шпилька М10 L1000 (А2, DIN975);Нержавеющие метизы (ПК КСС);4;9;;;21.01.2026;;
ПКНФ-000091;21.01.2026;Анкерный болт с гайкой 16*180 HNM тыс;Оцинкованные метизы (ПК КСС);0.016;0.54;;10.06.2024;21.01.2026;;
ПКНФ-000091;21.01.2026;Болт М10*60 DIN 933 полная резьба  (А2, 10,0, 60,0, DIN 933);Нержавеющие метизы (ПК КСС);50;1218;;;21.01.2026;;
ПКНФ-000091;21.01.2026;Болт М16*80 DIN 933 полная резьба  (А2, 16,0, 80,0, DIN 933);Нержавеющие метизы (ПК КСС);16;348;;;21.01.2026;;
ПКНФ-000091;21.01.2026;Гайка М10 DIN 934  (А2, 10,0, DIN 934);Нержавеющие метизы (ПК КСС);54;756;;19.06.2024;21.01.2026;;
ПКНФ-000091;21.01.2026;Гайка М12 DIN 934  (А2, 12,0, DIN 934);Нержавеющие метизы (ПК КСС);4;1077;;;21.01.2026;;
ПКНФ-000091;21.01.2026;Гайка М16 DIN 934  (А2, 16,0, DIN 934);Нержавеющие метизы (ПК КСС);16;408;25.04.2024;25.04.2024;21.01.2026;;
ПКНФ-000091;21.01.2026;Грибок канализационный;Полиэтелен, корсис, прагма, НПВХ (ПК КСС);1;39;;27.01.2026;21.01.2026;;
ПКНФ-000091;21.01.2026;Задвижка клиновая Ду100 Ру16 штурвал 30ч39р;Арматура (ПК КСС);2;8;;;21.01.2026;;
ПКНФ-000091;21.01.2026;Карабин винтовой 4 мм;Крепеж и цепи, тали (ПК КСС);6;77;;;21.01.2026;;
ПКНФ-000091;21.01.2026;Клапан обратный шаровой DN100 PN16 канализационный;Арматура (ПК КСС);2;6;;;21.01.2026;;
ПКНФ-000091;21.01.2026;Манжета резиновая переходная D 110/124 Уп., черн;Полиэтелен, корсис, прагма, НПВХ (ПК КСС);2;67;;;21.01.2026;;
ПКНФ-000091;21.01.2026;Манжета резиновая переходная D 50/72 Уп., черн;Полиэтелен, корсис, прагма, НПВХ (ПК КСС);1;151;;;21.01.2026;;
ПКНФ-000091;21.01.2026;Муфта Корсис DN200 (OD);Полиэтелен, корсис, прагма, НПВХ (ПК КСС);1;14;;;21.01.2026;;
ПКНФ-000091;21.01.2026;Отвод 90 гр. НПВХ DN110;Полиэтелен, корсис, прагма, НПВХ (ПК КСС);1;42;;;21.01.2026;;
ПКНФ-000091;21.01.2026;Поплавковый выключатель RL-1 10м;Датчики уровня, преобразователи, реле (ПК КСС);4;65;;05.02.2025;21.01.2026;;
ПКНФ-000091;21.01.2026;Прокладка (паронит) 100;Полиэтелен, корсис, прагма, НПВХ (ПК КСС);8;94;;;21.01.2026;;
ПКНФ-000091;21.01.2026;Проушина прямая 30х70мм;Расходные материалы (ПК КСС);2;253;;;21.01.2026;;
ПКНФ-000091;21.01.2026;Рым-гайка DIN 582 М10;Крепеж и цепи, тали (ПК КСС);6;67;;;21.01.2026;;
ПКНФ-000091;21.01.2026;Рым-гайка DIN 582 М 6;Крепеж и цепи, тали (ПК КСС);0.006;0.083;;17.02.2025;21.01.2026;;
ПКНФ-000091;21.01.2026;Скоба с вкручивающимся штифтом 0,33 т, 1/2т 1/4, тип G209, для насосов до 250 кг;Крепеж и цепи, тали (ПК КСС);6;17;;23.01.2026;21.01.2026;;
ПКНФ-000091;21.01.2026;Труба 110/3,2/0560 наружная канализация;Полиэтелен, корсис, прагма, НПВХ (ПК КСС);2;134;;;21.01.2026;;
ПКНФ-000091;21.01.2026;Труба 200/4,9/1200 наружная канализация;Полиэтелен, корсис, прагма, НПВХ (ПК КСС);0.5;11.5;;;21.01.2026;;
ПКНФ-000091;21.01.2026;Труба двустенная для электропроводки d110 с протяжкой(внутр. d94)/ДКС ;Полиэтелен, корсис, прагма, НПВХ (ПК КСС);3;188;;;21.01.2026;;
ПКНФ-000091;21.01.2026;Труба двустенная для электропроводки d50 с протяжкой(внутр. d41,5) [ДКС] (код 19735) 121950;Полиэтелен, корсис, прагма, НПВХ (ПК КСС);3;120;;;21.01.2026;;
ПКНФ-000091;21.01.2026;Цепь короткозвенная 4мм DIN766 оцинк;Крепеж и цепи, тали (ПК КСС);11.1;369.16;;05.07.2024;21.01.2026;;
ПКНФ-000091;21.01.2026;Цепь Т6-6х18 мм ГОСТ 30441-97 (покрытие хим.окс.);Крепеж и цепи, тали (ПК КСС);15.6;61.5;;;21.01.2026;;
ПКНФ-000091;21.01.2026;Шайба  гровер М12 DIN 127 (А2, DIN 127);Нержавеющие метизы (ПК КСС);8;951.964;;;21.01.2026;;
ПКНФ-000091;21.01.2026;Шайба гроверная оц.М20 DIN 127;Оцинкованные метизы (ПК КСС);0.012;1.308;;;21.01.2026;;
ПКНФ-000091;21.01.2026;Шайба М10 DIN 125  (А2, DIN 125);Нержавеющие метизы (ПК КСС);108;262;;;21.01.2026;;
ПКНФ-000091;21.01.2026;Шайба  гровер М10 DIN 127 (А2, DIN 127);Нержавеющие метизы (ПК КСС);54;0;;;21.01.2026;;
ПКНФ-000091;21.01.2026;Шайба М12 DIN 125  (А2, DIN 125);Нержавеющие метизы (ПК КСС);1;562;;;21.01.2026;;
ПКНФ-000091;21.01.2026;Шайба М16 DIN 125  (А2, DIN 125);Нержавеющие метизы (ПК КСС);32;1043;;;21.01.2026;;
ПКНФ-000091;21.01.2026;Шайба гровер М16 DIN 127 (А2, DIN 127);Нержавеющие метизы (ПК КСС);16;1872;;;21.01.2026;;
ПКНФ-000091;21.01.2026;Шайба плоская оц. М6 DIN 125;Оцинкованные метизы (ПК КСС);0.006;0.63;;25.08.2025;21.01.2026;;
ПКНФ-000091;21.01.2026;Шайба плоская оц.М16  DIN 125;Оцинкованные метизы (ПК КСС);0.096;1.48;;27.06.2024;21.01.2026;;
ПКНФ-000091;21.01.2026;Шайба плоская оц.М20  DIN 125;Оцинкованные метизы (ПК КСС);0.024;0.8;;27.06.2024;21.01.2026;;
ПКНФ-000072;21.01.2026;Пуролат-Стандарт"" из антрацита фр.3,0-7,0 мм с учетом упаковки (полиэтиленовые мешки по 22,5кг (25 л;Засыпки и сорбенты для ЛОС, Водоподготовка;0.04;1.925;;;21.01.2026;;
ПКНФ-000072;21.01.2026;Песок кварцевый фр. 10,0-20,0;Засыпки и сорбенты для ЛОС, Водоподготовка;0.95;0;09.03.2026;30.01.2026;21.01.2026;;
ПКНФ-000072;21.01.2026;Коалесцентный модуль 3М-ОДГ-60/25/0,5;Засыпки и сорбенты для ЛОС, Водоподготовка;2;4;;;21.01.2026;;
ПКНФ-000072;21.01.2026;Сорбент Rx-Sorb, мешок гео ткань 62,5 л м3;Засыпки и сорбенты для ЛОС, Водоподготовка;0.04;1377.57;29.01.2026;29.01.2026;21.01.2026;;
ПКНФ-000073;21.01.2026;Лист 5,0*1500*6000 ст3 (шт);Черные трубы, листы, круги (ПК КСС);0.04;0.002;;;21.01.2026;;
ПКНФ-000073;21.01.2026;Лист 2,0*1000*2000 ст3 т;Черные трубы, листы, круги (ПК КСС);4;5;;;21.01.2026;;
ПКНФ-000073;21.01.2026;Арматура А-1 6 мм;Черные трубы, листы, круги (ПК КСС);0.6;33.6;;;21.01.2026;;
ПКНФ-000073;21.01.2026;Швеллер 10П ГОСТ 8240-97;Черные трубы, листы, круги (ПК КСС);9.5;171.1;11.09.2025;11.09.2025;21.01.2026;;
ПКНФ-000073;21.01.2026;Труба 40х40х3 ГОСТ 8639-82;Черные трубы, листы, круги (ПК КСС);1.3;14.4;;;21.01.2026;;
ПКНФ-000073;21.01.2026;Арматура ф 16 А-1 ГОСТ 5781-82 (м);Черные трубы, листы, круги (ПК КСС);4;8.3;;24.01.2024;21.01.2026;;
ПКНФ-000073;21.01.2026;Труба 50х50х3 ГОСТ 8639-82, м.д;Черные трубы, листы, круги (ПК КСС);3;61.8;;;21.01.2026;;
ПКНФ-000074;21.01.2026;Труба СВ 108,0х2,0мм 08Х18Н10 (AISI 304);Нержавеющие трубы, листы, круги, сетки(ПК КСС);1;0;;;21.01.2026;;
ПКНФ-000074;21.01.2026;Фланец 60,3 (AISI304, 08*18H10, PN10) свободный;Нержавеющие фланцы и фиттинги (ПК КСС);10;4;;;21.01.2026;;
ПКНФ-000074;21.01.2026;Отбортовка 60,3х2,0 AISI304;Нержавеющие фланцы и фиттинги (ПК КСС);10;19;16.05.2025;21.01.2026;21.01.2026;;
ПКНФ-000074;21.01.2026;Тройник 60,3х2,0 AISI 304 приварной;Нержавеющие фланцы и фиттинги (ПК КСС);2;0;09.09.2025;09.09.2025;21.01.2026;;
ПКНФ-000074;21.01.2026;Труба СВ  14,0х1,0мм 08Х18Н10 (AISI 304);Нержавеющие трубы, листы, круги, сетки(ПК КСС);1.5;3;;;21.01.2026;;
ПКНФ-000074;21.01.2026;Фланец 33,7 (PN16 AISI 304 08x18H10) воротниковый;Нержавеющие фланцы и фиттинги (ПК КСС);2;13;;;21.01.2026;;
ПКНФ-000074;21.01.2026;Ниппель приварной DN25 1  (33,7мм) (AISI304, 08Х18H10);Нержавеющие фланцы и фиттинги (ПК КСС);6;57;;03.06.2024;21.01.2026;;
ПКНФ-000074;21.01.2026;Отвод 33,7х2,0 мм AISI 304;Нержавеющие фланцы и фиттинги (ПК КСС);5;0;;03.06.2024;21.01.2026;;
ПКНФ-000074;21.01.2026;Тройник 33,7х2,0, AISI304 08X18H10) ;Нержавеющие фланцы и фиттинги (ПК КСС);2;0;;;21.01.2026;;
ПКНФ-000074;21.01.2026;Труба СВ  33,7х2,0мм 08Х18Н10 (AISI 304);Нержавеющие трубы, листы, круги, сетки(ПК КСС);11;27.4;;03.06.2024;21.01.2026;;
ПКНФ-000074;21.01.2026;Труба СВ  33,7х3,0мм 08Х18Н10 (AISI 304);Нержавеющие трубы, листы, круги, сетки(ПК КСС);26;24.4;;07.10.2025;21.01.2026;;
ПКНФ-000074;21.01.2026;Труба СВ  60,3х2,0мм 08Х18Н10 (AISI 304);Нержавеющие трубы, листы, круги, сетки(ПК КСС);10;7;09.09.2025;09.09.2025;21.01.2026;;
ПКНФ-000074;21.01.2026;Труба СВ 168,3х2,0мм 08Х18Н10 (AISI 304);Нержавеющие трубы, листы, круги, сетки(ПК КСС);1;9.3;;03.06.2024;21.01.2026;;
ПКНФ-000074;21.01.2026;Труба СВ 273,0х2,0мм 08Х18Н10 (AISI 304);Нержавеющие трубы, листы, круги, сетки(ПК КСС);1;1.9;;;21.01.2026;;
ПКНФ-000074;21.01.2026;Отвод 60,3х2,0 мм AISI 304;Нержавеющие фланцы и фиттинги (ПК КСС);3;5;09.09.2025;09.09.2025;21.01.2026;;
ПКНФ-000074;21.01.2026;Фланец 168,3 (AISI304, 08*18H10, PN10/16) плоский;Нержавеющие фланцы и фиттинги (ПК КСС);2;5;26.05.2025;26.05.2025;21.01.2026;;
ПКНФ-000074;21.01.2026;Фланец 168,3 (AISI304, 08*18H10, PN10/16) свободный;Нержавеющие фланцы и фиттинги (ПК КСС);1;5;;;21.01.2026;;
ПКНФ-000074;21.01.2026;Отбортовка 168,3х2,0 AISI304;Нержавеющие фланцы и фиттинги (ПК КСС);1;28;;21.01.2026;21.01.2026;;
ПКНФ-000074;21.01.2026;Труба СВ  76,1х2,0мм 08Х18Н10 (AISI 304);Нержавеющие трубы, листы, круги, сетки(ПК КСС);3.2;8.3;27.12.2024;;21.01.2026;;
ПКНФ-000074;21.01.2026;Фланец 60,3 (AISI304, 08*18H10, PN10/16) плоский;Нержавеющие фланцы и фиттинги (ПК КСС);2;7;;;21.01.2026;;
ПКНФ-000074;21.01.2026;Фланец 60,3 (AISI304, 08*18H10, PN6) плоский;Нержавеющие фланцы и фиттинги (ПК КСС);2;9;;;21.01.2026;;
ПКНФ-000075;21.01.2026;Полоса 2,0x50,0 (AISI304, 08X18H10, 2B);Нержавеющие трубы, листы, круги, сетки(ПК КСС);1.6;1.6;;;21.01.2026;;
ПКНФ-000075;21.01.2026;Лист 2,0*1000*2000  AISI 304 (08х18Н10), х/к, мат (2В);Нержавеющие трубы, листы, круги, сетки(ПК КСС);1;0;17.09.2025;17.09.2025;21.01.2026;;
ПКНФ-000075;21.01.2026;Пластина 100х40 (AISI 304);Нержавеющие трубы, листы, круги, сетки(ПК КСС);26;60;;;21.01.2026;;
ПКНФ-000075;21.01.2026;Лист АМГ2М 4,0х1200х3000мм;Черные трубы, листы, круги (ПК КСС);2;1;;;21.01.2026;;
ПКНФ-000075;21.01.2026;Лист 5,0*1000*2000 AISI 304;Нержавеющие трубы, листы, круги, сетки(ПК КСС);1;1.55;;;21.01.2026;;
ПКНФ-000075;21.01.2026;Труба 20х20х2 (AISI 304);Нержавеющие трубы, листы, круги, сетки(ПК КСС);8;12.5;05.08.2025;05.08.2025;21.01.2026;;
ПКНФ-000075;21.01.2026;Труба СВ  14,0х1,5мм 08Х18Н10 (AISI 304);Нержавеющие трубы, листы, круги, сетки(ПК КСС);1;4;;;21.01.2026;;
ПКНФ-000075;21.01.2026;Труба 40х20х2 (AISI304);Нержавеющие трубы, листы, круги, сетки(ПК КСС);12;0;17.09.2025;09.09.2025;21.01.2026;;
ПКНФ-000075;21.01.2026;Лист 3,0*1000*2000  AISI 304 (42х22мм*3,0мм) ПВЛ;Нержавеющие трубы, листы, круги, сетки(ПК КСС);1;1;;02.02.2026;21.01.2026;;
ПКНФ-000075;21.01.2026;Круг 10,0 (AISI304, 08x18H10);Нержавеющие трубы, листы, круги, сетки(ПК КСС);1;10.8;;;21.01.2026;;
ПКНФ-000075;21.01.2026;Круг 6,0 (AISI304, 08x18H10);Нержавеющие трубы, листы, круги, сетки(ПК КСС);61;136.5;05.08.2025;05.08.2025;21.01.2026;;
ПКНФ-000075;21.01.2026;Труба 25х25х2 (AISI 304);Нержавеющие трубы, листы, круги, сетки(ПК КСС);21;51.5;09.09.2025;05.08.2025;21.01.2026;;
ПКНФ-000075;21.01.2026;Труба 40х40х2,0 (AISI 304);Нержавеющие трубы, листы, круги, сетки(ПК КСС);21;8.7;09.09.2025;05.08.2025;21.01.2026;;
ПКНФ-000075;21.01.2026;Уголок 50,0х50,0х5,0 (AISI304, 08X18H10);Нержавеющие трубы, листы, круги, сетки(ПК КСС);1.5;1.9;27.01.2026;17.09.2025;21.01.2026;;
ПКНФ-000076;21.01.2026;Выключатель нагрузки 3п 20А ВН-32N;Электротовары КСС ШУ;1;12;;;21.01.2026;;
ПКНФ-000076;21.01.2026;Частотный преобразователь ESQ-230-4T-5.5K 5.5кВт, 380В;Электротовары КСС ШУ;3;3;;;21.01.2026;;
ПКНФ-000076;21.01.2026;Стяжка нейлоновая КСС 3х120 (б) (100шт);Электротовары КСС ШУ;20;0;;;21.01.2026;;
ПКНФ-000076;21.01.2026;Стяжка нейлоновая КСС 4х200 (б) (100шт);Электротовары КСС ШУ;15;0;;;21.01.2026;;
ПКНФ-000076;21.01.2026;Кабель КГВВнг(А)-LS 4х1.5;Электротовары КСС ШУ;13;270;;;21.01.2026;;
ПКНФ-000076;21.01.2026;Провод ПУГВнг(А)-LS 1х0,5 С;Электротовары КСС ШУ;11;1511;;;21.01.2026;;
ПКНФ-000076;21.01.2026;Наконечник штыревой втулочный изол. НШвИ(2) 0.5-8 (уп.50шт);Электротовары КСС ШУ;41;3440;;;21.01.2026;;
ПКНФ-000076;21.01.2026;Знак ""Земля"" круглый d20мм EKF an-1-04;Электротовары КСС ШУ;2;0;;;21.01.2026;;
ПКНФ-000076;21.01.2026;Наконечник кольцевой изол. НКИ 1.5-6 (уп.50шт);Электротовары КСС ШУ;18;0;;;21.01.2026;;
ПКНФ-000076;21.01.2026;Выключатель автоматический модульный 3п C 6А 4.5кА ВА 47-63;Электротовары КСС ШУ;3;73;;;21.01.2026;;
ПКНФ-000076;21.01.2026;Ограничитель на DIN-рейку 1 винт HDW-211;Электротовары КСС ШУ;24;0;;;21.01.2026;;
ПКНФ-000076;21.01.2026;Выключатель автоматический модульный 1п C 6А 4.5кА ВА 47-63;Электротовары КСС ШУ;2;140;;;21.01.2026;;
ПКНФ-000076;21.01.2026;Кабель-канал перфорированный 25х40 L2000 RL6 G DKC 01163RL;Электротовары КСС ШУ;1.5;21.25;;;21.01.2026;;
ПКНФ-000076;21.01.2026;DIN-рейка перфорированная L2000 1мм 35х7,5;Электротовары КСС ШУ;0.6;8.75;;;21.01.2026;;
ПКНФ-000076;21.01.2026;Термостат NO (охлаждение) на DIN-рейку 10А 230В IP20;Электротовары КСС ШУ;1;23;;;21.01.2026;;
ПКНФ-000076;21.01.2026;Колодка клеммная JXB-2.5/35 серая;Электротовары КСС ШУ;23;0;;;21.01.2026;;
ПКНФ-000076;21.01.2026;Заглушка для JXB-2,5/35 серая;Электротовары КСС ШУ;5;0;;;21.01.2026;;
ПКНФ-000076;21.01.2026;Провод ПуГВнг(А)-LS 1х1,5 Б;Электротовары КСС ШУ;34;186;;;21.01.2026;;
ПКНФ-000076;21.01.2026;Сальник PG21;Электротовары КСС ШУ;1;521;;;21.01.2026;;
ПКНФ-000076;21.01.2026;Колодка клеммная ЕК-16/80 JXB земля;Электротовары КСС ШУ;1;135;;06.12.2024;21.01.2026;;
ПКНФ-000076;21.01.2026;Крышка защитная на 8 модулей под вырез в шкафу MT-WPC8;Электротовары КСС ШУ;1;7;;;21.01.2026;;
ПКНФ-000076;21.01.2026;Программируемое реле ПР200-24.4.2.0;Электротовары КСС ШУ;1;10;;03.02.2026;21.01.2026;;
ПКНФ-000076;21.01.2026;Сальник PG 9;Электротовары КСС ШУ;16;955;;;21.01.2026;;
ПКНФ-000076;21.01.2026;Трубка термоус. ТУТ (HF)-4/2, красн. (уп.100м);Электротовары КСС ШУ;1.2;54.5;;;21.01.2026;;
ПКНФ-000076;21.01.2026;Трубка термоус. ТУТ (HF)-4/2, зел. (уп.100м);Электротовары КСС ШУ;1.2;54.3;;;21.01.2026;;
ПКНФ-000076;21.01.2026;Трубка термоус. ТУТ (HF)-4/2, желт. (уп.100м);Электротовары КСС ШУ;1.2;79;;;21.01.2026;;
ПКНФ-000076;21.01.2026;Колодка клеммная JXB-16/35 син.;Электротовары КСС ШУ;1;87;;06.12.2024;21.01.2026;;
ПКНФ-000076;21.01.2026;Наконечник штыревой втулочный изол. НШвИ 0.5-8 (уп.50шт);Электротовары КСС ШУ;72;15573;;;21.01.2026;;
ПКНФ-000076;21.01.2026;Наконечник штыревой втулочный изол. НШвИ 1.5-8 (уп.50шт);Электротовары КСС ШУ;58;2294;;;21.01.2026;;
ПКНФ-000076;21.01.2026;Саморез 4.2х13 металл-металл с прессшайбой сверло цинк (уп.200шт);Электротовары КСС ШУ;54;782.91;;;21.01.2026;;
ПКНФ-000076;21.01.2026;Маркер для кабеля 0.5-1.5мм символ ""1"" (уп.200шт) ДКС;Электротовары КСС ШУ;18;9505;;;21.01.2026;;
ПКНФ-000076;21.01.2026;Маркер для кабеля 0.5-1.5мм символ ""2"" (уп.200шт) ДКС;Электротовары КСС ШУ;14;4987;;;21.01.2026;;
ПКНФ-000076;21.01.2026;Маркер для кабеля 0.5-1.5мм символ ""3"" (уп.200шт) ДКС;Электротовары КСС ШУ;6;5201;;;21.01.2026;;
ПКНФ-000076;21.01.2026;Сальник PG 16 10-14мм IP54;Электротовары КСС ШУ;3;202;;;21.01.2026;;
ПКНФ-000076;21.01.2026;Вентилятор с фильтром 52 м3/ч 124х124 мм;Электротовары КСС ШУ;1;12;;12.10.2025;21.01.2026;;
ПКНФ-000076;21.01.2026;Решетка вентиляционная с фильтром 124x124мм IP54;Электротовары КСС ШУ;1;6;;12.10.2025;21.01.2026;;
ПКНФ-000076;21.01.2026;MES 80.60.30, Шкаф компактный распределительный 800х600х300;Корпусы для ШУ;1;5;;;21.01.2026;;
ПКНФ-000076;21.01.2026;Кабель-канал перфорированный 15х30 L2000 RL75 G ДКС;Электротовары КСС ШУ;0.4;90;;;21.01.2026;;
ПКНФ-000076;21.01.2026;Колодка клеммная ЕК-2.5/25 JXB земля;Электротовары КСС ШУ;3;92;;08.06.2024;21.01.2026;;
ПКНФ-000076;21.01.2026;Маркер для кабеля 0.5-1.5мм символ ""0"" (уп.200шт) ДКС;Электротовары КСС ШУ;7;6900;;;21.01.2026;;
ПКНФ-000076;21.01.2026;Маркер для кабеля 0.5-1.5мм символ ""4"" (уп.200шт) ДКС;Электротовары КСС ШУ;14;1236;;;21.01.2026;;
ПКНФ-000076;21.01.2026;Маркер для кабеля 0.5-1.5мм символ ""5"" (уп.200шт) ДКС;Электротовары КСС ШУ;6;6023;;;21.01.2026;;
ПКНФ-000076;21.01.2026;Маркер для кабеля 0.5-1.5мм символ ""6"" (уп.200шт) ДКС;Электротовары КСС ШУ;6;5909;;;21.01.2026;;
ПКНФ-000076;21.01.2026;Маркер для кабеля 0.5-1.5мм символ ""7"" (уп.200шт) ДКС;Электротовары КСС ШУ;6;1957;;;21.01.2026;;
ПКНФ-000076;21.01.2026;Маркер для кабеля 0.5-1.5мм символ ""8"" (уп.200шт) ДКС;Электротовары КСС ШУ;4;1323;;;21.01.2026;;
ПКНФ-000076;21.01.2026;Маркер для кабеля 0.5-1.5мм символ ""9"" (уп.200шт) ДКС;Электротовары КСС ШУ;6;1239;;;21.01.2026;;
ПКНФ-000076;21.01.2026;Маркер для JXB с нумерацией 1-10 (уп.100шт);Электротовары КСС ШУ;30;5701;;;21.01.2026;;
ПКНФ-000076;21.01.2026;Провод ПУГВнг(А)-LS 1х0,5 Б;Электротовары КСС ШУ;33;3808;;;21.01.2026;;
ПКНФ-000076;21.01.2026;Провод ПУГВнг(А)-LS 1х0,5 К;Электротовары КСС ШУ;16;1494;;;21.01.2026;;
ПКНФ-000076;21.01.2026;Провод ПУГВнг(А)-LS 1х0,5 Ч;Электротовары КСС ШУ;16;1402;;;21.01.2026;;
ПКНФ-000076;21.01.2026;Провод ПУГВнг(А)-LS 1х1,5 ж/з;Электротовары КСС ШУ;8;516.8;;;21.01.2026;;
ПКНФ-000076;21.01.2026;Спираль монтажная СМ-06-04 (10м);Электротовары КСС ШУ;0.1;5.241;;;21.01.2026;;
ПКНФ-000076;21.01.2026;Провод ШВВП 2х0,75 белый;Электротовары КСС ШУ;9;220;;;21.01.2026;;
ПКНФ-000076;21.01.2026;HDR-30-24 Блок питания, 24В,1.5А,36Вт;Электротовары КСС ШУ;1;16;;;21.01.2026;;
ПКНФ-000076;21.01.2026;Наконечник НШвИ(2) 1.5-8 (уп.50шт);Электротовары КСС ШУ;52;4909;;;21.01.2026;;
ПКНФ-000076;21.01.2026;Символ ""Молния"" (треугольник) 100х100х100мм;Электротовары КСС ШУ;1;0;;;21.01.2026;;
ПКНФ-000077;21.01.2026;Выключатель нагрузки 3п 20А ВН-32N;Электротовары КСС ШУ;1;12;;;21.01.2026;;
ПКНФ-000077;21.01.2026;Частотный преобразователь ESQ-230-4T-1.5K 1.5кВт, 380В;Электротовары КСС ШУ;3;0;;;21.01.2026;;
ПКНФ-000077;21.01.2026;Стяжка нейлоновая КСС 3х120 (б) (100шт);Электротовары КСС ШУ;20;0;;;21.01.2026;;
ПКНФ-000077;21.01.2026;Стяжка нейлоновая КСС 4х200 (б) (100шт);Электротовары КСС ШУ;15;0;;;21.01.2026;;
ПКНФ-000077;21.01.2026;Кабель КГВВнг(А)-LS 4х1.5;Электротовары КСС ШУ;13;270;;;21.01.2026;;
ПКНФ-000077;21.01.2026;Провод ПУГВнг(А)-LS 1х0,5 С;Электротовары КСС ШУ;11;1511;;;21.01.2026;;
ПКНФ-000077;21.01.2026;Наконечник штыревой втулочный изол. НШвИ(2) 0.5-8 (уп.50шт);Электротовары КСС ШУ;41;3440;;;21.01.2026;;
ПКНФ-000077;21.01.2026;Знак ""Земля"" круглый d20мм EKF an-1-04;Электротовары КСС ШУ;2;0;;;21.01.2026;;
ПКНФ-000077;21.01.2026;Наконечник кольцевой изол. НКИ 1.5-6 (уп.50шт);Электротовары КСС ШУ;18;0;;;21.01.2026;;
ПКНФ-000077;21.01.2026;Выключатель автоматический модульный 3п C 6А 4.5кА ВА 47-63;Электротовары КСС ШУ;3;73;;;21.01.2026;;
ПКНФ-000077;21.01.2026;Ограничитель на DIN-рейку 1 винт HDW-211;Электротовары КСС ШУ;24;0;;;21.01.2026;;
ПКНФ-000077;21.01.2026;Выключатель автоматический модульный 1п C 6А 4.5кА ВА 47-63;Электротовары КСС ШУ;2;140;;;21.01.2026;;
ПКНФ-000077;21.01.2026;Кабель-канал перфорированный 25х40 L2000 RL6 G DKC 01163RL;Электротовары КСС ШУ;1.5;21.25;;;21.01.2026;;
ПКНФ-000077;21.01.2026;DIN-рейка перфорированная L2000 1мм 35х7,5;Электротовары КСС ШУ;0.6;8.75;;;21.01.2026;;
ПКНФ-000077;21.01.2026;Термостат NO (охлаждение) на DIN-рейку 10А 230В IP20;Электротовары КСС ШУ;1;23;;;21.01.2026;;
ПКНФ-000077;21.01.2026;Колодка клеммная JXB-2.5/35 серая;Электротовары КСС ШУ;23;0;;;21.01.2026;;
ПКНФ-000077;21.01.2026;Заглушка для JXB-2,5/35 серая;Электротовары КСС ШУ;5;0;;;21.01.2026;;
ПКНФ-000077;21.01.2026;Провод ПуГВнг(А)-LS 1х1,5 Б;Электротовары КСС ШУ;34;186;;;21.01.2026;;
ПКНФ-000077;21.01.2026;Сальник PG21;Электротовары КСС ШУ;1;521;;;21.01.2026;;
ПКНФ-000077;21.01.2026;Колодка клеммная ЕК-16/80 JXB земля;Электротовары КСС ШУ;1;135;;06.12.2024;21.01.2026;;
ПКНФ-000077;21.01.2026;Крышка защитная на 8 модулей под вырез в шкафу MT-WPC8;Электротовары КСС ШУ;1;7;;;21.01.2026;;
ПКНФ-000077;21.01.2026;Программируемое реле ПР200-24.4.2.0;Электротовары КСС ШУ;1;10;;03.02.2026;21.01.2026;;
ПКНФ-000077;21.01.2026;Сальник PG 9;Электротовары КСС ШУ;16;955;;;21.01.2026;;
ПКНФ-000077;21.01.2026;Трубка термоус. ТУТ (HF)-4/2, красн. (уп.100м);Электротовары КСС ШУ;1.2;54.5;;;21.01.2026;;
ПКНФ-000077;21.01.2026;Трубка термоус. ТУТ (HF)-4/2, зел. (уп.100м);Электротовары КСС ШУ;1.2;54.3;;;21.01.2026;;
ПКНФ-000077;21.01.2026;Трубка термоус. ТУТ (HF)-4/2, желт. (уп.100м);Электротовары КСС ШУ;1.2;79;;;21.01.2026;;
ПКНФ-000077;21.01.2026;Колодка клеммная JXB-16/35 син.;Электротовары КСС ШУ;1;87;;06.12.2024;21.01.2026;;
ПКНФ-000077;21.01.2026;Наконечник штыревой втулочный изол. НШвИ 0.5-8 (уп.50шт);Электротовары КСС ШУ;72;15573;;;21.01.2026;;
ПКНФ-000077;21.01.2026;Наконечник штыревой втулочный изол. НШвИ 1.5-8 (уп.50шт);Электротовары КСС ШУ;58;2294;;;21.01.2026;;
ПКНФ-000077;21.01.2026;Саморез 4.2х13 металл-металл с прессшайбой сверло цинк (уп.200шт);Электротовары КСС ШУ;54;782.91;;;21.01.2026;;
ПКНФ-000077;21.01.2026;Маркер для кабеля 0.5-1.5мм символ ""1"" (уп.200шт) ДКС;Электротовары КСС ШУ;18;9505;;;21.01.2026;;
ПКНФ-000077;21.01.2026;Маркер для кабеля 0.5-1.5мм символ ""2"" (уп.200шт) ДКС;Электротовары КСС ШУ;14;4987;;;21.01.2026;;
ПКНФ-000077;21.01.2026;Маркер для кабеля 0.5-1.5мм символ ""3"" (уп.200шт) ДКС;Электротовары КСС ШУ;6;5201;;;21.01.2026;;
ПКНФ-000077;21.01.2026;Сальник PG 16 10-14мм IP54;Электротовары КСС ШУ;3;202;;;21.01.2026;;
ПКНФ-000077;21.01.2026;Вентилятор с фильтром 52 м3/ч 124х124 мм;Электротовары КСС ШУ;1;12;;12.10.2025;21.01.2026;;
ПКНФ-000077;21.01.2026;Решетка вентиляционная с фильтром 124x124мм IP54;Электротовары КСС ШУ;1;6;;12.10.2025;21.01.2026;;
ПКНФ-000077;21.01.2026;MES 70.50.25, Шкаф компактный распределительный 700х500х250;Корпусы для ШУ;1;0;;;21.01.2026;;
ПКНФ-000077;21.01.2026;Кабель-канал перфорированный 15х30 L2000 RL75 G ДКС;Электротовары КСС ШУ;0.4;90;;;21.01.2026;;
ПКНФ-000077;21.01.2026;Колодка клеммная ЕК-2.5/25 JXB земля;Электротовары КСС ШУ;3;92;;08.06.2024;21.01.2026;;
ПКНФ-000077;21.01.2026;Маркер для кабеля 0.5-1.5мм символ ""0"" (уп.200шт) ДКС;Электротовары КСС ШУ;7;6900;;;21.01.2026;;
ПКНФ-000077;21.01.2026;Маркер для кабеля 0.5-1.5мм символ ""4"" (уп.200шт) ДКС;Электротовары КСС ШУ;14;1236;;;21.01.2026;;
ПКНФ-000077;21.01.2026;Маркер для кабеля 0.5-1.5мм символ ""5"" (уп.200шт) ДКС;Электротовары КСС ШУ;6;6023;;;21.01.2026;;
ПКНФ-000077;21.01.2026;Маркер для кабеля 0.5-1.5мм символ ""6"" (уп.200шт) ДКС;Электротовары КСС ШУ;6;5909;;;21.01.2026;;
ПКНФ-000077;21.01.2026;Маркер для кабеля 0.5-1.5мм символ ""7"" (уп.200шт) ДКС;Электротовары КСС ШУ;6;1957;;;21.01.2026;;
ПКНФ-000077;21.01.2026;Маркер для кабеля 0.5-1.5мм символ ""8"" (уп.200шт) ДКС;Электротовары КСС ШУ;4;1323;;;21.01.2026;;
ПКНФ-000077;21.01.2026;Маркер для кабеля 0.5-1.5мм символ ""9"" (уп.200шт) ДКС;Электротовары КСС ШУ;6;1239;;;21.01.2026;;
ПКНФ-000077;21.01.2026;Маркер для JXB с нумерацией 1-10 (уп.100шт);Электротовары КСС ШУ;30;5701;;;21.01.2026;;
ПКНФ-000077;21.01.2026;Провод ПУГВнг(А)-LS 1х0,5 Б;Электротовары КСС ШУ;33;3808;;;21.01.2026;;
ПКНФ-000077;21.01.2026;Провод ПУГВнг(А)-LS 1х0,5 К;Электротовары КСС ШУ;16;1494;;;21.01.2026;;
ПКНФ-000077;21.01.2026;Провод ПУГВнг(А)-LS 1х0,5 Ч;Электротовары КСС ШУ;16;1402;;;21.01.2026;;
ПКНФ-000077;21.01.2026;Провод ПУГВнг(А)-LS 1х1,5 ж/з;Электротовары КСС ШУ;8;516.8;;;21.01.2026;;
ПКНФ-000077;21.01.2026;Спираль монтажная СМ-06-04 (10м);Электротовары КСС ШУ;0.1;5.241;;;21.01.2026;;
ПКНФ-000077;21.01.2026;Провод ШВВП 2х0,75 белый;Электротовары КСС ШУ;9;220;;;21.01.2026;;
ПКНФ-000077;21.01.2026;HDR-30-24 Блок питания, 24В,1.5А,36Вт;Электротовары КСС ШУ;1;16;;;21.01.2026;;
ПКНФ-000077;21.01.2026;Наконечник НШвИ(2) 1.5-8 (уп.50шт);Электротовары КСС ШУ;52;4909;;;21.01.2026;;
ПКНФ-000077;21.01.2026;Символ ""Молния"" (треугольник) 100х100х100мм;Электротовары КСС ШУ;1;0;;;21.01.2026;;
