Product order name;Product order date;Material name;Material group;qty;Current qty;Posted date;For admission date;Create date;Product order name child;Product order date child
ПКНФ-000010;15.01.2025;Труба PPR SDR 6 PN20 40/6,7/4000 мм, БЕЛАЯ, Pro Aqua PA10014;Полиэтелен, корсис, прагма, НПВХ (ПК КСС);3;23;;;15.01.2025;;
ПКНФ-000010;15.01.2025;Муфта PPR комбинированная 40х1 1/4""НР под ключ, белая, Pro Aqua PA23520P;Полиэтелен, корсис, прагма, НПВХ (ПК КСС);3;7;;;15.01.2025;;
ПКНФ-000010;15.01.2025;Муфта PPR комбинированная 40х1 1/4""ВР под ключ, белая, Pro Aqua PA22520P;Полиэтелен, корсис, прагма, НПВХ (ПК КСС);2;4;;;15.01.2025;;
ПКНФ-000010;15.01.2025;Угольник PPR 40/90°, белый, Pro Aqua PA13014P;Полиэтелен, корсис, прагма, НПВХ (ПК КСС);1;2;;;15.01.2025;;
ПКНФ-000010;15.01.2025;Шайба гроверная оц.Ф10 DIN 127;Оцинкованные метизы (ПК КСС);0.1;0.232;;;15.01.2025;;
ПКНФ-000010;15.01.2025;Гайка шестигр.М10 оц. DIN934;Оцинкованные метизы (ПК КСС);0.1;0.746;07.10.2024;07.10.2024;15.01.2025;;
ПКНФ-000010;15.01.2025;Болт оцинк. М10х60 DIN933;Оцинкованные метизы (ПК КСС);0.1;0.698;;;15.01.2025;;
ПКНФ-000010;15.01.2025;Уплотнитель кольцевого пространства марки АктивРинг ТУ 2531-002-58859224-2014 изм. 1 (АР 300 оцинк);Полиэтелен, корсис, прагма, НПВХ (ПК КСС);28;24;;;15.01.2025;;
ПКНФ-000010;15.01.2025;Хомут для высоких нагрузок PI-НD 2"", М12, 59-66, Termoclip 09405203;Нержавеющие метизы (ПК КСС);4;0;;;15.01.2025;;
ПКНФ-000010;15.01.2025;Шпилька М12*1000 DIN 975 оц;Оцинкованные метизы (ПК КСС);2;1;;;15.01.2025;;
ПКНФ-000010;15.01.2025;Шаровой кран латунный 1 1/4"" ВР-ГШ со сгоном, ручка-бабочка, LD Pride 47.32.В-ГШ.Б;Арматура (ПК КСС);1;3;;;15.01.2025;;
ПКНФ-000010;15.01.2025;Шпилька М6 L1000 (А2, DIN975);Нержавеющие метизы (ПК КСС);1;6;;;15.01.2025;;
ПКНФ-000010;15.01.2025;Болт оцинк. М12х60 DIN933;Оцинкованные метизы (ПК КСС);0.004;0.422;;03.06.2024;15.01.2025;;
ПКНФ-000010;15.01.2025;Шайба плоская оц. М12  DIN 125;Оцинкованные метизы (ПК КСС);0.016;0.781;;03.06.2024;15.01.2025;;
ПКНФ-000010;15.01.2025;Болт оцинк. м14х80 DIN933;Оцинкованные метизы (ПК КСС);0.01;0.449;;15.01.2025;15.01.2025;;
ПКНФ-000010;15.01.2025;Гайка шестигр. оц. М14 DIN 934;Оцинкованные метизы (ПК КСС);0.01;0.748;;;15.01.2025;;
ПКНФ-000010;15.01.2025;Шайба плоская оц.М14  DIN 125;Оцинкованные метизы (ПК КСС);0.01;0.414;;;15.01.2025;;
ПКНФ-000010;15.01.2025;Шайба гроверная оц.Ф14 DIN 127;Оцинкованные метизы (ПК КСС);0.02;0.747;;;15.01.2025;;
ПКНФ-000010;15.01.2025;Обратный клапан р/р Ду 32 1 1/4"" ВР Ру 10 Tmax=100°С, латунный, Itap York 103 26100;Арматура (ПК КСС);1;3;;;15.01.2025;;
ПКНФ-000010;15.01.2025;Труба 110/3,2/2000 наружная канализация;Полиэтелен, корсис, прагма, НПВХ (ПК КСС);2;5;;;15.01.2025;;
ПКНФ-000010;15.01.2025;Болт оцинк. М16х60 DIN933;Оцинкованные метизы (ПК КСС);0.03;0.85;;16.01.2026;15.01.2025;;
ПКНФ-000010;15.01.2025;Шайба плоская оц. М8  DIN 125;Оцинкованные метизы (ПК КСС);0.008;0.467;;16.01.2026;15.01.2025;;
ПКНФ-000010;15.01.2025;Гайка шестигр. оц М8 DIN934;Оцинкованные метизы (ПК КСС);0.004;0.53;;16.01.2026;15.01.2025;;
ПКНФ-000010;15.01.2025;Шайба гроверная оц. Ф8 DIN 127;Оцинкованные метизы (ПК КСС);0.004;1.241;;16.01.2026;15.01.2025;;
ПКНФ-000010;15.01.2025;Болт оцинк. М20х60 DIN933;Оцинкованные метизы (ПК КСС);0.012;0.448;;;15.01.2025;;
ПКНФ-000010;15.01.2025;Фланец 60,3 (AISI304, 08*18H10, PN10) свободный;Нержавеющие фланцы и фиттинги (ПК КСС);4;4;;;15.01.2025;;
ПКНФ-000010;15.01.2025;Отбортовка 60,3х2,0 AISI304;Нержавеющие фланцы и фиттинги (ПК КСС);4;0;16.05.2025;;15.01.2025;;
ПКНФ-000010;15.01.2025;Лист 5,0*1500*6000 ст3 (м2);Черные трубы, листы, круги (ПК КСС);0.2;0.4;;;15.01.2025;;
ПКНФ-000010;15.01.2025;Затвор поворот чуг Ду50 Ру10/16 д/чуг Benarmo;Арматура (ПК КСС);4;4;;;15.01.2025;;
ПКНФ-000010;15.01.2025;Компенсатор Ду 50 Ру10/16 д/чуг Benarmo;Арматура (ПК КСС);4;4;;05.05.2025;15.01.2025;;
ПКНФ-000010;15.01.2025;Установка повышения давления КСС-МЧ-2 CDM5-4+СХ+ГА8м ;Установки ВНС и ПНС (ПК КСС);1;0;;;15.01.2025;ПКНФ-000011;15.01.2025
ПКНФ-000010;15.01.2025;Гайка шестигр. оц. М20 DIN 934 тыс шт;Оцинкованные метизы (ПК КСС);0.012;1.451;;27.06.2024;15.01.2025;;
ПКНФ-000010;15.01.2025;Мембранный бак для водоснабжения вертикальный, 80л, WAV80 10 бар/110°C, Wester WAV80;Расходомеры, манометры (ПК КСС);1;1;;;15.01.2025;;
ПКНФ-000010;15.01.2025;Электрический конвектор Electrolux ECH/AS-2000 ER НС-1119630;Электротовары КСС ШУ;1;2;;;15.01.2025;;
ПКНФ-000010;15.01.2025;Подводка для воды ДТРД Гигант 100 см 1"" г/г угл 1001ГГУ;Арматура (ПК КСС);1;2;;;15.01.2025;;
ПКНФ-000010;15.01.2025;Заглушка для трубы 25х25 мм пластик;Расходные материалы (ПК КСС);2;4;23.04.2024;;15.01.2025;;
ПКНФ-000010;15.01.2025;Насос дренажный модель XKS-750S ""LEO"";Насосы LEO/ОНИС (ПК КСС);1;2;;;15.01.2025;;
ПКНФ-000010;15.01.2025;Шайба оцинк гровер М12 DIN 127;Оцинкованные метизы (ПК КСС);0.012;0.762;;03.06.2024;15.01.2025;;
ПКНФ-000010;15.01.2025;Шайба гроверная оц. Ф16 DIN 127;Оцинкованные метизы (ПК КСС);0.06;1.078;;27.06.2024;15.01.2025;;
ПКНФ-000010;15.01.2025;Труба СВ  42,4х1,5мм 08Х18Н10 (AISI 304);Нержавеющие трубы, листы, круги, сетки(ПК КСС);0.5;0.5;;;15.01.2025;;
ПКНФ-000010;15.01.2025;Труба СВ  60,3х2,0мм 08Х18Н10 (AISI 304);Нержавеющие трубы, листы, круги, сетки(ПК КСС);3.5;3.5;09.09.2025;09.09.2025;15.01.2025;;
ПКНФ-000010;15.01.2025;Отвод 60,3х2,0 мм AISI 304;Нержавеющие фланцы и фиттинги (ПК КСС);8;8;09.09.2025;09.09.2025;15.01.2025;;
ПКНФ-000010;15.01.2025;Шайба плоская оц. М10  DIN 125;Оцинкованные метизы (ПК КСС);0.1;0.656;;25.08.2025;15.01.2025;;
ПКНФ-000010;15.01.2025;Навесной замок с ключом GPLK-50L;Оцинкованные метизы (ПК КСС);1;48;;20.01.2025;15.01.2025;;
ПКНФ-000010;15.01.2025;Полоса 40*4 ГОСТ 103-76;Черные трубы, листы, круги (ПК КСС);5;70.3;;19.08.2024;15.01.2025;;
ПКНФ-000010;15.01.2025;Уголок 50х50х5 ГОСТ 8509-93 (м);Черные трубы, листы, круги (ПК КСС);2;41.4;;16.01.2026;15.01.2025;;
ПКНФ-000010;15.01.2025;Гайка шестигр. оц М12 DIN934;Оцинкованные метизы (ПК КСС);0.012;1.236;;03.06.2024;15.01.2025;;
ПКНФ-000010;15.01.2025;Гайка шестигр. оц М16  (тыс шт);Оцинкованные метизы (ПК КСС);0.06;0.735;;27.06.2024;15.01.2025;;
ПКНФ-000010;15.01.2025;Лист 1000х3000 ПВЛ 406;Черные трубы, листы, круги (ПК КСС);2;2;;16.01.2026;15.01.2025;;
ПКНФ-000010;15.01.2025;Ниппель приварной DN40 1 1/2"" (AISI304, 08Х18H10);Нержавеющие фланцы и фиттинги (ПК КСС);2;3;;;15.01.2025;;
ПКНФ-000010;15.01.2025;Труба 25х25х2 (AISI 304);Нержавеющие трубы, листы, круги, сетки(ПК КСС);11;18;09.09.2025;05.08.2025;15.01.2025;;
ПКНФ-000010;15.01.2025;Труба 40х20х1,5 (AISI304);Нержавеющие трубы, листы, круги, сетки(ПК КСС);2;2.06;16.04.2024;05.08.2025;15.01.2025;;
ПКНФ-000010;15.01.2025;Фланец 60,3 (AISI304, 08*18H10, PN10/16) плоский;Нержавеющие фланцы и фиттинги (ПК КСС);4;4;;;15.01.2025;;
ПКНФ-000010;15.01.2025;Шпилька М8 L1000 DIN 975;Нержавеющие метизы (ПК КСС);1;1;;;15.01.2025;;
ПКНФ-000010;15.01.2025;Анкерный болт с гайкой 16*180 HNM тыс;Оцинкованные метизы (ПК КСС);0.016;0.602;;10.06.2024;15.01.2025;;
ПКНФ-000010;15.01.2025;Арматура ф 16 А-1 ГОСТ 5781-82 (м);Черные трубы, листы, круги (ПК КСС);4;16.3;;24.01.2024;15.01.2025;;
ПКНФ-000010;15.01.2025;Грибок канализационный;Полиэтелен, корсис, прагма, НПВХ (ПК КСС);2;21;;27.01.2026;15.01.2025;;
ПКНФ-000010;15.01.2025;Манжета резиновая переходная D 110/124 Уп., черн;Полиэтелен, корсис, прагма, НПВХ (ПК КСС);3;28;;27.01.2026;15.01.2025;;
ПКНФ-000010;15.01.2025;Полоса 4,0x40,0 (AISI304, 08X18H10, 2B);Нержавеющие трубы, листы, круги, сетки(ПК КСС);2;0;;25.02.2025;15.01.2025;;
ПКНФ-000010;15.01.2025;Прокладка (паронит) 50;Полиэтелен, корсис, прагма, НПВХ (ПК КСС);12;75;;;15.01.2025;;
ПКНФ-000010;15.01.2025;Труба 110/3,2/0560 наружная канализация;Полиэтелен, корсис, прагма, НПВХ (ПК КСС);1;143;;;15.01.2025;;
ПКНФ-000010;15.01.2025;Труба двустенная для электропроводки d110 с протяжкой(внутр. d94)/ДКС ;Полиэтелен, корсис, прагма, НПВХ (ПК КСС);3;203;;;15.01.2025;;
ПКНФ-000010;15.01.2025;Шайба плоская оц.М16  DIN 125;Оцинкованные метизы (ПК КСС);0.12;2.516;;27.06.2024;15.01.2025;;
ПКНФ-000010;15.01.2025;Шайба плоская оц.М20  DIN 125;Оцинкованные метизы (ПК КСС);0.012;1.232;;27.06.2024;15.01.2025;;
ПКНФ-000010;15.01.2025;Шпилька М16*1000 DIN 975 оц;Оцинкованные метизы (ПК КСС);3;3;;;15.01.2025;;
ПКНФ-000010;15.01.2025;Труба 50х50х3 ГОСТ 8639-82, м.д;Черные трубы, листы, круги (ПК КСС);27;52.8;;16.01.2026;15.01.2025;;
ПКНФ-000025;22.01.2025;Резьба (ниппель) Ду 32х2,8 ГОСТ 3262-78;Черные фланцы и фиттинги (ПК КСС);2;10;;;22.01.2025;;
ПКНФ-000025;22.01.2025;Труба PPR SDR 6 PN20 40/6,7/4000 мм, БЕЛАЯ, Pro Aqua PA10014;Полиэтелен, корсис, прагма, НПВХ (ПК КСС);5;23;;;22.01.2025;;
ПКНФ-000025;22.01.2025;Муфта PPR комбинированная 40х1 1/4""НР под ключ, белая, Pro Aqua PA23520P;Полиэтелен, корсис, прагма, НПВХ (ПК КСС);3;7;;;22.01.2025;;
ПКНФ-000025;22.01.2025;Муфта PPR комбинированная 40х1 1/4""ВР под ключ, белая, Pro Aqua PA22520P;Полиэтелен, корсис, прагма, НПВХ (ПК КСС);2;4;;;22.01.2025;;
ПКНФ-000025;22.01.2025;Угольник PPR 40/90°, белый, Pro Aqua PA13014P;Полиэтелен, корсис, прагма, НПВХ (ПК КСС);1;2;;;22.01.2025;;
ПКНФ-000025;22.01.2025;Шайба гроверная оц.Ф10 DIN 127;Оцинкованные метизы (ПК КСС);0.05;0.232;;;22.01.2025;;
ПКНФ-000025;22.01.2025;Гайка шестигр.М10 оц. DIN934;Оцинкованные метизы (ПК КСС);0.05;0.746;07.10.2024;07.10.2024;22.01.2025;;
ПКНФ-000025;22.01.2025;Установка  пожаротушения КСС-П-2 CDM20-2+АВР+2ЭЗ;Установки ВНС и ПНС (ПК КСС);1;0;13.12.2024;;22.01.2025;ПКНФ-000026;22.01.2025
ПКНФ-000025;22.01.2025;Уплотнитель кольцевого пространства марки АктивРинг ТУ 2531-002-58859224-2014 изм. 1 (АР 415 оцинк);Полиэтелен, корсис, прагма, НПВХ (ПК КСС);14;14;;;22.01.2025;;
ПКНФ-000025;22.01.2025;Шаровой кран латунный 1 1/4"" ВР-ГШ со сгоном, ручка-бабочка, LD Pride 47.32.В-ГШ.Б;Арматура (ПК КСС);1;3;;;22.01.2025;;
ПКНФ-000025;22.01.2025;Хомут для высоких нагрузок PI-НD 3"", М12, 59-66, Termoclip 09405203;Нержавеющие метизы (ПК КСС);4;4;;;22.01.2025;;
ПКНФ-000025;22.01.2025;Болт оцинк. М12х60 DIN933;Оцинкованные метизы (ПК КСС);0.006;0.422;;03.06.2024;22.01.2025;;
ПКНФ-000025;22.01.2025;Шайба плоская оц. М12  DIN 125;Оцинкованные метизы (ПК КСС);0.02;0.781;;03.06.2024;22.01.2025;;
ПКНФ-000025;22.01.2025;Обратный клапан р/р Ду 32 1 1/4"" ВР Ру 10 Tmax=100°С, латунный, Itap York 103 26100;Арматура (ПК КСС);1;3;;;22.01.2025;;
ПКНФ-000025;22.01.2025;Труба 110/3,2/2000 наружная канализация;Полиэтелен, корсис, прагма, НПВХ (ПК КСС);1;5;;;22.01.2025;;
ПКНФ-000025;22.01.2025;Болт оцинк. М20х60 DIN933;Оцинкованные метизы (ПК КСС);0.012;0.448;;;22.01.2025;;
ПКНФ-000025;22.01.2025;Лист 5,0*1500*6000 ст3 (м2);Черные трубы, листы, круги (ПК КСС);0.2;0.4;;;22.01.2025;;
ПКНФ-000025;22.01.2025;Затвор поворот чуг Ду80 Ру10/16 д/чуг Benarmo ;Арматура (ПК КСС);2;4;;;22.01.2025;;
ПКНФ-000025;22.01.2025;Компенсатор EPDM Ду80 Ру10/16 фл Benarmo;Арматура (ПК КСС);2;2;;;22.01.2025;;
ПКНФ-000025;22.01.2025;Гайка шестигр. оц. М20 DIN 934 тыс шт;Оцинкованные метизы (ПК КСС);0.012;1.451;;27.06.2024;22.01.2025;;
ПКНФ-000025;22.01.2025;Болт оцинк. М16х80  DIN933;Оцинкованные метизы (ПК КСС);0.032;1.067;;;22.01.2025;;
ПКНФ-000025;22.01.2025;Болт оцинк. 10х40 DIN933;Оцинкованные метизы (ПК КСС);0.05;0.107;;;22.01.2025;;
ПКНФ-000025;22.01.2025;Заглушка для трубы 25х25 мм пластик;Расходные материалы (ПК КСС);2;4;23.04.2024;;22.01.2025;;
ПКНФ-000025;22.01.2025;Насос дренажный модель XKS-750S ""LEO"";Насосы LEO/ОНИС (ПК КСС);1;2;;;22.01.2025;;
ПКНФ-000025;22.01.2025;Шайба оцинк гровер М12 DIN 127;Оцинкованные метизы (ПК КСС);0.014;0.762;;03.06.2024;22.01.2025;;
ПКНФ-000025;22.01.2025;Насос повышающий давление с автоматом, CL15PRS-10 Pampman ;Другие насосы и УПМ (ПК КСС);1;1;;;22.01.2025;;
ПКНФ-000025;22.01.2025;Труба СВ  88,9х2,0мм 08Х18Н10 (AISI 304);Нержавеющие трубы, листы, круги, сетки(ПК КСС);2;2;05.08.2025;05.08.2025;22.01.2025;;
ПКНФ-000025;22.01.2025;Отвод 88,9х2,0 мм AISI 304;Нержавеющие фланцы и фиттинги (ПК КСС);4;4;;;22.01.2025;;
ПКНФ-000025;22.01.2025;Переход 114,3/88,9х2,0 (DN 100/80) AISI 304/08Х18Н10;Нержавеющие фланцы и фиттинги (ПК КСС);4;4;;;22.01.2025;;
ПКНФ-000025;22.01.2025;Фланец 114,3  (AISI304, 08*18H10, PN10/16) плоский;Нержавеющие фланцы и фиттинги (ПК КСС);4;4;26.01.2026;26.05.2025;22.01.2025;;
ПКНФ-000025;22.01.2025;Шайба плоская оц. М10  DIN 125;Оцинкованные метизы (ПК КСС);0.01;0.656;;25.08.2025;22.01.2025;;
ПКНФ-000025;22.01.2025;Навесной замок с ключом GPLK-50L;Оцинкованные метизы (ПК КСС);2;48;;20.01.2025;22.01.2025;;
ПКНФ-000025;22.01.2025;Труба 40х20х2 (AISI304);Нержавеющие трубы, листы, круги, сетки(ПК КСС);1;7;09.09.2025;09.09.2025;22.01.2025;;
ПКНФ-000025;22.01.2025;Полоса 40*4 ГОСТ 103-76;Черные трубы, листы, круги (ПК КСС);7;70.3;;19.08.2024;22.01.2025;;
ПКНФ-000025;22.01.2025;Прокладка (паронит) 80;Полиэтелен, корсис, прагма, НПВХ (ПК КСС);4;50;;;22.01.2025;;
ПКНФ-000025;22.01.2025;Фланец 88,9 (AISI304, 08*18H10, PN10/16) свободный;Нержавеющие фланцы и фиттинги (ПК КСС);4;4;;;22.01.2025;;
ПКНФ-000025;22.01.2025;Уголок 50х50х5 ГОСТ 8509-93 (м);Черные трубы, листы, круги (ПК КСС);1;41.4;;16.01.2026;22.01.2025;;
ПКНФ-000025;22.01.2025;Гайка шестигр. оц М12 DIN934;Оцинкованные метизы (ПК КСС);0.014;1.236;;03.06.2024;22.01.2025;;
ПКНФ-000025;22.01.2025;Гайка шестигр. оц М16  (тыс шт);Оцинкованные метизы (ПК КСС);0.096;0.735;;27.06.2024;22.01.2025;;
ПКНФ-000025;22.01.2025;Лист 1000х3000 ПВЛ 406;Черные трубы, листы, круги (ПК КСС);3;2;;16.01.2026;22.01.2025;;
ПКНФ-000025;22.01.2025;Труба оц ВГП 25х3,2  ГОСТ 3262-75 (м);Черные трубы, листы, круги (ПК КСС);0.2;108.28;;27.12.2024;22.01.2025;;
ПКНФ-000025;22.01.2025;Отбортовка 88,9х2,0 AISI304;Нержавеющие фланцы и фиттинги (ПК КСС);4;4;;;22.01.2025;;
ПКНФ-000025;22.01.2025;Труба СВ 114,3х2,0мм 08Х18Н10 (AISI 304);Нержавеющие трубы, листы, круги, сетки(ПК КСС);2;2;;22.10.2024;22.01.2025;;
ПКНФ-000025;22.01.2025;Труба 25х25х2 (AISI 304);Нержавеющие трубы, листы, круги, сетки(ПК КСС);7;18;17.09.2025;05.08.2025;22.01.2025;;
ПКНФ-000025;22.01.2025;Труба 40х40х3 ГОСТ 8639-82;Черные трубы, листы, круги (ПК КСС);27;2.4;20.01.2026;16.01.2026;22.01.2025;;
ПКНФ-000025;22.01.2025;Труба 40х20х2 ГОСТ 8639-82;Черные трубы, листы, круги (ПК КСС);10;29.5;;29.01.2024;22.01.2025;;
ПКНФ-000025;22.01.2025;Анкерный болт с гайкой 16*180 HNM тыс;Оцинкованные метизы (ПК КСС);0.016;0.602;;10.06.2024;22.01.2025;;
ПКНФ-000025;22.01.2025;Арматура ф 16 А-1 ГОСТ 5781-82 (м);Черные трубы, листы, круги (ПК КСС);4;16.3;;24.01.2024;22.01.2025;;
ПКНФ-000025;22.01.2025;Грибок канализационный;Полиэтелен, корсис, прагма, НПВХ (ПК КСС);2;21;;27.01.2026;22.01.2025;;
ПКНФ-000025;22.01.2025;Манжета резиновая переходная D 110/124 Уп., черн;Полиэтелен, корсис, прагма, НПВХ (ПК КСС);3;28;;27.01.2026;22.01.2025;;
ПКНФ-000025;22.01.2025;Полоса 4,0x40,0 (AISI304, 08X18H10, 2B);Нержавеющие трубы, листы, круги, сетки(ПК КСС);1;0;;25.02.2025;22.01.2025;;
ПКНФ-000025;22.01.2025;Труба 110/3,2/0560 наружная канализация;Полиэтелен, корсис, прагма, НПВХ (ПК КСС);1;143;;;22.01.2025;;
ПКНФ-000025;22.01.2025;Труба 200/4,9/1200 наружная канализация;Полиэтелен, корсис, прагма, НПВХ (ПК КСС);2;11.5;;;22.01.2025;;
ПКНФ-000025;22.01.2025;Шайба гроверная оц.М20 DIN 127;Оцинкованные метизы (ПК КСС);0.096;1.512;;;22.01.2025;;
ПКНФ-000025;22.01.2025;Шайба плоская оц.М20  DIN 125;Оцинкованные метизы (ПК КСС);0.204;1.232;;27.06.2024;22.01.2025;;
ПКНФ-000025;22.01.2025;Шпилька М16*1000 DIN 975 оц;Оцинкованные метизы (ПК КСС);3;3;;;22.01.2025;;
ПКНФ-000025;22.01.2025;Электроконвектор ЭВПТ-2,0 IP54;Расходомеры, манометры (ПК КСС);1;0;;22.12.2025;22.01.2025;;
ПКНФ-000345;19.06.2025;Муфта PPR 25 мм, белая, Pro Aqua PA12010P;Полиэтелен, корсис, прагма, НПВХ (ПК КСС);20;20;;;19.06.2025;;
ПКНФ-000345;19.06.2025;Заглушка PPR 25 мм, белая, Pro Aqua PA15010P;Полиэтелен, корсис, прагма, НПВХ (ПК КСС);10;10;;;19.06.2025;;
ПКНФ-000345;19.06.2025;Муфта PPR редукционная 40х25, наружная /внутренняя белая, Pro Aqua;Арматура (ПК КСС);5;5;;;19.06.2025;;
ПКНФ-000345;19.06.2025;Хомут метал. резина с гайкой М8 3/4"" (26-30);Расходные материалы (ПК КСС);180;190;;;19.06.2025;;
ПКНФ-000345;19.06.2025;Шаровой кран с электроприводом серия SC209, трехходовой Т-порт, DN 25 мм, давление рабочей среды до;Арматура (ПК КСС);1;1;;;19.06.2025;;
ПКНФ-000345;19.06.2025;Муфта PPR комбинированная разъемная 25х1""НР, белая, Pro Aqua PA21015;Полиэтелен, корсис, прагма, НПВХ (ПК КСС);4;4;;;19.06.2025;;
ПКНФ-000345;19.06.2025;Муфта PPR комбинированная разъемная 25х1""ВР, белая, Pro Aqua PA20015;Полиэтелен, корсис, прагма, НПВХ (ПК КСС);2;2;;;19.06.2025;;
ПКНФ-000345;19.06.2025;Хомут червячный нержавеющий Экофикс 12-22 мм/9 W2;Расходные материалы (ПК КСС);50;50;;;19.06.2025;;
ПКНФ-000345;19.06.2025;Муфта комб.разъём.(американка) с внутренней резьбой  25x1"" (100/25) (Valfex) БЕЛАЯ (ПК);Полиэтелен, корсис, прагма, НПВХ (ПК КСС);36;36;;;19.06.2025;;
ПКНФ-000345;19.06.2025;Труба гофрированная d20 ПНД черная с зондом IEK (100);Электротовары КСС ШУ;15;15;;;19.06.2025;;
ПКНФ-000345;19.06.2025;Угол 90гр. Ø25 белая;Комплектующие для водоподготовки;33;47;;;19.06.2025;;
ПКНФ-000345;19.06.2025;Муфта PPR комбинированная 40х1 1/4""НР под ключ, белая, Pro Aqua PA23520P;Полиэтелен, корсис, прагма, НПВХ (ПК КСС);5;6;;;19.06.2025;;
ПКНФ-000345;19.06.2025;Ниппель приварной DN25"" 1""  чермет;Арматура (ПК КСС);16;20;;;19.06.2025;;
ПКНФ-000345;19.06.2025;Шланг ПВХ 20мм прозрачный (бухта 50м);Полиэтелен, корсис, прагма, НПВХ (ПК КСС);180;200;;;19.06.2025;;
ПКНФ-000345;19.06.2025;Лист 2,0*1000*2000  AISI 304 (08х18Н10), х/к, мат (2В);Нержавеющие трубы, листы, круги, сетки(ПК КСС);3;3;17.09.2025;17.09.2025;19.06.2025;;
ПКНФ-000345;19.06.2025;Кварц окатанный 2-5 мм, Россия (шт=кг);Засыпки и сорбенты для ЛОС, Водоподготовка;20;20;;25.12.2024;19.06.2025;;
ПКНФ-000345;19.06.2025;Расходомер-счетчик электромагнитный КАРАТ-551М-32-0;Расходомеры, манометры (ПК КСС);1;1;;;19.06.2025;;
ПКНФ-000345;19.06.2025;Кран шаровой для ВОДЫ 1 1/4"" ВР/ВР ручка-рычаг, латунный VALFEX (ПК);Арматура (ПК КСС);10;22;;;19.06.2025;;
ПКНФ-000345;19.06.2025;Муфта PPR разъемная 25 мм, белая, Pro Aqua;Полиэтелен, корсис, прагма, НПВХ (ПК КСС);5;5;;;19.06.2025;;
ПКНФ-000345;19.06.2025;Насос фекальный погружной, 250 Вт, пропускная способность 150 л/мин, напор 7,5 м, чугунный корпус, с;Другие насосы и УПМ (ПК КСС);5;5;;;19.06.2025;;
ПКНФ-000345;19.06.2025;Дозировочный контейнер 100 л с крышкой и заглушкой ДК100КЗ;Комплектующие для водоподготовки;1;1;;;19.06.2025;;
ПКНФ-000345;19.06.2025;Проточный ротаметр FM 10 1-10 GPM G3/4"";Комплектующие для водоподготовки;5;5;;;19.06.2025;;
ПКНФ-000345;19.06.2025;Расходомер-счетчик КАРАТ-523-С-СП-32-1-Т90-ВП-ИВ;Расходомеры, манометры (ПК КСС);1;1;;;19.06.2025;;
ПКНФ-000345;19.06.2025;Фляга п/э 30л БПЗ 30 с вкладышем;Комплектующие для водоподготовки;1;1;;;19.06.2025;;
ПКНФ-000345;19.06.2025;Блок управления RUNXIN 53504P, ТМ.F67P1-A;Комплектующие для водоподготовки;1;1;;;19.06.2025;;
ПКНФ-000345;19.06.2025;Корпус фильтра 14х65 Canature (натуральный /ДРС в комплекте/);Комплектующие для водоподготовки;1;1;;;19.06.2025;;
ПКНФ-000345;19.06.2025;Сорбент МС (0.315 - 0.7);Засыпки и сорбенты для ЛОС, Водоподготовка;1.5;1.5;;;19.06.2025;;
ПКНФ-000345;19.06.2025;Аэратор дисковый 320 мм;Комплектующие для водоподготовки;36;36;;;19.06.2025;;
ПКНФ-000345;19.06.2025;Ершовая биозагрузка 120/1000 нерж;Комплектующие для водоподготовки;270;270;;;19.06.2025;;
ПКНФ-000345;19.06.2025;Миксер МХ3018/037323(3)ПВХ/186;Комплектующие для водоподготовки;1;1;;;19.06.2025;;
ПКНФ-000345;19.06.2025;Вихревая воздуходувка Zenova 2RB 420-022;Комплектующие для водоподготовки;1;1;;;19.06.2025;;
ПКНФ-000345;19.06.2025;BBS Municipal 3 кг;Комплектующие для водоподготовки;1;1;;;19.06.2025;;
ПКНФ-000345;19.06.2025;Установка обеззараживания воды ECO-PRO 2S-9Ai;Комплектующие для водоподготовки;1;1;;;19.06.2025;;
ПКНФ-000345;19.06.2025;Кабель КВВ 4*0,75;Электротовары КСС ШУ;9;9;;;19.06.2025;;
ПКНФ-000345;19.06.2025;Лампа ультрафиолетовая P-15108eco;Комплектующие для водоподготовки;1;1;;;19.06.2025;;
ПКНФ-000345;19.06.2025;Водалс (коагулянт алюминия - канистра 20л);Комплектующие для водоподготовки;2;2;;;19.06.2025;;
ПКНФ-000345;19.06.2025;Шпилька М8 L1000 (А2, DIN975/ DIN976);Нержавеющие метизы (ПК КСС);36;36;;;19.06.2025;;
ПКНФ-000345;19.06.2025;Обезвоживатель мешочный TURAN-M-1-НЖ;Водоподготовка (ПК КСС);1;1;;;19.06.2025;;
ПКНФ-000345;19.06.2025;Модуль тонкослойный БТМ 41-84;Водоподготовка (ПК КСС);1;1;;;19.06.2025;;
ПКНФ-000345;19.06.2025;Муфта PPR редукционная 25х20, наружная /внутренняя белая, Pro Aqua;Полиэтелен, корсис, прагма, НПВХ (ПК КСС);10;20;;;19.06.2025;;
ПКНФ-000345;19.06.2025;Пресс-фланец DN 150 PN 10/16 ст. C20/22 (172 мм);Черные фланцы и фиттинги (ПК КСС);5;5;;;19.06.2025;;
ПКНФ-000345;19.06.2025;6574.4 - КОС (БОС) - Направляющие корзины Корзина сороудерж. Лестницы;Составные части трубопровода (Пк КСС);1;1;;;19.06.2025;ПКНФ-000691;12.08.2025
ПКНФ-000345;19.06.2025;Полоса 3,0х40 AISI304;Нержавеющие трубы, листы, круги, сетки(ПК КСС);12;12;;;19.06.2025;;
ПКНФ-000345;19.06.2025;Труба СВ 50,8х2,0мм 08Х18Н10 (AISI 304);Нержавеющие трубы, листы, круги, сетки(ПК КСС);1;1;;;19.06.2025;;
ПКНФ-000345;19.06.2025;Штуцер ""ёлочка"" (ёрш) 1 1/2"" х40 нр AISI 304 резьба;Нержавеющие фланцы и фиттинги (ПК КСС);1;1;;;19.06.2025;;
ПКНФ-000345;19.06.2025;Муфта-американка DN 40 (1 1/2 "") (48,3) AISI 304 вр/вр_имп;Нержавеющие фланцы и фиттинги (ПК КСС);1;1;;;19.06.2025;;
ПКНФ-000345;19.06.2025;Муфта-американка DN 40 (1 1/2 "") (48,3) AISI 304 вр/нр;Нержавеющие фланцы и фиттинги (ПК КСС);1;1;;;19.06.2025;;
ПКНФ-000345;19.06.2025;Муфта разъемная с наружной резьбой ПП 25х1;Комплектующие для водоподготовки;2;2;;;19.06.2025;;
ПКНФ-000345;19.06.2025;Труба ПП D20мм Длина 4 м;Комплектующие для водоподготовки;2;2;;;19.06.2025;;
ПКНФ-000345;19.06.2025;Кран шаровый ПП (шар ABS) с 2 сгонами ХВС - 25;Комплектующие для водоподготовки;3;3;;;19.06.2025;;
ПКНФ-000345;19.06.2025;Тройник 25x25x25 мм ПП;Комплектующие для водоподготовки;42;42;;;19.06.2025;;
ПКНФ-000345;19.06.2025;Труба PPR SDR 11 PN10 25/2,3/4000 мм, БЕЛАЯ, Pro Aqua PA11010;Полиэтелен, корсис, прагма, НПВХ (ПК КСС);90;114;;;19.06.2025;;
ПКНФ-000345;19.06.2025;Уголок ПП 45 - 25;Полиэтелен, корсис, прагма, НПВХ (ПК КСС);3;3;;;19.06.2025;;
ПКНФ-000345;19.06.2025;Муфта разъемная, американка полипропиленовая для агрессивных сред - 25;Полиэтелен, корсис, прагма, НПВХ (ПК КСС);30;30;;;19.06.2025;;
ПКНФ-000345;19.06.2025;Опора с боковым фиксатором PP-R DN 25;Полиэтелен, корсис, прагма, НПВХ (ПК КСС);130;130;;;19.06.2025;;
ПКНФ-000345;19.06.2025;Муфта переходная ПП - 25х20;Полиэтелен, корсис, прагма, НПВХ (ПК КСС);7;7;;;19.06.2025;;
ПКНФ-000345;19.06.2025;Шланг дренажный 1 1/2х10м (4 бар);Комплектующие для водоподготовки;1;1;;;19.06.2025;;
ПКНФ-000345;19.06.2025;Обратный клапан ПП Белый 25мм;Полиэтелен, корсис, прагма, НПВХ (ПК КСС);2;2;;;19.06.2025;;
ПКНФ-000345;19.06.2025;Штуцер 1 НПх20 мм, латунь;Арматура (ПК КСС);7;7;;;19.06.2025;;
ПКНФ-000345;19.06.2025;Хомут мет. с гайкой (М8 1"" (32-35));Арматура (ПК КСС);2;2;;;19.06.2025;;
ПКНФ-000345;19.06.2025;Поплавковый выключатель датчик уровня воды (горизонтальный);Комплектующие для водоподготовки;2;2;;;19.06.2025;;
ПКНФ-000345;19.06.2025;Ремень стяжной 5,0/10,0 /7500 50мм;Крепеж и цепи, тали (ПК КСС);7;7;;;19.06.2025;;
ПКНФ-000345;19.06.2025;Заглушка для трубы 25х25 мм пластик;Расходные материалы (ПК КСС);14;14;23.04.2024;;19.06.2025;;
ПКНФ-000345;19.06.2025;Сорбент АС (0.7 - 1.4);Водоподготовка (ПК КСС);2.5;2.5;;;19.06.2025;;
ПКНФ-000345;19.06.2025;Ниппель приварной DN25 1  (33,7мм) (AISI304, 08Х18H10);Нержавеющие фланцы и фиттинги (ПК КСС);7;7;;03.06.2024;19.06.2025;;
ПКНФ-000345;19.06.2025;Труба 30х30х2 (AISI 304);Нержавеющие трубы, листы, круги, сетки(ПК КСС);18;18.2;09.09.2025;09.09.2025;19.06.2025;;
ПКНФ-000345;19.06.2025;Труба эл/сварная 25х1,5;Черные трубы, листы, круги (ПК КСС);5.6;5.6;;;19.06.2025;;
ПКНФ-000345;19.06.2025;Навесной замок с ключом GPLK-50L;Оцинкованные метизы (ПК КСС);3;48;;20.01.2025;19.06.2025;;
ПКНФ-000345;19.06.2025;Насос дозирующий SEKO KOMPACT DPT200;Водоподготовка (ПК КСС);1;1;;;19.06.2025;;
ПКНФ-000345;19.06.2025;Ремень стяжной 5,0/10,0 /6000 50мм;Крепеж и цепи, тали (ПК КСС);10;17;;;19.06.2025;;
ПКНФ-000345;19.06.2025;Полоса 40*4 ГОСТ 103-76;Черные трубы, листы, круги (ПК КСС);20;80.3;;19.08.2024;19.06.2025;;
ПКНФ-000345;19.06.2025;Труба оц ВГП 25х3,2  ГОСТ 3262-75 (м);Черные трубы, листы, круги (ПК КСС);4;112.28;;27.12.2024;19.06.2025;;
ПКНФ-000345;19.06.2025;Труба эл/сварная ОЦ 89х4 ГОСТ 10704-91;Черные трубы, листы, круги (ПК КСС);5;5;;;19.06.2025;;
ПКНФ-000345;19.06.2025;Круг 6,0 (AISI304, 08x18H10);Нержавеющие трубы, листы, круги, сетки(ПК КСС);6;6;17.09.2025;05.08.2025;19.06.2025;;
ПКНФ-000345;19.06.2025;Ниппель приварной DN40 1 1/2"" (AISI304, 08Х18H10);Нержавеющие фланцы и фиттинги (ПК КСС);1;2;;;19.06.2025;;
ПКНФ-000345;19.06.2025;Труба 40х20х2 ГОСТ 8639-82;Черные трубы, листы, круги (ПК КСС);50;79.5;;29.01.2024;19.06.2025;;
ПКНФ-000345;19.06.2025;Труба 80х80х3 ГОСТ 8645-68;Черные трубы, листы, круги (ПК КСС);50;51.7;;;19.06.2025;;
ПКНФ-000345;19.06.2025;Отвод 90 гр. НПВХ DN110;Полиэтелен, корсис, прагма, НПВХ (ПК КСС);5;55;;;19.06.2025;;
ПКНФ-000382;25.06.2025;Контактор модульный КМ 16А 2NО;Электротовары КСС ШУ;7;15;;;25.06.2025;;
ПКНФ-000382;25.06.2025;Выключатель нагрузки 1Р 40А ВН-29;Электротовары КСС ШУ;1;1;;;25.06.2025;;
ПКНФ-000382;25.06.2025;Щит распределительный навесной Systeme Electric ЩРН-П-8 8 модулей IP40 пластик;Корпусы для ШУ;1;1;;;25.06.2025;;
ПКНФ-000382;25.06.2025;Провод ПУГВнг(А)-LS 1х0,5 С;Электротовары КСС ШУ;10;1760;;;25.06.2025;;
ПКНФ-000382;25.06.2025;Наконечник штыревой втулочный изол. НШвИ(2) 0.5-8 (уп.50шт);Электротовары КСС ШУ;20;4150;;;25.06.2025;;
ПКНФ-000382;25.06.2025;Знак ""Земля"" круглый d20мм EKF an-1-04;Электротовары КСС ШУ;2;0;;;25.06.2025;;
ПКНФ-000382;25.06.2025;Выключатель автоматический модульный 3п C 6А 4.5кА ВА 47-63;Электротовары КСС ШУ;3;88;;;25.06.2025;;
ПКНФ-000382;25.06.2025;Ограничитель на DIN-рейку 1 винт HDW-211;Электротовары КСС ШУ;30;0;;;25.06.2025;;
ПКНФ-000382;25.06.2025;Выключатель автоматический модульный 1п C 6А 4.5кА ВА 47-63;Электротовары КСС ШУ;2;0;;16.01.2026;25.06.2025;;
ПКНФ-000382;25.06.2025;Выключатель нагрузки 3п 40А ВН-63N;Электротовары КСС ШУ;1;10;;;25.06.2025;;
ПКНФ-000382;25.06.2025;Выключатель автоматический модульный 1п C 16А 4.5кА ВА 47-63;Электротовары КСС ШУ;2;32;;;25.06.2025;;
ПКНФ-000382;25.06.2025;Выключатель автоматический модульный 1п C 10А 4.5кА ВА 47-63;Электротовары КСС ШУ;4;79;;;25.06.2025;;
ПКНФ-000382;25.06.2025;Панель оператора PRO-Screen 7 EKF RSC-7;Электротовары КСС ШУ;1;16;;;25.06.2025;;
ПКНФ-000382;25.06.2025;Колодка клеммная JXB-ST-1.5 17.5А двойная пружинная сер.;Электротовары КСС ШУ;4;4;;;25.06.2025;;
ПКНФ-000382;25.06.2025;Символ ""Молния"" (треугольник) 50х50х50мм;Электротовары КСС ШУ;2;61;;;25.06.2025;;
ПКНФ-000382;25.06.2025;Блок питания, 12В, 6,3A, 75Вт;Электротовары КСС ШУ;1;5;;;25.06.2025;;
ПКНФ-000382;25.06.2025;DIN-рейка перфорированная L2000 1мм 35х7,5;Электротовары КСС ШУ;0.5;25;;;25.06.2025;;
ПКНФ-000382;25.06.2025;Термостат NO (охлаждение) на DIN-рейку 10А 230В IP20;Электротовары КСС ШУ;1;27;;;25.06.2025;;
ПКНФ-000382;25.06.2025;Программируемое реле ПР103-24.1610.03.2.0;Электротовары КСС ШУ;1;2;;;25.06.2025;;
ПКНФ-000382;25.06.2025;Контактор КМЭ 9А 220В/АС3 1НО;Электротовары КСС ШУ;3;67;;;25.06.2025;;
ПКНФ-000382;25.06.2025;Программируемое реле ПР200-24.4.2.0;Электротовары КСС ШУ;1;12;;03.02.2026;25.06.2025;;
ПКНФ-000382;25.06.2025;Концевой выключатель TZ-8166 EKF ;Электротовары КСС ШУ;5;5;;;25.06.2025;;
ПКНФ-000382;25.06.2025;Выключатель автоматический модульный 1п C 25А 4.5кА ВА 47-63;Электротовары КСС ШУ;2;45;;;25.06.2025;;
ПКНФ-000382;25.06.2025;Наконечник штыревой втулочный изол. НШвИ 6.0-12 (уп.50шт);Электротовары КСС ШУ;20;1484;;25.08.2025;25.06.2025;;
ПКНФ-000382;25.06.2025;Наконечник штыревой втулочный изол. НШвИ(2) 6.0-14 (уп.50шт);Электротовары КСС ШУ;50;860;;;25.06.2025;;
ПКНФ-000382;25.06.2025;Трубка термоус. ТУТ (HF)-4/2, красн. (уп.100м);Электротовары КСС ШУ;1;65.7;;;25.06.2025;;
ПКНФ-000382;25.06.2025;Трубка термоус. ТУТ (HF)-4/2, зел. (уп.100м);Электротовары КСС ШУ;1;65.5;;;25.06.2025;;
ПКНФ-000382;25.06.2025;Трубка термоус. ТУТ (HF)-4/2, желт. (уп.100м);Электротовары КСС ШУ;1;90.2;;;25.06.2025;;
ПКНФ-000382;25.06.2025;Сальник PG11 IP68 (d кабеля 5-10мм);Электротовары КСС ШУ;10;42;;24.02.2025;25.06.2025;;
ПКНФ-000382;25.06.2025;Наконечник штыревой втулочный изол. НШвИ 0.5-8 (уп.50шт);Электротовары КСС ШУ;50;16889;;;25.06.2025;;
ПКНФ-000382;25.06.2025;Наконечник штыревой втулочный изол. НШвИ 1.5-8 (уп.50шт);Электротовары КСС ШУ;50;2578;;;25.06.2025;;
ПКНФ-000382;25.06.2025;Держатель для труб d31-32 мм оцинков., односторонний / ДКС;Электротовары КСС ШУ;7;7;;04.03.2024;25.06.2025;;
ПКНФ-000382;25.06.2025;Выкл. автомат. 2Р С20А 4,5кА;Электротовары КСС ШУ;1;1;;;25.06.2025;;
ПКНФ-000382;25.06.2025;Выкл. автомат. 1Р С 3A 4,5кА ВА 47-29;Электротовары КСС ШУ;1;2;;30.05.2024;25.06.2025;;
ПКНФ-000382;25.06.2025;Сальник PG 16 10-14мм IP54;Электротовары КСС ШУ;6;231;;;25.06.2025;;
ПКНФ-000382;25.06.2025;Вентилятор с фильтром 52 м3/ч 124х124 мм;Электротовары КСС ШУ;1;17;;12.10.2025;25.06.2025;;
ПКНФ-000382;25.06.2025;Решетка вентиляционная с фильтром 124x124мм IP54;Электротовары КСС ШУ;1;11;;12.10.2025;25.06.2025;;
ПКНФ-000382;25.06.2025;MES 80.60.25, Шкаф компактный распределительный 800х600х250;Корпусы для ШУ;1;1;;;25.06.2025;;
ПКНФ-000382;25.06.2025;Колодка клеммная ЕК-2.5/25 JXB земля;Электротовары КСС ШУ;10;125;;08.06.2024;25.06.2025;;
ПКНФ-000382;25.06.2025;Модуль расширения дискретного ввода/вывода ПРМ-24.1;Электротовары КСС ШУ;1;17;;;25.06.2025;;
ПКНФ-000382;25.06.2025;Провод ПУГВнг(А)-LS 1х0,5 Б;Электротовары КСС ШУ;20;5022;;;25.06.2025;;
ПКНФ-000382;25.06.2025;Провод ПУГВнг(А)-LS 1х0,5 Ч;Электротовары КСС ШУ;27;1677;;;25.06.2025;;
ПКНФ-000382;25.06.2025;Провод ПУГВнг(А)-LS 1х1,5 ж/з;Электротовары КСС ШУ;10;548.3;;;25.06.2025;;
ПКНФ-000382;25.06.2025;Трубка термоус. ТУТ (HF)-8/4, жел. (уп.50м) КВТ;Электротовары КСС ШУ;1;29.3;;;25.06.2025;;
ПКНФ-000382;25.06.2025;Трубка термоус. ТУТ (HF)-8/4, зел. (уп.50м) КВТ;Электротовары КСС ШУ;1;29.3;;;25.06.2025;;
ПКНФ-000382;25.06.2025;Трубка термоус. ТУТ (HF)-8/4, красн. (уп.50м) КВТ;Электротовары КСС ШУ;1;30.5;;;25.06.2025;;
ПКНФ-000382;25.06.2025;Выкл. автомат. 3Р С40А 4,5кА;Электротовары КСС ШУ;1;1;;;25.06.2025;;
ПКНФ-000382;25.06.2025;Клеммный соединитель 2х2,5 (множильный);Электротовары КСС ШУ;5;5;;;25.06.2025;;
ПКНФ-000382;25.06.2025;Розетка РДЕ-47 240В (под евро вилку с заземлением) EKF PROxima/EKF;Электротовары КСС ШУ;1;2;;;25.06.2025;;
ПКНФ-000382;25.06.2025;HDR-30-24 Блок питания, 24В,1.5А,36Вт;Электротовары КСС ШУ;1;23;;;25.06.2025;;
ПКНФ-000382;25.06.2025;Наконечник НШвИ(2) 1.5-8 (уп.50шт);Электротовары КСС ШУ;50;5119;;;25.06.2025;;
ПКНФ-000867;01.10.2025;Шайба гроверная оц.М24 DIN 127;Оцинкованные метизы (ПК КСС);0.032;1.558;;;01.10.2025;;
ПКНФ-000867;01.10.2025;КСС ШУКПП - 3/3-11кВт-УХЛ1+АВР+GSM;Шкафы управления (ПК КСС);1;0;;;01.10.2025;ПКНФ-000885;14.10.2025
ПКНФ-000867;01.10.2025;Болт оцинк. М6х40 DIN 933;Оцинкованные метизы (ПК КСС);0.006;0.196;;;01.10.2025;;
ПКНФ-000867;01.10.2025;Болт М12*40 DIN 933 полная резьба  (А2, 12,0, 45,0, DIN 933) ;Нержавеющие метизы (ПК КСС);6;240;;;01.10.2025;;
ПКНФ-000867;01.10.2025;Щит настен. 3 мод. (100х155х95) IP41 (ЩРН-П-3);Электротовары КСС ШУ;1;1;;;01.10.2025;;
ПКНФ-000867;01.10.2025;Скоба такелажная М4;Крепеж и цепи, тали (ПК КСС);12;158;;;01.10.2025;;
ПКНФ-000867;01.10.2025;Шпилька М12*1000 DIN 975 оц;Оцинкованные метизы (ПК КСС);10;11;;;01.10.2025;;
ПКНФ-000867;01.10.2025;Затвор поворотный межфланцевый ABRA BUV-VF826D100H DN100 PN16/10 корпус GG25 / диск GGG40 / седло EP;Арматура (ПК КСС);2;2;;;01.10.2025;;
ПКНФ-000867;01.10.2025;Болт оцинк. М20х60 DIN933;Оцинкованные метизы (ПК КСС);0.012;0.426;;;01.10.2025;;
ПКНФ-000867;01.10.2025;Болт М18*80 DIN 933 полная резьба  (А2, 18,0, 80,0, DIN 933);Нержавеющие метизы (ПК КСС);24;123;;;01.10.2025;;
ПКНФ-000867;01.10.2025;Гайка шестигр. оц. М20 DIN 934 тыс шт;Оцинкованные метизы (ПК КСС);0.012;1.439;;27.06.2024;01.10.2025;;
ПКНФ-000867;01.10.2025;Болт оцинк. М16х80  DIN933;Оцинкованные метизы (ПК КСС);0.152;1.187;;;01.10.2025;;
ПКНФ-000867;01.10.2025;6754 - Трубопровод;Составные части трубопровода (Пк КСС);1;1;;;01.10.2025;ПКНФ-000963;03.10.2025
ПКНФ-000867;01.10.2025;6754 - Рама под УПМ, Балка под крышку;Составные части трубопровода (Пк КСС);1;1;;;01.10.2025;ПКНФ-000960;02.10.2025
ПКНФ-000867;01.10.2025;6754 - Направляющие под дробилку Упор под шибер  Площадка Лестница Балка транспортировочная Кор;Составные части трубопровода (Пк КСС);1;1;;;01.10.2025;ПКНФ-000962;03.10.2025
ПКНФ-000867;01.10.2025;Насос 80WQ50-29-11JY-CBLWQ4-15М, 11кВт, с перемеш.механизмом, без АТМ DN80, 2-х полюс., кабель 15м;Насосы CNP (ПК КСС);3;0;;;01.10.2025;;
ПКНФ-000867;01.10.2025;Автоматическая трубная муфта для насоса WQ DN80, TOS-80, мощность до 15кВт включительно (ПК);УПМ СNP (ПК КСС);3;3;;;01.10.2025;;
ПКНФ-000867;01.10.2025;Штанга с креплением на маховик L-1416 мм (управление маховик), для шиберной задвижки DN 400;Арматура (ПК КСС);1;1;;;01.10.2025;;
ПКНФ-000867;01.10.2025;Шкаф управления дробилкой наружного исполнения: CT1/D-16A-N2 (PL);Дробилки, измельчители, мешалки;1;1;;;01.10.2025;;
ПКНФ-000867;01.10.2025;Шпилька резьб. М20 L1000 DIN975 (Оцинк);Оцинкованные метизы (ПК КСС);3;24;;;01.10.2025;;
ПКНФ-000867;01.10.2025;Шпилька М24*1000 DIN 975 оц;Оцинкованные метизы (ПК КСС);5;3;;;01.10.2025;;
ПКНФ-000867;01.10.2025;Решетка дробилка канализационная серии Gobza РДК-60;Дробилки, измельчители, мешалки;1;1;;;01.10.2025;;
ПКНФ-000867;01.10.2025;Задвижка шиб. двухстор. Ду400 Ру7 нев. шток, без торц. упл.;Арматура (ПК КСС);1;1;;;01.10.2025;;
ПКНФ-000867;01.10.2025;Стеклоровинг ECR24-2400D-601 (Шандон) намотка Китай;Сырье стеклопластиковое;1125;71436.5;;12.01.2025;01.10.2025;;
ПКНФ-000867;01.10.2025;Заглушка для трубы 25х25 мм пластик;Расходные материалы (ПК КСС);2;2;23.04.2024;;01.10.2025;;
ПКНФ-000867;01.10.2025;Шайба гроверная оц. Ф16 DIN 127;Оцинкованные метизы (ПК КСС);0.152;1.17;;27.06.2024;01.10.2025;;
ПКНФ-000867;01.10.2025;Хомут 3,0х150 нейлон белый (100 шт);Электротовары КСС ШУ;300;300;;;01.10.2025;;
ПКНФ-000867;01.10.2025;Сальник PG 9;Электротовары КСС ШУ;20;20;;;01.10.2025;;
ПКНФ-000867;01.10.2025;Навесной замок с ключом GPLK-50L;Оцинкованные метизы (ПК КСС);3;51;;20.01.2025;01.10.2025;;
ПКНФ-000867;01.10.2025;ШСММ ПШ БУР ОЦ 4,2х25 (ОК.493шт/кг) ST;Электротовары КСС ШУ;0.8;0.8;;;01.10.2025;;
ПКНФ-000867;01.10.2025;ШСММ ПШ ОСТР ОЦ 4,2х16 (ОК.671шт/кг) ST;Оцинкованные метизы (ПК КСС);0.972;0.972;;;01.10.2025;;
ПКНФ-000867;01.10.2025;Прокладка (паронит) 80;Полиэтелен, корсис, прагма, НПВХ (ПК КСС);3;49;;;01.10.2025;;
ПКНФ-000867;01.10.2025;Гайка оцинк. DIN 934 М24;Оцинкованные метизы (ПК КСС);0.032;1.631;;;01.10.2025;;
ПКНФ-000867;01.10.2025;Гайка шестигр. оц М16  (тыс шт);Оцинкованные метизы (ПК КСС);0.152;0.731;;27.06.2024;01.10.2025;;
ПКНФ-000867;01.10.2025;Труба ВГП ОЦ 32х3,2 ГОСТ 3262-75 (м);Черные трубы, листы, круги (ПК КСС);27.6;145.96;;;01.10.2025;;
ПКНФ-000867;01.10.2025;Шпилька М10 L1000 (А2, DIN975);Нержавеющие метизы (ПК КСС);1;21;;;01.10.2025;;
ПКНФ-000867;01.10.2025;Шпилька М20 L1000 (А2, DIN975);Нержавеющие метизы (ПК КСС);5;20;;;01.10.2025;;
ПКНФ-000867;01.10.2025;Шпилька М24 L1000 (А2, DIN975/ DIN976);Нержавеющие метизы (ПК КСС);3;49;;08.10.2024;01.10.2025;;
ПКНФ-000867;01.10.2025;Маркер для JXB с нумерацией 1-10 (уп.100шт);Электротовары КСС ШУ;100;100;;;01.10.2025;;
ПКНФ-000867;01.10.2025;Анкерный болт с гайкой 16*180 HNM тыс;Оцинкованные метизы (ПК КСС);0.02;0.59;;10.06.2024;01.10.2025;;
ПКНФ-000867;01.10.2025;Болт М10*60 DIN 933 полная резьба  (А2, 10,0, 60,0, DIN 933);Нержавеющие метизы (ПК КСС);45;1473;;;01.10.2025;;
ПКНФ-000867;01.10.2025;Болт М16*80 DIN 933 полная резьба  (А2, 16,0, 80,0, DIN 933);Нержавеющие метизы (ПК КСС);16;520;;;01.10.2025;;
ПКНФ-000867;01.10.2025;Гайка М10 DIN 934  (А2, 10,0, DIN 934);Нержавеющие метизы (ПК КСС);45;1031;;19.06.2024;01.10.2025;;
ПКНФ-000867;01.10.2025;Гайка М12 DIN 934  (А2, 12,0, DIN 934);Нержавеющие метизы (ПК КСС);6;1115;;;01.10.2025;;
ПКНФ-000867;01.10.2025;Гайка М16 DIN 934  (А2, 16,0, DIN 934);Нержавеющие метизы (ПК КСС);16;596;15.05.2024;25.04.2024;01.10.2025;;
ПКНФ-000867;01.10.2025;Гайка М18 DIN 934  (А2, 18,0, DIN 934);Нержавеющие метизы (ПК КСС);24;538;;;01.10.2025;;
ПКНФ-000867;01.10.2025;Грибок канализационный;Полиэтелен, корсис, прагма, НПВХ (ПК КСС);1;22;;27.01.2026;01.10.2025;;
ПКНФ-000867;01.10.2025;Задвижка клиновая Ду100 Ру16 штурвал 30ч39р;Арматура (ПК КСС);5;11;;;01.10.2025;;
ПКНФ-000867;01.10.2025;Карабин винтовой 4 мм;Крепеж и цепи, тали (ПК КСС);12;118;;;01.10.2025;;
ПКНФ-000867;01.10.2025;Карабин винтовой 6 мм;Водоподготовка (ПК КСС);10;133;;;01.10.2025;;
ПКНФ-000867;01.10.2025;Клапан обратный шаровой DN100 PN16 канализационный;Арматура (ПК КСС);3;7;;;01.10.2025;;
ПКНФ-000867;01.10.2025;Лента стеклянная 400, 250 мм, кг;Сырье стеклопластиковое;73;4694.5;;12.01.2025;01.10.2025;;
ПКНФ-000867;01.10.2025;Манжета резиновая переходная D 110/124 Уп., черн;Полиэтелен, корсис, прагма, НПВХ (ПК КСС);2;30;;27.01.2026;01.10.2025;;
ПКНФ-000867;01.10.2025;Манжета резиновая переходная D 50/72 Уп., черн;Полиэтелен, корсис, прагма, НПВХ (ПК КСС);1;164;;;01.10.2025;;
ПКНФ-000867;01.10.2025;Отвердитель Akperox А60 (30кг);Сырье стеклопластиковое;77;353.65;;;01.10.2025;;
ПКНФ-000867;01.10.2025;Отвод 90 гр. НПВХ DN110;Полиэтелен, корсис, прагма, НПВХ (ПК КСС);1;51;;;01.10.2025;;
ПКНФ-000867;01.10.2025;Пигмент железооксидный зеленый Green ТС 5605. Производство Китай.;Сырье стеклопластиковое;1;154.1;;;01.10.2025;;
ПКНФ-000867;01.10.2025;Поплавковый выключатель RL-1 10м;Датчики уровня, преобразователи, реле (ПК КСС);5;87;;05.02.2025;01.10.2025;;
ПКНФ-000867;01.10.2025;Прокладка (паронит) 100;Полиэтелен, корсис, прагма, НПВХ (ПК КСС);16;132;;;01.10.2025;;
ПКНФ-000867;01.10.2025;Прокладка (паронит) 400;Полиэтелен, корсис, прагма, НПВХ (ПК КСС);2;34;;;01.10.2025;;
ПКНФ-000867;01.10.2025;Проушина прямая 30х70мм;Расходные материалы (ПК КСС);6;277;;;01.10.2025;;
ПКНФ-000867;01.10.2025;Рым-гайка DIN 582 М10;Крепеж и цепи, тали (ПК КСС);6;101;;;01.10.2025;;
ПКНФ-000867;01.10.2025;Рым-гайка DIN 582 М6 шт;Крепеж и цепи, тали (ПК КСС);6;10;;;01.10.2025;;
ПКНФ-000867;01.10.2025;Скоба такелажная М6;Крепеж и цепи, тали (ПК КСС);10;68.1;;03.07.2025;01.10.2025;;
ПКНФ-000867;01.10.2025;Смола полимер 3401 А (1000кг);Сырье стеклопластиковое;385;4395.2;;12.01.2026;01.10.2025;;
ПКНФ-000867;01.10.2025;Смола полимер 3401 ТА (1000кг);Сырье стеклопластиковое;497;35555.6;;12.01.2026;01.10.2025;;
ПКНФ-000867;01.10.2025;Стекломат  E6CRMC600-1250-Е (45кг) Джуши Китай;Сырье стеклопластиковое;159;27475.7;;12.01.2025;01.10.2025;;
ПКНФ-000867;01.10.2025;Стеклорогожа EWR 560;Сырье стеклопластиковое;35;5741.6;;;01.10.2025;;
ПКНФ-000867;01.10.2025;Труба 110/3,2/0560 наружная канализация;Полиэтелен, корсис, прагма, НПВХ (ПК КСС);1;142;;;01.10.2025;;
ПКНФ-000867;01.10.2025;Труба двустенная для электропроводки d110 с протяжкой(внутр. d94)/ДКС ;Полиэтелен, корсис, прагма, НПВХ (ПК КСС);3;200;;;01.10.2025;;
ПКНФ-000867;01.10.2025;Труба двустенная для электропроводки d50 с протяжкой(внутр. d41,5) [ДКС] (код 19735) 121950;Полиэтелен, корсис, прагма, НПВХ (ПК КСС);3;159;;;01.10.2025;;
ПКНФ-000867;01.10.2025;Цепь короткозвенная 4мм DIN766 оцинк;Крепеж и цепи, тали (ПК КСС);30;448.06;;05.07.2024;01.10.2025;;
ПКНФ-000867;01.10.2025;Цепь Т6-6х18 мм ГОСТ 30441-97 (покрытие хим.окс.);Крепеж и цепи, тали (ПК КСС);21.1;189.9;;;01.10.2025;;
ПКНФ-000867;01.10.2025;Шайба  гровер М12 DIN 127 (А2, DIN 127);Нержавеющие метизы (ПК КСС);6;985.964;;;01.10.2025;;
ПКНФ-000867;01.10.2025;Шайба  гровер М18 DIN 127 (А2, DIN 127);Нержавеющие метизы (ПК КСС);24;1638;;;01.10.2025;;
ПКНФ-000867;01.10.2025;Шайба М10 DIN 125  (А2, DIN 125);Нержавеющие метизы (ПК КСС);70;584;;;01.10.2025;;
ПКНФ-000867;01.10.2025;Шайба  гровер М10 DIN 127 (А2, DIN 127);Нержавеющие метизы (ПК КСС);45;0;;;01.10.2025;;
ПКНФ-000867;01.10.2025;Шайба М12 DIN 125  (А2, DIN 125);Нержавеющие метизы (ПК КСС);12;630;;;01.10.2025;;
ПКНФ-000867;01.10.2025;Шайба М16 DIN 125  (А2, DIN 125);Нержавеющие метизы (ПК КСС);32;1419;;;01.10.2025;;
ПКНФ-000867;01.10.2025;Шайба гровер М16 DIN 127 (А2, DIN 127);Нержавеющие метизы (ПК КСС);16;2060;;;01.10.2025;;
ПКНФ-000867;01.10.2025;Шайба М18 DIN 125  (А2, DIN 125);Нержавеющие метизы (ПК КСС);48;980;;;01.10.2025;;
ПКНФ-000867;01.10.2025;Шайба М20 DIN 125  (А2, DIN 125);Нержавеющие метизы (ПК КСС);300;1834;;;01.10.2025;;
ПКНФ-000867;01.10.2025;Шайба плоская оц. М6 DIN 125;Оцинкованные метизы (ПК КСС);0.006;0.656;;25.08.2025;01.10.2025;;
ПКНФ-000867;01.10.2025;Шайба плоская оц.М16  DIN 125;Оцинкованные метизы (ПК КСС);0.304;2.7;;27.06.2024;01.10.2025;;
ПКНФ-000867;01.10.2025;Шайба плоская оц.М20  DIN 125;Оцинкованные метизы (ПК КСС);0.012;1.028;;27.06.2024;01.10.2025;;
ПКНФ-000867;01.10.2025;Шайба плоская оц.М24 DIN 125;Оцинкованные метизы (ПК КСС);0.032;2.153;;;01.10.2025;;
ПКНФ-000867;01.10.2025;ШСММ ПШ БУР ОЦ 4,2х16 (ОК.658шт/кг) ST;Оцинкованные метизы (ПК КСС);0.778;0.778;;;01.10.2025;;
ПКНФ-000867;01.10.2025;Щетка чашка (125 мм М14) для УШМ КЕДР 147-0125 208044 ;Инструменты (ПК КСС);2;2;;;01.10.2025;;
ПКНФ-000867;01.10.2025;Ограничитель клем. зажимов на DIN-рейку для УХВ ФК-101 DEKraft;Инструменты (ПК КСС);50;50;;;01.10.2025;;
ПКНФ-001133;11.11.2025;Болт оцинк. М6х40 DIN 933;Оцинкованные метизы (ПК КСС);0.006;0.19;;;11.11.2025;;
ПКНФ-001133;11.11.2025;7209.1.1 -Рама для насосов Балка транспортировочнаяПлощадка для обслуживания Балка для кабеляЛес;Составные части трубопровода (Пк КСС);1;1;;;11.11.2025;ПКНФ-001243;04.12.2025
ПКНФ-001133;11.11.2025;7209.1.1- Трубопровод;Составные части трубопровода (Пк КСС);1;1;;;11.11.2025;ПКНФ-001242;04.12.2025
ПКНФ-001133;11.11.2025;Шайба гроверная оц.Ф10 DIN 127;Оцинкованные метизы (ПК КСС);0.02;0.082;;;11.11.2025;;
ПКНФ-001133;11.11.2025;Гайка шестигр.М10 оц. DIN934;Оцинкованные метизы (ПК КСС);0.02;0.596;07.10.2024;07.10.2024;11.11.2025;;
ПКНФ-001133;11.11.2025;Скоба такелажная М4;Крепеж и цепи, тали (ПК КСС);6;146;;;11.11.2025;;
ПКНФ-001133;11.11.2025;7209.1.1 Установка подачи воды для пожаротушения;Установки ВНС и ПНС (ПК КСС);1;0;13.01.2026;;11.11.2025;ПКНФ-001134;11.11.2025
ПКНФ-001133;11.11.2025;Реле избыточного давления RVG-20-1.6 (1.6МПа) EKF RVG-20-1.6 ;Датчики уровня, преобразователи, реле (ПК КСС);1;0;;;11.11.2025;;
ПКНФ-001133;11.11.2025;Болт оцинк. 10х40 DIN933;Оцинкованные метизы (ПК КСС);0.02;0.057;;;11.11.2025;;
ПКНФ-001133;11.11.2025;Шаровой кран латунный 1/2"" ВР, с дренажем и воздухоотводчиком, ручка-бабочка, Pride LD 44.344.15;Арматура (ПК КСС);1;2;;;11.11.2025;;
ПКНФ-001133;11.11.2025;Ниппель прямой никелированный 1/2"" НР. LD Pride LD.67.501.15;Арматура (ПК КСС);1;2;;;11.11.2025;;
ПКНФ-001133;11.11.2025;Муфта никелированная 1/2"" ВР, LD Pride LD.67.502.15;Арматура (ПК КСС);1;5;;;11.11.2025;;
ПКНФ-001133;11.11.2025;Заглушка для трубы 25х25 мм пластик;Расходные материалы (ПК КСС);2;0;23.04.2024;;11.11.2025;;
ПКНФ-001133;11.11.2025;Болт М14*060 DIN 933 полная резьба  (А2, 14,0, 100,0, DIN 933);Нержавеющие метизы (ПК КСС);24;4;25.04.2024;;11.11.2025;;
ПКНФ-001133;11.11.2025;Шайба плоская оц. М10  DIN 125;Оцинкованные метизы (ПК КСС);0.04;0.656;;25.08.2025;11.11.2025;;
ПКНФ-001133;11.11.2025;Навесной замок с ключом GPLK-50L;Оцинкованные метизы (ПК КСС);4;45;;20.01.2025;11.11.2025;;
ПКНФ-001133;11.11.2025;Ремень стяжной 7,0/14,0/10000 75мм;Крепеж и цепи, тали (ПК КСС);13;78;;;11.11.2025;;
ПКНФ-001133;11.11.2025;Клапан обратный шаровый Ду80 Ру16 канализационный;Арматура (ПК КСС);2;7;;;11.11.2025;;
ПКНФ-001133;11.11.2025;Прокладка (паронит) 80;Полиэтелен, корсис, прагма, НПВХ (ПК КСС);7;46;;;11.11.2025;;
ПКНФ-001133;11.11.2025;Шпилька М10 L1000 (А2, DIN975);Нержавеющие метизы (ПК КСС);2;20;;;11.11.2025;;
ПКНФ-001133;11.11.2025;Болт М10*60 DIN 933 полная резьба  (А2, 10,0, 60,0, DIN 933);Нержавеющие метизы (ПК КСС);60;1428;;;11.11.2025;;
ПКНФ-001133;11.11.2025;Болт М16*80 DIN 933 полная резьба  (А2, 16,0, 80,0, DIN 933);Нержавеющие метизы (ПК КСС);56;504;;;11.11.2025;;
ПКНФ-001133;11.11.2025;Гайка М10 DIN 934  (А2, 10,0, DIN 934);Нержавеющие метизы (ПК КСС);72;986;;19.06.2024;11.11.2025;;
ПКНФ-001133;11.11.2025;Гайка М14 DIN 934  (А2, 14,0, DIN 934);Нержавеющие метизы (ПК КСС);24;843;;;11.11.2025;;
ПКНФ-001133;11.11.2025;Гайка М16 DIN 934  (А2, 16,0, DIN 934);Нержавеющие метизы (ПК КСС);56;580;25.04.2024;25.04.2024;11.11.2025;;
ПКНФ-001133;11.11.2025;Грибок канализационный;Полиэтелен, корсис, прагма, НПВХ (ПК КСС);2;21;;27.01.2026;11.11.2025;;
ПКНФ-001133;11.11.2025;Карабин винтовой 4 мм;Крепеж и цепи, тали (ПК КСС);6;106;;;11.11.2025;;
ПКНФ-001133;11.11.2025;Карабин винтовой 6 мм;Водоподготовка (ПК КСС);6;123;;;11.11.2025;;
ПКНФ-001133;11.11.2025;Манжета резиновая переходная D 110/124 Уп., черн;Полиэтелен, корсис, прагма, НПВХ (ПК КСС);3;28;;27.01.2026;11.11.2025;;
ПКНФ-001133;11.11.2025;Манжета резиновая переходная D 50/72 Уп., черн;Полиэтелен, корсис, прагма, НПВХ (ПК КСС);1;163;;;11.11.2025;;
ПКНФ-001133;11.11.2025;Отвод 90 гр. НПВХ DN110;Полиэтелен, корсис, прагма, НПВХ (ПК КСС);4;50;;;11.11.2025;;
ПКНФ-001133;11.11.2025;Проушина прямая 30х70мм;Расходные материалы (ПК КСС);6;271;;;11.11.2025;;
ПКНФ-001133;11.11.2025;Рым-гайка DIN 582 М10;Крепеж и цепи, тали (ПК КСС);6;95;;;11.11.2025;;
ПКНФ-001133;11.11.2025;Рым-гайка DIN 582 М6 шт;Крепеж и цепи, тали (ПК КСС);6;4;;;11.11.2025;;
ПКНФ-001133;11.11.2025;Скоба такелажная М6;Крепеж и цепи, тали (ПК КСС);6;58.1;;03.07.2025;11.11.2025;;
ПКНФ-001133;11.11.2025;Труба 110/3,2/0560 наружная канализация;Полиэтелен, корсис, прагма, НПВХ (ПК КСС);4;141;;;11.11.2025;;
ПКНФ-001133;11.11.2025;Труба двустенная для электропроводки d110 с протяжкой(внутр. d94)/ДКС ;Полиэтелен, корсис, прагма, НПВХ (ПК КСС);3;200;;;11.11.2025;;
ПКНФ-001133;11.11.2025;Труба двустенная для электропроводки d50 с протяжкой(внутр. d41,5) [ДКС] (код 19735) 121950;Полиэтелен, корсис, прагма, НПВХ (ПК КСС);3;156;;;11.11.2025;;
ПКНФ-001133;11.11.2025;Футорка ник. латун. 1/2х 1/4;Арматура (ПК КСС);1;3;;;11.11.2025;;
ПКНФ-001133;11.11.2025;Цепь короткозвенная 4мм DIN766 оцинк;Крепеж и цепи, тали (ПК КСС);7.2;401.26;;05.07.2024;11.11.2025;;
ПКНФ-001133;11.11.2025;Цепь короткозвенная 6мм DIN766 оцинк;Крепеж и цепи, тали (ПК КСС);10;308.5;;;11.11.2025;;
ПКНФ-001133;11.11.2025;Шайба  гровер М14 DIN 127 (А2, DIN 127);Нержавеющие метизы (ПК КСС);24;1954;;;11.11.2025;;
ПКНФ-001133;11.11.2025;Шайба М10 DIN 125  (А2, DIN 125);Нержавеющие метизы (ПК КСС);144;584;;;11.11.2025;;
ПКНФ-001133;11.11.2025;Шайба  гровер М10 DIN 127 (А2, DIN 127);Нержавеющие метизы (ПК КСС);72;0;;;11.11.2025;;
ПКНФ-001133;11.11.2025;Шайба М14 DIN 125  (А2, DIN 125);Нержавеющие метизы (ПК КСС);48;472;;;11.11.2025;;
ПКНФ-001133;11.11.2025;Шайба М16 DIN 125  (А2, DIN 125);Нержавеющие метизы (ПК КСС);112;1387;;;11.11.2025;;
ПКНФ-001133;11.11.2025;Шайба гровер М16 DIN 127 (А2, DIN 127);Нержавеющие метизы (ПК КСС);56;2044;;;11.11.2025;;
ПКНФ-001133;11.11.2025;Шайба плоская оц. М6 DIN 125;Оцинкованные метизы (ПК КСС);0.006;0.65;;25.08.2025;11.11.2025;;
ПКНФ-001134;11.11.2025;Насос SJ17-6SWSF4YV, 4кВт, 3х380 В, 50Гц, нерж.304,с 4"" маслозаполн.двиг.из нерж. и меди,верт.исп;Насосы CNP (ПК КСС);2;0;03.02.2026;03.02.2026;11.11.2025;;
ПКНФ-001134;11.11.2025;Кожух 4CVR-200-B для горизонтальной установки SJ17-(6-13);Насосы CNP (ПК КСС);2;0;03.02.2026;03.02.2026;11.11.2025;;
ПКНФ-001135;11.11.2025;Болт оцинк. М6х40 DIN 933;Оцинкованные метизы (ПК КСС);0.006;0.19;;;11.11.2025;;
ПКНФ-001135;11.11.2025;7209.1.2- Трубопровод;Составные части трубопровода (Пк КСС);1;1;;;11.11.2025;ПКНФ-001240;04.12.2025
ПКНФ-001135;11.11.2025;7209.1.2 -Рама для насосов Балка транспортировочнаяПлощадка для обслуживания Балка для кабеляЛес;Составные части трубопровода (Пк КСС);1;1;;;11.11.2025;ПКНФ-001241;04.12.2025
ПКНФ-001135;11.11.2025;Шайба гроверная оц.Ф10 DIN 127;Оцинкованные метизы (ПК КСС);0.02;0.082;;;11.11.2025;;
ПКНФ-001135;11.11.2025;Гайка шестигр.М10 оц. DIN934;Оцинкованные метизы (ПК КСС);0.02;0.596;07.10.2024;07.10.2024;11.11.2025;;
ПКНФ-001135;11.11.2025;Скоба такелажная М4;Крепеж и цепи, тали (ПК КСС);6;146;;;11.11.2025;;
ПКНФ-001135;11.11.2025;7209.1.2 Установка подачи воды для пожаротушения;Установки ВНС и ПНС (ПК КСС);1;0;13.01.2026;;11.11.2025;ПКНФ-001136;11.11.2025
ПКНФ-001135;11.11.2025;Гайка оцинкованная М16 DIN 934 ГОСТ 5927 (30гр);Фланцы, прокладки, метизы;56;0;;;11.11.2025;;
ПКНФ-001135;11.11.2025;Реле избыточного давления RVG-20-1.6 (1.6МПа) EKF RVG-20-1.6 ;Датчики уровня, преобразователи, реле (ПК КСС);1;0;;;11.11.2025;;
ПКНФ-001135;11.11.2025;Болт оцинк. 10х40 DIN933;Оцинкованные метизы (ПК КСС);0.02;0.057;;;11.11.2025;;
ПКНФ-001135;11.11.2025;Шаровой кран латунный 1/2"" ВР, с дренажем и воздухоотводчиком, ручка-бабочка, Pride LD 44.344.15;Арматура (ПК КСС);1;2;;;11.11.2025;;
ПКНФ-001135;11.11.2025;Ниппель прямой никелированный 1/2"" НР. LD Pride LD.67.501.15;Арматура (ПК КСС);1;2;;;11.11.2025;;
ПКНФ-001135;11.11.2025;Муфта никелированная 1/2"" ВР, LD Pride LD.67.502.15;Арматура (ПК КСС);1;5;;;11.11.2025;;
ПКНФ-001135;11.11.2025;Заглушка для трубы 25х25 мм пластик;Расходные материалы (ПК КСС);2;0;23.04.2024;;11.11.2025;;
ПКНФ-001135;11.11.2025;Болт М14*060 DIN 933 полная резьба  (А2, 14,0, 100,0, DIN 933);Нержавеющие метизы (ПК КСС);24;4;25.04.2024;;11.11.2025;;
ПКНФ-001135;11.11.2025;Шайба плоская оц. М10  DIN 125;Оцинкованные метизы (ПК КСС);0.04;0.656;;25.08.2025;11.11.2025;;
ПКНФ-001135;11.11.2025;Навесной замок с ключом GPLK-50L;Оцинкованные метизы (ПК КСС);4;45;;20.01.2025;11.11.2025;;
ПКНФ-001135;11.11.2025;Ремень стяжной 7,0/14,0/10000 75мм;Крепеж и цепи, тали (ПК КСС);13;78;;;11.11.2025;;
ПКНФ-001135;11.11.2025;Клапан обратный шаровый Ду80 Ру16 канализационный;Арматура (ПК КСС);2;7;;;11.11.2025;;
ПКНФ-001135;11.11.2025;Прокладка (паронит) 80;Полиэтелен, корсис, прагма, НПВХ (ПК КСС);7;46;;;11.11.2025;;
ПКНФ-001135;11.11.2025;Шпилька М10 L1000 (А2, DIN975);Нержавеющие метизы (ПК КСС);2;20;;;11.11.2025;;
ПКНФ-001135;11.11.2025;Болт М10*60 DIN 933 полная резьба  (А2, 10,0, 60,0, DIN 933);Нержавеющие метизы (ПК КСС);60;1428;;;11.11.2025;;
ПКНФ-001135;11.11.2025;Болт М16*80 DIN 933 полная резьба  (А2, 16,0, 80,0, DIN 933);Нержавеющие метизы (ПК КСС);56;504;;;11.11.2025;;
ПКНФ-001135;11.11.2025;Гайка М10 DIN 934  (А2, 10,0, DIN 934);Нержавеющие метизы (ПК КСС);72;986;;19.06.2024;11.11.2025;;
ПКНФ-001135;11.11.2025;Гайка М14 DIN 934  (А2, 14,0, DIN 934);Нержавеющие метизы (ПК КСС);24;843;;;11.11.2025;;
ПКНФ-001135;11.11.2025;Грибок канализационный;Полиэтелен, корсис, прагма, НПВХ (ПК КСС);2;21;;27.01.2026;11.11.2025;;
ПКНФ-001135;11.11.2025;Карабин винтовой 4 мм;Крепеж и цепи, тали (ПК КСС);6;106;;;11.11.2025;;
ПКНФ-001135;11.11.2025;Карабин винтовой 6 мм;Водоподготовка (ПК КСС);6;123;;;11.11.2025;;
ПКНФ-001135;11.11.2025;Манжета резиновая переходная D 110/124 Уп., черн;Полиэтелен, корсис, прагма, НПВХ (ПК КСС);3;28;;27.01.2026;11.11.2025;;
ПКНФ-001135;11.11.2025;Манжета резиновая переходная D 50/72 Уп., черн;Полиэтелен, корсис, прагма, НПВХ (ПК КСС);1;163;;;11.11.2025;;
ПКНФ-001135;11.11.2025;Отвод 90 гр. НПВХ DN110;Полиэтелен, корсис, прагма, НПВХ (ПК КСС);4;50;;;11.11.2025;;
ПКНФ-001135;11.11.2025;Проушина прямая 30х70мм;Расходные материалы (ПК КСС);6;271;;;11.11.2025;;
ПКНФ-001135;11.11.2025;Рым-гайка DIN 582 М10;Крепеж и цепи, тали (ПК КСС);6;95;;;11.11.2025;;
ПКНФ-001135;11.11.2025;Рым-гайка DIN 582 М6 шт;Крепеж и цепи, тали (ПК КСС);6;4;;;11.11.2025;;
ПКНФ-001135;11.11.2025;Скоба такелажная М6;Крепеж и цепи, тали (ПК КСС);6;58.1;;03.07.2025;11.11.2025;;
ПКНФ-001135;11.11.2025;Труба 110/3,2/0560 наружная канализация;Полиэтелен, корсис, прагма, НПВХ (ПК КСС);4;141;;;11.11.2025;;
ПКНФ-001135;11.11.2025;Труба двустенная для электропроводки d110 с протяжкой(внутр. d94)/ДКС ;Полиэтелен, корсис, прагма, НПВХ (ПК КСС);3;200;;;11.11.2025;;
ПКНФ-001135;11.11.2025;Труба двустенная для электропроводки d50 с протяжкой(внутр. d41,5) [ДКС] (код 19735) 121950;Полиэтелен, корсис, прагма, НПВХ (ПК КСС);3;156;;;11.11.2025;;
ПКНФ-001135;11.11.2025;Футорка ник. латун. 1/2х 1/4;Арматура (ПК КСС);1;3;;;11.11.2025;;
ПКНФ-001135;11.11.2025;Цепь короткозвенная 4мм DIN766 оцинк;Крепеж и цепи, тали (ПК КСС);7.2;401.26;;05.07.2024;11.11.2025;;
ПКНФ-001135;11.11.2025;Цепь короткозвенная 6мм DIN766 оцинк;Крепеж и цепи, тали (ПК КСС);10;308.5;;;11.11.2025;;
ПКНФ-001135;11.11.2025;Шайба  гровер М14 DIN 127 (А2, DIN 127);Нержавеющие метизы (ПК КСС);24;1954;;;11.11.2025;;
ПКНФ-001135;11.11.2025;Шайба М10 DIN 125  (А2, DIN 125);Нержавеющие метизы (ПК КСС);144;584;;;11.11.2025;;
ПКНФ-001135;11.11.2025;Шайба  гровер М10 DIN 127 (А2, DIN 127);Нержавеющие метизы (ПК КСС);72;0;;;11.11.2025;;
ПКНФ-001135;11.11.2025;Шайба М14 DIN 125  (А2, DIN 125);Нержавеющие метизы (ПК КСС);48;472;;;11.11.2025;;
ПКНФ-001135;11.11.2025;Шайба М16 DIN 125  (А2, DIN 125);Нержавеющие метизы (ПК КСС);112;1387;;;11.11.2025;;
ПКНФ-001135;11.11.2025;Шайба гровер М16 DIN 127 (А2, DIN 127);Нержавеющие метизы (ПК КСС);56;2044;;;11.11.2025;;
ПКНФ-001135;11.11.2025;Шайба плоская оц. М6 DIN 125;Оцинкованные метизы (ПК КСС);0.006;0.65;;25.08.2025;11.11.2025;;
ПКНФ-001136;11.11.2025;Насос SJ17-6SWSF4YV, 4кВт, 3х380 В, 50Гц, нерж.304,с 4"" маслозаполн.двиг.из нерж. и меди,верт.исп;Насосы CNP (ПК КСС);2;0;03.02.2026;03.02.2026;11.11.2025;;
ПКНФ-001136;11.11.2025;Кожух 4CVR-200-B для горизонтальной установки SJ17-(6-13);Насосы CNP (ПК КСС);2;0;03.02.2026;03.02.2026;11.11.2025;;
ПКНФ-001175;19.11.2025;Карабин винтовой D6, нерж. сталь А4 (уп. 1 шт) длинный;Крепеж и цепи, тали (ПК КСС);6;6;;;19.11.2025;;
ПКНФ-001175;19.11.2025;Скоба нержавеющая такелажная 6мм;Крепеж и цепи, тали (ПК КСС);6;6;;;19.11.2025;;
ПКНФ-001175;19.11.2025;Болт оцинк. М6х40 DIN 933;Оцинкованные метизы (ПК КСС);0.006;0.19;;;19.11.2025;;
ПКНФ-001175;19.11.2025;Насос 65WQ20-25-4AC(II)-CBLWQ4, 4кВт, без АТМ DN65, 2-х полюс., кабель 24м;Насосы CNP (ПК КСС);3;0;;01.02.2026;19.11.2025;;
ПКНФ-001175;19.11.2025;Штанга двух-составная с креплением на маховик L-4778 мм (управление маховик), для шиберной задвижки;Арматура (ПК КСС);1;1;;;19.11.2025;;
ПКНФ-001175;19.11.2025;Кронштейн ""телескопический"" для крепления к стенке колодца L=400-600 мм;Арматура (ПК КСС);2;5;;;19.11.2025;;
ПКНФ-001175;19.11.2025;Расходомер-счетчик ультразвуковой ВЗЛЕТ МР исполнение УРСВ-310 Ду 80 мм /3,6 В /RS485) - 24 м Кабель;Расходомеры, манометры (ПК КСС);3;3;;;19.11.2025;;
ПКНФ-001175;19.11.2025;Автоматическая трубная муфта для насоса WQ DN65,TOS-65, мощность 0.55кВт и выше;УПМ СNP (ПК КСС);3;3;;;19.11.2025;;
ПКНФ-001175;19.11.2025;Болт М12*40 DIN 933 полная резьба  (А2, 12,0, 45,0, DIN 933) ;Нержавеющие метизы (ПК КСС);6;234;;;19.11.2025;;
ПКНФ-001175;19.11.2025;7211 - Трубопровод, патрубки;Составные части трубопровода (Пк КСС);1;1;;;19.11.2025;ПКНФ-001255;08.12.2025
ПКНФ-001175;19.11.2025;7211 - Балка под крышку, рама под УПМ;Составные части трубопровода (Пк КСС);1;1;;;19.11.2025;ПКНФ-001256;08.12.2025
ПКНФ-001175;19.11.2025;7211 - Направляющие корзины Корзина сороудерж. Площадка Лестница Балка транспортная Упор под ши;Составные части трубопровода (Пк КСС);1;1;;;19.11.2025;ПКНФ-001257;08.12.2025
ПКНФ-001175;19.11.2025;Заглушка для трубы 40х40 мм пластик;Расходные материалы (ПК КСС);2;288;;;19.11.2025;;
ПКНФ-001175;19.11.2025;Болт оцинк. М20х60 DIN933;Оцинкованные метизы (ПК КСС);0.012;0.424;;;19.11.2025;;
ПКНФ-001175;19.11.2025;Задвижка шиб. двухстор. Ду150 Ру10 нев. шток;Арматура (ПК КСС);1;2;;;19.11.2025;;
ПКНФ-001175;19.11.2025;Гайка шестигр. оц. М20 DIN 934 тыс шт;Оцинкованные метизы (ПК КСС);0.012;1.427;;27.06.2024;19.11.2025;;
ПКНФ-001175;19.11.2025;Болт оцинк. М16х80  DIN933;Оцинкованные метизы (ПК КСС);0.172;1.035;;;19.11.2025;;
ПКНФ-001175;19.11.2025;Скоба нержавеющая такелажная 4мм;Крепеж и цепи, тали (ПК КСС);10;10;;;19.11.2025;;
ПКНФ-001175;19.11.2025;Стеклоровинг ECR24-2400D-601 (Шандон) намотка Китай;Сырье стеклопластиковое;1505;71816.5;;12.01.2025;19.11.2025;;
ПКНФ-001175;19.11.2025;Заглушка для трубы 25х25 мм пластик;Расходные материалы (ПК КСС);2;0;23.04.2024;;19.11.2025;;
ПКНФ-001175;19.11.2025;Шайба гроверная оц. Ф16 DIN 127;Оцинкованные метизы (ПК КСС);0.172;1.018;;27.06.2024;19.11.2025;;
ПКНФ-001175;19.11.2025;Цепь 4х32,0 сварная длиннозвенная DIN 766 A2;Водоподготовка (ПК КСС);26.9;27.9;;;19.11.2025;;
ПКНФ-001175;19.11.2025;Карабин винтовой D4, нерж. сталь А4 (уп. 1 шт) длинный;Крепеж и цепи, тали (ПК КСС);10;10;;;19.11.2025;;
ПКНФ-001175;19.11.2025;Навесной замок с ключом GPLK-50L;Оцинкованные метизы (ПК КСС);6;45;;20.01.2025;19.11.2025;;
ПКНФ-001175;19.11.2025;Клапан обратный шаровый Ду80 Ру16 канализационный;Арматура (ПК КСС);3;6;;;19.11.2025;;
ПКНФ-001175;19.11.2025;Задвижка 30ч39р Ду80 Pу16 штурвал;Арматура (ПК КСС);5;5;;;19.11.2025;;
ПКНФ-001175;19.11.2025;Прокладка (паронит) 80;Полиэтелен, корсис, прагма, НПВХ (ПК КСС);19;46;;;19.11.2025;;
ПКНФ-001175;19.11.2025;Гайка шестигр. оц М16  (тыс шт);Оцинкованные метизы (ПК КСС);0.172;0.579;;27.06.2024;19.11.2025;;
ПКНФ-001175;19.11.2025;Шпилька М10 L1000 (А2, DIN975);Нержавеющие метизы (ПК КСС);2;20;;;19.11.2025;;
ПКНФ-001175;19.11.2025;Анкерный болт с гайкой 16*180 HNM тыс;Оцинкованные метизы (ПК КСС);0.02;0.57;;10.06.2024;19.11.2025;;
ПКНФ-001175;19.11.2025;Болт М10*60 DIN 933 полная резьба  (А2, 10,0, 60,0, DIN 933);Нержавеющие метизы (ПК КСС);50;1428;;;19.11.2025;;
ПКНФ-001175;19.11.2025;Болт М12*80 DIN 933 полная резьба  (А2, 12,0, 80,0, DIN 933);Нержавеющие метизы (ПК КСС);12;88;;;19.11.2025;;
ПКНФ-001175;19.11.2025;Болт М16*80 DIN 933 полная резьба  (А2, 16,0, 80,0, DIN 933);Нержавеющие метизы (ПК КСС);12;504;;;19.11.2025;;
ПКНФ-001175;19.11.2025;Гайка М10 DIN 934  (А2, 10,0, DIN 934);Нержавеющие метизы (ПК КСС);60;986;;19.06.2024;19.11.2025;;
ПКНФ-001175;19.11.2025;Гайка М12 DIN 934  (А2, 12,0, DIN 934);Нержавеющие метизы (ПК КСС);18;1109;;;19.11.2025;;
ПКНФ-001175;19.11.2025;Гайка М16 DIN 934  (А2, 16,0, DIN 934);Нержавеющие метизы (ПК КСС);12;580;25.04.2024;25.04.2024;19.11.2025;;
ПКНФ-001175;19.11.2025;Грибок канализационный;Полиэтелен, корсис, прагма, НПВХ (ПК КСС);1;21;;27.01.2026;19.11.2025;;
ПКНФ-001175;19.11.2025;Лента стеклянная 400, 250 мм, кг;Сырье стеклопластиковое;108;4729.5;;12.01.2025;19.11.2025;;
ПКНФ-001175;19.11.2025;Манжета резиновая переходная D 110/124 Уп., черн;Полиэтелен, корсис, прагма, НПВХ (ПК КСС);2;28;;27.01.2026;19.11.2025;;
ПКНФ-001175;19.11.2025;Манжета резиновая переходная D 50/72 Уп., черн;Полиэтелен, корсис, прагма, НПВХ (ПК КСС);2;163;;;19.11.2025;;
ПКНФ-001175;19.11.2025;Отвердитель Akperox А60 (30кг);Сырье стеклопластиковое;9.5;286.15;;;19.11.2025;;
ПКНФ-001175;19.11.2025;Отвод 90 гр. НПВХ DN110;Полиэтелен, корсис, прагма, НПВХ (ПК КСС);1;50;;;19.11.2025;;
ПКНФ-001175;19.11.2025;Пигмент железооксидный зеленый Green ТС 5605. Производство Китай.;Сырье стеклопластиковое;1;154.1;;;19.11.2025;;
ПКНФ-001175;19.11.2025;Поплавковый выключатель RL-1 20м;Водоподготовка (ПК КСС);5;78;;;19.11.2025;;
ПКНФ-001175;19.11.2025;Проушина прямая 30х70мм;Расходные материалы (ПК КСС);12;271;;;19.11.2025;;
ПКНФ-001175;19.11.2025;Рым-гайка DIN 582 М10;Крепеж и цепи, тали (ПК КСС);6;95;;;19.11.2025;;
ПКНФ-001175;19.11.2025;Рым-гайка DIN 582 М 6;Крепеж и цепи, тали (ПК КСС);0.006;0.105;;17.02.2025;19.11.2025;;
ПКНФ-001175;19.11.2025;Смола полимер 3401 А (1000кг);Сырье стеклопластиковое;575;4585.2;;12.01.2026;19.11.2025;;
ПКНФ-001175;19.11.2025;Смола полимер 3401 ТА (1000кг);Сырье стеклопластиковое;404;35462.6;;12.01.2026;19.11.2025;;
ПКНФ-001175;19.11.2025;Стекломат  E6CRMC600-1250-Е (45кг) Джуши Китай;Сырье стеклопластиковое;143;27459.7;;12.01.2025;19.11.2025;;
ПКНФ-001175;19.11.2025;Стеклорогожа EWR 560;Сырье стеклопластиковое;31;5737.6;;;19.11.2025;;
ПКНФ-001175;19.11.2025;Труба 110/3,2/0560 наружная канализация;Полиэтелен, корсис, прагма, НПВХ (ПК КСС);2;141;;;19.11.2025;;
ПКНФ-001175;19.11.2025;Труба двустенная для электропроводки d110 с протяжкой(внутр. d94)/ДКС ;Полиэтелен, корсис, прагма, НПВХ (ПК КСС);3;200;;;19.11.2025;;
ПКНФ-001175;19.11.2025;Труба двустенная для электропроводки d50 с протяжкой(внутр. d41,5) [ДКС] (код 19735) 121950;Полиэтелен, корсис, прагма, НПВХ (ПК КСС);3;156;;;19.11.2025;;
ПКНФ-001175;19.11.2025;Цепь 6х18,5 сварная короткозвенная DIN 766 A2;Крепеж и цепи, тали (ПК КСС);30.6;56;;24.01.2024;19.11.2025;;
ПКНФ-001175;19.11.2025;Шайба  гровер М12 DIN 127 (А2, DIN 127);Нержавеющие метизы (ПК КСС);18;979.964;;;19.11.2025;;
ПКНФ-001175;19.11.2025;Шайба гроверная оц.М20 DIN 127;Оцинкованные метизы (ПК КСС);0.012;1.416;;;19.11.2025;;
ПКНФ-001175;19.11.2025;Шайба М10 DIN 125  (А2, DIN 125);Нержавеющие метизы (ПК КСС);120;584;;;19.11.2025;;
ПКНФ-001175;19.11.2025;Шайба М12 DIN 125  (А2, DIN 125);Нержавеющие метизы (ПК КСС);36;618;;;19.11.2025;;
ПКНФ-001175;19.11.2025;Шайба М16 DIN 125  (А2, DIN 125);Нержавеющие метизы (ПК КСС);24;1387;;;19.11.2025;;
ПКНФ-001175;19.11.2025;Шайба гровер М16 DIN 127 (А2, DIN 127);Нержавеющие метизы (ПК КСС);12;2044;;;19.11.2025;;
ПКНФ-001175;19.11.2025;Шайба плоская оц. М6 DIN 125;Оцинкованные метизы (ПК КСС);0.006;0.65;;25.08.2025;19.11.2025;;
ПКНФ-001175;19.11.2025;Шайба плоская оц.М16  DIN 125;Оцинкованные метизы (ПК КСС);0.344;2.396;;27.06.2024;19.11.2025;;
ПКНФ-001175;19.11.2025;Шайба плоская оц.М20  DIN 125;Оцинкованные метизы (ПК КСС);0.024;1.016;;27.06.2024;19.11.2025;;
ПКНФ-001179;19.11.2025;Карабин винтовой 10 мм оц;Крепеж и цепи, тали (ПК КСС);14;4;;;19.11.2025;;
ПКНФ-001179;19.11.2025;Прокладка (паронит) 125;Полиэтелен, корсис, прагма, НПВХ (ПК КСС);24;63;;;19.11.2025;;
ПКНФ-001179;19.11.2025;Задвижка шиберная двухсторонняя SP Ду 500 Pу5 нев.шток. редуктор+платформа;Арматура (ПК КСС);1;1;;;19.11.2025;;
ПКНФ-001179;19.11.2025;Упорный фланец F14, колонка управления L-2637 мм под редуктор для задвижки Ду500;Арматура (ПК КСС);1;1;;;19.11.2025;;
ПКНФ-001179;19.11.2025;6854 КСС ШУКПП- 6/3 -15кВт +HMI+УХЛ1;Электротовары КСС ШУ;1;0;;;19.11.2025;;
ПКНФ-001179;19.11.2025;Канализационный насос 100WQ/S411-15 стандартный, кабель 10м;Насосы Kaiquan(ПК КСС);6;0;;;19.11.2025;;
ПКНФ-001179;19.11.2025;Автоматическая трубная муфта 100WQL-00W;УПМ Kaiquan (Пк КСС);6;0;;;19.11.2025;;
ПКНФ-001179;19.11.2025;Скоба такелажная М4;Крепеж и цепи, тали (ПК КСС);10;146;;;19.11.2025;;
ПКНФ-001179;19.11.2025;Шайба плоская оц. М12  DIN 125;Оцинкованные метизы (ПК КСС);0.002;0.745;;03.06.2024;19.11.2025;;
ПКНФ-001179;19.11.2025;Болт оцинк. М12х100 DIN933;Оцинкованные метизы (ПК КСС);0.002;0.008;;;19.11.2025;;
ПКНФ-001179;19.11.2025;Заглушка для трубы 40х40 мм пластик;Расходные материалы (ПК КСС);2;288;;;19.11.2025;;
ПКНФ-001179;19.11.2025;Болт оцинк. М16х80  DIN933;Оцинкованные метизы (ПК КСС);0.22;1.035;;;19.11.2025;;
ПКНФ-001179;19.11.2025;6854.1- Трубопровод;Составные части трубопровода (Пк КСС);1;1;;;19.11.2025;ПКНФ-001244;05.12.2025
ПКНФ-001179;19.11.2025;6854.1- Направляющие корзины Корзина сороудерж. Площадка Лестница, Рама под УПМ, Балка транспортн;Составные части трубопровода (Пк КСС);1;1;;;19.11.2025;ПКНФ-001245;05.12.2025
ПКНФ-001179;19.11.2025;6854.1-Балка под крышку;Составные части трубопровода (Пк КСС);1;0;11.12.2025;;19.11.2025;ПКНФ-001247;05.12.2025
ПКНФ-001179;19.11.2025;Прокладка (паронит) 500;Полиэтелен, корсис, прагма, НПВХ (ПК КСС);2;10;;;19.11.2025;;
ПКНФ-001179;19.11.2025;Болт М22*80 DIN 933 полная резьба  (А2, 22,0, 80,0, DIN 933);Нержавеющие метизы (ПК КСС);24;0;;;19.11.2025;;
ПКНФ-001179;19.11.2025;Заглушка для трубы 25х25 мм пластик;Расходные материалы (ПК КСС);12;0;23.04.2024;;19.11.2025;;
ПКНФ-001179;19.11.2025;Шайба оцинк гровер М12 DIN 127;Оцинкованные метизы (ПК КСС);0.002;0.736;;03.06.2024;19.11.2025;;
ПКНФ-001179;19.11.2025;Шайба гроверная оц. Ф16 DIN 127;Оцинкованные метизы (ПК КСС);0.22;1.018;;27.06.2024;19.11.2025;;
ПКНФ-001179;19.11.2025;Навесной замок с ключом GPLK-50L;Оцинкованные метизы (ПК КСС);5;45;;20.01.2025;19.11.2025;;
ПКНФ-001179;19.11.2025;Кронштейн для крепления к стенке КНС;Арматура (ПК КСС);1;1;;;19.11.2025;;
ПКНФ-001179;19.11.2025;Задвижка с обрезин. клином Ду125 Ру16 штурвал;Арматура (ПК КСС);6;6;;;19.11.2025;;
ПКНФ-001179;19.11.2025;Клапан обратный шаровой Ду125 Ру16 канализационный;Арматура (ПК КСС);6;6;;;19.11.2025;;
ПКНФ-001179;19.11.2025;Шайба гровер М22 DIN 127 (А2, DIN 127);Нержавеющие метизы (ПК КСС);24;200;;;19.11.2025;;
ПКНФ-001179;19.11.2025;Гайка шестигр. оц М12 DIN934;Оцинкованные метизы (ПК КСС);0.002;1.21;;03.06.2024;19.11.2025;;
ПКНФ-001179;19.11.2025;Гайка шестигр. оц М16  (тыс шт);Оцинкованные метизы (ПК КСС);0.22;0.579;;27.06.2024;19.11.2025;;
ПКНФ-001179;19.11.2025;Труба оц ВГП 25х3,2  ГОСТ 3262-75 (м);Черные трубы, листы, круги (ПК КСС);12;120.28;;27.12.2024;19.11.2025;;
ПКНФ-001179;19.11.2025;Шпилька М10 L1000 (А2, DIN975);Нержавеющие метизы (ПК КСС);8;20;;;19.11.2025;;
ПКНФ-001179;19.11.2025;Шпилька М24 L1000 (А2, DIN975/ DIN976);Нержавеющие метизы (ПК КСС);6;52;;08.10.2024;19.11.2025;;
ПКНФ-001179;19.11.2025;Болт М10*60 DIN 933 полная резьба  (А2, 10,0, 60,0, DIN 933);Нержавеющие метизы (ПК КСС);100;1428;;;19.11.2025;;
ПКНФ-001179;19.11.2025;Болт М16*80 DIN 933 полная резьба  (А2, 16,0, 80,0, DIN 933);Нержавеющие метизы (ПК КСС);124;504;;;19.11.2025;;
ПКНФ-001179;19.11.2025;Гайка М10 DIN 934  (А2, 10,0, DIN 934);Нержавеющие метизы (ПК КСС);100;986;;19.06.2024;19.11.2025;;
ПКНФ-001179;19.11.2025;Гайка М16 DIN 934  (А2, 16,0, DIN 934);Нержавеющие метизы (ПК КСС);124;580;15.05.2024;25.04.2024;19.11.2025;;
ПКНФ-001179;19.11.2025;Гайка М22 DIN 934  (А2, 22,0, DIN 934);Нержавеющие метизы (ПК КСС);24;168;;;19.11.2025;;
ПКНФ-001179;19.11.2025;Гайка М24 DIN 934  (А2, 24,0, DIN 934);Нержавеющие метизы (ПК КСС);40;830;;08.10.2024;19.11.2025;;
ПКНФ-001179;19.11.2025;Грибок канализационный;Полиэтелен, корсис, прагма, НПВХ (ПК КСС);3;21;;27.01.2026;19.11.2025;;
ПКНФ-001179;19.11.2025;Карабин винтовой 4 мм;Крепеж и цепи, тали (ПК КСС);10;106;;;19.11.2025;;
ПКНФ-001179;19.11.2025;Манжета резиновая переходная D 110/124 Уп., черн;Полиэтелен, корсис, прагма, НПВХ (ПК КСС);3;28;;27.01.2026;19.11.2025;;
ПКНФ-001179;19.11.2025;Манжета резиновая переходная D 50/72 Уп., черн;Полиэтелен, корсис, прагма, НПВХ (ПК КСС);8;163;;;19.11.2025;;
ПКНФ-001179;19.11.2025;Отвод 90 гр. НПВХ DN110;Полиэтелен, корсис, прагма, НПВХ (ПК КСС);3;50;;;19.11.2025;;
ПКНФ-001179;19.11.2025;Поплавковый выключатель RL-1 10м;Датчики уровня, преобразователи, реле (ПК КСС);7;82;;05.02.2025;19.11.2025;;
ПКНФ-001179;19.11.2025;Прокладка (паронит) 100;Полиэтелен, корсис, прагма, НПВХ (ПК КСС);6;116;;;19.11.2025;;
ПКНФ-001179;19.11.2025;Проушина прямая 30х70мм;Расходные материалы (ПК КСС);10;271;;;19.11.2025;;
ПКНФ-001179;19.11.2025;Рым-гайка DIN 582 М10;Крепеж и цепи, тали (ПК КСС);8;95;;;19.11.2025;;
ПКНФ-001179;19.11.2025;Рым-гайка DIN 582 М 6;Крепеж и цепи, тали (ПК КСС);0.008;0.105;;17.02.2025;19.11.2025;;
ПКНФ-001179;19.11.2025;Скоба с вкручивающимся штифтом 0,33 т, 1/2т 1/4, тип G209, для насосов до 250 кг;Крепеж и цепи, тали (ПК КСС);14;37;;23.01.2026;19.11.2025;;
ПКНФ-001179;19.11.2025;Труба 110/3,2/1000 наружная канализация;Полиэтелен, корсис, прагма, НПВХ (ПК КСС);1;1;;;19.11.2025;;
ПКНФ-001179;19.11.2025;Труба двустенная для электропроводки d50 с протяжкой(внутр. d41,5) [ДКС] (код 19735) 121950;Полиэтелен, корсис, прагма, НПВХ (ПК КСС);24;156;;;19.11.2025;;
ПКНФ-001179;19.11.2025;Цепь Т6-6х18 мм ГОСТ 30441-97 (покрытие хим.окс.);Крепеж и цепи, тали (ПК КСС);47;189.9;;;19.11.2025;;
ПКНФ-001179;19.11.2025;Шайба гровер М24 DIN 127 (А2, DIN 127);Нержавеющие метизы (ПК КСС);40;493;;08.10.2024;19.11.2025;;
ПКНФ-001179;19.11.2025;Шайба М10 DIN 125  (А2, DIN 125);Нержавеющие метизы (ПК КСС);100;584;;;19.11.2025;;
ПКНФ-001179;19.11.2025;Шайба  гровер М10 DIN 127 (А2, DIN 127);Нержавеющие метизы (ПК КСС);50;0;;;19.11.2025;;
ПКНФ-001179;19.11.2025;Шайба М16 DIN 125  (А2, DIN 125);Нержавеющие метизы (ПК КСС);248;1387;;;19.11.2025;;
ПКНФ-001179;19.11.2025;Шайба гровер М16 DIN 127 (А2, DIN 127);Нержавеющие метизы (ПК КСС);124;2044;;;19.11.2025;;
ПКНФ-001179;19.11.2025;Шайба М22 DIN 125  (А2, DIN 125);Нержавеющие метизы (ПК КСС);48;1552;;;19.11.2025;;
ПКНФ-001179;19.11.2025;Шайба М24 DIN 125  (А2, DIN 125);Нержавеющие метизы (ПК КСС);40;972;;;19.11.2025;;
ПКНФ-001179;19.11.2025;Шайба плоская оц.М16  DIN 125;Оцинкованные метизы (ПК КСС);0.42;2.396;;27.06.2024;19.11.2025;;
ПКНФ-001190;24.11.2025;Болт оцинк. М6х40 DIN 933;Оцинкованные метизы (ПК КСС);0.002;0.19;;;24.11.2025;;
ПКНФ-001190;24.11.2025;Шайба гроверная оц.Ф10 DIN 127;Оцинкованные метизы (ПК КСС);0.01;0.082;;;24.11.2025;;
ПКНФ-001190;24.11.2025;Гайка шестигр.М10 оц. DIN934;Оцинкованные метизы (ПК КСС);0.01;0.596;07.10.2024;07.10.2024;24.11.2025;;
ПКНФ-001190;24.11.2025;Скоба такелажная М4;Крепеж и цепи, тали (ПК КСС);7;146;;;24.11.2025;;
ПКНФ-001190;24.11.2025;6167 - Трубопровод;Составные части трубопровода (Пк КСС);1;1;;;24.11.2025;ПКНФ-001251;08.12.2025
ПКНФ-001190;24.11.2025;6167 - Трубопровод (Подводящий патрбок);Составные части трубопровода (Пк КСС);1;0;12.12.2025;;24.11.2025;ПКНФ-001252;08.12.2025
ПКНФ-001190;24.11.2025;6167 - Рама под УПМ, Балка под крышку;Составные части трубопровода (Пк КСС);1;0;12.12.2025;;24.11.2025;ПКНФ-001253;08.12.2025
ПКНФ-001190;24.11.2025;6167 - Площадка,  Лестница;;1;1;;;24.11.2025;ПКНФ-001254;08.12.2025
ПКНФ-001190;24.11.2025;Болт оцинк. М10х60 DIN933;Оцинкованные метизы (ПК КСС);0.01;0.598;;;24.11.2025;;
ПКНФ-001190;24.11.2025;Болт оцинк. М12х60 DIN933;Оцинкованные метизы (ПК КСС);0.004;0.412;;03.06.2024;24.11.2025;;
ПКНФ-001190;24.11.2025;Шайба плоская оц. М12  DIN 125;Оцинкованные метизы (ПК КСС);0.004;0.745;;03.06.2024;24.11.2025;;
ПКНФ-001190;24.11.2025;Болт оцинк. М16х60 DIN933;Оцинкованные метизы (ПК КСС);0.048;0.82;;16.01.2026;24.11.2025;;
ПКНФ-001190;24.11.2025;Болт М16*60 DIN 933 полная резьба  (А2, 16,0, 60,0, DIN 933);Нержавеющие метизы (ПК КСС);16;133;;;24.11.2025;;
ПКНФ-001190;24.11.2025;Автоматическая трубная муфта для насоса WQ DN80, TOS-80, мощность до 15кВт включительно (ПК);УПМ СNP (ПК КСС);2;2;;;24.11.2025;;
ПКНФ-001190;24.11.2025;Насос 80WQ48-38-11AC(I)-CBLWQ11-25M, 11кВт, 3х380В, 50Гц, без АТМ DN80, с кабелем 25м ;Насосы CNP (ПК КСС);2;0;18.02.2026;18.02.2026;24.11.2025;;
ПКНФ-001190;24.11.2025;6167 КСС ШУКПП- 2/3 -11кВт +УХЛ1;Шкафы управления (ПК КСС);1;0;;;24.11.2025;;
ПКНФ-001190;24.11.2025;Таль ручная цепная VN г/п 0,5т в/п 6,0м;Крепеж и цепи, тали (ПК КСС);1;1;;;24.11.2025;;
ПКНФ-001190;24.11.2025;Стеклоровинг ECR24-2400D-601 (Шандон) намотка Китай;Сырье стеклопластиковое;470;70311.5;;12.01.2025;24.11.2025;;
ПКНФ-001190;24.11.2025;Заглушка для трубы 25х25 мм пластик;Расходные материалы (ПК КСС);2;0;23.04.2024;;24.11.2025;;
ПКНФ-001190;24.11.2025;Шайба оцинк гровер М12 DIN 127;Оцинкованные метизы (ПК КСС);0.004;0.736;;03.06.2024;24.11.2025;;
ПКНФ-001190;24.11.2025;Шайба гроверная оц. Ф16 DIN 127;Оцинкованные метизы (ПК КСС);0.048;1.018;;27.06.2024;24.11.2025;;
ПКНФ-001190;24.11.2025;Шайба плоская оц. М10  DIN 125;Оцинкованные метизы (ПК КСС);0.01;0.656;;25.08.2025;24.11.2025;;
ПКНФ-001190;24.11.2025;Навесной замок с ключом GPLK-50L;Оцинкованные метизы (ПК КСС);1;45;;20.01.2025;24.11.2025;;
ПКНФ-001190;24.11.2025;Термоусадочная трубка ТТК 3/1 3:1  черная, с клеевым подслоем/КВТ;Электротовары КСС ШУ;1;0;;04.03.2024;24.11.2025;;
ПКНФ-001190;24.11.2025;Прокладка (паронит) 80;Полиэтелен, корсис, прагма, НПВХ (ПК КСС);2;46;;;24.11.2025;;
ПКНФ-001190;24.11.2025;Анкерный болт с гайкой 16*150 HNM акт;Для актов ПП;16;0;;;24.11.2025;;
ПКНФ-001190;24.11.2025;Гайка шестигр. оц М12 DIN934;Оцинкованные метизы (ПК КСС);0.004;1.21;;03.06.2024;24.11.2025;;
ПКНФ-001190;24.11.2025;Гайка шестигр. оц М16  (тыс шт);Оцинкованные метизы (ПК КСС);0.048;0.579;;27.06.2024;24.11.2025;;
ПКНФ-001190;24.11.2025;Труба ВГП ОЦ 32х3,2 ГОСТ 3262-75 (м);Черные трубы, листы, круги (ПК КСС);2;118.36;;;24.11.2025;;
ПКНФ-001190;24.11.2025;Гайка М16 DIN 934  (А2, 16,0, DIN 934);Нержавеющие метизы (ПК КСС);16;580;25.04.2024;25.04.2024;24.11.2025;;
ПКНФ-001190;24.11.2025;Грибок канализационный;Полиэтелен, корсис, прагма, НПВХ (ПК КСС);1;21;;27.01.2026;24.11.2025;;
ПКНФ-001190;24.11.2025;Задвижка клиновая Ду100 Ру16 штурвал 30ч39р;Арматура (ПК КСС);2;8;;;24.11.2025;;
ПКНФ-001190;24.11.2025;Карабин винтовой 4 мм;Крепеж и цепи, тали (ПК КСС);7;106;;;24.11.2025;;
ПКНФ-001190;24.11.2025;Карабин винтовой 6 мм;Водоподготовка (ПК КСС);4;123;;;24.11.2025;;
ПКНФ-001190;24.11.2025;Клапан обратный шаровой DN100 PN16 канализационный;Арматура (ПК КСС);2;6;;;24.11.2025;;
ПКНФ-001190;24.11.2025;Лента стеклянная 400, 250 мм, кг;Сырье стеклопластиковое;38;4621.5;;12.01.2025;24.11.2025;;
ПКНФ-001190;24.11.2025;Манжета резиновая переходная D 110/124 Уп., черн;Полиэтелен, корсис, прагма, НПВХ (ПК КСС);2;28;;27.01.2026;24.11.2025;;
ПКНФ-001190;24.11.2025;Манжета резиновая переходная D 50/72 Уп., черн;Полиэтелен, корсис, прагма, НПВХ (ПК КСС);1;163;;;24.11.2025;;
ПКНФ-001190;24.11.2025;Наконечник штыревой НШВИ 1,5-12 КВТ 56673;Электротовары КСС ШУ;50;0;;;24.11.2025;;
ПКНФ-001190;24.11.2025;Отвердитель Akperox А60 (30кг);Сырье стеклопластиковое;4.6;276.65;;;24.11.2025;;
ПКНФ-001190;24.11.2025;Отвод 90 гр. НПВХ DN110;Полиэтелен, корсис, прагма, НПВХ (ПК КСС);1;50;;;24.11.2025;;
ПКНФ-001190;24.11.2025;Пигмент железооксидный зеленый Green ТС 5605. Производство Китай.;Сырье стеклопластиковое;1;153.1;;;24.11.2025;;
ПКНФ-001190;24.11.2025;Поплавковый выключатель RL-1 20м;Водоподготовка (ПК КСС);5;73;;;24.11.2025;;
ПКНФ-001190;24.11.2025;Провод ПВС 3*1,5 черный;Электротовары КСС ШУ;25;0;;;24.11.2025;;
ПКНФ-001190;24.11.2025;Прокладка (паронит) 100;Полиэтелен, корсис, прагма, НПВХ (ПК КСС);6;116;;;24.11.2025;;
ПКНФ-001190;24.11.2025;Проушина прямая 30х70мм;Расходные материалы (ПК КСС);2;271;;;24.11.2025;;
ПКНФ-001190;24.11.2025;Рым-гайка DIN 582 М10;Крепеж и цепи, тали (ПК КСС);2;95;;;24.11.2025;;
ПКНФ-001190;24.11.2025;Рым-гайка DIN 582 М 6;Крепеж и цепи, тали (ПК КСС);0.002;0.105;;17.02.2025;24.11.2025;;
ПКНФ-001190;24.11.2025;Скоба такелажная М6;Крепеж и цепи, тали (ПК КСС);4;58.1;;03.07.2025;24.11.2025;;
ПКНФ-001190;24.11.2025;Смола полимер 3401 А (1000кг);Сырье стеклопластиковое;190;4010.2;;12.01.2026;24.11.2025;;
ПКНФ-001190;24.11.2025;Смола полимер 3401 ТА (1000кг);Сырье стеклопластиковое;185;35058.6;;12.01.2026;24.11.2025;;
ПКНФ-001190;24.11.2025;Стекломат  E6CRMC600-1250-Е (45кг) Джуши Китай;Сырье стеклопластиковое;66;27316.7;;12.01.2025;24.11.2025;;
ПКНФ-001190;24.11.2025;Стеклорогожа EWR 560;Сырье стеклопластиковое;16;5706.6;;;24.11.2025;;
ПКНФ-001190;24.11.2025;Термоусадочная трубка ТТК 12/3  черная/ИЭК;Электротовары КСС ШУ;1;0;;;24.11.2025;;
ПКНФ-001190;24.11.2025;Труба двустенная для электропроводки d110 с протяжкой(внутр. d94)/ДКС ;Полиэтелен, корсис, прагма, НПВХ (ПК КСС);3;200;;;24.11.2025;;
ПКНФ-001190;24.11.2025;Труба двустенная для электропроводки d50 с протяжкой(внутр. d41,5) [ДКС] (код 19735) 121950;Полиэтелен, корсис, прагма, НПВХ (ПК КСС);3;156;;;24.11.2025;;
ПКНФ-001190;24.11.2025;Цепь короткозвенная 4мм DIN766 оцинк;Крепеж и цепи, тали (ПК КСС);8.5;401.26;;05.07.2024;24.11.2025;;
ПКНФ-001190;24.11.2025;Цепь Т6-6х18 мм ГОСТ 30441-97 (покрытие хим.окс.);Крепеж и цепи, тали (ПК КСС);10;189.9;;;24.11.2025;;
ПКНФ-001190;24.11.2025;Шайба М16 DIN 125  (А2, DIN 125);Нержавеющие метизы (ПК КСС);32;1387;;;24.11.2025;;
ПКНФ-001190;24.11.2025;Шайба гровер М16 DIN 127 (А2, DIN 127);Нержавеющие метизы (ПК КСС);16;2044;;;24.11.2025;;
ПКНФ-001190;24.11.2025;Шайба плоская оц. М6 DIN 125;Оцинкованные метизы (ПК КСС);0.002;0.65;;25.08.2025;24.11.2025;;
ПКНФ-001190;24.11.2025;Шайба плоская оц.М16  DIN 125;Оцинкованные метизы (ПК КСС);0.096;2.396;;27.06.2024;24.11.2025;;
ПКНФ-001209;25.11.2025;Наконечник кабельный штифтовой НШМЛ 10-12 медный луженый;Электротовары КСС ШУ;12;32;;;25.11.2025;;
ПКНФ-001209;25.11.2025;Кабель-канал перфорированный 40х60 L2000 RL6 G DKC 01163RL;Электротовары КСС ШУ;3;59;;;25.11.2025;;
ПКНФ-001209;25.11.2025;Провод ПУГВнг(А)-LS 1х0,5 С;Электротовары КСС ШУ;24;1760;;;25.11.2025;;
ПКНФ-001209;25.11.2025;Наконечник штыревой втулочный изол. НШвИ(2) 0.5-8 (уп.50шт);Электротовары КСС ШУ;74;4150;;;25.11.2025;;
ПКНФ-001209;25.11.2025;Знак ""Земля"" круглый d20мм EKF an-1-04;Электротовары КСС ШУ;2;0;;;25.11.2025;;
ПКНФ-001209;25.11.2025;Выключатель автоматический модульный 3п C 6А 4.5кА ВА 47-63;Электротовары КСС ШУ;2;85;;;25.11.2025;;
ПКНФ-001209;25.11.2025;Ограничитель на DIN-рейку 1 винт HDW-211;Электротовары КСС ШУ;30;0;;;25.11.2025;;
ПКНФ-001209;25.11.2025;Выключатель автоматический модульный 1п C 6А 4.5кА ВА 47-63;Электротовары КСС ШУ;5;0;;16.01.2026;25.11.2025;;
ПКНФ-001209;25.11.2025;Кабель-канал перфорированный 25х40 L2000 RL6 G DKC 01163RL;Электротовары КСС ШУ;1.5;34.75;;;25.11.2025;;
ПКНФ-001209;25.11.2025;Держатель маркировки LH 20х25мм;Электротовары КСС ШУ;12;495;;;25.11.2025;;
ПКНФ-001209;25.11.2025;Символ ""Молния"" (треугольник) 50х50х50мм;Электротовары КСС ШУ;1;61;;;25.11.2025;;
ПКНФ-001209;25.11.2025;Термостат NO+NC (охлаждение и обогрев) на DIN-рейку 10A 230В IP20;Электротовары КСС ШУ;1;24;;;25.11.2025;;
ПКНФ-001209;25.11.2025;Саморез 4.2х25 металл-металл с прессшайбой сверло цинк (уп.200шт);Электротовары КСС ШУ;12;542;;;25.11.2025;;
ПКНФ-001209;25.11.2025;Устройство плавного пуска ESQ-GS9mini-030 (60А, 380В, 30кВт, встроенный шунтирующий контактор);Электротовары КСС ШУ;2;4;;;25.11.2025;;
ПКНФ-001209;25.11.2025;Контакт дополнительный NS2-AU20 для NS2-80 CHINT;Электротовары КСС ШУ;2;2;;;25.11.2025;;
ПКНФ-001209;25.11.2025;Переключатель BG33 3P 2NO короткая ручка;Электротовары КСС ШУ;2;0;;;25.11.2025;;
ПКНФ-001209;25.11.2025;ИСКРА пассивный барьер искрозащиты  ИСКРА-АТ.03;Электротовары КСС ШУ;1;1;;;25.11.2025;;
ПКНФ-001209;25.11.2025;ИСКРА пассивный барьер искрозащиты ИСКРА-СК2.03;Электротовары КСС ШУ;2;2;;;25.11.2025;;
ПКНФ-001209;25.11.2025;DIN-рейка перфорированная L2000 1мм 35х7,5;Электротовары КСС ШУ;2;25;;;25.11.2025;;
ПКНФ-001209;25.11.2025;Рубильник 3п 100А с рукояткой управления для прямой установки;Электротовары КСС ШУ;2;1;;;25.11.2025;;
ПКНФ-001209;25.11.2025;Шайба гроверная оц.М6 DIN 127;Оцинкованные метизы (ПК КСС);0.006;0;;;25.11.2025;;
ПКНФ-001209;25.11.2025;Выключатель автоматический для защиты двигателя 40-63А NS2-80B (R) CHINT 495088;Электротовары КСС ШУ;2;7;;;25.11.2025;;
ПКНФ-001209;25.11.2025;Провод ПуГВнг(А)-LS 1х10 С;Электротовары КСС ШУ;3;0;;12.10.2025;25.11.2025;;
ПКНФ-001209;25.11.2025;Обогреватель на DIN-рейку клеммный 75Вт 230В;Электротовары КСС ШУ;1;2;;;25.11.2025;;
ПКНФ-001209;25.11.2025;Колодка клеммная JXB-2.5/35 серая;Электротовары КСС ШУ;22;24;;;25.11.2025;;
ПКНФ-001209;25.11.2025;Заглушка для JXB-2,5/35 серая;Электротовары КСС ШУ;4;0;;;25.11.2025;;
ПКНФ-001209;25.11.2025;Колодка клеммная JXB-35/35 синяя;Электротовары КСС ШУ;2;85;;;25.11.2025;;
ПКНФ-001209;25.11.2025;Сальник PG 29 (d проводника 18-24мм, D резьбовой 36мм) IP54;Электротовары КСС ШУ;2;0;;;25.11.2025;;
ПКНФ-001209;25.11.2025;Контактор КМЭ 95А 220В/АС3 1НО 1Н3;Электротовары КСС ШУ;2;5;;09.02.2026;25.11.2025;;
ПКНФ-001209;25.11.2025;Механизм блокировки для КМЭ (40А-95А);Электротовары КСС ШУ;1;107;;;25.11.2025;;
ПКНФ-001209;25.11.2025;Колодка клеммная ЕК-6/40 JXB земля;Электротовары КСС ШУ;2;15;;06.12.2024;25.11.2025;;
ПКНФ-001209;25.11.2025;Кабель витая пара F/UTP кат.5E 1х2х24AWG solid CU PVC сер (м);Электротовары КСС ШУ;5;689;;;25.11.2025;;
ПКНФ-001209;25.11.2025;Сальник PG 9;Электротовары КСС ШУ;5;1458;;;25.11.2025;;
ПКНФ-001209;25.11.2025;Наконечник штыревой втулочный изол. НШвИ 6.0-12 (уп.50шт);Электротовары КСС ШУ;54;1484;;25.08.2025;25.11.2025;;
ПКНФ-001209;25.11.2025;Наконечник штыревой втулочный изол. НШвИ(2) 16.0-14 (уп.50шт);Электротовары КСС ШУ;6;287;;;25.11.2025;;
ПКНФ-001209;25.11.2025;Хомут 2,5х150 нейл. (уп.100 шт);Электротовары КСС ШУ;50;0;;;25.11.2025;;
ПКНФ-001209;25.11.2025;Трубка термоус. ТУТ (HF)-14/7, красн. (уп.50м) ;Электротовары КСС ШУ;1;32;;14.02.2025;25.11.2025;;
ПКНФ-001209;25.11.2025;Трубка термоус. ТУТ (HF)-14/7, зел. (уп.50м);Электротовары КСС ШУ;1;0;;;25.11.2025;;
ПКНФ-001209;25.11.2025;Трубка термоус. ТУТ (HF)-14/7, желт. (уп.50м);Электротовары КСС ШУ;1;167;;;25.11.2025;;
ПКНФ-001209;25.11.2025;Колодка клеммная JXB-6/35 (50а) сер.;Электротовары КСС ШУ;6;93;;;25.11.2025;;
ПКНФ-001209;25.11.2025;Колодка клеммная ЕК-35/125 JXB земля;Электротовары КСС ШУ;2;45;;19.02.2025;25.11.2025;;
ПКНФ-001209;25.11.2025;Реле контроля наличия и чередования фаз CKF-318-1;Электротовары КСС ШУ;2;58;;;25.11.2025;;
ПКНФ-001209;25.11.2025;Наконечник штыревой втулочный изол. НШвИ 0.5-8 (уп.50шт);Электротовары КСС ШУ;158;16889;;;25.11.2025;;
ПКНФ-001209;25.11.2025;Наконечник кольцевой изол. НКИ 6.0-6 (уп.50шт);Электротовары КСС ШУ;12;705;;;25.11.2025;;
ПКНФ-001209;25.11.2025;Саморез 4.2х13 металл-металл с прессшайбой сверло цинк (уп.200шт);Электротовары КСС ШУ;42;1156.91;;;25.11.2025;;
ПКНФ-001209;25.11.2025;Маркер для кабеля 0.5-1.5мм символ ""1"" (уп.200шт) ДКС;Электротовары КСС ШУ;52;9928;;;25.11.2025;;
ПКНФ-001209;25.11.2025;Маркер для кабеля 0.5-1.5мм символ ""2"" (уп.200шт) ДКС;Электротовары КСС ШУ;68;5520;;;25.11.2025;;
ПКНФ-001209;25.11.2025;Маркер для кабеля 0.5-1.5мм символ ""3"" (уп.200шт) ДКС;Электротовары КСС ШУ;69;5725;;;25.11.2025;;
ПКНФ-001209;25.11.2025;Маркер для JXB с нумерацией 1-50 (уп.100шт);Электротовары КСС ШУ;200;12597;;;25.11.2025;;
ПКНФ-001209;25.11.2025;Сальник PG 16 10-14мм IP54;Электротовары КСС ШУ;6;231;;;25.11.2025;;
ПКНФ-001209;25.11.2025;Вентилятор с фильтром 52 м3/ч 124х124 мм;Электротовары КСС ШУ;1;16;;12.10.2025;25.11.2025;;
ПКНФ-001209;25.11.2025;Решетка вентиляционная с фильтром 124x124мм IP54;Электротовары КСС ШУ;1;10;;12.10.2025;25.11.2025;;
ПКНФ-001209;25.11.2025;Болт оцинк. М6х20 DIN 933;Оцинкованные метизы (ПК КСС);0.002;0.079;;;25.11.2025;;
ПКНФ-001209;25.11.2025;Гайка оцинк. DIN 934 М6;Оцинкованные метизы (ПК КСС);0.006;0.014;;04.03.2025;25.11.2025;;
ПКНФ-001209;25.11.2025;ID 100.80, Дверь внутренняя глухая для корпуса MEV 1000х800;Корпусы для ШУ;1;2;;;25.11.2025;;
ПКНФ-001209;25.11.2025;MES 100.80.30, Шкаф компактный распределительный 1000х800х300;Корпусы для ШУ;1;2;;;25.11.2025;;
ПКНФ-001209;25.11.2025;RKE4CO024LT Реле 4CO, 5A (250VAC/30VDC), 24VDC, мех. индикация, тест-кнопка с блокировкой, LED;Электротовары КСС ШУ;3;119;;;25.11.2025;;
ПКНФ-001209;25.11.2025;Колодка клеммная ЕК-2.5/25 JXB земля;Электротовары КСС ШУ;4;125;;08.06.2024;25.11.2025;;
ПКНФ-001209;25.11.2025;Лампа AD-22DS(LED) матрица d22мм желтый 230В;Электротовары КСС ШУ;2;158;;;25.11.2025;;
ПКНФ-001209;25.11.2025;Лампа AD-22DS(LED) матрица d22мм зеленый 230В;Электротовары КСС ШУ;5;44;;;25.11.2025;;
ПКНФ-001209;25.11.2025;Лампа AD-22DS(LED) матрица d22мм красный 230В;Электротовары КСС ШУ;3;0;;;25.11.2025;;
ПКНФ-001209;25.11.2025;Маркер для кабеля 0.5-1.5мм символ ""0"" (уп.200шт) ДКС;Электротовары КСС ШУ;79;7489;;;25.11.2025;;
ПКНФ-001209;25.11.2025;Маркер для кабеля 0.5-1.5мм символ ""4"" (уп.200шт) ДКС;Электротовары КСС ШУ;58;1694;;;25.11.2025;;
ПКНФ-001209;25.11.2025;Маркер для кабеля 0.5-1.5мм символ ""5"" (уп.200шт) ДКС;Электротовары КСС ШУ;54;6424;;;25.11.2025;;
ПКНФ-001209;25.11.2025;Маркер для кабеля 0.5-1.5мм символ ""6"" (уп.200шт) ДКС;Электротовары КСС ШУ;47;6265;;;25.11.2025;;
ПКНФ-001209;25.11.2025;Маркер для кабеля 0.5-1.5мм символ ""7"" (уп.200шт) ДКС;Электротовары КСС ШУ;56;2373;;;25.11.2025;;
ПКНФ-001209;25.11.2025;Маркер для кабеля 0.5-1.5мм символ ""8"" (уп.200шт) ДКС;Электротовары КСС ШУ;67;1824;;;25.11.2025;;
ПКНФ-001209;25.11.2025;Маркер для кабеля 0.5-1.5мм символ ""9"" (уп.200шт) ДКС;Электротовары КСС ШУ;68;1755;;;25.11.2025;;
ПКНФ-001209;25.11.2025;Маркер для JXB с нумерацией 1-10 (уп.100шт);Электротовары КСС ШУ;200;7501;;;25.11.2025;;
ПКНФ-001209;25.11.2025;Провод ПУГВнг(А)-LS 1х0,5 Б;Электротовары КСС ШУ;126;5022;;;25.11.2025;;
ПКНФ-001209;25.11.2025;Провод ПУГВнг(А)-LS 1х0,5 К;Электротовары КСС ШУ;21;1702;;;25.11.2025;;
ПКНФ-001209;25.11.2025;Провод ПУГВнг(А)-LS 1х0,5 Ч;Электротовары КСС ШУ;27;1677;;;25.11.2025;;
ПКНФ-001209;25.11.2025;Провод ПУГВнг(А)-LS 1х1,5 ж/з;Электротовары КСС ШУ;1.5;548.3;;;25.11.2025;;
ПКНФ-001209;25.11.2025;Провод ПУГВнг(А)-LS 1х10 Б;Электротовары КСС ШУ;20;0;;;25.11.2025;;
ПКНФ-001209;25.11.2025;Провод ПУГВнг(А)-LS 1х6 Б;Электротовары КСС ШУ;32;0;;;25.11.2025;;
ПКНФ-001209;25.11.2025;Программируемое реле ПР200-24.2.2.0;Электротовары КСС ШУ;1;11;;;25.11.2025;;
ПКНФ-001209;25.11.2025;Блок распределительный КРОСС крепеж на панель и DIN КБР-160А;Электротовары КСС ШУ;4;71;;;25.11.2025;;
ПКНФ-001209;25.11.2025;Реле RFT2CO730LT, 2CO, 8A(250VAC/30VDC), 230VAC, LED, мех. инд., тест-кнопка;Электротовары КСС ШУ;3;106;;;25.11.2025;;
ПКНФ-001209;25.11.2025;Реле контроля уровня PZ-828 жидкости без датчика;Электротовары КСС ШУ;2;13;;16.01.2026;25.11.2025;;
ПКНФ-001209;25.11.2025;Спираль монтажная СМ-06-04 (10м);Электротовары КСС ШУ;0.2;6.395;;;25.11.2025;;
ПКНФ-001209;25.11.2025;Трубка термоус. ТУТ (HF)-8/4, жел. (уп.50м) КВТ;Электротовары КСС ШУ;2;29.3;;;25.11.2025;;
ПКНФ-001209;25.11.2025;Трубка термоус. ТУТ (HF)-8/4, зел. (уп.50м) КВТ;Электротовары КСС ШУ;2;29.3;;;25.11.2025;;
ПКНФ-001209;25.11.2025;Трубка термоус. ТУТ (HF)-8/4, красн. (уп.50м) КВТ;Электротовары КСС ШУ;2;30.5;;;25.11.2025;;
ПКНФ-001209;25.11.2025;Трубка термоусадочная 2.0/1.0 1м желт. Rexant 20-2002;Электротовары КСС ШУ;1.5;47;;;25.11.2025;;
ПКНФ-001209;25.11.2025;Трубка термоусадочная 2.0/1.0 1м зел. Rexant 20-2003;Электротовары КСС ШУ;1;41.2;;;25.11.2025;;
ПКНФ-001209;25.11.2025;Трубка термоусадочная 2.0/1.0 1м красн. Rexant 20-2004;Электротовары КСС ШУ;1;42.2;;19.12.2024;25.11.2025;;
ПКНФ-001209;25.11.2025;Цоколь SKC14-E, 10A(300V), черный, на рейку DIN35/панель, для RKE4CO, RKF4CO;Электротовары КСС ШУ;3;23;;;25.11.2025;;
ПКНФ-001209;25.11.2025;Цоколь SRU08-E, 10A(300V), черный, на рейку DIN35/панель, для RFT2CO;Электротовары КСС ШУ;3;9;;;25.11.2025;;
ПКНФ-001209;25.11.2025;Шайба плоская оц. М6 DIN 125;Оцинкованные метизы (ПК КСС);0.008;0.156;;25.08.2025;25.11.2025;;
ПКНФ-001209;25.11.2025;HDR-30-24 Блок питания, 24В,1.5А,36Вт;Электротовары КСС ШУ;1;23;;;25.11.2025;;
ПКНФ-001234;02.12.2025;Карабин винтовой 5 мм;Крепеж и цепи, тали (ПК КСС);6;204;;;02.12.2025;;
ПКНФ-001234;02.12.2025;7920 КСС ШУЗ-1,1 кВт+УХЛ1;Шкафы управления (ПК КСС);1;0;;;02.12.2025;;
ПКНФ-001234;02.12.2025;Болт оцинк. М6х40 DIN 933;Оцинкованные метизы (ПК КСС);0.002;0.19;;;02.12.2025;;
ПКНФ-001234;02.12.2025;Шайба гроверная оц.Ф10 DIN 127;Оцинкованные метизы (ПК КСС);0.03;0.082;;;02.12.2025;;
ПКНФ-001234;02.12.2025;Гайка шестигр.М10 оц. DIN934;Оцинкованные метизы (ПК КСС);0.03;0.596;07.10.2024;07.10.2024;02.12.2025;;
ПКНФ-001234;02.12.2025;Скоба такелажная М4;Крепеж и цепи, тали (ПК КСС);8;146;;;02.12.2025;;
ПКНФ-001234;02.12.2025;Болт оцинк. М10х60 DIN933;Оцинкованные метизы (ПК КСС);0.03;0.598;;;02.12.2025;;
ПКНФ-001234;02.12.2025;Болт оцинк. М12х60 DIN933;Оцинкованные метизы (ПК КСС);0.004;0.412;;03.06.2024;02.12.2025;;
ПКНФ-001234;02.12.2025;Шайба плоская оц. М12  DIN 125;Оцинкованные метизы (ПК КСС);0.004;0.745;;03.06.2024;02.12.2025;;
ПКНФ-001234;02.12.2025;Болт оцинк. М16х60 DIN933;Оцинкованные метизы (ПК КСС);0.024;0.82;;16.01.2026;02.12.2025;;
ПКНФ-001234;02.12.2025;Клапан обратный шаровый Ду65 Ру16 канализационный;Арматура (ПК КСС);2;2;;;02.12.2025;;
ПКНФ-001234;02.12.2025;Заглушка для трубы 40х40 мм пластик;Расходные материалы (ПК КСС);2;288;;;02.12.2025;;
ПКНФ-001234;02.12.2025;Задвижка 30ч39р Ду50 Pу16 штурвал;Арматура (ПК КСС);2;8;;;02.12.2025;;
ПКНФ-001234;02.12.2025;Болт М16*60 DIN 933 полная резьба  (А2, 16,0, 60,0, DIN 933);Нержавеющие метизы (ПК КСС);24;133;;;02.12.2025;;
ПКНФ-001234;02.12.2025;7399 КСС ШУК-2/3-3кВт+УХЛ1;Шкафы управления (ПК КСС);1;0;;;02.12.2025;;
ПКНФ-001234;02.12.2025;Насос 50WQ15-25-3ACW(I), 3кВт, без АТМ DN50, с реж.механизмом, 2-х полюс. (ПК);Насосы CNP (ПК КСС);2;0;;;02.12.2025;;
ПКНФ-001234;02.12.2025;Прокладка (паронит) 65;Завертяев;6;0;;;02.12.2025;;
ПКНФ-001234;02.12.2025;7399 - Трубопровод ;Составные части трубопровода (Пк КСС);1;1;;;02.12.2025;ПКНФ-001350;16.12.2025
ПКНФ-001234;02.12.2025;7399 - Рама под УПМ, балка под крышку;Составные части трубопровода (Пк КСС);1;0;27.11.2025;;02.12.2025;ПКНФ-001346;16.12.2025
ПКНФ-001234;02.12.2025;7399 - Площадка Лестница Корзина и ее направляющие Транспортировочная балка;Составные части трубопровода (Пк КСС);1;1;;;02.12.2025;ПКНФ-001347;16.12.2025
ПКНФ-001234;02.12.2025;Клапан обратный шаровой Ду50 Ру16 канализационный;Арматура (ПК КСС);2;4;;;02.12.2025;;
ПКНФ-001234;02.12.2025;Автоматическая трубная муфта для насоса WQ DN50,TOS-50, мощность 0.55кВт и выше (ПК);УПМ СNP (ПК КСС);2;2;;15.01.2026;02.12.2025;;
ПКНФ-001234;02.12.2025;Заглушка для трубы 25х25 мм пластик;Расходные материалы (ПК КСС);2;0;23.04.2024;;02.12.2025;;
ПКНФ-001234;02.12.2025;Шайба оцинк гровер М12 DIN 127;Оцинкованные метизы (ПК КСС);0.004;0.736;;03.06.2024;02.12.2025;;
ПКНФ-001234;02.12.2025;Шайба гроверная оц. Ф16 DIN 127;Оцинкованные метизы (ПК КСС);0.024;1.018;;27.06.2024;02.12.2025;;
ПКНФ-001234;02.12.2025;Шайба плоская оц. М10  DIN 125;Оцинкованные метизы (ПК КСС);0.06;0.656;;25.08.2025;02.12.2025;;
ПКНФ-001234;02.12.2025;Навесной замок с ключом GPLK-50L;Оцинкованные метизы (ПК КСС);1;45;;20.01.2025;02.12.2025;;
ПКНФ-001234;02.12.2025;Гайка шестигр. оц М12 DIN934;Оцинкованные метизы (ПК КСС);0.004;1.21;;03.06.2024;02.12.2025;;
ПКНФ-001234;02.12.2025;Гайка шестигр. оц М16  (тыс шт);Оцинкованные метизы (ПК КСС);0.024;0.579;;27.06.2024;02.12.2025;;
ПКНФ-001234;02.12.2025;Труба ВГП ОЦ 32х3,2 ГОСТ 3262-75 (м);Черные трубы, листы, круги (ПК КСС);15.6;118.36;;;02.12.2025;;
ПКНФ-001234;02.12.2025;Анкерный болт с гайкой 12*120 HNM ПК (тыс);Оцинкованные метизы (ПК КСС);0.016;0.227;;;02.12.2025;;
ПКНФ-001234;02.12.2025;Болт М12*60 DIN 933 полная резьба  (А2, 12,0, 60,0, DIN 933);Нержавеющие метизы (ПК КСС);8;334;;;02.12.2025;;
ПКНФ-001234;02.12.2025;Гайка М12 DIN 934  (А2, 12,0, DIN 934);Нержавеющие метизы (ПК КСС);8;1109;;;02.12.2025;;
ПКНФ-001234;02.12.2025;Гайка М16 DIN 934  (А2, 16,0, DIN 934);Нержавеющие метизы (ПК КСС);24;580;15.05.2024;25.04.2024;02.12.2025;;
ПКНФ-001234;02.12.2025;Грибок канализационный;Полиэтелен, корсис, прагма, НПВХ (ПК КСС);1;21;;27.01.2026;02.12.2025;;
ПКНФ-001234;02.12.2025;Карабин винтовой 4 мм;Крепеж и цепи, тали (ПК КСС);8;106;;;02.12.2025;;
ПКНФ-001234;02.12.2025;Манжета резиновая переходная D 110/124 Уп., черн;Полиэтелен, корсис, прагма, НПВХ (ПК КСС);2;28;;27.01.2026;02.12.2025;;
ПКНФ-001234;02.12.2025;Манжета резиновая переходная D 50/72 Уп., черн;Полиэтелен, корсис, прагма, НПВХ (ПК КСС);1;163;;;02.12.2025;;
ПКНФ-001234;02.12.2025;Муфта Корсис DN200 (OD);Полиэтелен, корсис, прагма, НПВХ (ПК КСС);1;14;;;02.12.2025;;
ПКНФ-001234;02.12.2025;Отвод 90 гр. НПВХ DN110;Полиэтелен, корсис, прагма, НПВХ (ПК КСС);1;50;;;02.12.2025;;
ПКНФ-001234;02.12.2025;Поплавковый выключатель RL-1 10м;Датчики уровня, преобразователи, реле (ПК КСС);4;82;;05.02.2025;02.12.2025;;
ПКНФ-001234;02.12.2025;Прокладка (паронит) 50;Полиэтелен, корсис, прагма, НПВХ (ПК КСС);2;63;;;02.12.2025;;
ПКНФ-001234;02.12.2025;Проушина прямая 30х70мм;Расходные материалы (ПК КСС);2;271;;;02.12.2025;;
ПКНФ-001234;02.12.2025;Рым-гайка DIN 582 М10;Крепеж и цепи, тали (ПК КСС);2;95;;;02.12.2025;;
ПКНФ-001234;02.12.2025;Рым-гайка DIN 582 М 6;Крепеж и цепи, тали (ПК КСС);0.002;0.105;;17.02.2025;02.12.2025;;
ПКНФ-001234;02.12.2025;Скоба такелажная М5;Крепеж и цепи, тали (ПК КСС);0.006;0.27;;;02.12.2025;;
ПКНФ-001234;02.12.2025;Труба 200/4,9/1200 наружная канализация;Полиэтелен, корсис, прагма, НПВХ (ПК КСС);0.5;11.5;;;02.12.2025;;
ПКНФ-001234;02.12.2025;Труба двустенная для электропроводки d110 с протяжкой(внутр. d94)/ДКС ;Полиэтелен, корсис, прагма, НПВХ (ПК КСС);3;200;;;02.12.2025;;
ПКНФ-001234;02.12.2025;Труба двустенная для электропроводки d50 с протяжкой(внутр. d41,5) [ДКС] (код 19735) 121950;Полиэтелен, корсис, прагма, НПВХ (ПК КСС);3;156;;;02.12.2025;;
ПКНФ-001234;02.12.2025;Цепь короткозвенная 4мм DIN766 оцинк;Крепеж и цепи, тали (ПК КСС);9.5;401.26;;05.07.2024;02.12.2025;;
ПКНФ-001234;02.12.2025;Цепь Т6-6х18 мм ГОСТ 30441-97 (покрытие хим.окс.);Крепеж и цепи, тали (ПК КСС);13.7;189.9;;;02.12.2025;;
ПКНФ-001234;02.12.2025;Шайба  гровер М12 DIN 127 (А2, DIN 127);Нержавеющие метизы (ПК КСС);8;979.964;;;02.12.2025;;
ПКНФ-001234;02.12.2025;Шайба М12 DIN 125  (А2, DIN 125);Нержавеющие метизы (ПК КСС);16;618;;;02.12.2025;;
ПКНФ-001234;02.12.2025;Шайба М16 DIN 125  (А2, DIN 125);Нержавеющие метизы (ПК КСС);48;1387;;;02.12.2025;;
ПКНФ-001234;02.12.2025;Шайба гровер М16 DIN 127 (А2, DIN 127);Нержавеющие метизы (ПК КСС);24;2044;;;02.12.2025;;
ПКНФ-001234;02.12.2025;Шайба плоская оц. М6 DIN 125;Оцинкованные метизы (ПК КСС);0.002;0.65;;25.08.2025;02.12.2025;;
ПКНФ-001234;02.12.2025;Шайба плоская оц.М16  DIN 125;Оцинкованные метизы (ПК КСС);0.048;2.396;;27.06.2024;02.12.2025;;
ПКНФ-001235;02.12.2025;Клапан обратный шаровой DN200 PN10 канализационный;Арматура (ПК КСС);2;2;;;02.12.2025;;
ПКНФ-001235;02.12.2025;Задвижка 30ч39р Ду200 Pу10 штурвал;Арматура (ПК КСС);2;2;;;02.12.2025;;
ПКНФ-001247;05.12.2025;Арматура А-1 6 мм;Черные трубы, листы, круги (ПК КСС);1.5;79.3;;;05.12.2025;;
ПКНФ-001247;05.12.2025;Труба 50х50х3 ГОСТ 8639-82, м.д;Черные трубы, листы, круги (ПК КСС);5;30.8;;16.01.2026;05.12.2025;;
ПКНФ-001252;08.12.2025;Неразъемное соединение ПЭ/СТ ПЭ100 SDR11 160/159 (Переход ПЭ/Сталь);Черные фланцы и фиттинги (ПК КСС);1;1;;;08.12.2025;;
ПКНФ-001252;08.12.2025;Труба эл/сварная ф159х4 ГОСТ 10704-91;Черные трубы, листы, круги (ПК КСС);1;3;;;08.12.2025;;
ПКНФ-001252;08.12.2025;Отвод 159х4,5-90 ГОСТ 17375;Черные фланцы и фиттинги (ПК КСС);1;1;;;08.12.2025;;
ПКНФ-001253;08.12.2025;Арматура А-1 10 мм;Черные трубы, листы, круги (ПК КСС);0.2;0;;;08.12.2025;;
ПКНФ-001253;08.12.2025;Арматура А-1 6 мм;Черные трубы, листы, круги (ПК КСС);0.5;77.8;;;08.12.2025;;
ПКНФ-001253;08.12.2025;Швеллер 10П ГОСТ 8240-97;Черные трубы, листы, круги (ПК КСС);10;141.1;20.01.2026;11.09.2025;08.12.2025;;
ПКНФ-001253;08.12.2025;Труба 40х40х2 ГОСТ 8639-82;Черные трубы, листы, круги (ПК КСС);2;100.7;;;08.12.2025;;
ПКНФ-001258;08.12.2025;Болт оцинк. М16х140 DIN933;Оцинкованные метизы (ПК КСС);0.032;0.279;;;08.12.2025;;
ПКНФ-001258;08.12.2025;Труба PPR SDR 6 PN20 50/8,3/4000 мм, БЕЛАЯ, Pro Aqua PA10014;Полиэтелен, корсис, прагма, НПВХ (ПК КСС);5;20;;;08.12.2025;;
ПКНФ-001258;08.12.2025;Муфта PPR комбинированная 50х1 1/2""НР под ключ, белая, Pro Aqua PA23522P;Полиэтелен, корсис, прагма, НПВХ (ПК КСС);3;5;;;08.12.2025;;
ПКНФ-001258;08.12.2025;Муфта PPR комбинированная 50х1 1/2""ВР под ключ, белая, Pro Aqua PA22522P;Полиэтелен, корсис, прагма, НПВХ (ПК КСС);2;4;;;08.12.2025;;
ПКНФ-001258;08.12.2025;Угольник PPR 50/90°, белый, Pro Aqua PA13016P;Полиэтелен, корсис, прагма, НПВХ (ПК КСС);1;1;;;08.12.2025;;
ПКНФ-001258;08.12.2025;Уплотнитель кольцевого пространства марки АктивРинг ТУ 2531-002-58859224-2014 изм. 1 (АР 365 оцинк.);Полиэтелен, корсис, прагма, НПВХ (ПК КСС);1;36;;;08.12.2025;;
ПКНФ-001258;08.12.2025;7586 - Трубопровод, патрубки;;1;0;;;08.12.2025;ПКНФ-001450;25.12.2025
ПКНФ-001258;08.12.2025;7586 - Лестница;Составные части трубопровода (Пк КСС);1;0;;;08.12.2025;ПКНФ-001448;25.12.2025
ПКНФ-001258;08.12.2025;7586 - Рама под установку Балка под крышку Транспортировочные петли Подставки под трубопровод Ра;Составные части трубопровода (Пк КСС);1;0;05.12.2025;;08.12.2025;ПКНФ-001449;25.12.2025
ПКНФ-001258;08.12.2025;Шайба гроверная оц.Ф10 DIN 127;Оцинкованные метизы (ПК КСС);0.048;0.082;;;08.12.2025;;
ПКНФ-001258;08.12.2025;Гайка шестигр.М10 оц. DIN934;Оцинкованные метизы (ПК КСС);0.048;0.596;07.10.2024;07.10.2024;08.12.2025;;
ПКНФ-001258;08.12.2025;Скоба такелажная М4;Крепеж и цепи, тали (ПК КСС);4;146;;;08.12.2025;;
ПКНФ-001258;08.12.2025;7586У - Установка подачи воды для пожаротушения КСС-П-2EST80-200- 220+2ЭЗ+АВР+РК;Установки ВНС и ПНС (ПК КСС);1;0;;;08.12.2025;ПКНФ-000015;12.01.2026
ПКНФ-001258;08.12.2025;Затвор поворотный межфланцевый ABRA BUV-VF866D125H DN 125 PN10/16 корпус GG25 / диск AISI316 / седло;Арматура (ПК КСС);4;4;;;08.12.2025;;
ПКНФ-001258;08.12.2025;Гибкая вставка Ду125 Ру10,ЕРDM, нейлоновый корд, фланцевая ABRA-EJF-10-125;Арматура (ПК КСС);4;4;;;08.12.2025;;
ПКНФ-001258;08.12.2025;Болт оцинк. М10х60 DIN933;Оцинкованные метизы (ПК КСС);0.04;0.598;;;08.12.2025;;
ПКНФ-001258;08.12.2025;Болт оцинк. М12х60 DIN933;Оцинкованные метизы (ПК КСС);0.012;0.424;;03.06.2024;08.12.2025;;
ПКНФ-001258;08.12.2025;Шайба плоская оц. М12  DIN 125;Оцинкованные метизы (ПК КСС);0.024;0.769;;03.06.2024;08.12.2025;;
ПКНФ-001258;08.12.2025;Болт оцинк. М20х60 DIN933;Оцинкованные метизы (ПК КСС);0.012;0.424;;;08.12.2025;;
ПКНФ-001258;08.12.2025;Гайка шестигр. оц. М20 DIN 934 тыс шт;Оцинкованные метизы (ПК КСС);0.012;1.427;;27.06.2024;08.12.2025;;
ПКНФ-001258;08.12.2025;Болт оцинк. М16х80  DIN933;Оцинкованные метизы (ПК КСС);0.032;1.067;;;08.12.2025;;
ПКНФ-001258;08.12.2025;Ниппель приварной (резьба) DN40 1 1/2"" чермет;Черные фланцы и фиттинги (ПК КСС);2;5;;;08.12.2025;;
ПКНФ-001258;08.12.2025;Шаровой кран латунный 1 1/2"" ВР-НР, ручка-рычаг, красный - полнопрох. с полусгоном, MVI BV.920.08;Арматура (ПК КСС);1;1;;;08.12.2025;;
ПКНФ-001258;08.12.2025;Шпилька резьб. DIN 975 М8х1000  оц. ;Оцинкованные метизы (ПК КСС);1;68;;;08.12.2025;;
ПКНФ-001258;08.12.2025;Заглушка для трубы 25х25 мм пластик;Расходные материалы (ПК КСС);2;0;23.04.2024;;08.12.2025;;
ПКНФ-001258;08.12.2025;Труба 110/3,2/3000 наружная канализация;Полиэтелен, корсис, прагма, НПВХ (ПК КСС);0.8;29;;;08.12.2025;;
ПКНФ-001258;08.12.2025;Шайба оцинк гровер М12 DIN 127;Оцинкованные метизы (ПК КСС);0.012;0.748;;03.06.2024;08.12.2025;;
ПКНФ-001258;08.12.2025;Шайба гроверная оц. Ф16 DIN 127;Оцинкованные метизы (ПК КСС);0.064;1.082;;27.06.2024;08.12.2025;;
ПКНФ-001258;08.12.2025;Насос дренажный «Leo» QDX 6-18-0.75А (закрытая крыльчатка) (ПК);Насосы LEO/ОНИС (ПК КСС);1;2;19.01.2026;19.01.2026;08.12.2025;;
ПКНФ-001258;08.12.2025;Обратный клапан с лат. сердечником AquaHit 1 1/2"", MVI CV.320.08;Арматура (ПК КСС);1;12;;;08.12.2025;;
ПКНФ-001258;08.12.2025;Шайба плоская оц. М10  DIN 125;Оцинкованные метизы (ПК КСС);0.096;0.656;;25.08.2025;08.12.2025;;
ПКНФ-001258;08.12.2025;Навесной замок с ключом GPLK-50L;Оцинкованные метизы (ПК КСС);2;45;;20.01.2025;08.12.2025;;
ПКНФ-001258;08.12.2025;Труба 200/4,9/3000 наружная канализация;Полиэтелен, корсис, прагма, НПВХ (ПК КСС);0.5;0;;;08.12.2025;;
ПКНФ-001258;08.12.2025;Гайка шестигр. оц М12 DIN934;Оцинкованные метизы (ПК КСС);0.012;1.222;;03.06.2024;08.12.2025;;
ПКНФ-001258;08.12.2025;Гайка шестигр. оц М16  (тыс шт);Оцинкованные метизы (ПК КСС);0.064;0.643;;27.06.2024;08.12.2025;;
ПКНФ-001258;08.12.2025;Труба ВГП ОЦ 40х3,5 ГОСТ 3262-75 (м);Черные трубы, листы, круги (ПК КСС);0.2;7.8;;;08.12.2025;;
ПКНФ-001258;08.12.2025;Шпилька М10 L1000 (А2, DIN975);Нержавеющие метизы (ПК КСС);1;20;;;08.12.2025;;
ПКНФ-001258;08.12.2025;Анкерный болт с гайкой 16*180 HNM тыс;Оцинкованные метизы (ПК КСС);0.022;0.592;;10.06.2024;08.12.2025;;
ПКНФ-001258;08.12.2025;Грибок канализационный;Полиэтелен, корсис, прагма, НПВХ (ПК КСС);2;21;;27.01.2026;08.12.2025;;
ПКНФ-001258;08.12.2025;Карабин винтовой 4 мм;Крепеж и цепи, тали (ПК КСС);4;106;;;08.12.2025;;
ПКНФ-001258;08.12.2025;Манжета резиновая переходная D 110/124 Уп., черн;Полиэтелен, корсис, прагма, НПВХ (ПК КСС);3;28;;27.01.2026;08.12.2025;;
ПКНФ-001258;08.12.2025;Проушина прямая 30х70мм;Расходные материалы (ПК КСС);4;271;;;08.12.2025;;
ПКНФ-001258;08.12.2025;Труба 110/3,2/0560 наружная канализация;Полиэтелен, корсис, прагма, НПВХ (ПК КСС);1;141;;;08.12.2025;;
ПКНФ-001258;08.12.2025;Труба двустенная для электропроводки d110 с протяжкой(внутр. d94)/ДКС ;Полиэтелен, корсис, прагма, НПВХ (ПК КСС);3;200;;;08.12.2025;;
ПКНФ-001258;08.12.2025;Цепь короткозвенная 4мм DIN766 оцинк;Крепеж и цепи, тали (ПК КСС);4;401.26;;05.07.2024;08.12.2025;;
ПКНФ-001258;08.12.2025;Шайба гроверная оц.М20 DIN 127;Оцинкованные метизы (ПК КСС);0.012;1.416;;;08.12.2025;;
ПКНФ-001258;08.12.2025;Шайба плоская оц.М16  DIN 125;Оцинкованные метизы (ПК КСС);0.128;2.396;;27.06.2024;08.12.2025;;
ПКНФ-001258;08.12.2025;Шайба плоская оц.М20  DIN 125;Оцинкованные метизы (ПК КСС);0.024;1.016;;27.06.2024;08.12.2025;;
ПКНФ-001258;08.12.2025;Электроконвектор ЭВПТ-2,0 IP54;Расходомеры, манометры (ПК КСС);1;0;;22.12.2025;08.12.2025;;
ПКНФ-001269;09.12.2025;Шайба гроверная оц.Ф10 DIN 127;Оцинкованные метизы (ПК КСС);0.018;0.1;;;09.12.2025;;
ПКНФ-001269;09.12.2025;Гайка шестигр.М10 оц. DIN934;Оцинкованные метизы (ПК КСС);0.018;0.614;07.10.2024;07.10.2024;09.12.2025;;
ПКНФ-001269;09.12.2025;Болт оцинк. 10х40 DIN933;Оцинкованные метизы (ПК КСС);0.018;0.075;;;09.12.2025;;
ПКНФ-001269;09.12.2025;7485 - Лестницы;Составные части трубопровода (Пк КСС);6;6;;;09.12.2025;ПКНФ-001355;17.12.2025
ПКНФ-001269;09.12.2025;Заглушка для трубы 25х25 мм пластик;Расходные материалы (ПК КСС);8;8;23.04.2024;;09.12.2025;;
ПКНФ-001269;09.12.2025;Труба 250/6,2/2000 наружная канализация;Полиэтелен, корсис, прагма, НПВХ (ПК КСС);1;0;;;09.12.2025;;
ПКНФ-001269;09.12.2025;Шайба плоская оц. М10  DIN 125;Оцинкованные метизы (ПК КСС);0.018;0.674;;25.08.2025;09.12.2025;;
ПКНФ-001269;09.12.2025;Пуролат-Стандарт"" из антрацита фр.3,0-7,0 мм с учетом упаковки (полиэтиленовые мешки по 22,5кг (25 л;Засыпки и сорбенты для ЛОС, Водоподготовка;0.25;2.175;;;09.12.2025;;
ПКНФ-001269;09.12.2025;Песок кварцевый фр. 10,0-20,0;Засыпки и сорбенты для ЛОС, Водоподготовка;6.5;21.15;16.02.2026;20.01.2026;09.12.2025;;
ПКНФ-001269;09.12.2025;Труба 250/6,2/1200 наружная канализация;Полиэтелен, корсис, прагма, НПВХ (ПК КСС);1;0.5;;;09.12.2025;;
ПКНФ-001269;09.12.2025;Муфта Корсис DN250 (OD);Полиэтелен, корсис, прагма, НПВХ (ПК КСС);4;6;;;09.12.2025;;
ПКНФ-001269;09.12.2025;Заглушка НПВХ DN110;Полиэтелен, корсис, прагма, НПВХ (ПК КСС);1;26;;;09.12.2025;;
ПКНФ-001269;09.12.2025;Грибок канализационный;Полиэтелен, корсис, прагма, НПВХ (ПК КСС);3;24;;27.01.2026;09.12.2025;;
ПКНФ-001269;09.12.2025;Коалесцентный модуль 3М-ОДГ-60/25/0,5;Засыпки и сорбенты для ЛОС, Водоподготовка;18;22;;;09.12.2025;;
ПКНФ-001269;09.12.2025;Манжета резиновая переходная D 110/124 Уп., черн;Полиэтелен, корсис, прагма, НПВХ (ПК КСС);4;32;;27.01.2026;09.12.2025;;
ПКНФ-001269;09.12.2025;Отвод 90 гр. НПВХ DN110;Полиэтелен, корсис, прагма, НПВХ (ПК КСС);3;53;;;09.12.2025;;
ПКНФ-001269;09.12.2025;Сорбент Rx-Sorb, мешок гео ткань 62,5 л м3;Засыпки и сорбенты для ЛОС, Водоподготовка;0.25;1377.82;;;09.12.2025;;
ПКНФ-001269;09.12.2025;Труба 110/3,2/0560 наружная канализация;Полиэтелен, корсис, прагма, НПВХ (ПК КСС);6;147;;;09.12.2025;;
ПКНФ-001271;10.12.2025;7527.1 - Лестница;Составные части трубопровода (Пк КСС);1;1;;;10.12.2025;ПКНФ-001272;10.12.2025
ПКНФ-001271;10.12.2025;Заглушка для трубы 25х25 мм пластик;Расходные материалы (ПК КСС);2;4;23.04.2024;;10.12.2025;;
ПКНФ-001271;10.12.2025;Муфта Корсис DN110 (OD);Полиэтелен, корсис, прагма, НПВХ (ПК КСС);2;14;;;10.12.2025;;
ПКНФ-001271;10.12.2025;Болт М10*60 DIN 933 полная резьба  (А2, 10,0, 60,0, DIN 933);Нержавеющие метизы (ПК КСС);2;1438;;;10.12.2025;;
ПКНФ-001271;10.12.2025;Гайка М10 DIN 934  (А2, 10,0, DIN 934);Нержавеющие метизы (ПК КСС);2;996;;19.06.2024;10.12.2025;;
ПКНФ-001271;10.12.2025;Труба 110/3,2/0560 наружная канализация;Полиэтелен, корсис, прагма, НПВХ (ПК КСС);2;143;;;10.12.2025;;
ПКНФ-001271;10.12.2025;Шайба М10 DIN 125  (А2, DIN 125);Нержавеющие метизы (ПК КСС);4;604;;;10.12.2025;;
ПКНФ-001271;10.12.2025;Шайба  гровер М10 DIN 127 (А2, DIN 127);Нержавеющие метизы (ПК КСС);2;0;;;10.12.2025;;
ПКНФ-001273;10.12.2025;7527.2 - Лестницы;Составные части трубопровода (Пк КСС);2;2;;;10.12.2025;ПКНФ-001274;10.12.2025
ПКНФ-001273;10.12.2025;Стеклоровинг ECR24-2400D-601 (Шандон) намотка Китай;Сырье стеклопластиковое;618;70311.5;;12.01.2025;10.12.2025;;
ПКНФ-001273;10.12.2025;Заглушка для трубы 25х25 мм пластик;Расходные материалы (ПК КСС);2;4;23.04.2024;;10.12.2025;;
ПКНФ-001273;10.12.2025;Болт М10*60 DIN 933 полная резьба  (А2, 10,0, 60,0, DIN 933);Нержавеющие метизы (ПК КСС);8;1438;;;10.12.2025;;
ПКНФ-001273;10.12.2025;Гайка М10 DIN 934  (А2, 10,0, DIN 934);Нержавеющие метизы (ПК КСС);8;996;;19.06.2024;10.12.2025;;
ПКНФ-001273;10.12.2025;Грибок канализационный;Полиэтелен, корсис, прагма, НПВХ (ПК КСС);1;22;;27.01.2026;10.12.2025;;
ПКНФ-001273;10.12.2025;Лента стеклянная 400, 250 мм, кг;Сырье стеклопластиковое;43;4621.5;;12.01.2025;10.12.2025;;
ПКНФ-001273;10.12.2025;Манжета резиновая переходная D 110/124 Уп., черн;Полиэтелен, корсис, прагма, НПВХ (ПК КСС);1;29;;27.01.2026;10.12.2025;;
ПКНФ-001273;10.12.2025;Муфта Корсис DN200 (OD);Полиэтелен, корсис, прагма, НПВХ (ПК КСС);1;15;;;10.12.2025;;
ПКНФ-001273;10.12.2025;Отвердитель Akperox А60 (30кг);Сырье стеклопластиковое;5.9;276.65;;;10.12.2025;;
ПКНФ-001273;10.12.2025;Отвод 90 гр. НПВХ DN110;Полиэтелен, корсис, прагма, НПВХ (ПК КСС);1;51;;;10.12.2025;;
ПКНФ-001273;10.12.2025;Пигмент железооксидный зеленый Green ТС 5605. Производство Китай.;Сырье стеклопластиковое;1;153.1;;;10.12.2025;;
ПКНФ-001273;10.12.2025;Смола полимер 3401 А (1000кг);Сырье стеклопластиковое;243;4010.2;;12.01.2026;10.12.2025;;
ПКНФ-001273;10.12.2025;Смола полимер 3401 ТА (1000кг);Сырье стеклопластиковое;251;35058.6;;12.01.2026;10.12.2025;;
ПКНФ-001273;10.12.2025;Стекломат  E6CRMC600-1250-Е (45кг) Джуши Китай;Сырье стеклопластиковое;84;27316.7;;12.01.2025;10.12.2025;;
ПКНФ-001273;10.12.2025;Стеклорогожа EWR 560;Сырье стеклопластиковое;21;5706.6;;;10.12.2025;;
ПКНФ-001273;10.12.2025;Труба 200/4,9/1200 наружная канализация;Полиэтелен, корсис, прагма, НПВХ (ПК КСС);0.5;12;;;10.12.2025;;
ПКНФ-001273;10.12.2025;Шайба М10 DIN 125  (А2, DIN 125);Нержавеющие метизы (ПК КСС);16;604;;;10.12.2025;;
ПКНФ-001273;10.12.2025;Шайба  гровер М10 DIN 127 (А2, DIN 127);Нержавеющие метизы (ПК КСС);8;0;;;10.12.2025;;
ПКНФ-001307;15.12.2025;Труба PPR SDR 6 PN20 50/8,3/4000 мм, БЕЛАЯ, Pro Aqua PA10014;Полиэтелен, корсис, прагма, НПВХ (ПК КСС);5;29;;;15.12.2025;;
ПКНФ-001307;15.12.2025;Муфта PPR комбинированная 50х1 1/2""НР под ключ, белая, Pro Aqua PA23522P;Полиэтелен, корсис, прагма, НПВХ (ПК КСС);3;8;;;15.12.2025;;
ПКНФ-001307;15.12.2025;Муфта PPR комбинированная 50х1 1/2""ВР под ключ, белая, Pro Aqua PA22522P;Полиэтелен, корсис, прагма, НПВХ (ПК КСС);2;6;;;15.12.2025;;
ПКНФ-001307;15.12.2025;Угольник PPR 50/90°, белый, Pro Aqua PA13016P;Полиэтелен, корсис, прагма, НПВХ (ПК КСС);1;2;;;15.12.2025;;
ПКНФ-001307;15.12.2025;Установка повышения давления КСС-МЧ-3 CDM1-8+СХ+ГА8;Установки ВНС и ПНС (ПК КСС);1;0;23.01.2025;;15.12.2025;ПКНФ-001344;15.12.2025
ПКНФ-001307;15.12.2025;Уплотнитель кольцевого пространства марки АктивРинг ТУ 2531-002-58859224-2014 изм. 1 (АР 350 оцинк.);Полиэтелен, корсис, прагма, НПВХ (ПК КСС);27;27;;;15.12.2025;;
ПКНФ-001307;15.12.2025;7719.4 - Трубопровод, патрубки;Составные части трубопровода (Пк КСС);1;0;23.01.2025;;15.12.2025;ПКНФ-001447;25.12.2025
ПКНФ-001307;15.12.2025;7719.4 - Лестница;Составные части трубопровода (Пк КСС);1;0;23.01.2025;;15.12.2025;ПКНФ-001445;25.12.2025
ПКНФ-001307;15.12.2025;7719.4 -  Рама под установку Балка под крышку Транспортировочные петли;Составные части трубопровода (Пк КСС);1;0;23.01.2025;;15.12.2025;ПКНФ-001446;25.12.2025
ПКНФ-001307;15.12.2025;Гайка шестигр.М10 оц. DIN934;Оцинкованные метизы (ПК КСС);0.028;0.636;07.10.2024;07.10.2024;15.12.2025;;
ПКНФ-001307;15.12.2025;Болт оцинк. М10х60 DIN933;Оцинкованные метизы (ПК КСС);0.028;0.638;;;15.12.2025;;
ПКНФ-001307;15.12.2025;Болт оцинк. М12х40 DIN 933;Оцинкованные метизы (ПК КСС);0.004;0.467;;27.06.2024;15.12.2025;;
ПКНФ-001307;15.12.2025;Шайба плоская оц. М12  DIN 125;Оцинкованные метизы (ПК КСС);0.028;0.757;;03.06.2024;15.12.2025;;
ПКНФ-001307;15.12.2025;Болт оцинк. М16х120 DIN933;Оцинкованные метизы (ПК КСС);0.016;0.086;;27.06.2024;15.12.2025;;
ПКНФ-001307;15.12.2025;Труба 160/4,0/580 наружная канализация;Полиэтелен, корсис, прагма, НПВХ (ПК КСС);3;7.5;;;15.12.2025;;
ПКНФ-001307;15.12.2025;Болт оцинк. М16х80  DIN933;Оцинкованные метизы (ПК КСС);0.012;1.067;;;15.12.2025;;
ПКНФ-001307;15.12.2025;Ниппель приварной (резьба) DN40 1 1/2"" чермет;Черные фланцы и фиттинги (ПК КСС);2;5;;;15.12.2025;;
ПКНФ-001307;15.12.2025;Шаровой кран латунный 1 1/2"" ВР-НР, ручка-рычаг, красный - полнопрох. с полусгоном, MVI BV.920.08;Арматура (ПК КСС);1;2;;;15.12.2025;;
ПКНФ-001307;15.12.2025;Заглушка для трубы 25х25 мм пластик;Расходные материалы (ПК КСС);2;0;23.04.2024;;15.12.2025;;
ПКНФ-001307;15.12.2025;Затвор поворотный межфланцевый ABRA BUV-VF826D050H DN050 PN16/10 корпус GG25 /диск GGG40 / седло EPD;Арматура (ПК КСС);3;3;;;15.12.2025;;
ПКНФ-001307;15.12.2025;Гибкая вставка эластичная - антивибрационный компенсатор (виброкомпенсатор) DN050 PN10, фланец/флане;Арматура (ПК КСС);3;4;;;15.12.2025;;
ПКНФ-001307;15.12.2025;Шайба оцинк гровер М12 DIN 127;Оцинкованные метизы (ПК КСС);0.004;0.742;;03.06.2024;15.12.2025;;
ПКНФ-001307;15.12.2025;Шайба гроверная оц. Ф16 DIN 127;Оцинкованные метизы (ПК КСС);0.028;1.082;;27.06.2024;15.12.2025;;
ПКНФ-001307;15.12.2025;Насос дренажный «Leo» QDX 6-18-0.75А (закрытая крыльчатка) (ПК);Насосы LEO/ОНИС (ПК КСС);1;3;19.01.2026;19.01.2026;15.12.2025;;
ПКНФ-001307;15.12.2025;Обратный клапан с лат. сердечником AquaHit 1 1/2"", MVI CV.320.08;Арматура (ПК КСС);1;11;;;15.12.2025;;
ПКНФ-001307;15.12.2025;Шайба плоская оц. М10  DIN 125;Оцинкованные метизы (ПК КСС);0.028;0.736;;25.08.2025;15.12.2025;;
ПКНФ-001307;15.12.2025;Навесной замок с ключом GPLK-50L;Оцинкованные метизы (ПК КСС);1;47;;20.01.2025;15.12.2025;;
ПКНФ-001307;15.12.2025;Гайка шестигр. оц М12 DIN934;Оцинкованные метизы (ПК КСС);0.004;1.216;;03.06.2024;15.12.2025;;
ПКНФ-001307;15.12.2025;Гайка шестигр. оц М16  (тыс шт);Оцинкованные метизы (ПК КСС);0.028;0.643;;27.06.2024;15.12.2025;;
ПКНФ-001307;15.12.2025;Труба ВГП ОЦ 40х3,5 ГОСТ 3262-75 (м);Черные трубы, листы, круги (ПК КСС);0.2;7.8;;;15.12.2025;;
ПКНФ-001307;15.12.2025;Шпилька М10 L1000 (А2, DIN975);Нержавеющие метизы (ПК КСС);1;21;;;15.12.2025;;
ПКНФ-001307;15.12.2025;Анкерный болт с гайкой 16*180 HNM тыс;Оцинкованные метизы (ПК КСС);0.02;0.592;;10.06.2024;15.12.2025;;
ПКНФ-001307;15.12.2025;Грибок канализационный;Полиэтелен, корсис, прагма, НПВХ (ПК КСС);1;23;;27.01.2026;15.12.2025;;
ПКНФ-001307;15.12.2025;Манжета резиновая переходная D 110/124 Уп., черн;Полиэтелен, корсис, прагма, НПВХ (ПК КСС);1;31;;27.01.2026;15.12.2025;;
ПКНФ-001307;15.12.2025;Отвод 90 гр. НПВХ DN110;Полиэтелен, корсис, прагма, НПВХ (ПК КСС);1;50;;;15.12.2025;;
ПКНФ-001307;15.12.2025;Прокладка (паронит) 50;Полиэтелен, корсис, прагма, НПВХ (ПК КСС);1;63;;;15.12.2025;;
ПКНФ-001307;15.12.2025;Проушина прямая 30х70мм;Расходные материалы (ПК КСС);2;275;;;15.12.2025;;
ПКНФ-001307;15.12.2025;Труба 110/3,2/0560 наружная канализация;Полиэтелен, корсис, прагма, НПВХ (ПК КСС);2;142;;;15.12.2025;;
ПКНФ-001307;15.12.2025;Труба двустенная для электропроводки d110 с протяжкой(внутр. d94)/ДКС ;Полиэтелен, корсис, прагма, НПВХ (ПК КСС);2;203;;;15.12.2025;;
ПКНФ-001307;15.12.2025;Шайба плоская оц.М16  DIN 125;Оцинкованные метизы (ПК КСС);0.056;2.408;;27.06.2024;15.12.2025;;
ПКНФ-001307;15.12.2025;Электроконвектор ЭВПТ-2,0 IP54;Расходомеры, манометры (ПК КСС);1;0;;22.12.2025;15.12.2025;;
ПКНФ-001308;15.12.2025;Болт оцинк. М16х140 DIN933;Оцинкованные метизы (ПК КСС);0.032;0.279;;;15.12.2025;;
ПКНФ-001308;15.12.2025;Труба PPR SDR 6 PN20 50/8,3/4000 мм, БЕЛАЯ, Pro Aqua PA10014;Полиэтелен, корсис, прагма, НПВХ (ПК КСС);8;29;;;15.12.2025;;
ПКНФ-001308;15.12.2025;Муфта PPR комбинированная 50х1 1/2""НР под ключ, белая, Pro Aqua PA23522P;Полиэтелен, корсис, прагма, НПВХ (ПК КСС);3;8;;;15.12.2025;;
ПКНФ-001308;15.12.2025;Муфта PPR комбинированная 50х1 1/2""ВР под ключ, белая, Pro Aqua PA22522P;Полиэтелен, корсис, прагма, НПВХ (ПК КСС);2;6;;;15.12.2025;;
ПКНФ-001308;15.12.2025;Угольник PPR 50/90°, белый, Pro Aqua PA13016P;Полиэтелен, корсис, прагма, НПВХ (ПК КСС);1;2;;;15.12.2025;;
ПКНФ-001308;15.12.2025;7719.5 корпус - Трубопровод, патрубки;Составные части трубопровода (Пк КСС);1;0;12.01.2026;;15.12.2025;ПКНФ-000030;14.01.2026
ПКНФ-001308;15.12.2025;7719.5 корпус - Лестница;Составные части трубопровода (Пк КСС);1;0;12.01.2026;;15.12.2025;ПКНФ-000029;14.01.2026
ПКНФ-001308;15.12.2025;7719.5 корпус - Рама под установку Балка под крышку Транспортировочные петли Подставки под трубоп;Составные части трубопровода (Пк КСС);1;0;12.01.2026;;15.12.2025;ПКНФ-000031;14.01.2026
ПКНФ-001308;15.12.2025;Установка подачи воды для пожаротушения КСС-П-3 CDM20-5+АВР+2ЭЗ+РК;Установки ВНС и ПНС (ПК КСС);1;0;16.01.2026;;15.12.2025;ПКНФ-000022;12.01.2026
ПКНФ-001308;15.12.2025;Труба 110/3,2/6060 наружная канализация;Полиэтелен, корсис, прагма, НПВХ (ПК КСС);0.4;2;;;15.12.2025;;
ПКНФ-001308;15.12.2025;Шайба гроверная оц.Ф10 DIN 127;Оцинкованные метизы (ПК КСС);0.04;0.122;;;15.12.2025;;
ПКНФ-001308;15.12.2025;Гайка шестигр.М10 оц. DIN934;Оцинкованные метизы (ПК КСС);0.04;0.636;07.10.2024;07.10.2024;15.12.2025;;
ПКНФ-001308;15.12.2025;Скоба такелажная М4;Крепеж и цепи, тали (ПК КСС);4;150;;;15.12.2025;;
ПКНФ-001308;15.12.2025;Болт оцинк. М10х60 DIN933;Оцинкованные метизы (ПК КСС);0.04;0.638;;;15.12.2025;;
ПКНФ-001308;15.12.2025;Болт оцинк. М12х60 DIN933;Оцинкованные метизы (ПК КСС);0.006;0.418;;03.06.2024;15.12.2025;;
ПКНФ-001308;15.12.2025;Шайба плоская оц. М12  DIN 125;Оцинкованные метизы (ПК КСС);0.012;0.757;;03.06.2024;15.12.2025;;
ПКНФ-001308;15.12.2025;Болт оцинк. М20х60 DIN933;Оцинкованные метизы (ПК КСС);0.012;0.436;;;15.12.2025;;
ПКНФ-001308;15.12.2025;Гайка шестигр. оц. М20 DIN 934 тыс шт;Оцинкованные метизы (ПК КСС);0.012;1.439;;27.06.2024;15.12.2025;;
ПКНФ-001308;15.12.2025;Болт оцинк. М16х80  DIN933;Оцинкованные метизы (ПК КСС);0.032;1.067;;;15.12.2025;;
ПКНФ-001308;15.12.2025;Ниппель приварной (резьба) DN40 1 1/2"" чермет;Черные фланцы и фиттинги (ПК КСС);2;5;;;15.12.2025;;
ПКНФ-001308;15.12.2025;Шаровой кран латунный 1 1/2"" ВР-НР, ручка-рычаг, красный - полнопрох. с полусгоном, MVI BV.920.08;Арматура (ПК КСС);1;2;;;15.12.2025;;
ПКНФ-001308;15.12.2025;Шпилька резьб. DIN 975 М8х1000  оц. ;Оцинкованные метизы (ПК КСС);1;69;;;15.12.2025;;
ПКНФ-001308;15.12.2025;Заглушка для трубы 25х25 мм пластик;Расходные материалы (ПК КСС);2;0;23.04.2024;;15.12.2025;;
ПКНФ-001308;15.12.2025;Затвор поворотный межфланцевый ABRA BUV-VF866D150H DN100 PN16/10 корпус GG25 / диск AISI316 / седло ;Арматура (ПК КСС);4;4;;;15.12.2025;;
ПКНФ-001308;15.12.2025;Гибкая вставка эластичная - антивибрационный компенсатор (виброкомпенсатор) DN100 PN10, фланец/флане;Арматура (ПК КСС);4;10;03.05.2024;;15.12.2025;;
ПКНФ-001308;15.12.2025;Шайба оцинк гровер М12 DIN 127;Оцинкованные метизы (ПК КСС);0.006;0.742;;03.06.2024;15.12.2025;;
ПКНФ-001308;15.12.2025;Шайба гроверная оц. Ф16 DIN 127;Оцинкованные метизы (ПК КСС);0.064;1.082;;27.06.2024;15.12.2025;;
ПКНФ-001308;15.12.2025;Насос дренажный «Leo» QDX 6-18-0.75А (закрытая крыльчатка) (ПК);Насосы LEO/ОНИС (ПК КСС);1;3;19.01.2026;19.01.2026;15.12.2025;;
ПКНФ-001308;15.12.2025;Обратный клапан с лат. сердечником AquaHit 1 1/2"", MVI CV.320.08;Арматура (ПК КСС);1;11;;;15.12.2025;;
ПКНФ-001308;15.12.2025;Шайба плоская оц. М10  DIN 125;Оцинкованные метизы (ПК КСС);0.08;0.736;;25.08.2025;15.12.2025;;
ПКНФ-001308;15.12.2025;Навесной замок с ключом GPLK-50L;Оцинкованные метизы (ПК КСС);2;47;;20.01.2025;15.12.2025;;
ПКНФ-001308;15.12.2025;Гайка шестигр. оц М12 DIN934;Оцинкованные метизы (ПК КСС);0.006;1.216;;03.06.2024;15.12.2025;;
ПКНФ-001308;15.12.2025;Гайка шестигр. оц М16  (тыс шт);Оцинкованные метизы (ПК КСС);0.064;0.643;;27.06.2024;15.12.2025;;
ПКНФ-001308;15.12.2025;Труба ВГП ОЦ 40х3,5 ГОСТ 3262-75 (м);Черные трубы, листы, круги (ПК КСС);0.2;7.8;;;15.12.2025;;
ПКНФ-001308;15.12.2025;Шпилька М10 L1000 (А2, DIN975);Нержавеющие метизы (ПК КСС);1;21;;;15.12.2025;;
ПКНФ-001308;15.12.2025;Анкерный болт с гайкой 16*180 HNM тыс;Оцинкованные метизы (ПК КСС);0.022;0.592;;10.06.2024;15.12.2025;;
ПКНФ-001308;15.12.2025;Грибок канализационный;Полиэтелен, корсис, прагма, НПВХ (ПК КСС);2;23;;27.01.2026;15.12.2025;;
ПКНФ-001308;15.12.2025;Карабин винтовой 4 мм;Крепеж и цепи, тали (ПК КСС);4;110;;;15.12.2025;;
ПКНФ-001308;15.12.2025;Манжета резиновая переходная D 110/124 Уп., черн;Полиэтелен, корсис, прагма, НПВХ (ПК КСС);3;31;;27.01.2026;15.12.2025;;
ПКНФ-001308;15.12.2025;Проушина прямая 30х70мм;Расходные материалы (ПК КСС);4;275;;;15.12.2025;;
ПКНФ-001308;15.12.2025;Труба 110/3,2/0560 наружная канализация;Полиэтелен, корсис, прагма, НПВХ (ПК КСС);1;142;;;15.12.2025;;
ПКНФ-001308;15.12.2025;Труба 160/4,0/2000 наружная канализация;Полиэтелен, корсис, прагма, НПВХ (ПК КСС);1;10;;;15.12.2025;;
ПКНФ-001308;15.12.2025;Труба двустенная для электропроводки d110 с протяжкой(внутр. d94)/ДКС ;Полиэтелен, корсис, прагма, НПВХ (ПК КСС);3;203;;;15.12.2025;;
ПКНФ-001308;15.12.2025;Уплотнитель кольцевого пространства марки АктивРинг ТУ 2531-002-58859224-2014 изм. 1 (АР 265 оцинк) ;Полиэтелен, корсис, прагма, НПВХ (ПК КСС);40;0;29.01.2026;29.01.2026;15.12.2025;;
ПКНФ-001308;15.12.2025;Цепь короткозвенная 4мм DIN766 оцинк;Крепеж и цепи, тали (ПК КСС);4;405.26;;05.07.2024;15.12.2025;;
ПКНФ-001308;15.12.2025;Шайба гроверная оц.М20 DIN 127;Оцинкованные метизы (ПК КСС);0.012;1.428;;;15.12.2025;;
ПКНФ-001308;15.12.2025;Шайба плоская оц.М16  DIN 125;Оцинкованные метизы (ПК КСС);0.128;2.408;;27.06.2024;15.12.2025;;
ПКНФ-001308;15.12.2025;Шайба плоская оц.М20  DIN 125;Оцинкованные метизы (ПК КСС);0.024;1.04;;27.06.2024;15.12.2025;;
ПКНФ-001308;15.12.2025;Электроконвектор ЭВПТ-2,0 IP54;Расходомеры, манометры (ПК КСС);1;0;;22.12.2025;15.12.2025;;
ПКНФ-001309;15.12.2025;Скоба такелажная М10;Крепеж и цепи, тали (ПК КСС);6;55;;;15.12.2025;;
ПКНФ-001309;15.12.2025;Карабин винтовой 10 мм оц;Крепеж и цепи, тали (ПК КСС);6;10;;;15.12.2025;;
ПКНФ-001309;15.12.2025;Насос 250WQ600-10-22-6PAC(I), 22кВт, без АТМ DN250, 6-и полюс.;Насосы CNP (ПК КСС);2;0;25.02.2026;25.02.2026;15.12.2025;;
ПКНФ-001309;15.12.2025;7038.1 КСС ШУКПП- 2/3 -22кВт +УХЛ1;Шкафы управления (ПК КСС);1;0;;;15.12.2025;;
ПКНФ-001309;15.12.2025;Муфта соединительная ПЭ для гофрированной трубы OD 500;Полиэтелен, корсис, прагма, НПВХ (ПК КСС);1;1;;;15.12.2025;;
ПКНФ-001309;15.12.2025;7038.1 - Трубопровод;Составные части трубопровода (Пк КСС);1;0;;;15.12.2025;ПКНФ-000061;18.01.2026
ПКНФ-001309;15.12.2025;7038.1 - Рама под УПМ, Балка под крышку;Составные части трубопровода (Пк КСС);1;0;13.10.2025;;15.12.2025;ПКНФ-001431;23.12.2025
ПКНФ-001309;15.12.2025;7038.1 - Направляющие под корзину  Площадка Лестница Балка трансп. Корзина;Составные части трубопровода (Пк КСС);1;0;;;15.12.2025;ПКНФ-000062;18.01.2026
ПКНФ-001309;15.12.2025;Болт оцинк. М6х40 DIN 933;Оцинкованные метизы (ПК КСС);0.006;0.19;;;15.12.2025;;
ПКНФ-001309;15.12.2025;Болт М12*40 DIN 933 полная резьба  (А2, 12,0, 45,0, DIN 933) ;Нержавеющие метизы (ПК КСС);6;234;;;15.12.2025;;
ПКНФ-001309;15.12.2025;Скоба такелажная М4;Крепеж и цепи, тали (ПК КСС);12;146;;;15.12.2025;;
ПКНФ-001309;15.12.2025;Болт М24*80 DIN 933 полная резьба  (А2, 24,0, 80,0, DIN 933);Нержавеющие метизы (ПК КСС);8;0;;;15.12.2025;;
ПКНФ-001309;15.12.2025;Автоматическая трубная муфта для насоса WQ DN250, TO-250, мощность 0.55кВт и выше;УПМ СNP (ПК КСС);2;2;;;15.12.2025;;
ПКНФ-001309;15.12.2025;Заглушка для трубы 40х40 мм пластик;Расходные материалы (ПК КСС);2;288;;;15.12.2025;;
ПКНФ-001309;15.12.2025;Болт оцинк. М20х60 DIN933;Оцинкованные метизы (ПК КСС);0.012;0.424;;;15.12.2025;;
ПКНФ-001309;15.12.2025;Труба 500/12,3/3000 наружная канализация;Полиэтелен, корсис, прагма, НПВХ (ПК КСС);0.15;0;;;15.12.2025;;
ПКНФ-001309;15.12.2025;Гайка шестигр. оц. М20 DIN 934 тыс шт;Оцинкованные метизы (ПК КСС);0.084;1.427;;27.06.2024;15.12.2025;;
ПКНФ-001309;15.12.2025;Болт оцинк. М16х80  DIN933;Оцинкованные метизы (ПК КСС);0.028;1.035;;;15.12.2025;;
ПКНФ-001309;15.12.2025;Болт оцинк. М20х100 DIN 933;Оцинкованные метизы (ПК КСС);0.072;0.118;;;15.12.2025;;
ПКНФ-001309;15.12.2025;Задвижка 30ч39р Ду250 Pу10 штурвал;Арматура (ПК КСС);2;5;;;15.12.2025;;
ПКНФ-001309;15.12.2025;Заглушка для трубы 25х25 мм пластик;Расходные материалы (ПК КСС);4;0;23.04.2024;;15.12.2025;;
ПКНФ-001309;15.12.2025;Цепь короткозвенная 10мм DIN 766 оцинк;Крепеж и цепи, тали (ПК КСС);15.7;23.5;;;15.12.2025;;
ПКНФ-001309;15.12.2025;Шайба гроверная оц. Ф16 DIN 127;Оцинкованные метизы (ПК КСС);0.028;1.018;;27.06.2024;15.12.2025;;
ПКНФ-001309;15.12.2025;Навесной замок с ключом GPLK-50L;Оцинкованные метизы (ПК КСС);2;45;;20.01.2025;15.12.2025;;
ПКНФ-001309;15.12.2025;Гайка шестигр. оц М16  (тыс шт);Оцинкованные метизы (ПК КСС);0.028;0.579;;27.06.2024;15.12.2025;;
ПКНФ-001309;15.12.2025;Труба ВГП ОЦ 40х3 ГОСТ 3262-75 (м);Черные трубы, листы, круги (ПК КСС);20.8;92;16.01.2026;16.01.2026;15.12.2025;;
ПКНФ-001309;15.12.2025;Шпилька М12 L1000 (А2, DIN975);Нержавеющие метизы (ПК КСС);2;8;;;15.12.2025;;
ПКНФ-001309;15.12.2025;Анкерный болт с гайкой 16*180 HNM тыс;Оцинкованные метизы (ПК КСС);0.022;0.57;;10.06.2024;15.12.2025;;
ПКНФ-001309;15.12.2025;Болт М10*60 DIN 933 полная резьба  (А2, 10,0, 60,0, DIN 933);Нержавеющие метизы (ПК КСС);45;1428;;;15.12.2025;;
ПКНФ-001309;15.12.2025;Болт М16*80 DIN 933 полная резьба  (А2, 16,0, 80,0, DIN 933);Нержавеющие метизы (ПК КСС);24;504;;;15.12.2025;;
ПКНФ-001309;15.12.2025;Гайка М10 DIN 934  (А2, 10,0, DIN 934);Нержавеющие метизы (ПК КСС);45;986;;19.06.2024;15.12.2025;;
ПКНФ-001309;15.12.2025;Гайка М12 DIN 934  (А2, 12,0, DIN 934);Нержавеющие метизы (ПК КСС);14;1109;;;15.12.2025;;
ПКНФ-001309;15.12.2025;Гайка М16 DIN 934  (А2, 16,0, DIN 934);Нержавеющие метизы (ПК КСС);24;580;15.05.2024;25.04.2024;15.12.2025;;
ПКНФ-001309;15.12.2025;Гайка М24 DIN 934  (А2, 24,0, DIN 934);Нержавеющие метизы (ПК КСС);8;790;;08.10.2024;15.12.2025;;
ПКНФ-001309;15.12.2025;Грибок канализационный;Полиэтелен, корсис, прагма, НПВХ (ПК КСС);1;21;;27.01.2026;15.12.2025;;
ПКНФ-001309;15.12.2025;Карабин винтовой 4 мм;Крепеж и цепи, тали (ПК КСС);12;106;;;15.12.2025;;
ПКНФ-001309;15.12.2025;Клапан обратный шаровой DN250 PN10 канализационный;Арматура (ПК КСС);2;5;;;15.12.2025;;
ПКНФ-001309;15.12.2025;Манжета резиновая переходная D 110/124 Уп., черн;Полиэтелен, корсис, прагма, НПВХ (ПК КСС);3;28;;27.01.2026;15.12.2025;;
ПКНФ-001309;15.12.2025;Манжета резиновая переходная D 50/72 Уп., черн;Полиэтелен, корсис, прагма, НПВХ (ПК КСС);1;163;;;15.12.2025;;
ПКНФ-001309;15.12.2025;Отвод 90 гр. НПВХ DN110;Полиэтелен, корсис, прагма, НПВХ (ПК КСС);1;50;;;15.12.2025;;
ПКНФ-001309;15.12.2025;Поплавковый выключатель RL-1 10м;Датчики уровня, преобразователи, реле (ПК КСС);4;82;;05.02.2025;15.12.2025;;
ПКНФ-001309;15.12.2025;Прокладка (паронит) 250;Полиэтелен, корсис, прагма, НПВХ (ПК КСС);8;94;;;15.12.2025;;
ПКНФ-001309;15.12.2025;Проушина прямая 30х70мм;Расходные материалы (ПК КСС);4;271;;;15.12.2025;;
ПКНФ-001309;15.12.2025;Рым-гайка DIN 582 М10;Крепеж и цепи, тали (ПК КСС);6;95;;;15.12.2025;;
ПКНФ-001309;15.12.2025;Рым-гайка DIN 582 М 6;Крепеж и цепи, тали (ПК КСС);0.006;0.105;;17.02.2025;15.12.2025;;
ПКНФ-001309;15.12.2025;Труба 110/3,2/0560 наружная канализация;Полиэтелен, корсис, прагма, НПВХ (ПК КСС);2;141;;;15.12.2025;;
ПКНФ-001309;15.12.2025;Труба двустенная для электропроводки d110 с протяжкой(внутр. d94)/ДКС ;Полиэтелен, корсис, прагма, НПВХ (ПК КСС);3;200;;;15.12.2025;;
ПКНФ-001309;15.12.2025;Труба двустенная для электропроводки d50 с протяжкой(внутр. d41,5) [ДКС] (код 19735) 121950;Полиэтелен, корсис, прагма, НПВХ (ПК КСС);3;156;;;15.12.2025;;
ПКНФ-001309;15.12.2025;Цепь короткозвенная 4мм DIN766 оцинк;Крепеж и цепи, тали (ПК КСС);22;401.26;;05.07.2024;15.12.2025;;
ПКНФ-001309;15.12.2025;Шайба  гровер М12 DIN 127 (А2, DIN 127);Нержавеющие метизы (ПК КСС);14;979.964;;;15.12.2025;;
ПКНФ-001309;15.12.2025;Шайба гровер М24 DIN 127 (А2, DIN 127);Нержавеющие метизы (ПК КСС);8;453;;08.10.2024;15.12.2025;;
ПКНФ-001309;15.12.2025;Шайба гроверная оц.М20 DIN 127;Оцинкованные метизы (ПК КСС);0.084;1.416;;;15.12.2025;;
ПКНФ-001309;15.12.2025;Шайба М10 DIN 125  (А2, DIN 125);Нержавеющие метизы (ПК КСС);90;584;;;15.12.2025;;
ПКНФ-001309;15.12.2025;Шайба  гровер М10 DIN 127 (А2, DIN 127);Нержавеющие метизы (ПК КСС);45;0;;;15.12.2025;;
ПКНФ-001309;15.12.2025;Шайба М12 DIN 125  (А2, DIN 125);Нержавеющие метизы (ПК КСС);28;618;;;15.12.2025;;
ПКНФ-001309;15.12.2025;Шайба М16 DIN 125  (А2, DIN 125);Нержавеющие метизы (ПК КСС);48;1387;;;15.12.2025;;
ПКНФ-001309;15.12.2025;Шайба гровер М16 DIN 127 (А2, DIN 127);Нержавеющие метизы (ПК КСС);24;2044;;;15.12.2025;;
ПКНФ-001309;15.12.2025;Шайба М24 DIN 125  (А2, DIN 125);Нержавеющие метизы (ПК КСС);16;932;;;15.12.2025;;
ПКНФ-001309;15.12.2025;Шайба плоская оц. М6 DIN 125;Оцинкованные метизы (ПК КСС);0.006;0.65;;25.08.2025;15.12.2025;;
ПКНФ-001309;15.12.2025;Шайба плоская оц.М16  DIN 125;Оцинкованные метизы (ПК КСС);0.056;2.396;;27.06.2024;15.12.2025;;
ПКНФ-001309;15.12.2025;Шайба плоская оц.М20  DIN 125;Оцинкованные метизы (ПК КСС);0.168;1.016;;27.06.2024;15.12.2025;;
ПКНФ-001310;15.12.2025;7038.2 КСС ШУКПП- 2/3 -7,5кВт +УХЛ1;Шкафы управления (ПК КСС);1;0;;;15.12.2025;;
ПКНФ-001310;15.12.2025;Насос 100WQ70-17-7.5ACW(I), 7.5кВт, без АТМ DN100, с реж.механизмом, 2-х полюс.;Насосы CNP (ПК КСС);2;0;09.02.2026;09.02.2026;15.12.2025;;
ПКНФ-001310;15.12.2025;Болт оцинк. М6х40 DIN 933;Оцинкованные метизы (ПК КСС);0.006;0.19;;;15.12.2025;;
ПКНФ-001310;15.12.2025;Автоматическая трубная муфта для насоса WQ DN100, TOS-100, мощность до 15кВт включительно (ПК);УПМ СNP (ПК КСС);2;2;;;15.12.2025;;
ПКНФ-001310;15.12.2025;Болт М12*40 DIN 933 полная резьба  (А2, 12,0, 45,0, DIN 933) ;Нержавеющие метизы (ПК КСС);4;234;;;15.12.2025;;
ПКНФ-001310;15.12.2025;Скоба такелажная М4;Крепеж и цепи, тали (ПК КСС);6;146;;;15.12.2025;;
ПКНФ-001310;15.12.2025;Заглушка для трубы 40х40 мм пластик;Расходные материалы (ПК КСС);2;288;;;15.12.2025;;
ПКНФ-001310;15.12.2025;Болт оцинк. М20х60 DIN933;Оцинкованные метизы (ПК КСС);0.012;0.424;;;15.12.2025;;
ПКНФ-001310;15.12.2025;Гайка шестигр. оц. М20 DIN 934 тыс шт;Оцинкованные метизы (ПК КСС);0.012;1.427;;27.06.2024;15.12.2025;;
ПКНФ-001310;15.12.2025;Болт оцинк. М16х80  DIN933;Оцинкованные метизы (ПК КСС);0.068;1.035;;;15.12.2025;;
ПКНФ-001310;15.12.2025;7038.2 - Трубопровод ;Составные части трубопровода (Пк КСС);1;0;;;15.12.2025;ПКНФ-001378;22.12.2025
ПКНФ-001310;15.12.2025;7038.2 - Рама под УПМ Балка под крышку;Составные части трубопровода (Пк КСС);1;0;13.10.2025;;15.12.2025;ПКНФ-001380;22.12.2025
ПКНФ-001310;15.12.2025;7038.2 - Направляющие под корзину  Площадка Лестница Балка транспортировочная Корзина;Составные части трубопровода (Пк КСС);1;0;;;15.12.2025;ПКНФ-001381;22.12.2025
ПКНФ-001310;15.12.2025;Муфта Икапласт DN/OD 250;Полиэтелен, корсис, прагма, НПВХ (ПК КСС);1;1;;;15.12.2025;;
ПКНФ-001310;15.12.2025;Заглушка для трубы 25х25 мм пластик;Расходные материалы (ПК КСС);2;0;23.04.2024;;15.12.2025;;
ПКНФ-001310;15.12.2025;Шайба гроверная оц. Ф16 DIN 127;Оцинкованные метизы (ПК КСС);0.068;1.018;;27.06.2024;15.12.2025;;
ПКНФ-001310;15.12.2025;Навесной замок с ключом GPLK-50L;Оцинкованные метизы (ПК КСС);1;45;;20.01.2025;15.12.2025;;
ПКНФ-001310;15.12.2025;Труба 250/6,2/1200 наружная канализация;Полиэтелен, корсис, прагма, НПВХ (ПК КСС);0.5;0.5;;;15.12.2025;;
ПКНФ-001310;15.12.2025;Гайка шестигр. оц М16  (тыс шт);Оцинкованные метизы (ПК КСС);0.068;0.579;;27.06.2024;15.12.2025;;
ПКНФ-001310;15.12.2025;Труба ВГП ОЦ 50х3,5  ГОСТ 3262-75 (м);Черные трубы, листы, круги (ПК КСС);23.2;95;16.01.2026;11.11.2025;15.12.2025;;
ПКНФ-001310;15.12.2025;Шпилька М10 L1000 (А2, DIN975);Нержавеющие метизы (ПК КСС);1;20;;;15.12.2025;;
ПКНФ-001310;15.12.2025;Анкерный болт с гайкой 16*180 HNM тыс;Оцинкованные метизы (ПК КСС);0.016;0.57;;10.06.2024;15.12.2025;;
ПКНФ-001310;15.12.2025;Болт М10*60 DIN 933 полная резьба  (А2, 10,0, 60,0, DIN 933);Нержавеющие метизы (ПК КСС);40;1428;;;15.12.2025;;
ПКНФ-001310;15.12.2025;Болт М16*80 DIN 933 полная резьба  (А2, 16,0, 80,0, DIN 933);Нержавеющие метизы (ПК КСС);16;504;;;15.12.2025;;
ПКНФ-001310;15.12.2025;Гайка М10 DIN 934  (А2, 10,0, DIN 934);Нержавеющие метизы (ПК КСС);44;986;;19.06.2024;15.12.2025;;
ПКНФ-001310;15.12.2025;Гайка М12 DIN 934  (А2, 12,0, DIN 934);Нержавеющие метизы (ПК КСС);4;1109;;;15.12.2025;;
ПКНФ-001310;15.12.2025;Гайка М16 DIN 934  (А2, 16,0, DIN 934);Нержавеющие метизы (ПК КСС);16;580;15.05.2024;25.04.2024;15.12.2025;;
ПКНФ-001310;15.12.2025;Грибок канализационный;Полиэтелен, корсис, прагма, НПВХ (ПК КСС);1;21;;27.01.2026;15.12.2025;;
ПКНФ-001310;15.12.2025;Задвижка клиновая Ду100 Ру16 штурвал 30ч39р;Арматура (ПК КСС);2;8;;;15.12.2025;;
ПКНФ-001310;15.12.2025;Карабин винтовой 4 мм;Крепеж и цепи, тали (ПК КСС);6;106;;;15.12.2025;;
ПКНФ-001310;15.12.2025;Карабин винтовой 6 мм;Водоподготовка (ПК КСС);6;123;;;15.12.2025;;
ПКНФ-001310;15.12.2025;Клапан обратный шаровой DN100 PN16 канализационный;Арматура (ПК КСС);2;6;;;15.12.2025;;
ПКНФ-001310;15.12.2025;Манжета резиновая переходная D 110/124 Уп., черн;Полиэтелен, корсис, прагма, НПВХ (ПК КСС);2;28;;27.01.2026;15.12.2025;;
ПКНФ-001310;15.12.2025;Манжета резиновая переходная D 50/72 Уп., черн;Полиэтелен, корсис, прагма, НПВХ (ПК КСС);1;163;;;15.12.2025;;
ПКНФ-001310;15.12.2025;Отвод 90 гр. НПВХ DN110;Полиэтелен, корсис, прагма, НПВХ (ПК КСС);1;50;;;15.12.2025;;
ПКНФ-001310;15.12.2025;Поплавковый выключатель RL-1 10м;Датчики уровня, преобразователи, реле (ПК КСС);4;82;;05.02.2025;15.12.2025;;
ПКНФ-001310;15.12.2025;Прокладка (паронит) 100;Полиэтелен, корсис, прагма, НПВХ (ПК КСС);8;116;;;15.12.2025;;
ПКНФ-001310;15.12.2025;Проушина прямая 30х70мм;Расходные материалы (ПК КСС);2;271;;;15.12.2025;;
ПКНФ-001310;15.12.2025;Рым-гайка DIN 582 М10;Крепеж и цепи, тали (ПК КСС);6;95;;;15.12.2025;;
ПКНФ-001310;15.12.2025;Рым-гайка DIN 582 М6 шт;Крепеж и цепи, тали (ПК КСС);6;4;;;15.12.2025;;
ПКНФ-001310;15.12.2025;Скоба такелажная М6;Крепеж и цепи, тали (ПК КСС);6;58.1;;03.07.2025;15.12.2025;;
ПКНФ-001310;15.12.2025;Труба 110/3,2/0560 наружная канализация;Полиэтелен, корсис, прагма, НПВХ (ПК КСС);2;141;;;15.12.2025;;
ПКНФ-001310;15.12.2025;Труба двустенная для электропроводки d110 с протяжкой(внутр. d94)/ДКС ;Полиэтелен, корсис, прагма, НПВХ (ПК КСС);3;200;;;15.12.2025;;
ПКНФ-001310;15.12.2025;Труба двустенная для электропроводки d50 с протяжкой(внутр. d41,5) [ДКС] (код 19735) 121950;Полиэтелен, корсис, прагма, НПВХ (ПК КСС);3;156;;;15.12.2025;;
ПКНФ-001310;15.12.2025;Цепь короткозвенная 4мм DIN766 оцинк;Крепеж и цепи, тали (ПК КСС);12.4;401.26;;05.07.2024;15.12.2025;;
ПКНФ-001310;15.12.2025;Цепь Т6-6х18 мм ГОСТ 30441-97 (покрытие хим.окс.);Крепеж и цепи, тали (ПК КСС);18.6;189.9;;;15.12.2025;;
ПКНФ-001310;15.12.2025;Шайба  гровер М12 DIN 127 (А2, DIN 127);Нержавеющие метизы (ПК КСС);4;979.964;;;15.12.2025;;
ПКНФ-001310;15.12.2025;Шайба гроверная оц.М20 DIN 127;Оцинкованные метизы (ПК КСС);0.012;1.416;;;15.12.2025;;
ПКНФ-001310;15.12.2025;Шайба М10 DIN 125  (А2, DIN 125);Нержавеющие метизы (ПК КСС);88;584;;;15.12.2025;;
ПКНФ-001310;15.12.2025;Шайба  гровер М10 DIN 127 (А2, DIN 127);Нержавеющие метизы (ПК КСС);44;0;;;15.12.2025;;
ПКНФ-001310;15.12.2025;Шайба М12 DIN 125  (А2, DIN 125);Нержавеющие метизы (ПК КСС);8;618;;;15.12.2025;;
ПКНФ-001310;15.12.2025;Шайба М16 DIN 125  (А2, DIN 125);Нержавеющие метизы (ПК КСС);32;1387;;;15.12.2025;;
ПКНФ-001310;15.12.2025;Шайба гровер М16 DIN 127 (А2, DIN 127);Нержавеющие метизы (ПК КСС);16;2044;;;15.12.2025;;
ПКНФ-001310;15.12.2025;Шайба плоская оц. М6 DIN 125;Оцинкованные метизы (ПК КСС);0.006;0.65;;25.08.2025;15.12.2025;;
ПКНФ-001310;15.12.2025;Шайба плоская оц.М16  DIN 125;Оцинкованные метизы (ПК КСС);0.136;2.396;;27.06.2024;15.12.2025;;
ПКНФ-001310;15.12.2025;Шайба плоская оц.М20  DIN 125;Оцинкованные метизы (ПК КСС);0.024;1.016;;27.06.2024;15.12.2025;;
ПКНФ-001311;15.12.2025;MES 120.60.30, Шкаф компактный распределительный 1200х600х300;Корпусы для ШУ;1;2;;;15.12.2025;;
ПКНФ-001311;15.12.2025;ID 120.60, Дверь внутренняя;Корпусы для ШУ;1;2;;;15.12.2025;;
ПКНФ-001311;15.12.2025;Устройство плавного пуска ESQ-GS9-037 (74A, 380В, 37 кВт, встроенный шунтирующий контактор);Электротовары КСС ШУ;1;4;;;15.12.2025;;
ПКНФ-001311;15.12.2025;Кабель-канал перфорированный 40х60 L2000 RL6 G DKC 01163RL;Электротовары КСС ШУ;3.5;59;;;15.12.2025;;
ПКНФ-001311;15.12.2025;Матрица светодиодная AD16-22HS крас. EKF ledm-ad16-r;Электротовары КСС ШУ;3;22;;;15.12.2025;;
ПКНФ-001311;15.12.2025;Матрица светодиодная AD16-22HS 230В AC IP65 зел. PROxima EKF ledm-ad16-g-65;Электротовары КСС ШУ;5;190;;;15.12.2025;;
ПКНФ-001311;15.12.2025;Провод ПУГВнг(А)-LS 1х0,5 С;Электротовары КСС ШУ;24;1760;;;15.12.2025;;
ПКНФ-001311;15.12.2025;Наконечник штыревой втулочный изол. НШвИ(2) 0.5-8 (уп.50шт);Электротовары КСС ШУ;58;4150;;;15.12.2025;;
ПКНФ-001311;15.12.2025;Знак ""Земля"" круглый d20мм EKF an-1-04;Электротовары КСС ШУ;2;0;;;15.12.2025;;
ПКНФ-001311;15.12.2025;Наконечник кольцевой изол. НКИ 1.5-6 (уп.50шт);Электротовары КСС ШУ;4;0;;;15.12.2025;;
ПКНФ-001311;15.12.2025;Выключатель автоматический модульный 3п C 6А 4.5кА ВА 47-63;Электротовары КСС ШУ;1;85;;;15.12.2025;;
ПКНФ-001311;15.12.2025;Трубка термоусадочная ТТУ нг-LS 2/1 красн. 1м IEK UDRS-D2-1-K04;Электротовары КСС ШУ;1;90.75;;;15.12.2025;;
ПКНФ-001311;15.12.2025;Трубка термоусадочная ТТУ нг-LS 2/1 желт. 1м IEK UDRS-D2-1-K05;Электротовары КСС ШУ;1.5;86;;;15.12.2025;;
ПКНФ-001311;15.12.2025;Трубка термоусадочная ТТУ нг-LS 2/1 зел. 1м IEK UDRS-D2-1-K06;Электротовары КСС ШУ;1;180.75;;;15.12.2025;;
ПКНФ-001311;15.12.2025;Ограничитель на DIN-рейку 1 винт HDW-211;Электротовары КСС ШУ;30;0;;;15.12.2025;;
ПКНФ-001311;15.12.2025;Выключатель автоматический модульный 1п C 6А 4.5кА ВА 47-63;Электротовары КСС ШУ;7;0;;16.01.2026;15.12.2025;;
ПКНФ-001311;15.12.2025;Кабель-канал перфорированный 25х40 L2000 RL6 G DKC 01163RL;Электротовары КСС ШУ;1.5;34.75;;;15.12.2025;;
ПКНФ-001311;15.12.2025;Держатель маркировки LH 20х25мм;Электротовары КСС ШУ;13;495;;;15.12.2025;;
ПКНФ-001311;15.12.2025;Символ ""Молния"" (треугольник) 50х50х50мм;Электротовары КСС ШУ;1;61;;;15.12.2025;;
ПКНФ-001311;15.12.2025;Термостат NO+NC (охлаждение и обогрев) на DIN-рейку 10A 230В IP20;Электротовары КСС ШУ;1;24;;;15.12.2025;;
ПКНФ-001311;15.12.2025;Саморез 4.2х25 металл-металл с прессшайбой сверло цинк (уп.200шт);Электротовары КСС ШУ;10;542;;;15.12.2025;;
ПКНФ-001311;15.12.2025;Переключатель BG33 3P 2NO короткая ручка;Электротовары КСС ШУ;2;0;;;15.12.2025;;
ПКНФ-001311;15.12.2025;DIN-рейка перфорированная L2000 1мм 35х7,5;Электротовары КСС ШУ;2;25;;;15.12.2025;;
ПКНФ-001311;15.12.2025;Шайба гроверная оц.М6 DIN 127;Оцинкованные метизы (ПК КСС);0.002;0;;;15.12.2025;;
ПКНФ-001311;15.12.2025;Наконечник медный луженый ТМЛ 16-8-6 (90гр);Электротовары КСС ШУ;8;350;;;15.12.2025;;
ПКНФ-001311;15.12.2025;Устройство плавного пуска ESQ-GS9-045 (90А, 380В, 45кВт, встроенный шунтирующий контактор);Электротовары КСС ШУ;1;5;;;15.12.2025;;
ПКНФ-001311;15.12.2025;Выключатель автоматический для защиты двигателя 40-63А NS2-80B (R) CHINT 495088;Электротовары КСС ШУ;2;7;;;15.12.2025;;
ПКНФ-001311;15.12.2025;Контакт дополнительный NS2-AU11 для NS2-80B (длинный шток) (R) CHINT 495972;Электротовары КСС ШУ;3;21;;09.02.2026;15.12.2025;;
ПКНФ-001311;15.12.2025;Колодка клеммная JXB-2.5/35 серая;Электротовары КСС ШУ;26;24;;;15.12.2025;;
ПКНФ-001311;15.12.2025;Заглушка для JXB-2,5/35 серая;Электротовары КСС ШУ;3;0;;;15.12.2025;;
ПКНФ-001311;15.12.2025;Колодка клеммная JXB-35/35 синяя;Электротовары КСС ШУ;2;85;;;15.12.2025;;
ПКНФ-001311;15.12.2025;Сальник PG 29 (d проводника 18-24мм, D резьбовой 36мм) IP54;Электротовары КСС ШУ;2;0;;;15.12.2025;;
ПКНФ-001311;15.12.2025;Колодка клеммная JXB-16/35 серая;Электротовары КСС ШУ;6;0;;;15.12.2025;;
ПКНФ-001311;15.12.2025;Сальник PG 9;Электротовары КСС ШУ;4;1458;;;15.12.2025;;
ПКНФ-001311;15.12.2025;Провод ПуГВнг(А)-LS 1х16 С;Электротовары КСС ШУ;3;14;;;15.12.2025;;
ПКНФ-001311;15.12.2025;Наконечник штыревой втулочный изол. НШвИ 16.0-12 (уп.50шт);Электротовары КСС ШУ;30;952;;;15.12.2025;;
ПКНФ-001311;15.12.2025;Хомут 2,5х150 нейл. (уп.100 шт);Электротовары КСС ШУ;50;0;;;15.12.2025;;
ПКНФ-001311;15.12.2025;Трубка термоус. ТУТ (HF)-16/8, красн. (уп.50м);Электротовары КСС ШУ;1;38;;;15.12.2025;;
ПКНФ-001311;15.12.2025;Сальник PG 42 32-38мм IP54;Электротовары КСС ШУ;1;64;;;15.12.2025;;
ПКНФ-001311;15.12.2025;Выключатель нагрузки 3п 63А ВН-63N;Электротовары КСС ШУ;1;21;;;15.12.2025;;
ПКНФ-001311;15.12.2025;Обогреватель на DIN-рейку клеммный 60Вт 230В IP20;Электротовары КСС ШУ;1;6;;;15.12.2025;;
ПКНФ-001311;15.12.2025;Лента двусторонняя клейкая (скотч), 20 ммх5 м, прозрачная;Электротовары КСС ШУ;2;34;;;15.12.2025;;
ПКНФ-001311;15.12.2025;Лента двусторонняя клейкая (скотч), 12 ммх5 м, прозрачная;Электротовары КСС ШУ;2;42;;;15.12.2025;;
ПКНФ-001311;15.12.2025;Реле контроля наличия и чередования фаз CKF-318-1;Электротовары КСС ШУ;1;58;;;15.12.2025;;
ПКНФ-001311;15.12.2025;Наконечник штыревой втулочный изол. НШвИ 0.5-8 (уп.50шт);Электротовары КСС ШУ;125;16889;;;15.12.2025;;
ПКНФ-001311;15.12.2025;Саморез 4.2х13 металл-металл с прессшайбой сверло цинк (уп.200шт);Электротовары КСС ШУ;42;1156.91;;;15.12.2025;;
ПКНФ-001311;15.12.2025;Маркер для кабеля 0.5-1.5мм символ ""1"" (уп.200шт) ДКС;Электротовары КСС ШУ;52;9928;;;15.12.2025;;
ПКНФ-001311;15.12.2025;Маркер для кабеля 0.5-1.5мм символ ""2"" (уп.200шт) ДКС;Электротовары КСС ШУ;68;5520;;;15.12.2025;;
ПКНФ-001311;15.12.2025;Маркер для кабеля 0.5-1.5мм символ ""3"" (уп.200шт) ДКС;Электротовары КСС ШУ;69;5725;;;15.12.2025;;
ПКНФ-001311;15.12.2025;Маркер для JXB с нумерацией 1-50 (уп.100шт);Электротовары КСС ШУ;100;12597;;;15.12.2025;;
ПКНФ-001311;15.12.2025;Сальник PG 16 10-14мм IP54;Электротовары КСС ШУ;2;231;;;15.12.2025;;
ПКНФ-001311;15.12.2025;Вентилятор с фильтром 52 м3/ч 124х124 мм;Электротовары КСС ШУ;1;16;;12.10.2025;15.12.2025;;
ПКНФ-001311;15.12.2025;Решетка вентиляционная с фильтром 124x124мм IP54;Электротовары КСС ШУ;1;10;;12.10.2025;15.12.2025;;
ПКНФ-001311;15.12.2025;Болт оцинк. М6х20 DIN 933;Оцинкованные метизы (ПК КСС);0.002;0.079;;;15.12.2025;;
ПКНФ-001311;15.12.2025;Гайка оцинк. DIN 934 М6;Оцинкованные метизы (ПК КСС);0.002;0.014;;04.03.2025;15.12.2025;;
ПКНФ-001311;15.12.2025;RKE4CO024LT Реле 4CO, 5A (250VAC/30VDC), 24VDC, мех. индикация, тест-кнопка с блокировкой, LED;Электротовары КСС ШУ;3;119;;;15.12.2025;;
ПКНФ-001311;15.12.2025;Блок автоматики KQ1010;Электротовары КСС ШУ;2;3;;;15.12.2025;;
ПКНФ-001311;15.12.2025;Зажим наборный ЗНИ-35PEN 35мм2 (JXB-земля);Электротовары КСС ШУ;2;34;;;15.12.2025;;
ПКНФ-001311;15.12.2025;Лампа AD-22DS(LED) матрица d22мм желтый 230В;Электротовары КСС ШУ;1;158;;;15.12.2025;;
ПКНФ-001311;15.12.2025;Маркер для кабеля 0.5-1.5мм символ ""0"" (уп.200шт) ДКС;Электротовары КСС ШУ;79;7489;;;15.12.2025;;
ПКНФ-001311;15.12.2025;Маркер для кабеля 0.5-1.5мм символ ""4"" (уп.200шт) ДКС;Электротовары КСС ШУ;58;1694;;;15.12.2025;;
ПКНФ-001311;15.12.2025;Маркер для кабеля 0.5-1.5мм символ ""5"" (уп.200шт) ДКС;Электротовары КСС ШУ;54;6424;;;15.12.2025;;
ПКНФ-001311;15.12.2025;Маркер для кабеля 0.5-1.5мм символ ""6"" (уп.200шт) ДКС;Электротовары КСС ШУ;47;6265;;;15.12.2025;;
ПКНФ-001311;15.12.2025;Маркер для кабеля 0.5-1.5мм символ ""7"" (уп.200шт) ДКС;Электротовары КСС ШУ;56;2373;;;15.12.2025;;
ПКНФ-001311;15.12.2025;Маркер для кабеля 0.5-1.5мм символ ""8"" (уп.200шт) ДКС;Электротовары КСС ШУ;67;1824;;;15.12.2025;;
ПКНФ-001311;15.12.2025;Маркер для кабеля 0.5-1.5мм символ ""9"" (уп.200шт) ДКС;Электротовары КСС ШУ;68;1755;;;15.12.2025;;
ПКНФ-001311;15.12.2025;Маркер для JXB с нумерацией 1-10 (уп.100шт);Электротовары КСС ШУ;100;7501;;;15.12.2025;;
ПКНФ-001311;15.12.2025;Провод ПУГВнг(А)-LS 1х0,5 Б;Электротовары КСС ШУ;98;5022;;;15.12.2025;;
ПКНФ-001311;15.12.2025;Провод ПУГВнг(А)-LS 1х0,5 К;Электротовары КСС ШУ;21;1702;;;15.12.2025;;
ПКНФ-001311;15.12.2025;Провод ПУГВнг(А)-LS 1х0,5 Ч;Электротовары КСС ШУ;27;1677;;;15.12.2025;;
ПКНФ-001311;15.12.2025;Провод ПУГВнг(А)-LS 1х1,5 ж/з;Электротовары КСС ШУ;3;548.3;;;15.12.2025;;
ПКНФ-001311;15.12.2025;Провод ПуГВнг(А)-LS 1х16 Б;Электротовары КСС ШУ;26;11;;;15.12.2025;;
ПКНФ-001311;15.12.2025;Программируемое реле ПР200-24.2.2.0;Электротовары КСС ШУ;1;11;;;15.12.2025;;
ПКНФ-001311;15.12.2025;Блок распределительный КРОСС крепеж на панель и DIN КБР-160А;Электротовары КСС ШУ;5;71;;;15.12.2025;;
ПКНФ-001311;15.12.2025;Реле RFT2CO730LT, 2CO, 8A(250VAC/30VDC), 230VAC, LED, мех. инд., тест-кнопка;Электротовары КСС ШУ;2;106;;;15.12.2025;;
ПКНФ-001311;15.12.2025;Спираль монтажная СМ-06-04 (10м);Электротовары КСС ШУ;0.2;6.395;;;15.12.2025;;
ПКНФ-001311;15.12.2025;Трубка термоус. ТУТ (HF)-16/8, желт. (уп.50м) (КВТ);Электротовары КСС ШУ;1;38;;;15.12.2025;;
ПКНФ-001311;15.12.2025;Трубка термоус. ТУТ (HF)-16/8, зел. (уп.50м) КВТ;Электротовары КСС ШУ;1;88;;;15.12.2025;;
ПКНФ-001311;15.12.2025;Цоколь SKC14-E, 10A(300V), черный, на рейку DIN35/панель, для RKE4CO, RKF4CO;Электротовары КСС ШУ;3;23;;;15.12.2025;;
ПКНФ-001311;15.12.2025;Цоколь SRU08-E, 10A(300V), черный, на рейку DIN35/панель, для RFT2CO;Электротовары КСС ШУ;2;9;;;15.12.2025;;
ПКНФ-001311;15.12.2025;Шайба плоская оц. М6 DIN 125;Оцинкованные метизы (ПК КСС);0.002;0.156;;25.08.2025;15.12.2025;;
ПКНФ-001311;15.12.2025;HDR-30-24 Блок питания, 24В,1.5А,36Вт;Электротовары КСС ШУ;1;23;;;15.12.2025;;
ПКНФ-001315;15.12.2025;Шайба гроверная оц.Ф10 DIN 127;Оцинкованные метизы (ПК КСС);0.022;0.082;;;15.12.2025;;
ПКНФ-001315;15.12.2025;Гайка шестигр.М10 оц. DIN934;Оцинкованные метизы (ПК КСС);0.022;0.596;07.10.2024;07.10.2024;15.12.2025;;
ПКНФ-001315;15.12.2025;7417 - Лестницы;Составные части трубопровода (Пк КСС);6;6;;;15.12.2025;ПКНФ-001368;18.12.2025
ПКНФ-001315;15.12.2025;Болт оцинк. 10х40 DIN933;Оцинкованные метизы (ПК КСС);0.022;0.057;;;15.12.2025;;
ПКНФ-001315;15.12.2025;Сигнализатор уровня. Комплект LS-1 (для жира и масла LC-21-ОLS-01 с кабелем 20 м);Датчики уровня, преобразователи, реле (ПК КСС);1;3;;;15.12.2025;;
ПКНФ-001315;15.12.2025;Заглушка для трубы 25х25 мм пластик;Расходные материалы (ПК КСС);8;0;23.04.2024;;15.12.2025;;
ПКНФ-001315;15.12.2025;Шайба плоская оц. М10  DIN 125;Оцинкованные метизы (ПК КСС);0.022;0.656;;25.08.2025;15.12.2025;;
ПКНФ-001315;15.12.2025;Профиль стоечный 0,6 мм 50х50х3000 мм;Расходные материалы (ПК КСС);4;32;;;15.12.2025;;
ПКНФ-001315;15.12.2025;Труба 315/7,7/2000 наружная канализация;Полиэтелен, корсис, прагма, НПВХ (ПК КСС);3;3;;;15.12.2025;;
ПКНФ-001315;15.12.2025;Пуролат-Стандарт"" из антрацита фр.3,0-7,0 мм с учетом упаковки (полиэтиленовые мешки по 22,5кг (25 л;Засыпки и сорбенты для ЛОС, Водоподготовка;0.69;2.615;;;15.12.2025;;
ПКНФ-001315;15.12.2025;Песок кварцевый фр. 10,0-20,0;Засыпки и сорбенты для ЛОС, Водоподготовка;9.6;21.15;30.01.2026;20.01.2026;15.12.2025;;
ПКНФ-001315;15.12.2025;Заглушка НПВХ DN110;Полиэтелен, корсис, прагма, НПВХ (ПК КСС);1;25;;;15.12.2025;;
ПКНФ-001315;15.12.2025;Грибок канализационный;Полиэтелен, корсис, прагма, НПВХ (ПК КСС);3;21;;27.01.2026;15.12.2025;;
ПКНФ-001315;15.12.2025;Коалесцентный модуль 3М-ОДГ-60/25/0,5;Засыпки и сорбенты для ЛОС, Водоподготовка;72;76;;;15.12.2025;;
ПКНФ-001315;15.12.2025;Манжета резиновая переходная D 110/124 Уп., черн;Полиэтелен, корсис, прагма, НПВХ (ПК КСС);4;28;;27.01.2026;15.12.2025;;
ПКНФ-001315;15.12.2025;Муфта Корсис DN630 (OD);Полиэтелен, корсис, прагма, НПВХ (ПК КСС);2;2;;;15.12.2025;;
ПКНФ-001315;15.12.2025;Отвод 90 гр. НПВХ DN110;Полиэтелен, корсис, прагма, НПВХ (ПК КСС);3;50;;;15.12.2025;;
ПКНФ-001315;15.12.2025;Сорбент Rx-Sorb, мешок гео ткань 62,5 л м3;Засыпки и сорбенты для ЛОС, Водоподготовка;0.69;1378.26;;;15.12.2025;;
ПКНФ-001315;15.12.2025;Труба 110/3,2/0560 наружная канализация;Полиэтелен, корсис, прагма, НПВХ (ПК КСС);6;141;;;15.12.2025;;
ПКНФ-001317;15.12.2025;Карабин винтовой D6, нерж. сталь А4 (уп. 1 шт) длинный;Крепеж и цепи, тали (ПК КСС);6;6;;;15.12.2025;;
ПКНФ-001317;15.12.2025;Задвижка шиберная двухсторонняя SP Ду250 Pу7 нев.шток;Арматура (ПК КСС);1;1;;;15.12.2025;;
ПКНФ-001317;15.12.2025;7550 КСС ШУКПП- 2/3 -18,5кВт +АВР+GPRS+УХЛ1;Шкафы управления (ПК КСС);1;0;27.11.2025;;15.12.2025;;
ПКНФ-001317;15.12.2025;Скоба нержавеющая такелажная 6мм;Крепеж и цепи, тали (ПК КСС);6;6;;;15.12.2025;;
ПКНФ-001317;15.12.2025;Болт оцинк. М6х40 DIN 933;Оцинкованные метизы (ПК КСС);0.006;0.19;;;15.12.2025;;
ПКНФ-001317;15.12.2025;Рым-гайка DIN 582 М6 нерж;Крепеж и цепи, тали (ПК КСС);6;0;;;15.12.2025;;
ПКНФ-001317;15.12.2025;Рым-гайка DIN 582 М10 нерж;Нержавеющие метизы (ПК КСС);6;0;;;15.12.2025;;
ПКНФ-001317;15.12.2025;Болт М12*40 DIN 933 полная резьба  (А2, 12,0, 45,0, DIN 933) ;Нержавеющие метизы (ПК КСС);4;234;;;15.12.2025;;
ПКНФ-001317;15.12.2025;7550- Трубопровод;Составные части трубопровода (Пк КСС);1;1;;;15.12.2025;ПКНФ-001362;18.12.2025
ПКНФ-001317;15.12.2025;7550- Рама под УПМ;Составные части трубопровода (Пк КСС);1;0;27.11.2025;;15.12.2025;ПКНФ-001363;18.12.2025
ПКНФ-001317;15.12.2025;7550-Направляющие под корзину  Площадка Лестница Балка транспортировочная;Составные части трубопровода (Пк КСС);1;1;;;15.12.2025;ПКНФ-001365;18.12.2025
ПКНФ-001317;15.12.2025;Разъемное соединение прямое ""американка"" никелированный 1"" ВР/НР, LD Pride;Арматура (ПК КСС);2;2;;;15.12.2025;;
ПКНФ-001317;15.12.2025;Разъемное соединение прямое ""американка"" никелированный 1"" ВР/ВР, Gappo;Арматура (ПК КСС);2;2;;;15.12.2025;;
ПКНФ-001317;15.12.2025;Кран шаровой полнопроходной, ВР/ВР, ручка бабочка 1"", Stout SVB-0002-200025;Арматура (ПК КСС);2;2;;;15.12.2025;;
ПКНФ-001317;15.12.2025;Заглушка для трубы 40х40 мм пластик;Расходные материалы (ПК КСС);2;288;;;15.12.2025;;
ПКНФ-001317;15.12.2025;Болт оцинк. М20х60 DIN933;Оцинкованные метизы (ПК КСС);0.012;0.424;;;15.12.2025;;
ПКНФ-001317;15.12.2025;Гайка шестигр. оц. М20 DIN 934 тыс шт;Оцинкованные метизы (ПК КСС);0.036;1.427;;27.06.2024;15.12.2025;;
ПКНФ-001317;15.12.2025;Болт оцинк. М16х80  DIN933;Оцинкованные метизы (ПК КСС);0.08;1.035;;;15.12.2025;;
ПКНФ-001317;15.12.2025;Канализационный насос 80WQ/S228-18.5 стандартный, кабель 10м;Насосы Kaiquan(ПК КСС);3;0;26.02.2026;26.02.2026;15.12.2025;;
ПКНФ-001317;15.12.2025;Скоба нержавеющая такелажная 4мм;Крепеж и цепи, тали (ПК КСС);6;6;;;15.12.2025;;
ПКНФ-001317;15.12.2025;Шпилька резьб. М20 L1000 DIN975 (Оцинк);Оцинкованные метизы (ПК КСС);3;21;;;15.12.2025;;
ПКНФ-001317;15.12.2025;Таль ручная цепная VN г/п 0,5т в/п 6,0м;Крепеж и цепи, тали (ПК КСС);1;1;;;15.12.2025;;
ПКНФ-001317;15.12.2025;Болт М22*80 DIN 933 полная резьба  (А2, 22,0, 80,0, DIN 933);Нержавеющие метизы (ПК КСС);8;0;;;15.12.2025;;
ПКНФ-001317;15.12.2025;Заглушка для трубы 25х25 мм пластик;Расходные материалы (ПК КСС);2;0;23.04.2024;;15.12.2025;;
ПКНФ-001317;15.12.2025;Шайба гроверная оц. Ф16 DIN 127;Оцинкованные метизы (ПК КСС);0.02;1.018;;27.06.2024;15.12.2025;;
ПКНФ-001317;15.12.2025;Цепь 4х32,0 сварная длиннозвенная DIN 766 A2;Водоподготовка (ПК КСС);10.1;11.1;;;15.12.2025;;
ПКНФ-001317;15.12.2025;Карабин винтовой D4, нерж. сталь А4 (уп. 1 шт) длинный;Крепеж и цепи, тали (ПК КСС);6;6;;;15.12.2025;;
ПКНФ-001317;15.12.2025;Навесной замок с ключом GPLK-50L;Оцинкованные метизы (ПК КСС);1;45;;20.01.2025;15.12.2025;;
ПКНФ-001317;15.12.2025;Автоматическая трубная муфта 80WQL-00W;УПМ Kaiquan (Пк КСС);2;0;;;15.12.2025;;
ПКНФ-001317;15.12.2025;Прокладка (паронит) 80;Полиэтелен, корсис, прагма, НПВХ (ПК КСС);2;46;;;15.12.2025;;
ПКНФ-001317;15.12.2025;Шайба гровер М22 DIN 127 (А2, DIN 127);Нержавеющие метизы (ПК КСС);8;200;;;15.12.2025;;
ПКНФ-001317;15.12.2025;Гайка шестигр. оц М16  (тыс шт);Оцинкованные метизы (ПК КСС);0.1;0.579;;27.06.2024;15.12.2025;;
ПКНФ-001317;15.12.2025;Шпилька М10 L1000 (А2, DIN975);Нержавеющие метизы (ПК КСС);1;20;;;15.12.2025;;
ПКНФ-001317;15.12.2025;Анкерный болт с гайкой 16*180 HNM тыс;Оцинкованные метизы (ПК КСС);0.014;0.57;;10.06.2024;15.12.2025;;
ПКНФ-001317;15.12.2025;Болт М10*60 DIN 933 полная резьба  (А2, 10,0, 60,0, DIN 933);Нержавеющие метизы (ПК КСС);30;1428;;;15.12.2025;;
ПКНФ-001317;15.12.2025;Болт М16*80 DIN 933 полная резьба  (А2, 16,0, 80,0, DIN 933);Нержавеющие метизы (ПК КСС);8;504;;;15.12.2025;;
ПКНФ-001317;15.12.2025;Гайка М10 DIN 934  (А2, 10,0, DIN 934);Нержавеющие метизы (ПК КСС);38;986;;19.06.2024;15.12.2025;;
ПКНФ-001317;15.12.2025;Гайка М12 DIN 934  (А2, 12,0, DIN 934);Нержавеющие метизы (ПК КСС);4;1109;;;15.12.2025;;
ПКНФ-001317;15.12.2025;Гайка М16 DIN 934  (А2, 16,0, DIN 934);Нержавеющие метизы (ПК КСС);8;580;25.04.2024;25.04.2024;15.12.2025;;
ПКНФ-001317;15.12.2025;Гайка М22 DIN 934  (А2, 22,0, DIN 934);Нержавеющие метизы (ПК КСС);8;168;;;15.12.2025;;
ПКНФ-001317;15.12.2025;Грибок канализационный;Полиэтелен, корсис, прагма, НПВХ (ПК КСС);1;21;;27.01.2026;15.12.2025;;
ПКНФ-001317;15.12.2025;Задвижка клиновая Ду100 Ру16 штурвал 30ч39р;Арматура (ПК КСС);3;9;;;15.12.2025;;
ПКНФ-001317;15.12.2025;Клапан обратный шаровой DN100 PN16 канализационный;Арматура (ПК КСС);2;6;;;15.12.2025;;
ПКНФ-001317;15.12.2025;Манжета резиновая переходная D 110/124 Уп., черн;Полиэтелен, корсис, прагма, НПВХ (ПК КСС);2;28;;27.01.2026;15.12.2025;;
ПКНФ-001317;15.12.2025;Манжета резиновая переходная D 50/72 Уп., черн;Полиэтелен, корсис, прагма, НПВХ (ПК КСС);1;163;;;15.12.2025;;
ПКНФ-001317;15.12.2025;Отвод 90 гр. НПВХ DN110;Полиэтелен, корсис, прагма, НПВХ (ПК КСС);1;50;;;15.12.2025;;
ПКНФ-001317;15.12.2025;Поплавковый выключатель RL-1 10м;Датчики уровня, преобразователи, реле (ПК КСС);4;82;;05.02.2025;15.12.2025;;
ПКНФ-001317;15.12.2025;Прокладка (паронит) 100;Полиэтелен, корсис, прагма, НПВХ (ПК КСС);10;116;;;15.12.2025;;
ПКНФ-001317;15.12.2025;Проушина прямая 30х70мм;Расходные материалы (ПК КСС);2;271;;;15.12.2025;;
ПКНФ-001317;15.12.2025;Труба 110/3,2/0560 наружная канализация;Полиэтелен, корсис, прагма, НПВХ (ПК КСС);2;141;;;15.12.2025;;
ПКНФ-001317;15.12.2025;Труба двустенная для электропроводки d110 с протяжкой(внутр. d94)/ДКС ;Полиэтелен, корсис, прагма, НПВХ (ПК КСС);3;200;;;15.12.2025;;
ПКНФ-001317;15.12.2025;Труба двустенная для электропроводки d50 с протяжкой(внутр. d41,5) [ДКС] (код 19735) 121950;Полиэтелен, корсис, прагма, НПВХ (ПК КСС);3;156;;;15.12.2025;;
ПКНФ-001317;15.12.2025;Цепь 6х18,5 сварная короткозвенная DIN 766 A2;Крепеж и цепи, тали (ПК КСС);13.5;38.9;;24.01.2024;15.12.2025;;
ПКНФ-001317;15.12.2025;Шайба  гровер М12 DIN 127 (А2, DIN 127);Нержавеющие метизы (ПК КСС);4;979.964;;;15.12.2025;;
ПКНФ-001317;15.12.2025;Шайба гроверная оц.М20 DIN 127;Оцинкованные метизы (ПК КСС);0.036;1.416;;;15.12.2025;;
ПКНФ-001317;15.12.2025;Шайба М10 DIN 125  (А2, DIN 125);Нержавеющие метизы (ПК КСС);76;584;;;15.12.2025;;
ПКНФ-001317;15.12.2025;Шайба  гровер М10 DIN 127 (А2, DIN 127);Нержавеющие метизы (ПК КСС);38;0;;;15.12.2025;;
ПКНФ-001317;15.12.2025;Шайба М12 DIN 125  (А2, DIN 125);Нержавеющие метизы (ПК КСС);8;618;;;15.12.2025;;
ПКНФ-001317;15.12.2025;Шайба М16 DIN 125  (А2, DIN 125);Нержавеющие метизы (ПК КСС);16;1387;;;15.12.2025;;
ПКНФ-001317;15.12.2025;Шайба гровер М16 DIN 127 (А2, DIN 127);Нержавеющие метизы (ПК КСС);8;2044;;;15.12.2025;;
ПКНФ-001317;15.12.2025;Шайба М22 DIN 125  (А2, DIN 125);Нержавеющие метизы (ПК КСС);16;1552;;;15.12.2025;;
ПКНФ-001317;15.12.2025;Шайба плоская оц. М6 DIN 125;Оцинкованные метизы (ПК КСС);0.006;0.65;;25.08.2025;15.12.2025;;
ПКНФ-001317;15.12.2025;Шайба плоская оц.М16  DIN 125;Оцинкованные метизы (ПК КСС);0.2;2.396;;27.06.2024;15.12.2025;;
ПКНФ-001317;15.12.2025;Шайба плоская оц.М20  DIN 125;Оцинкованные метизы (ПК КСС);0.072;1.016;;27.06.2024;15.12.2025;;
ПКНФ-001322;15.12.2025;Болт оцинк. М20х60 DIN933;Оцинкованные метизы (ПК КСС);0.002;0.426;;;15.12.2025;;
ПКНФ-001322;15.12.2025;Анкерный болт с гайкой 10*97 HNM ПК (10х100);Оцинкованные метизы (ПК КСС);8;235.968;;;15.12.2025;;
ПКНФ-001322;15.12.2025;Труба 110/3,2/3000 наружная канализация;Полиэтелен, корсис, прагма, НПВХ (ПК КСС);1;30;;;15.12.2025;;
ПКНФ-001322;15.12.2025;Труба 315/7,7/2000 наружная канализация;Полиэтелен, корсис, прагма, НПВХ (ПК КСС);1;1;;;15.12.2025;;
ПКНФ-001322;15.12.2025;Отвод 45 гр. НПВХ DN110;Полиэтелен, корсис, прагма, НПВХ (ПК КСС);1;41;;;15.12.2025;;
ПКНФ-001322;15.12.2025;Рым-гайка DIN 582 М 20;Крепеж и цепи, тали (ПК КСС);2;78;;;15.12.2025;;
ПКНФ-001322;15.12.2025;Тройник НПВХ DN110;Полиэтелен, корсис, прагма, НПВХ (ПК КСС);1;46;;;15.12.2025;;
ПКНФ-001322;15.12.2025;Шайба плоская оц.М20  DIN 125;Оцинкованные метизы (ПК КСС);0.002;1.018;;27.06.2024;15.12.2025;;
ПКНФ-001333;15.12.2025;Клемма двухуровневая винтовой зажим 4 точки подключения 2.5кв.мм сер.;Электротовары КСС ШУ;12;734;;;15.12.2025;;
ПКНФ-001333;15.12.2025;Утройство плавного пуска ESQ-GS9-022 (44А, 380В, 22кВт, встроенный шунтирующий контактор);Электротовары КСС ШУ;2;0;;27.01.2026;15.12.2025;;
ПКНФ-001333;15.12.2025;Кабель-канал перфорированный 40х60 L2000 RL6 G DKC 01163RL;Электротовары КСС ШУ;3.5;59;;;15.12.2025;;
ПКНФ-001333;15.12.2025;Матрица светодиодная AD16-22HS крас. EKF ledm-ad16-r;Электротовары КСС ШУ;3;22;;;15.12.2025;;
ПКНФ-001333;15.12.2025;Провод ПУГВнг(А)-LS 1х0,5 С;Электротовары КСС ШУ;22;1760;;;15.12.2025;;
ПКНФ-001333;15.12.2025;Наконечник штыревой втулочный изол. НШвИ(2) 0.5-8 (уп.50шт);Электротовары КСС ШУ;54;4150;;;15.12.2025;;
ПКНФ-001333;15.12.2025;Знак ""Земля"" круглый d20мм EKF an-1-04;Электротовары КСС ШУ;2;0;;;15.12.2025;;
ПКНФ-001333;15.12.2025;Термостат NC (обогрев) на DIN-рейку 10А 230В IP20;Электротовары КСС ШУ;1;45;;;15.12.2025;;
ПКНФ-001333;15.12.2025;Выключатель автоматический модульный 3п C 6А 4.5кА ВА 47-63;Электротовары КСС ШУ;2;85;;;15.12.2025;;
ПКНФ-001333;15.12.2025;Трубка термоусадочная ТТУ нг-LS 2/1 красн. 1м IEK UDRS-D2-1-K04;Электротовары КСС ШУ;1;90.75;;;15.12.2025;;
ПКНФ-001333;15.12.2025;Трубка термоусадочная ТТУ нг-LS 2/1 желт. 1м IEK UDRS-D2-1-K05;Электротовары КСС ШУ;1.5;86;;;15.12.2025;;
ПКНФ-001333;15.12.2025;Трубка термоусадочная ТТУ нг-LS 2/1 зел. 1м IEK UDRS-D2-1-K06;Электротовары КСС ШУ;1;180.75;;;15.12.2025;;
ПКНФ-001333;15.12.2025;Ограничитель на DIN-рейку 1 винт HDW-211;Электротовары КСС ШУ;24;0;;;15.12.2025;;
ПКНФ-001333;15.12.2025;Выключатель автоматический модульный 1п C 6А 4.5кА ВА 47-63;Электротовары КСС ШУ;6;0;;16.01.2026;15.12.2025;;
ПКНФ-001333;15.12.2025;Кабель-канал перфорированный 25х40 L2000 RL6 G DKC 01163RL;Электротовары КСС ШУ;1.5;34.75;;;15.12.2025;;
ПКНФ-001333;15.12.2025;Шина нулевая ""N"" на DIN-рейку в корпусе 4х7 групп;Электротовары КСС ШУ;1;34;;;15.12.2025;;
ПКНФ-001333;15.12.2025;Держатель маркировки LH 20х25мм;Электротовары КСС ШУ;12;495;;;15.12.2025;;
ПКНФ-001333;15.12.2025;Символ ""Молния"" (треугольник) 50х50х50мм;Электротовары КСС ШУ;1;61;;;15.12.2025;;
ПКНФ-001333;15.12.2025;Обогреватель на DIN-рейку клеммный 45Вт 230В IP20;Электротовары КСС ШУ;1;10;;;15.12.2025;;
ПКНФ-001333;15.12.2025;Саморез 4.2х25 металл-металл с прессшайбой сверло цинк (уп.200шт);Электротовары КСС ШУ;14;542;;;15.12.2025;;
ПКНФ-001333;15.12.2025;Переключатель BG33 3P 2NO короткая ручка;Электротовары КСС ШУ;2;0;;;15.12.2025;;
ПКНФ-001333;15.12.2025;DIN-рейка перфорированная L2000 1мм 35х7,5;Электротовары КСС ШУ;2;25;;;15.12.2025;;
ПКНФ-001333;15.12.2025;Шайба гроверная оц.М6 DIN 127;Оцинкованные метизы (ПК КСС);0.002;0;;;15.12.2025;;
ПКНФ-001333;15.12.2025;Контакт дополнительный NS2-AU11 для NS2-80B (длинный шток) (R) CHINT 495972;Электротовары КСС ШУ;2;21;;09.02.2026;15.12.2025;;
ПКНФ-001333;15.12.2025;Выключатель автоматический для защиты двигателя 25-40А NS2-80B (R) CHINT 495087;Электротовары КСС ШУ;2;11;;;15.12.2025;;
ПКНФ-001333;15.12.2025;Провод ПуГВнг(А)-LS 1х10 С;Электротовары КСС ШУ;3;0;;12.10.2025;15.12.2025;;
ПКНФ-001333;15.12.2025;Сальник PG 36 диаметр проводника 22-32 мм IP54;Электротовары КСС ШУ;2;22;;;15.12.2025;;
ПКНФ-001333;15.12.2025;Зажим наборный ЗНИ-16мм2 (JXB100А) серый;Электротовары КСС ШУ;9;129;;;15.12.2025;;
ПКНФ-001333;15.12.2025;Колодка клеммная JXB-2.5/35 серая;Электротовары КСС ШУ;24;24;;;15.12.2025;;
ПКНФ-001333;15.12.2025;Заглушка для JXB-2,5/35 серая;Электротовары КСС ШУ;3;0;;;15.12.2025;;
ПКНФ-001333;15.12.2025;Колодка клеммная JXB-35/35 синяя;Электротовары КСС ШУ;1;85;;;15.12.2025;;
ПКНФ-001333;15.12.2025;Сальник PG 29 (d проводника 18-24мм, D резьбовой 36мм) IP54;Электротовары КСС ШУ;2;0;;;15.12.2025;;
ПКНФ-001333;15.12.2025;Колодка клеммная JXB-2.5/35 синяя;Электротовары КСС ШУ;2;101;;;15.12.2025;;
ПКНФ-001333;15.12.2025;Механизм блокировки для КМЭ (40А-95А);Электротовары КСС ШУ;1;107;;;15.12.2025;;
ПКНФ-001333;15.12.2025;Колодка клеммная ЕК-16/80 JXB земля;Электротовары КСС ШУ;3;136;;06.12.2024;15.12.2025;;
ПКНФ-001333;15.12.2025;CCU825-HOME/DB/AE-PC (GSM контроллер CCU825-HOME;Электротовары КСС ШУ;1;2;;;15.12.2025;;
ПКНФ-001333;15.12.2025;Изолятор торцевой для клемм KRUKB-3-5 DKC D-KRUKB-3-5;Электротовары КСС ШУ;1;231;;;15.12.2025;;
ПКНФ-001333;15.12.2025;Сальник PG 9;Электротовары КСС ШУ;4;1458;;;15.12.2025;;
ПКНФ-001333;15.12.2025;Наконечник штыревой втулочный изол. НШвИ 6.0-12 (уп.50шт);Электротовары КСС ШУ;38;1484;;25.08.2025;15.12.2025;;
ПКНФ-001333;15.12.2025;Наконечник штыревой втулочный изол. НШвИ 10.0-12 (уп.50шт);Электротовары КСС ШУ;26;590;;;15.12.2025;;
ПКНФ-001333;15.12.2025;Наконечник штыревой втулочный изол. НШвИ(2) 10.0-14 (уп.50шт);Электротовары КСС ШУ;9;483;;;15.12.2025;;
ПКНФ-001333;15.12.2025;Хомут 2,5х150 нейл. (уп.100 шт);Электротовары КСС ШУ;30;0;;;15.12.2025;;
ПКНФ-001333;15.12.2025;Трубка термоус. ТУТ (HF)-16/8, красн. (уп.50м);Электротовары КСС ШУ;1.5;38;;;15.12.2025;;
ПКНФ-001333;15.12.2025;Выключатель нагрузки 3п 63А ВН-63N;Электротовары КСС ШУ;2;21;;;15.12.2025;;
ПКНФ-001333;15.12.2025;Колодка клеммная ЕК-35/125 JXB земля;Электротовары КСС ШУ;1;45;;19.02.2025;15.12.2025;;
ПКНФ-001333;15.12.2025;Контактор КМЭ 65А 220В NO+NC;Электротовары КСС ШУ;2;1;;;15.12.2025;;
ПКНФ-001333;15.12.2025;Наконечник кабельный ТМЛ(DIN) 6-6;Электротовары КСС ШУ;14;150;;;15.12.2025;;
ПКНФ-001333;15.12.2025;Лента двусторонняя клейкая (скотч), 20 ммх5 м, прозрачная;Электротовары КСС ШУ;2;34;;;15.12.2025;;
ПКНФ-001333;15.12.2025;Лента двусторонняя клейкая (скотч), 12 ммх5 м, прозрачная;Электротовары КСС ШУ;2;42;;;15.12.2025;;
ПКНФ-001333;15.12.2025;Реле контроля наличия и чередования фаз CKF-318-1;Электротовары КСС ШУ;2;58;;;15.12.2025;;
ПКНФ-001333;15.12.2025;Наконечник штыревой втулочный изол. НШвИ 0.5-8 (уп.50шт);Электротовары КСС ШУ;78;16889;;;15.12.2025;;
ПКНФ-001333;15.12.2025;Саморез 4.2х13 металл-металл с прессшайбой сверло цинк (уп.200шт);Электротовары КСС ШУ;42;1156.91;;;15.12.2025;;
ПКНФ-001333;15.12.2025;Маркер для кабеля 0.5-1.5мм символ ""1"" (уп.200шт) ДКС;Электротовары КСС ШУ;41;9928;;;15.12.2025;;
ПКНФ-001333;15.12.2025;Маркер для кабеля 0.5-1.5мм символ ""2"" (уп.200шт) ДКС;Электротовары КСС ШУ;43;5520;;;15.12.2025;;
ПКНФ-001333;15.12.2025;Маркер для кабеля 0.5-1.5мм символ ""3"" (уп.200шт) ДКС;Электротовары КСС ШУ;35;5725;;;15.12.2025;;
ПКНФ-001333;15.12.2025;Маркер для JXB с нумерацией 1-50 (уп.100шт);Электротовары КСС ШУ;100;12597;;;15.12.2025;;
ПКНФ-001333;15.12.2025;Сальник PG 16 10-14мм IP54;Электротовары КСС ШУ;2;231;;;15.12.2025;;
ПКНФ-001333;15.12.2025;Вентилятор с фильтром 52 м3/ч 124х124 мм;Электротовары КСС ШУ;1;16;;12.10.2025;15.12.2025;;
ПКНФ-001333;15.12.2025;Решетка вентиляционная с фильтром 124x124мм IP54;Электротовары КСС ШУ;1;10;;12.10.2025;15.12.2025;;
ПКНФ-001333;15.12.2025;Болт оцинк. М6х20 DIN 933;Оцинкованные метизы (ПК КСС);0.002;0.079;;;15.12.2025;;
ПКНФ-001333;15.12.2025;Гайка оцинк. DIN 934 М6;Оцинкованные метизы (ПК КСС);0.002;0.014;;04.03.2025;15.12.2025;;
ПКНФ-001333;15.12.2025;ID 100.80, Дверь внутренняя глухая для корпуса MEV 1000х800;Корпусы для ШУ;1;2;;;15.12.2025;;
ПКНФ-001333;15.12.2025;MES 100.80.30, Шкаф компактный распределительный 1000х800х300;Корпусы для ШУ;1;2;;;15.12.2025;;
ПКНФ-001333;15.12.2025;RKE4CO024LT Реле 4CO, 5A (250VAC/30VDC), 24VDC, мех. индикация, тест-кнопка с блокировкой, LED;Электротовары КСС ШУ;4;119;;;15.12.2025;;
ПКНФ-001333;15.12.2025;Блок автоматики KQ510;Электротовары КСС ШУ;2;7;03.12.2024;03.12.2024;15.12.2025;;
ПКНФ-001333;15.12.2025;Зажим наборный ЗНИ-2,5PEN 2,5мм2 (JXB-земля);Электротовары КСС ШУ;2;157;;;15.12.2025;;
ПКНФ-001333;15.12.2025;Лампа AD-22DS(LED) матрица d22мм желтый 230В;Электротовары КСС ШУ;2;158;;;15.12.2025;;
ПКНФ-001333;15.12.2025;Лампа AD-22DS(LED) матрица d22мм зеленый 230В;Электротовары КСС ШУ;5;44;;;15.12.2025;;
ПКНФ-001333;15.12.2025;Маркер для кабеля 0.5-1.5мм символ ""0"" (уп.200шт) ДКС;Электротовары КСС ШУ;29;7489;;;15.12.2025;;
ПКНФ-001333;15.12.2025;Маркер для кабеля 0.5-1.5мм символ ""4"" (уп.200шт) ДКС;Электротовары КСС ШУ;38;1694;;;15.12.2025;;
ПКНФ-001333;15.12.2025;Маркер для кабеля 0.5-1.5мм символ ""5"" (уп.200шт) ДКС;Электротовары КСС ШУ;17;6424;;;15.12.2025;;
ПКНФ-001333;15.12.2025;Маркер для кабеля 0.5-1.5мм символ ""6"" (уп.200шт) ДКС;Электротовары КСС ШУ;21;6265;;;15.12.2025;;
ПКНФ-001333;15.12.2025;Маркер для кабеля 0.5-1.5мм символ ""7"" (уп.200шт) ДКС;Электротовары КСС ШУ;18;2373;;;15.12.2025;;
ПКНФ-001333;15.12.2025;Маркер для кабеля 0.5-1.5мм символ ""8"" (уп.200шт) ДКС;Электротовары КСС ШУ;28;1824;;;15.12.2025;;
ПКНФ-001333;15.12.2025;Маркер для кабеля 0.5-1.5мм символ ""9"" (уп.200шт) ДКС;Электротовары КСС ШУ;34;1755;;;15.12.2025;;
ПКНФ-001333;15.12.2025;Маркер для JXB с нумерацией 1-10 (уп.100шт);Электротовары КСС ШУ;100;7501;;;15.12.2025;;
ПКНФ-001333;15.12.2025;Провод ПУГВнг(А)-LS 1х0,5 Б;Электротовары КСС ШУ;79;5022;;;15.12.2025;;
ПКНФ-001333;15.12.2025;Провод ПУГВнг(А)-LS 1х0,5 К;Электротовары КСС ШУ;24;1702;;;15.12.2025;;
ПКНФ-001333;15.12.2025;Провод ПУГВнг(А)-LS 1х0,5 Ч;Электротовары КСС ШУ;26;1677;;;15.12.2025;;
ПКНФ-001333;15.12.2025;Провод ПУГВнг(А)-LS 1х10 Б;Электротовары КСС ШУ;12;0;;;15.12.2025;;
ПКНФ-001333;15.12.2025;Провод ПуГВнг(А)-LS 1х10 Ж/З;Электротовары КСС ШУ;1.5;41;;12.10.2025;15.12.2025;;
ПКНФ-001333;15.12.2025;Провод ПУГВнг(А)-LS 1х6 Б;Электротовары КСС ШУ;18;0;;;15.12.2025;;
ПКНФ-001333;15.12.2025;Провод ПуГВнг(А)-LS 1х6 Ж/З;Электротовары КСС ШУ;9;171;;;15.12.2025;;
ПКНФ-001333;15.12.2025;Программируемое реле ПР200-24.2.2.0;Электротовары КСС ШУ;1;11;;;15.12.2025;;
ПКНФ-001333;15.12.2025;Реле RFT2CO730LT, 2CO, 8A(250VAC/30VDC), 230VAC, LED, мех. инд., тест-кнопка;Электротовары КСС ШУ;3;106;;;15.12.2025;;
ПКНФ-001333;15.12.2025;Спираль монтажная СМ-06-04 (10м);Электротовары КСС ШУ;0.3;6.395;;;15.12.2025;;
ПКНФ-001333;15.12.2025;Трубка термоус. ТУТ (HF)-16/8, желт. (уп.50м) (КВТ);Электротовары КСС ШУ;1.5;38;;;15.12.2025;;
ПКНФ-001333;15.12.2025;Трубка термоус. ТУТ (HF)-16/8, зел. (уп.50м) КВТ;Электротовары КСС ШУ;1.5;88;;;15.12.2025;;
ПКНФ-001333;15.12.2025;Трубка термоус. ТУТ (HF)-8/4, жел. (уп.50м) КВТ;Электротовары КСС ШУ;1;29.3;;;15.12.2025;;
ПКНФ-001333;15.12.2025;Трубка термоус. ТУТ (HF)-8/4, зел. (уп.50м) КВТ;Электротовары КСС ШУ;1;29.3;;;15.12.2025;;
ПКНФ-001333;15.12.2025;Трубка термоус. ТУТ (HF)-8/4, красн. (уп.50м) КВТ;Электротовары КСС ШУ;1;30.5;;;15.12.2025;;
ПКНФ-001333;15.12.2025;Цоколь SKC14-E, 10A(300V), черный, на рейку DIN35/панель, для RKE4CO, RKF4CO;Электротовары КСС ШУ;4;23;;;15.12.2025;;
ПКНФ-001333;15.12.2025;Цоколь SRU08-E, 10A(300V), черный, на рейку DIN35/панель, для RFT2CO;Электротовары КСС ШУ;3;9;;;15.12.2025;;
ПКНФ-001333;15.12.2025;Шайба плоская оц. М6 DIN 125;Оцинкованные метизы (ПК КСС);0.002;0.156;;25.08.2025;15.12.2025;;
ПКНФ-001333;15.12.2025;HDR-30-24 Блок питания, 24В,1.5А,36Вт;Электротовары КСС ШУ;1;23;;;15.12.2025;;
ПКНФ-001334;15.12.2025;7719.2 - Лестницы;Составные части трубопровода (Пк КСС);2;2;;;15.12.2025;ПКНФ-001335;15.12.2025
ПКНФ-001334;15.12.2025;Шайба гроверная оц.Ф10 DIN 127;Оцинкованные метизы (ПК КСС);0.03;0.122;;;15.12.2025;;
ПКНФ-001334;15.12.2025;Гайка шестигр.М10 оц. DIN934;Оцинкованные метизы (ПК КСС);0.03;0.636;07.10.2024;07.10.2024;15.12.2025;;
ПКНФ-001334;15.12.2025;Болт оцинк. М10х60 DIN933;Оцинкованные метизы (ПК КСС);0.01;0.638;;;15.12.2025;;
ПКНФ-001334;15.12.2025;Болт оцинк. 10х40 DIN933;Оцинкованные метизы (ПК КСС);0.02;0.057;;;15.12.2025;;
ПКНФ-001334;15.12.2025;Заглушка для трубы 25х25 мм пластик;Расходные материалы (ПК КСС);6;0;23.04.2024;;15.12.2025;;
ПКНФ-001334;15.12.2025;Шайба плоская оц. М10  DIN 125;Оцинкованные метизы (ПК КСС);0.06;0.736;;25.08.2025;15.12.2025;;
ПКНФ-001334;15.12.2025;Навесной замок с ключом GPLK-50L;Оцинкованные метизы (ПК КСС);1;47;;20.01.2025;15.12.2025;;
ПКНФ-001334;15.12.2025;Грибок канализационный;Полиэтелен, корсис, прагма, НПВХ (ПК КСС);1;23;;27.01.2026;15.12.2025;;
ПКНФ-001334;15.12.2025;Манжета резиновая переходная D 110/124 Уп., черн;Полиэтелен, корсис, прагма, НПВХ (ПК КСС);1;31;;27.01.2026;15.12.2025;;
ПКНФ-001334;15.12.2025;Муфта Корсис DN200 (OD);Полиэтелен, корсис, прагма, НПВХ (ПК КСС);1;15;;;15.12.2025;;
ПКНФ-001334;15.12.2025;Отвод 90 гр. НПВХ DN110;Полиэтелен, корсис, прагма, НПВХ (ПК КСС);1;50;;;15.12.2025;;
ПКНФ-001334;15.12.2025;Проушина прямая 30х70мм;Расходные материалы (ПК КСС);2;275;;;15.12.2025;;
ПКНФ-001334;15.12.2025;Труба 110/3,2/0560 наружная канализация;Полиэтелен, корсис, прагма, НПВХ (ПК КСС);2;142;;;15.12.2025;;
ПКНФ-001334;15.12.2025;Труба 200/4,9/1200 наружная канализация;Полиэтелен, корсис, прагма, НПВХ (ПК КСС);0.5;12;;;15.12.2025;;
ПКНФ-001336;15.12.2025;MES 120.60.30, Шкаф компактный распределительный 1200х600х300;Корпусы для ШУ;1;2;;;15.12.2025;;
ПКНФ-001336;15.12.2025;ID 120.60, Дверь внутренняя;Корпусы для ШУ;1;2;;;15.12.2025;;
ПКНФ-001336;15.12.2025;Устройство плавного пуска ESQ-GS9mini-022 (44А, 380В, 22кВт, встроенный шунтирующий контактор);Электротовары КСС ШУ;3;3;;;15.12.2025;;
ПКНФ-001336;15.12.2025;Кабель-канал перфорированный 40х60 L2000 RL6 G DKC 01163RL;Электротовары КСС ШУ;3.5;59;;;15.12.2025;;
ПКНФ-001336;15.12.2025;Матрица светодиодная AD16-22HS крас. EKF ledm-ad16-r;Электротовары КСС ШУ;4;22;;;15.12.2025;;
ПКНФ-001336;15.12.2025;Матрица светодиодная AD16-22HS 230В AC IP65 зел. PROxima EKF ledm-ad16-g-65;Электротовары КСС ШУ;7;190;;;15.12.2025;;
ПКНФ-001336;15.12.2025;Провод ПУГВнг(А)-LS 1х0,5 С;Электротовары КСС ШУ;24;1760;;;15.12.2025;;
ПКНФ-001336;15.12.2025;Наконечник штыревой втулочный изол. НШвИ(2) 0.5-8 (уп.50шт);Электротовары КСС ШУ;58;4150;;;15.12.2025;;
ПКНФ-001336;15.12.2025;Знак ""Земля"" круглый d20мм EKF an-1-04;Электротовары КСС ШУ;2;0;;;15.12.2025;;
ПКНФ-001336;15.12.2025;Наконечник кольцевой изол. НКИ 1.5-6 (уп.50шт);Электротовары КСС ШУ;9;0;;;15.12.2025;;
ПКНФ-001336;15.12.2025;Выключатель автоматический модульный 3п C 6А 4.5кА ВА 47-63;Электротовары КСС ШУ;1;85;;;15.12.2025;;
ПКНФ-001336;15.12.2025;Трубка термоусадочная ТТУ нг-LS 2/1 красн. 1м IEK UDRS-D2-1-K04;Электротовары КСС ШУ;0.5;90.75;;;15.12.2025;;
ПКНФ-001336;15.12.2025;Трубка термоусадочная ТТУ нг-LS 2/1 желт. 1м IEK UDRS-D2-1-K05;Электротовары КСС ШУ;1;86;;;15.12.2025;;
ПКНФ-001336;15.12.2025;Трубка термоусадочная ТТУ нг-LS 2/1 зел. 1м IEK UDRS-D2-1-K06;Электротовары КСС ШУ;0.5;180.75;;;15.12.2025;;
ПКНФ-001336;15.12.2025;Ограничитель на DIN-рейку 1 винт HDW-211;Электротовары КСС ШУ;30;0;;;15.12.2025;;
ПКНФ-001336;15.12.2025;Выключатель автоматический модульный 1п C 6А 4.5кА ВА 47-63;Электротовары КСС ШУ;6;0;;16.01.2026;15.12.2025;;
ПКНФ-001336;15.12.2025;Кабель-канал перфорированный 25х40 L2000 RL6 G DKC 01163RL;Электротовары КСС ШУ;1.5;34.75;;;15.12.2025;;
ПКНФ-001336;15.12.2025;Держатель маркировки LH 20х25мм;Электротовары КСС ШУ;15;495;;;15.12.2025;;
ПКНФ-001336;15.12.2025;Символ ""Молния"" (треугольник) 50х50х50мм;Электротовары КСС ШУ;1;61;;;15.12.2025;;
ПКНФ-001336;15.12.2025;Термостат NO+NC (охлаждение и обогрев) на DIN-рейку 10A 230В IP20;Электротовары КСС ШУ;1;24;;;15.12.2025;;
ПКНФ-001336;15.12.2025;Саморез 4.2х25 металл-металл с прессшайбой сверло цинк (уп.200шт);Электротовары КСС ШУ;14;542;;;15.12.2025;;
ПКНФ-001336;15.12.2025;Переключатель BG33 3P 2NO короткая ручка;Электротовары КСС ШУ;3;0;;;15.12.2025;;
ПКНФ-001336;15.12.2025;DIN-рейка перфорированная L2000 1мм 35х7,5;Электротовары КСС ШУ;2.5;25;;;15.12.2025;;
ПКНФ-001336;15.12.2025;Рубильник 3п 100А с рукояткой управления для прямой установки;Электротовары КСС ШУ;1;1;;;15.12.2025;;
ПКНФ-001336;15.12.2025;Шайба гроверная оц.М6 DIN 127;Оцинкованные метизы (ПК КСС);0.002;0;;;15.12.2025;;
ПКНФ-001336;15.12.2025;Контакт дополнительный NS2-AU11 для NS2-80B (длинный шток) (R) CHINT 495972;Электротовары КСС ШУ;3;21;;09.02.2026;15.12.2025;;
ПКНФ-001336;15.12.2025;Выключатель автоматический для защиты двигателя 25-40А NS2-80B (R) CHINT 495087;Электротовары КСС ШУ;3;11;;;15.12.2025;;
ПКНФ-001336;15.12.2025;Колодка клеммная JXB-2.5/35 серая;Электротовары КСС ШУ;23;24;;;15.12.2025;;
ПКНФ-001336;15.12.2025;Заглушка для JXB-2,5/35 серая;Электротовары КСС ШУ;4;0;;;15.12.2025;;
ПКНФ-001336;15.12.2025;Колодка клеммная JXB-35/35 синяя;Электротовары КСС ШУ;1;85;;;15.12.2025;;
ПКНФ-001336;15.12.2025;Сальник PG 29 (d проводника 18-24мм, D резьбовой 36мм) IP54;Электротовары КСС ШУ;3;0;;;15.12.2025;;
ПКНФ-001336;15.12.2025;Колодка клеммная JXB-2.5/35 синяя;Электротовары КСС ШУ;1;101;;;15.12.2025;;
ПКНФ-001336;15.12.2025;Колодка клеммная ЕК-6/40 JXB земля;Электротовары КСС ШУ;3;15;;06.12.2024;15.12.2025;;
ПКНФ-001336;15.12.2025;Сальник PG 9;Электротовары КСС ШУ;5;1458;;;15.12.2025;;
ПКНФ-001336;15.12.2025;Провод ПуГВнг(А)-LS 1х16 С;Электротовары КСС ШУ;3;14;;;15.12.2025;;
ПКНФ-001336;15.12.2025;Наконечник штыревой втулочный изол. НШвИ 6.0-12 (уп.50шт);Электротовары КСС ШУ;40;1484;;25.08.2025;15.12.2025;;
ПКНФ-001336;15.12.2025;Наконечник штыревой втулочный изол. НШвИ 16.0-12 (уп.50шт);Электротовары КСС ШУ;12;952;;;15.12.2025;;
ПКНФ-001336;15.12.2025;Хомут 2,5х150 нейл. (уп.100 шт);Электротовары КСС ШУ;50;0;;;15.12.2025;;
ПКНФ-001336;15.12.2025;Трубка термоус. ТУТ (HF)-16/8, красн. (уп.50м);Электротовары КСС ШУ;0.5;38;;;15.12.2025;;
ПКНФ-001336;15.12.2025;Сальник PG 42 32-38мм IP54;Электротовары КСС ШУ;1;64;;;15.12.2025;;
ПКНФ-001336;15.12.2025;Колодка клеммная JXB-6/35 (50а) сер.;Электротовары КСС ШУ;9;93;;;15.12.2025;;
ПКНФ-001336;15.12.2025;Наконечник кабельный ТМЛ(DIN) 6-6;Электротовары КСС ШУ;22;150;;;15.12.2025;;
ПКНФ-001336;15.12.2025;Обогреватель на DIN-рейку клеммный 60Вт 230В IP20;Электротовары КСС ШУ;1;6;;;15.12.2025;;
ПКНФ-001336;15.12.2025;Лента двусторонняя клейкая (скотч), 20 ммх5 м, прозрачная;Электротовары КСС ШУ;2;34;;;15.12.2025;;
ПКНФ-001336;15.12.2025;Лента двусторонняя клейкая (скотч), 12 ммх5 м, прозрачная;Электротовары КСС ШУ;2;42;;;15.12.2025;;
ПКНФ-001336;15.12.2025;Реле контроля наличия и чередования фаз CKF-318-1;Электротовары КСС ШУ;1;58;;;15.12.2025;;
ПКНФ-001336;15.12.2025;Наконечник штыревой втулочный изол. НШвИ 0.5-8 (уп.50шт);Электротовары КСС ШУ;125;16889;;;15.12.2025;;
ПКНФ-001336;15.12.2025;Саморез 4.2х13 металл-металл с прессшайбой сверло цинк (уп.200шт);Электротовары КСС ШУ;42;1156.91;;;15.12.2025;;
ПКНФ-001336;15.12.2025;Маркер для кабеля 0.5-1.5мм символ ""1"" (уп.200шт) ДКС;Электротовары КСС ШУ;52;9928;;;15.12.2025;;
ПКНФ-001336;15.12.2025;Маркер для кабеля 0.5-1.5мм символ ""2"" (уп.200шт) ДКС;Электротовары КСС ШУ;68;5520;;;15.12.2025;;
ПКНФ-001336;15.12.2025;Маркер для кабеля 0.5-1.5мм символ ""3"" (уп.200шт) ДКС;Электротовары КСС ШУ;69;5725;;;15.12.2025;;
ПКНФ-001336;15.12.2025;Маркер для JXB с нумерацией 1-50 (уп.100шт);Электротовары КСС ШУ;100;12597;;;15.12.2025;;
ПКНФ-001336;15.12.2025;Сальник PG 16 10-14мм IP54;Электротовары КСС ШУ;3;231;;;15.12.2025;;
ПКНФ-001336;15.12.2025;Вентилятор с фильтром 52 м3/ч 124х124 мм;Электротовары КСС ШУ;1;16;;12.10.2025;15.12.2025;;
ПКНФ-001336;15.12.2025;Решетка вентиляционная с фильтром 124x124мм IP54;Электротовары КСС ШУ;1;10;;12.10.2025;15.12.2025;;
ПКНФ-001336;15.12.2025;Болт оцинк. М6х20 DIN 933;Оцинкованные метизы (ПК КСС);0.002;0.079;;;15.12.2025;;
ПКНФ-001336;15.12.2025;Гайка оцинк. DIN 934 М6;Оцинкованные метизы (ПК КСС);0.002;0.014;;04.03.2025;15.12.2025;;
ПКНФ-001336;15.12.2025;RKE4CO024LT Реле 4CO, 5A (250VAC/30VDC), 24VDC, мех. индикация, тест-кнопка с блокировкой, LED;Электротовары КСС ШУ;4;119;;;15.12.2025;;
ПКНФ-001336;15.12.2025;Зажим наборный ЗНИ-35PEN 35мм2 (JXB-земля);Электротовары КСС ШУ;1;34;;;15.12.2025;;
ПКНФ-001336;15.12.2025;Колодка клеммная ЕК-2.5/25 JXB земля;Электротовары КСС ШУ;1;125;;08.06.2024;15.12.2025;;
ПКНФ-001336;15.12.2025;Лампа AD-22DS(LED) матрица d22мм желтый 230В;Электротовары КСС ШУ;1;158;;;15.12.2025;;
ПКНФ-001336;15.12.2025;Маркер для кабеля 0.5-1.5мм символ ""0"" (уп.200шт) ДКС;Электротовары КСС ШУ;79;7489;;;15.12.2025;;
ПКНФ-001336;15.12.2025;Маркер для кабеля 0.5-1.5мм символ ""4"" (уп.200шт) ДКС;Электротовары КСС ШУ;58;1694;;;15.12.2025;;
ПКНФ-001336;15.12.2025;Маркер для кабеля 0.5-1.5мм символ ""5"" (уп.200шт) ДКС;Электротовары КСС ШУ;54;6424;;;15.12.2025;;
ПКНФ-001336;15.12.2025;Маркер для кабеля 0.5-1.5мм символ ""6"" (уп.200шт) ДКС;Электротовары КСС ШУ;47;6265;;;15.12.2025;;
ПКНФ-001336;15.12.2025;Маркер для кабеля 0.5-1.5мм символ ""7"" (уп.200шт) ДКС;Электротовары КСС ШУ;56;2373;;;15.12.2025;;
ПКНФ-001336;15.12.2025;Маркер для кабеля 0.5-1.5мм символ ""8"" (уп.200шт) ДКС;Электротовары КСС ШУ;67;1824;;;15.12.2025;;
ПКНФ-001336;15.12.2025;Маркер для кабеля 0.5-1.5мм символ ""9"" (уп.200шт) ДКС;Электротовары КСС ШУ;68;1755;;;15.12.2025;;
ПКНФ-001336;15.12.2025;Маркер для JXB с нумерацией 1-10 (уп.100шт);Электротовары КСС ШУ;100;7501;;;15.12.2025;;
ПКНФ-001336;15.12.2025;Провод ПУГВнг(А)-LS 1х0,5 Б;Электротовары КСС ШУ;98;5022;;;15.12.2025;;
ПКНФ-001336;15.12.2025;Провод ПУГВнг(А)-LS 1х0,5 К;Электротовары КСС ШУ;21;1702;;;15.12.2025;;
ПКНФ-001336;15.12.2025;Провод ПУГВнг(А)-LS 1х0,5 Ч;Электротовары КСС ШУ;27;1677;;;15.12.2025;;
ПКНФ-001336;15.12.2025;Провод ПУГВнг(А)-LS 1х1,5 ж/з;Электротовары КСС ШУ;3;548.3;;;15.12.2025;;
ПКНФ-001336;15.12.2025;Провод ПуГВнг(А)-LS 1х16 Б;Электротовары КСС ШУ;11;11;;;15.12.2025;;
ПКНФ-001336;15.12.2025;Провод ПУГВнг(А)-LS 1х6 Б;Электротовары КСС ШУ;16;0;;;15.12.2025;;
ПКНФ-001336;15.12.2025;Программируемое реле ПР200-24.2.2.0;Электротовары КСС ШУ;1;11;;;15.12.2025;;
ПКНФ-001336;15.12.2025;Блок распределительный КРОСС крепеж на панель и DIN КБР-160А;Электротовары КСС ШУ;5;71;;;15.12.2025;;
ПКНФ-001336;15.12.2025;Реле RFT2CO730LT, 2CO, 8A(250VAC/30VDC), 230VAC, LED, мех. инд., тест-кнопка;Электротовары КСС ШУ;3;106;;;15.12.2025;;
ПКНФ-001336;15.12.2025;Реле контроля уровня PZ-828 жидкости без датчика;Электротовары КСС ШУ;3;13;;16.01.2026;15.12.2025;;
ПКНФ-001336;15.12.2025;Спираль монтажная СМ-06-04 (10м);Электротовары КСС ШУ;0.2;6.395;;;15.12.2025;;
ПКНФ-001336;15.12.2025;Трубка термоус. ТУТ (HF)-16/8, желт. (уп.50м) (КВТ);Электротовары КСС ШУ;0.5;38;;;15.12.2025;;
ПКНФ-001336;15.12.2025;Трубка термоус. ТУТ (HF)-16/8, зел. (уп.50м) КВТ;Электротовары КСС ШУ;0.5;88;;;15.12.2025;;
ПКНФ-001336;15.12.2025;Трубка термоус. ТУТ (HF)-8/4, жел. (уп.50м) КВТ;Электротовары КСС ШУ;1.5;29.3;;;15.12.2025;;
ПКНФ-001336;15.12.2025;Трубка термоус. ТУТ (HF)-8/4, зел. (уп.50м) КВТ;Электротовары КСС ШУ;1.5;29.3;;;15.12.2025;;
ПКНФ-001336;15.12.2025;Трубка термоус. ТУТ (HF)-8/4, красн. (уп.50м) КВТ;Электротовары КСС ШУ;1.5;30.5;;;15.12.2025;;
ПКНФ-001336;15.12.2025;Цоколь SKC14-E, 10A(300V), черный, на рейку DIN35/панель, для RKE4CO, RKF4CO;Электротовары КСС ШУ;4;23;;;15.12.2025;;
ПКНФ-001336;15.12.2025;Цоколь SRU08-E, 10A(300V), черный, на рейку DIN35/панель, для RFT2CO;Электротовары КСС ШУ;3;9;;;15.12.2025;;
ПКНФ-001336;15.12.2025;Шайба плоская оц. М6 DIN 125;Оцинкованные метизы (ПК КСС);0.002;0.156;;25.08.2025;15.12.2025;;
ПКНФ-001336;15.12.2025;HDR-30-24 Блок питания, 24В,1.5А,36Вт;Электротовары КСС ШУ;1;23;;;15.12.2025;;
ПКНФ-001337;15.12.2025;Выключатель нагрузки 3п 20А ВН-32N;Электротовары КСС ШУ;1;16;;;15.12.2025;;
ПКНФ-001337;15.12.2025;Матрица светодиодная AD16-22HS крас. EKF ledm-ad16-r;Электротовары КСС ШУ;3;22;;;15.12.2025;;
ПКНФ-001337;15.12.2025;Матрица светодиодная AD16-22HS 230В AC IP65 зел. PROxima EKF ledm-ad16-g-65;Электротовары КСС ШУ;5;190;;;15.12.2025;;
ПКНФ-001337;15.12.2025;Провод ПУГВнг(А)-LS 1х0,5 С;Электротовары КСС ШУ;24;1760;;;15.12.2025;;
ПКНФ-001337;15.12.2025;Наконечник штыревой втулочный изол. НШвИ(2) 0.5-8 (уп.50шт);Электротовары КСС ШУ;54;4150;;;15.12.2025;;
ПКНФ-001337;15.12.2025;Знак ""Земля"" круглый d20мм EKF an-1-04;Электротовары КСС ШУ;2;0;;;15.12.2025;;
ПКНФ-001337;15.12.2025;Наконечник кольцевой изол. НКИ 1.5-6 (уп.50шт);Электротовары КСС ШУ;4;0;;;15.12.2025;;
ПКНФ-001337;15.12.2025;Термостат NC (обогрев) на DIN-рейку 10А 230В IP20;Электротовары КСС ШУ;1;45;;;15.12.2025;;
ПКНФ-001337;15.12.2025;Выключатель автоматический модульный 3п C 6А 4.5кА ВА 47-63;Электротовары КСС ШУ;1;85;;;15.12.2025;;
ПКНФ-001337;15.12.2025;Трубка термоусадочная ТТУ нг-LS 2/1 красн. 1м IEK UDRS-D2-1-K04;Электротовары КСС ШУ;1;90.75;;;15.12.2025;;
ПКНФ-001337;15.12.2025;Трубка термоусадочная ТТУ нг-LS 2/1 желт. 1м IEK UDRS-D2-1-K05;Электротовары КСС ШУ;1;86;;;15.12.2025;;
ПКНФ-001337;15.12.2025;Трубка термоусадочная ТТУ нг-LS 2/1 зел. 1м IEK UDRS-D2-1-K06;Электротовары КСС ШУ;1;180.75;;;15.12.2025;;
ПКНФ-001337;15.12.2025;Ограничитель на DIN-рейку 1 винт HDW-211;Электротовары КСС ШУ;30;0;;;15.12.2025;;
ПКНФ-001337;15.12.2025;Выключатель автоматический модульный 1п C 6А 4.5кА ВА 47-63;Электротовары КСС ШУ;3;0;;16.01.2026;15.12.2025;;
ПКНФ-001337;15.12.2025;Кабель-канал перфорированный 25х40 L2000 RL6 G DKC 01163RL;Электротовары КСС ШУ;1.5;34.75;;;15.12.2025;;
ПКНФ-001337;15.12.2025;Держатель маркировки LH 20х25мм;Электротовары КСС ШУ;12;495;;;15.12.2025;;
ПКНФ-001337;15.12.2025;Символ ""Молния"" (треугольник) 50х50х50мм;Электротовары КСС ШУ;1;61;;;15.12.2025;;
ПКНФ-001337;15.12.2025;Выключатель автоматический для защиты двигателя АПД-32 6-10А;Электротовары КСС ШУ;2;8;;;15.12.2025;;
ПКНФ-001337;15.12.2025;Переключатель BG33 3P 2NO короткая ручка;Электротовары КСС ШУ;2;0;;;15.12.2025;;
ПКНФ-001337;15.12.2025;DIN-рейка перфорированная L2000 1мм 35х7,5;Электротовары КСС ШУ;2;25;;;15.12.2025;;
ПКНФ-001337;15.12.2025;Шайба гроверная оц.М6 DIN 127;Оцинкованные метизы (ПК КСС);0.002;0;;;15.12.2025;;
ПКНФ-001337;15.12.2025;Кабель-канал перфорированный 25х60 L2000 RL6 G DKC 01166RL;Электротовары КСС ШУ;2.5;185.475;;;15.12.2025;;
ПКНФ-001337;15.12.2025;Контакт дополнительный поперечный NS2-AE11 (R) CHINT 495968;Электротовары КСС ШУ;2;67;;;15.12.2025;;
ПКНФ-001337;15.12.2025;Колодка клеммная JXB-2.5/35 серая;Электротовары КСС ШУ;28;24;;;15.12.2025;;
ПКНФ-001337;15.12.2025;Заглушка для JXB-2,5/35 серая;Электротовары КСС ШУ;5;0;;;15.12.2025;;
ПКНФ-001337;15.12.2025;Сальник PG 29 (d проводника 18-24мм, D резьбовой 36мм) IP54;Электротовары КСС ШУ;2;0;;;15.12.2025;;
ПКНФ-001337;15.12.2025;Колодка клеммная JXB-2.5/35 синяя;Электротовары КСС ШУ;1;101;;;15.12.2025;;
ПКНФ-001337;15.12.2025;Сальник PG 9;Электротовары КСС ШУ;4;1458;;;15.12.2025;;
ПКНФ-001337;15.12.2025;Хомут 2,5х150 нейл. (уп.100 шт);Электротовары КСС ШУ;50;0;;;15.12.2025;;
ПКНФ-001337;15.12.2025;Трубка термоус. ТУТ (HF)-4/2, красн. (уп.100м);Электротовары КСС ШУ;1;65.7;;;15.12.2025;;
ПКНФ-001337;15.12.2025;Трубка термоус. ТУТ (HF)-4/2, зел. (уп.100м);Электротовары КСС ШУ;1;65.5;;;15.12.2025;;
ПКНФ-001337;15.12.2025;Трубка термоус. ТУТ (HF)-4/2, желт. (уп.100м);Электротовары КСС ШУ;1;90.2;;;15.12.2025;;
ПКНФ-001337;15.12.2025;Колодка клеммная JXB-16/35 син.;Электротовары КСС ШУ;1;94;;06.12.2024;15.12.2025;;
ПКНФ-001337;15.12.2025;Контактор КМЭ 18А 220В 1NO;Электротовары КСС ШУ;2;7;;;15.12.2025;;
ПКНФ-001337;15.12.2025;Реле контроля наличия и чередования фаз CKF-318-1;Электротовары КСС ШУ;1;58;;;15.12.2025;;
ПКНФ-001337;15.12.2025;Наконечник штыревой втулочный изол. НШвИ 0.5-8 (уп.50шт);Электротовары КСС ШУ;72;16889;;;15.12.2025;;
ПКНФ-001337;15.12.2025;Саморез 4.2х13 металл-металл с прессшайбой сверло цинк (уп.200шт);Электротовары КСС ШУ;42;1156.91;;;15.12.2025;;
ПКНФ-001337;15.12.2025;Маркер для кабеля 0.5-1.5мм символ ""1"" (уп.200шт) ДКС;Электротовары КСС ШУ;52;9928;;;15.12.2025;;
ПКНФ-001337;15.12.2025;Маркер для кабеля 0.5-1.5мм символ ""2"" (уп.200шт) ДКС;Электротовары КСС ШУ;68;5520;;;15.12.2025;;
ПКНФ-001337;15.12.2025;Маркер для кабеля 0.5-1.5мм символ ""3"" (уп.200шт) ДКС;Электротовары КСС ШУ;69;5725;;;15.12.2025;;
ПКНФ-001337;15.12.2025;Маркер для JXB с нумерацией 1-50 (уп.100шт);Электротовары КСС ШУ;200;12597;;;15.12.2025;;
ПКНФ-001337;15.12.2025;Обогреватель на DIN-рейку клеммный 15Вт 230В IP20;Электротовары КСС ШУ;1;12;;16.01.2026;15.12.2025;;
ПКНФ-001337;15.12.2025;Сальник PG 16 10-14мм IP54;Электротовары КСС ШУ;2;231;;;15.12.2025;;
ПКНФ-001337;15.12.2025;Болт оцинк. М6х20 DIN 933;Оцинкованные метизы (ПК КСС);0.002;0.079;;;15.12.2025;;
ПКНФ-001337;15.12.2025;Гайка оцинк. DIN 934 М6;Оцинкованные метизы (ПК КСС);0.002;0.014;;04.03.2025;15.12.2025;;
ПКНФ-001337;15.12.2025;ID 70.50, Дверь внутренняя для шкафов MEV;Корпусы для ШУ;1;4;;;15.12.2025;;
ПКНФ-001337;15.12.2025;MES 70.50.25, Шкаф компактный распределительный 700х500х250;Корпусы для ШУ;1;4;;;15.12.2025;;
ПКНФ-001337;15.12.2025;RKE4CO024LT Реле 4CO, 5A (250VAC/30VDC), 24VDC, мех. индикация, тест-кнопка с блокировкой, LED;Электротовары КСС ШУ;3;119;;;15.12.2025;;
ПКНФ-001337;15.12.2025;Колодка клеммная ЕК-2.5/25 JXB земля;Электротовары КСС ШУ;3;125;;08.06.2024;15.12.2025;;
ПКНФ-001337;15.12.2025;Лампа AD-22DS(LED) матрица d22мм желтый 230В;Электротовары КСС ШУ;2;158;;;15.12.2025;;
ПКНФ-001337;15.12.2025;Маркер для кабеля 0.5-1.5мм символ ""0"" (уп.200шт) ДКС;Электротовары КСС ШУ;79;7489;;;15.12.2025;;
ПКНФ-001337;15.12.2025;Маркер для кабеля 0.5-1.5мм символ ""4"" (уп.200шт) ДКС;Электротовары КСС ШУ;58;1694;;;15.12.2025;;
ПКНФ-001337;15.12.2025;Маркер для кабеля 0.5-1.5мм символ ""5"" (уп.200шт) ДКС;Электротовары КСС ШУ;54;6424;;;15.12.2025;;
ПКНФ-001337;15.12.2025;Маркер для кабеля 0.5-1.5мм символ ""6"" (уп.200шт) ДКС;Электротовары КСС ШУ;47;6265;;;15.12.2025;;
ПКНФ-001337;15.12.2025;Маркер для кабеля 0.5-1.5мм символ ""7"" (уп.200шт) ДКС;Электротовары КСС ШУ;56;2373;;;15.12.2025;;
ПКНФ-001337;15.12.2025;Маркер для кабеля 0.5-1.5мм символ ""8"" (уп.200шт) ДКС;Электротовары КСС ШУ;67;1824;;;15.12.2025;;
ПКНФ-001337;15.12.2025;Маркер для кабеля 0.5-1.5мм символ ""9"" (уп.200шт) ДКС;Электротовары КСС ШУ;68;1755;;;15.12.2025;;
ПКНФ-001337;15.12.2025;Маркер для JXB с нумерацией 1-10 (уп.100шт);Электротовары КСС ШУ;100;7501;;;15.12.2025;;
ПКНФ-001337;15.12.2025;Наконечник штыревой втулочный изол. НШвИ(2) 2.5-10 (уп.50шт);Электротовары КСС ШУ;22;2797;;;15.12.2025;;
ПКНФ-001337;15.12.2025;Провод ПУГВнг(А)-LS 1х0,5 Б;Электротовары КСС ШУ;126;5022;;;15.12.2025;;
ПКНФ-001337;15.12.2025;Провод ПУГВнг(А)-LS 1х0,5 К;Электротовары КСС ШУ;21;1702;;;15.12.2025;;
ПКНФ-001337;15.12.2025;Провод ПУГВнг(А)-LS 1х0,5 Ч;Электротовары КСС ШУ;27;1677;;;15.12.2025;;
ПКНФ-001337;15.12.2025;Провод ПУГВнг(А)-LS 1х1,5 ж/з;Электротовары КСС ШУ;1.5;548.3;;;15.12.2025;;
ПКНФ-001337;15.12.2025;Провод ПУГВнг(А)-LS 1х2,5 Б;Электротовары КСС ШУ;26;422.5;;;15.12.2025;;
ПКНФ-001337;15.12.2025;Провод ПУГВнг(А)-LS 1х2,5 С;Электротовары КСС ШУ;3;254;;;15.12.2025;;
ПКНФ-001337;15.12.2025;Программируемое реле ПР200-24.2.2.0;Электротовары КСС ШУ;1;11;;;15.12.2025;;
ПКНФ-001337;15.12.2025;Спираль монтажная СМ-06-04 (10м);Электротовары КСС ШУ;0.2;6.395;;;15.12.2025;;
ПКНФ-001337;15.12.2025;Цоколь SKC14-E, 10A(300V), черный, на рейку DIN35/панель, для RKE4CO, RKF4CO;Электротовары КСС ШУ;3;23;;;15.12.2025;;
ПКНФ-001337;15.12.2025;Наконечник штыревой втулочный изол. НШвИ 2.5-8 (уп.50шт);Электротовары КСС ШУ;54;4481;;25.08.2025;15.12.2025;;
ПКНФ-001337;15.12.2025;Шайба плоская оц. М6 DIN 125;Оцинкованные метизы (ПК КСС);0.002;0.156;;25.08.2025;15.12.2025;;
ПКНФ-001337;15.12.2025;HDR-30-24 Блок питания, 24В,1.5А,36Вт;Электротовары КСС ШУ;1;23;;;15.12.2025;;
ПКНФ-001338;15.12.2025;Выключатель нагрузки 3п 20А ВН-32N;Электротовары КСС ШУ;1;16;;;15.12.2025;;
ПКНФ-001338;15.12.2025;Стяжка нейлоновая КСС 3х120 (б) (100шт);Электротовары КСС ШУ;20;0;;;15.12.2025;;
ПКНФ-001338;15.12.2025;Стяжка нейлоновая КСС 4х200 (б) (100шт);Электротовары КСС ШУ;15;0;;;15.12.2025;;
ПКНФ-001338;15.12.2025;Кабель КГВВнг(А)-LS 4х1.5;Электротовары КСС ШУ;8;277;;;15.12.2025;;
ПКНФ-001338;15.12.2025;Провод ПУГВнг(А)-LS 1х0,5 С;Электротовары КСС ШУ;11;1760;;;15.12.2025;;
ПКНФ-001338;15.12.2025;Наконечник штыревой втулочный изол. НШвИ(2) 0.5-8 (уп.50шт);Электротовары КСС ШУ;20;4150;;;15.12.2025;;
ПКНФ-001338;15.12.2025;Знак ""Земля"" круглый d20мм EKF an-1-04;Электротовары КСС ШУ;2;0;;;15.12.2025;;
ПКНФ-001338;15.12.2025;Наконечник кольцевой изол. НКИ 1.5-6 (уп.50шт);Электротовары КСС ШУ;18;0;;;15.12.2025;;
ПКНФ-001338;15.12.2025;Выключатель автоматический модульный 3п C 6А 4.5кА ВА 47-63;Электротовары КСС ШУ;3;85;;;15.12.2025;;
ПКНФ-001338;15.12.2025;Ограничитель на DIN-рейку 1 винт HDW-211;Электротовары КСС ШУ;24;0;;;15.12.2025;;
ПКНФ-001338;15.12.2025;Выключатель автоматический модульный 1п C 6А 4.5кА ВА 47-63;Электротовары КСС ШУ;2;0;;16.01.2026;15.12.2025;;
ПКНФ-001338;15.12.2025;Кабель-канал перфорированный 25х40 L2000 RL6 G DKC 01163RL;Электротовары КСС ШУ;1.5;34.75;;;15.12.2025;;
ПКНФ-001338;15.12.2025;Символ ""Молния"" (треугольник) 50х50х50мм;Электротовары КСС ШУ;1;61;;;15.12.2025;;
ПКНФ-001338;15.12.2025;DIN-рейка перфорированная L2000 1мм 35х7,5;Электротовары КСС ШУ;0.75;25;;;15.12.2025;;
ПКНФ-001338;15.12.2025;Частотный преобразователь ESQ-230-4T-0.7K 0.75кВт, 380В;Электротовары КСС ШУ;3;6;;;15.12.2025;;
ПКНФ-001338;15.12.2025;Термостат NO (охлаждение) на DIN-рейку 10А 230В IP20;Электротовары КСС ШУ;1;27;;;15.12.2025;;
ПКНФ-001338;15.12.2025;Колодка клеммная JXB-2.5/35 серая;Электротовары КСС ШУ;23;24;;;15.12.2025;;
ПКНФ-001338;15.12.2025;Заглушка для JXB-2,5/35 серая;Электротовары КСС ШУ;5;0;;;15.12.2025;;
ПКНФ-001338;15.12.2025;Провод ПуГВнг(А)-LS 1х1,5 Б;Электротовары КСС ШУ;25;316;;;15.12.2025;;
ПКНФ-001338;15.12.2025;Сальник PG21;Электротовары КСС ШУ;1;524;;;15.12.2025;;
ПКНФ-001338;15.12.2025;Колодка клеммная ЕК-16/80 JXB земля;Электротовары КСС ШУ;1;136;;06.12.2024;15.12.2025;;
ПКНФ-001338;15.12.2025;Крышка защитная на 8 модулей под вырез в шкафу MT-WPC8;Электротовары КСС ШУ;1;8;;;15.12.2025;;
ПКНФ-001338;15.12.2025;Программируемое реле ПР200-24.4.2.0;Электротовары КСС ШУ;1;11;;03.02.2026;15.12.2025;;
ПКНФ-001338;15.12.2025;Сальник PG 9;Электротовары КСС ШУ;6;1458;;;15.12.2025;;
ПКНФ-001338;15.12.2025;Трубка термоус. ТУТ (HF)-4/2, красн. (уп.100м);Электротовары КСС ШУ;1.2;65.7;;;15.12.2025;;
ПКНФ-001338;15.12.2025;Трубка термоус. ТУТ (HF)-4/2, зел. (уп.100м);Электротовары КСС ШУ;1.2;65.5;;;15.12.2025;;
ПКНФ-001338;15.12.2025;Трубка термоус. ТУТ (HF)-4/2, желт. (уп.100м);Электротовары КСС ШУ;1.2;90.2;;;15.12.2025;;
ПКНФ-001338;15.12.2025;Колодка клеммная JXB-16/35 син.;Электротовары КСС ШУ;1;94;;06.12.2024;15.12.2025;;
ПКНФ-001338;15.12.2025;Наконечник штыревой втулочный изол. НШвИ 0.5-8 (уп.50шт);Электротовары КСС ШУ;54;16889;;;15.12.2025;;
ПКНФ-001338;15.12.2025;Наконечник штыревой втулочный изол. НШвИ 1.5-8 (уп.50шт);Электротовары КСС ШУ;58;2578;;;15.12.2025;;
ПКНФ-001338;15.12.2025;Саморез 4.2х13 металл-металл с прессшайбой сверло цинк (уп.200шт);Электротовары КСС ШУ;38;1156.91;;;15.12.2025;;
ПКНФ-001338;15.12.2025;Маркер для кабеля 0.5-1.5мм символ ""1"" (уп.200шт) ДКС;Электротовары КСС ШУ;18;9928;;;15.12.2025;;
ПКНФ-001338;15.12.2025;Маркер для кабеля 0.5-1.5мм символ ""2"" (уп.200шт) ДКС;Электротовары КСС ШУ;14;5520;;;15.12.2025;;
ПКНФ-001338;15.12.2025;Маркер для кабеля 0.5-1.5мм символ ""3"" (уп.200шт) ДКС;Электротовары КСС ШУ;6;5725;;;15.12.2025;;
ПКНФ-001338;15.12.2025;Сальник PG 16 10-14мм IP54;Электротовары КСС ШУ;3;231;;;15.12.2025;;
ПКНФ-001338;15.12.2025;Вентилятор с фильтром 52 м3/ч 124х124 мм;Электротовары КСС ШУ;1;16;;12.10.2025;15.12.2025;;
ПКНФ-001338;15.12.2025;Решетка вентиляционная с фильтром 124x124мм IP54;Электротовары КСС ШУ;1;10;;12.10.2025;15.12.2025;;
ПКНФ-001338;15.12.2025;MES 80.60.30, Шкаф компактный распределительный 800х600х300;Корпусы для ШУ;1;6;;;15.12.2025;;
ПКНФ-001338;15.12.2025;Кабель-канал перфорированный 15х30 L2000 RL75 G ДКС;Электротовары КСС ШУ;0.3;60.3;;16.01.2026;15.12.2025;;
ПКНФ-001338;15.12.2025;Колодка клеммная ЕК-2.5/25 JXB земля;Электротовары КСС ШУ;3;125;;08.06.2024;15.12.2025;;
ПКНФ-001338;15.12.2025;Маркер для кабеля 0.5-1.5мм символ ""0"" (уп.200шт) ДКС;Электротовары КСС ШУ;7;7489;;;15.12.2025;;
ПКНФ-001338;15.12.2025;Маркер для кабеля 0.5-1.5мм символ ""4"" (уп.200шт) ДКС;Электротовары КСС ШУ;14;1694;;;15.12.2025;;
ПКНФ-001338;15.12.2025;Маркер для кабеля 0.5-1.5мм символ ""5"" (уп.200шт) ДКС;Электротовары КСС ШУ;6;6424;;;15.12.2025;;
ПКНФ-001338;15.12.2025;Маркер для кабеля 0.5-1.5мм символ ""6"" (уп.200шт) ДКС;Электротовары КСС ШУ;6;6265;;;15.12.2025;;
ПКНФ-001338;15.12.2025;Маркер для кабеля 0.5-1.5мм символ ""7"" (уп.200шт) ДКС;Электротовары КСС ШУ;6;2373;;;15.12.2025;;
ПКНФ-001338;15.12.2025;Маркер для кабеля 0.5-1.5мм символ ""8"" (уп.200шт) ДКС;Электротовары КСС ШУ;4;1824;;;15.12.2025;;
ПКНФ-001338;15.12.2025;Маркер для кабеля 0.5-1.5мм символ ""9"" (уп.200шт) ДКС;Электротовары КСС ШУ;6;1755;;;15.12.2025;;
ПКНФ-001338;15.12.2025;Маркер для JXB с нумерацией 1-10 (уп.100шт);Электротовары КСС ШУ;100;7501;;;15.12.2025;;
ПКНФ-001338;15.12.2025;Наконечник штыревой втулочный изол. НШвИ(2) 2.5-10 (уп.50шт);Электротовары КСС ШУ;18;2797;;;15.12.2025;;
ПКНФ-001338;15.12.2025;Провод ПУГВнг(А)-LS 1х0,5 Б;Электротовары КСС ШУ;33;5022;;;15.12.2025;;
ПКНФ-001338;15.12.2025;Провод ПУГВнг(А)-LS 1х0,5 К;Электротовары КСС ШУ;16;1702;;;15.12.2025;;
ПКНФ-001338;15.12.2025;Провод ПУГВнг(А)-LS 1х0,5 Ч;Электротовары КСС ШУ;16;1677;;;15.12.2025;;
ПКНФ-001338;15.12.2025;Провод ПУГВнг(А)-LS 1х1,5 ж/з;Электротовары КСС ШУ;8;548.3;;;15.12.2025;;
ПКНФ-001338;15.12.2025;Провод ПУГВнг(А)-LS 1х2,5 Б;Электротовары КСС ШУ;9;422.5;;;15.12.2025;;
ПКНФ-001338;15.12.2025;Спираль монтажная СМ-06-04 (10м);Электротовары КСС ШУ;0.1;6.395;;;15.12.2025;;
ПКНФ-001338;15.12.2025;Наконечник штыревой втулочный изол. НШвИ 2.5-8 (уп.50шт);Электротовары КСС ШУ;20;4481;;25.08.2025;15.12.2025;;
ПКНФ-001338;15.12.2025;Провод ШВВП 2х0,75 белый;Электротовары КСС ШУ;9;227;;;15.12.2025;;
ПКНФ-001338;15.12.2025;HDR-30-24 Блок питания, 24В,1.5А,36Вт;Электротовары КСС ШУ;1;23;;;15.12.2025;;
ПКНФ-001338;15.12.2025;Наконечник НШвИ(2) 1.5-8 (уп.50шт);Электротовары КСС ШУ;28;5119;;;15.12.2025;;
ПКНФ-001339;15.12.2025;Клемма двухуровневая винтовой зажим 4 точки подключения 2.5кв.мм сер.;Электротовары КСС ШУ;36;734;;;15.12.2025;;
ПКНФ-001339;15.12.2025;Выключатель нагрузки 3п 25А ВН-32N;Электротовары КСС ШУ;2;17;;;15.12.2025;;
ПКНФ-001339;15.12.2025;Контактор КМЭ 18А 220В 1НЗ;Электротовары КСС ШУ;2;2;;;15.12.2025;;
ПКНФ-001339;15.12.2025;Модуль расширения дискретного ввода/вывода ПРМ-24.6;Электротовары КСС ШУ;1;6;;03.02.2026;15.12.2025;;
ПКНФ-001339;15.12.2025;MES 100.80.30 RAL3020 Шкаф компактный распределительный 1000х800х300;Корпусы для ШУ;1;4;;;15.12.2025;;
ПКНФ-001339;15.12.2025;Провод ПУГВнг(А)-LS 1х0,5 С;Электротовары КСС ШУ;38;1760;;;15.12.2025;;
ПКНФ-001339;15.12.2025;Наконечник штыревой втулочный изол. НШвИ(2) 0.5-8 (уп.50шт);Электротовары КСС ШУ;128;4150;;;15.12.2025;;
ПКНФ-001339;15.12.2025;Знак ""Земля"" круглый d20мм EKF an-1-04;Электротовары КСС ШУ;2;0;;;15.12.2025;;
ПКНФ-001339;15.12.2025;Наконечник кольцевой изол. НКИ 1.5-6 (уп.50шт);Электротовары КСС ШУ;12;0;;;15.12.2025;;
ПКНФ-001339;15.12.2025;Выключатель автоматический для защиты двигателя АПД-32 1.6-2.5А;Электротовары КСС ШУ;2;46;;;15.12.2025;;
ПКНФ-001339;15.12.2025;Трубка термоусадочная ТТУ нг-LS 2/1 красн. 1м IEK UDRS-D2-1-K04;Электротовары КСС ШУ;1;90.75;;;15.12.2025;;
ПКНФ-001339;15.12.2025;Трубка термоусадочная ТТУ нг-LS 2/1 желт. 1м IEK UDRS-D2-1-K05;Электротовары КСС ШУ;1.5;86;;;15.12.2025;;
ПКНФ-001339;15.12.2025;Трубка термоусадочная ТТУ нг-LS 2/1 зел. 1м IEK UDRS-D2-1-K06;Электротовары КСС ШУ;1;180.75;;;15.12.2025;;
ПКНФ-001339;15.12.2025;Ограничитель на DIN-рейку 1 винт HDW-211;Электротовары КСС ШУ;30;0;;;15.12.2025;;
ПКНФ-001339;15.12.2025;Выключатель автоматический модульный 1п C 6А 4.5кА ВА 47-63;Электротовары КСС ШУ;2;0;;16.01.2026;15.12.2025;;
ПКНФ-001339;15.12.2025;Кабель-канал перфорированный 25х40 L2000 RL6 G DKC 01163RL;Электротовары КСС ШУ;1.5;34.75;;;15.12.2025;;
ПКНФ-001339;15.12.2025;Шина нулевая ""N"" на DIN-рейку в корпусе 4х7 групп;Электротовары КСС ШУ;1;34;;;15.12.2025;;
ПКНФ-001339;15.12.2025;Механизм блокировки для КМЭ (09А-32А);Электротовары КСС ШУ;3;81;;;15.12.2025;;
ПКНФ-001339;15.12.2025;Переключатель BG33 3P 2NO с замком (не возврат.);Электротовары КСС ШУ;1;44;;;15.12.2025;;
ПКНФ-001339;15.12.2025;Переключатель BD21 2P короткая ручка NO IP65 PROxima EKF xb2-bd21-65;Электротовары КСС ШУ;3;0;;;15.12.2025;;
ПКНФ-001339;15.12.2025;Оповещатель светозвуковой ED16-22BMS 230В;Электротовары КСС ШУ;1;111;;;15.12.2025;;
ПКНФ-001339;15.12.2025;Панель оператора PRO-Screen 7 EKF RSC-7;Электротовары КСС ШУ;1;15;;;15.12.2025;;
ПКНФ-001339;15.12.2025;Держатель маркировки LH 20х25мм;Электротовары КСС ШУ;15;495;;;15.12.2025;;
ПКНФ-001339;15.12.2025;Символ ""Молния"" (треугольник) 50х50х50мм;Электротовары КСС ШУ;1;61;;;15.12.2025;;
ПКНФ-001339;15.12.2025;Контактор КМЭ 9А кат. 220В AC 1НЗ;Электротовары КСС ШУ;4;58;;;15.12.2025;;
ПКНФ-001339;15.12.2025;Кнопка BA21 черн. NO;Электротовары КСС ШУ;2;98;;;15.12.2025;;
ПКНФ-001339;15.12.2025;Выключатель кнопочный ВК21-BS542 1р красный гриб с фиксацией (возврат поворотом);Электротовары КСС ШУ;1;0;;;15.12.2025;;
ПКНФ-001339;15.12.2025;Резистор углеродистый CF-50 (C1-4) 0.5 Вт, 4,7 кОм, 5%;Электротовары КСС ШУ;32;1796;;;15.12.2025;;
ПКНФ-001339;15.12.2025;Модуль расширения дискретного ввода/вывода ПРМ-24.2;Электротовары КСС ШУ;1;14;;03.02.2026;15.12.2025;;
ПКНФ-001339;15.12.2025;Переключатель BG33 3P 2NO короткая ручка;Электротовары КСС ШУ;2;0;;;15.12.2025;;
ПКНФ-001339;15.12.2025;DIN-рейка перфорированная L2000 1мм 35х7,5;Электротовары КСС ШУ;2;25;;;15.12.2025;;
ПКНФ-001339;15.12.2025;Шайба гроверная оц.М6 DIN 127;Оцинкованные метизы (ПК КСС);0.002;0;;;15.12.2025;;
ПКНФ-001339;15.12.2025;Кабель-канал перфорированный 25х60 L2000 RL6 G DKC 01166RL;Электротовары КСС ШУ;2.5;185.475;;;15.12.2025;;
ПКНФ-001339;15.12.2025;Выключатель автоматический модульный 3п D 6А 4.5кА ВА 47-63;Электротовары КСС ШУ;2;0;;;15.12.2025;;
ПКНФ-001339;15.12.2025;Контакт дополнительный поперечный NS2-AE11 (R) CHINT 495968;Электротовары КСС ШУ;4;67;;;15.12.2025;;
ПКНФ-001339;15.12.2025;Колодка клеммная JXB-2.5/35 серая;Электротовары КСС ШУ;22;24;;;15.12.2025;;
ПКНФ-001339;15.12.2025;Заглушка для JXB-2,5/35 серая;Электротовары КСС ШУ;4;0;;;15.12.2025;;
ПКНФ-001339;15.12.2025;Провод ПуГВнг(А)-LS 1х1,5 Б;Электротовары КСС ШУ;32;316;;;15.12.2025;;
ПКНФ-001339;15.12.2025;Сальник PG 29 (d проводника 18-24мм, D резьбовой 36мм) IP54;Электротовары КСС ШУ;2;0;;;15.12.2025;;
ПКНФ-001339;15.12.2025;Колодка клеммная JXB-2.5/35 синяя;Электротовары КСС ШУ;2;101;;;15.12.2025;;
ПКНФ-001339;15.12.2025;Приставка контактная ПКЭ-11 доп. контакы 1з+1р;Электротовары КСС ШУ;4;91;;;15.12.2025;;
ПКНФ-001339;15.12.2025;Контактор КМЭ 12А 220В/АС3 1НО;Электротовары КСС ШУ;3;17;;;15.12.2025;;
ПКНФ-001339;15.12.2025;Выключатель автоматический модульный 3п D 16А 4.5кА ВА 47-63;Электротовары КСС ШУ;1;38;;;15.12.2025;;
ПКНФ-001339;15.12.2025;Изолятор торцевой для клемм KRUKB-3-5 DKC D-KRUKB-3-5;Электротовары КСС ШУ;6;231;;;15.12.2025;;
ПКНФ-001339;15.12.2025;Сальник PG 9;Электротовары КСС ШУ;35;1458;;;15.12.2025;;
ПКНФ-001339;15.12.2025;Хомут 2,5х150 нейл. (уп.100 шт);Электротовары КСС ШУ;100;0;;;15.12.2025;;
ПКНФ-001339;15.12.2025;Трубка термоус. ТУТ (HF)-4/2, красн. (уп.100м);Электротовары КСС ШУ;1.5;65.7;;;15.12.2025;;
ПКНФ-001339;15.12.2025;Трубка термоус. ТУТ (HF)-4/2, зел. (уп.100м);Электротовары КСС ШУ;1.5;65.5;;;15.12.2025;;
ПКНФ-001339;15.12.2025;Трубка термоус. ТУТ (HF)-4/2, желт. (уп.100м);Электротовары КСС ШУ;1.5;90.2;;;15.12.2025;;
ПКНФ-001339;15.12.2025;Колодка клеммная JXB-16/35 син.;Электротовары КСС ШУ;2;94;;06.12.2024;15.12.2025;;
ПКНФ-001339;15.12.2025;Лента двусторонняя клейкая (скотч), 20 ммх5 м, прозрачная;Электротовары КСС ШУ;2;34;;;15.12.2025;;
ПКНФ-001339;15.12.2025;Лента двусторонняя клейкая (скотч), 12 ммх5 м, прозрачная;Электротовары КСС ШУ;2;42;;;15.12.2025;;
ПКНФ-001339;15.12.2025;Реле контроля наличия и чередования фаз CKF-318-1;Электротовары КСС ШУ;2;58;;;15.12.2025;;
ПКНФ-001339;15.12.2025;Наконечник штыревой втулочный изол. НШвИ 0.5-8 (уп.50шт);Электротовары КСС ШУ;257;16889;;;15.12.2025;;
ПКНФ-001339;15.12.2025;Наконечник штыревой втулочный изол. НШвИ 1.5-8 (уп.50шт);Электротовары КСС ШУ;56;2578;;;15.12.2025;;
ПКНФ-001339;15.12.2025;Саморез 4.2х13 металл-металл с прессшайбой сверло цинк (уп.200шт);Электротовары КСС ШУ;42;1156.91;;;15.12.2025;;
ПКНФ-001339;15.12.2025;Саморез 4.2х19 металл-металл с прессшайбой сверло цинк (уп.200шт);Электротовары КСС ШУ;8;792;;;15.12.2025;;
ПКНФ-001339;15.12.2025;Маркер для кабеля 0.5-1.5мм символ ""1"" (уп.200шт) ДКС;Электротовары КСС ШУ;52;9928;;;15.12.2025;;
ПКНФ-001339;15.12.2025;Маркер для кабеля 0.5-1.5мм символ ""2"" (уп.200шт) ДКС;Электротовары КСС ШУ;68;5520;;;15.12.2025;;
ПКНФ-001339;15.12.2025;Маркер для кабеля 0.5-1.5мм символ ""3"" (уп.200шт) ДКС;Электротовары КСС ШУ;69;5725;;;15.12.2025;;
ПКНФ-001339;15.12.2025;Маркер для JXB с нумерацией 1-50 (уп.100шт);Электротовары КСС ШУ;200;12597;;;15.12.2025;;
ПКНФ-001339;15.12.2025;Автомат пуска двигателя АПД-32 9-14А;Электротовары КСС ШУ;3;10;;;15.12.2025;;
ПКНФ-001339;15.12.2025;Блок-контакт БК-47;Электротовары КСС ШУ;2;2;;;15.12.2025;;
ПКНФ-001339;15.12.2025;Сальник PG 16 10-14мм IP54;Электротовары КСС ШУ;5;231;;;15.12.2025;;
ПКНФ-001339;15.12.2025;HDR-60-24 MW (AC/DC ПРЕОБРАЗОВАТЕЛИ) 24B,2.5A,60Вт;Электротовары КСС ШУ;1;32;;;15.12.2025;;
ПКНФ-001339;15.12.2025;Болт оцинк. М6х20 DIN 933;Оцинкованные метизы (ПК КСС);0.002;0.079;;;15.12.2025;;
ПКНФ-001339;15.12.2025;Гайка оцинк. DIN 934 М6;Оцинкованные метизы (ПК КСС);0.002;0.014;;04.03.2025;15.12.2025;;
ПКНФ-001339;15.12.2025;Арматура светосигнальная AD22DS(LED) 230В AC/DC d22 желтая;Электротовары КСС ШУ;2;0;;;15.12.2025;;
ПКНФ-001339;15.12.2025;Арматура светосигнальная AD22DS(LED) 230В AC/DC d22 красная;Электротовары КСС ШУ;2;0;;;15.12.2025;;
ПКНФ-001339;15.12.2025;Колодка клеммная ЕК-2.5/25 JXB земля;Электротовары КСС ШУ;6;125;;08.06.2024;15.12.2025;;
ПКНФ-001339;15.12.2025;Маркер для кабеля 0.5-1.5мм символ ""0"" (уп.200шт) ДКС;Электротовары КСС ШУ;79;7489;;;15.12.2025;;
ПКНФ-001339;15.12.2025;Маркер для кабеля 0.5-1.5мм символ ""4"" (уп.200шт) ДКС;Электротовары КСС ШУ;58;1694;;;15.12.2025;;
ПКНФ-001339;15.12.2025;Маркер для кабеля 0.5-1.5мм символ ""5"" (уп.200шт) ДКС;Электротовары КСС ШУ;54;6424;;;15.12.2025;;
ПКНФ-001339;15.12.2025;Маркер для кабеля 0.5-1.5мм символ ""6"" (уп.200шт) ДКС;Электротовары КСС ШУ;47;6265;;;15.12.2025;;
ПКНФ-001339;15.12.2025;Маркер для кабеля 0.5-1.5мм символ ""7"" (уп.200шт) ДКС;Электротовары КСС ШУ;56;2373;;;15.12.2025;;
ПКНФ-001339;15.12.2025;Маркер для кабеля 0.5-1.5мм символ ""8"" (уп.200шт) ДКС;Электротовары КСС ШУ;67;1824;;;15.12.2025;;
ПКНФ-001339;15.12.2025;Маркер для кабеля 0.5-1.5мм символ ""9"" (уп.200шт) ДКС;Электротовары КСС ШУ;68;1755;;;15.12.2025;;
ПКНФ-001339;15.12.2025;Маркер для JXB с нумерацией 1-10 (уп.100шт);Электротовары КСС ШУ;200;7501;;;15.12.2025;;
ПКНФ-001339;15.12.2025;Наконечник штыревой втулочный изол. НШвИ(2) 2.5-10 (уп.50шт);Электротовары КСС ШУ;22;2797;;;15.12.2025;;
ПКНФ-001339;15.12.2025;Провод ПУГВнг(А)-LS 1х0,5 Б;Электротовары КСС ШУ;196;5022;;;15.12.2025;;
ПКНФ-001339;15.12.2025;Провод ПУГВнг(А)-LS 1х0,5 К;Электротовары КСС ШУ;30;1702;;;15.12.2025;;
ПКНФ-001339;15.12.2025;Провод ПУГВнг(А)-LS 1х0,5 Ч;Электротовары КСС ШУ;34;1677;;;15.12.2025;;
ПКНФ-001339;15.12.2025;Провод ПУГВнг(А)-LS 1х1,5 ж/з;Электротовары КСС ШУ;1.5;548.3;;;15.12.2025;;
ПКНФ-001339;15.12.2025;Провод ПУГВнг(А)-LS 1х2,5 Б;Электротовары КСС ШУ;20;422.5;;;15.12.2025;;
ПКНФ-001339;15.12.2025;Провод ПУГВнг(А)-LS 1х2,5 С;Электротовары КСС ШУ;3;254;;;15.12.2025;;
ПКНФ-001339;15.12.2025;Программируемое реле ПР102-24.2416.03.2;Электротовары КСС ШУ;2;10;;03.02.2026;15.12.2025;;
ПКНФ-001339;15.12.2025;Реле RFT2CO730LT, 2CO, 8A(250VAC/30VDC), 230VAC, LED, мех. инд., тест-кнопка;Электротовары КСС ШУ;11;106;;;15.12.2025;;
ПКНФ-001339;15.12.2025;Спираль монтажная СМ-06-04 (10м);Электротовары КСС ШУ;0.1;6.395;;;15.12.2025;;
ПКНФ-001339;15.12.2025;Цоколь SRU08-E, 10A(300V), черный, на рейку DIN35/панель, для RFT2CO;Электротовары КСС ШУ;11;9;;;15.12.2025;;
ПКНФ-001339;15.12.2025;Наконечник штыревой втулочный изол. НШвИ 2.5-8 (уп.50шт);Электротовары КСС ШУ;54;4481;;25.08.2025;15.12.2025;;
ПКНФ-001339;15.12.2025;Шайба плоская оц. М6 DIN 125;Оцинкованные метизы (ПК КСС);0.002;0.156;;25.08.2025;15.12.2025;;
ПКНФ-001339;15.12.2025;Арматура светосигнальная AD22DS(LED) 230В AC/DC d22 зеленая;Электротовары КСС ШУ;2;0;;;15.12.2025;;
ПКНФ-001339;15.12.2025;Наконечник НШвИ(2) 1.5-8 (уп.50шт);Электротовары КСС ШУ;38;5119;;;15.12.2025;;
ПКНФ-001340;15.12.2025;Канализационный насос WQ2290-4172A-200;Насосы Kaiquan(ПК КСС);2;0;10.03.2026;10.03.2026;15.12.2025;;
ПКНФ-001340;15.12.2025;Расходомер ЭТАЛОН-РМ-1К2Л-RS485-250ФЛ/50М-И (Одноканальный двухлучевой Р=1,6 МПа, RS485, архив, усил;Расходомеры, манометры (ПК КСС);2;0;09.02.2026;09.02.2026;15.12.2025;;
ПКНФ-001340;15.12.2025;Задвижка 30ч39р Ду250 Pу10 штурвал;Арматура (ПК КСС);3;6;;;15.12.2025;;
ПКНФ-001340;15.12.2025;Автоматическая трубная муфта 200WQL-00A;Другие насосы и УПМ (ПК КСС);2;2;;;15.12.2025;;
ПКНФ-001340;15.12.2025;Клапан обратный шаровой DN250 PN10 канализационный;Арматура (ПК КСС);2;5;;;15.12.2025;;
ПКНФ-001341;15.12.2025;Карабин винтовой 5 мм;Крепеж и цепи, тали (ПК КСС);6;204;;;15.12.2025;;
ПКНФ-001341;15.12.2025;Автоматическая трубная муфта для насоса WQ DN200, TO-200, мощность 0.55кВт и выше (ПК);УПМ СNP (ПК КСС);3;0;;15.01.2026;15.12.2025;;
ПКНФ-001341;15.12.2025;7024.1 КСС ШУКПП- 3/3 -18,5кВт +УХЛ1;Шкафы управления (ПК КСС);1;0;02.02.2026;;15.12.2025;;
ПКНФ-001341;15.12.2025;Насос 200WQ250-15-18.5AC(I), 18.5кВт, без АТМ DN200, 4-х полюс.;Насосы CNP (ПК КСС);3;0;25.02.2026;25.02.2026;15.12.2025;;
ПКНФ-001341;15.12.2025;7024.1 - Трубопровод;Составные части трубопровода (Пк КСС);1;0;18.01.2026;;15.12.2025;ПКНФ-001459;29.12.2025
ПКНФ-001341;15.12.2025;7024.1 - Рама под УПМ, Балка под крышку;Составные части трубопровода (Пк КСС);1;0;02.02.2026;;15.12.2025;ПКНФ-001457;29.12.2025
ПКНФ-001341;15.12.2025;7024.1 - Направляющие под корзину  Площадка Лестница Балка транспортировочная Корзина;Составные части трубопровода (Пк КСС);1;0;02.02.2026;;15.12.2025;ПКНФ-001458;29.12.2025
ПКНФ-001341;15.12.2025;Болт оцинк. М6х40 DIN 933;Оцинкованные метизы (ПК КСС);0.006;0.19;;;15.12.2025;;
ПКНФ-001341;15.12.2025;Болт М12*40 DIN 933 полная резьба  (А2, 12,0, 45,0, DIN 933) ;Нержавеющие метизы (ПК КСС);9;234;;;15.12.2025;;
ПКНФ-001341;15.12.2025;Скоба такелажная М4;Крепеж и цепи, тали (ПК КСС);10;146;;;15.12.2025;;
ПКНФ-001341;15.12.2025;Труба 400/9,8/580 наружная канализация;Полиэтелен, корсис, прагма, НПВХ (ПК КСС);1;0;;;15.12.2025;;
ПКНФ-001341;15.12.2025;Заглушка для трубы 40х40 мм пластик;Расходные материалы (ПК КСС);2;288;;;15.12.2025;;
ПКНФ-001341;15.12.2025;Болт оцинк. М20х60 DIN933;Оцинкованные метизы (ПК КСС);0.012;0.424;;;15.12.2025;;
ПКНФ-001341;15.12.2025;Клапан обратный шаровой DN200 PN10 канализационный;Арматура (ПК КСС);3;3;;;15.12.2025;;
ПКНФ-001341;15.12.2025;Гайка шестигр. оц. М20 DIN 934 тыс шт;Оцинкованные метизы (ПК КСС);0.084;1.427;;27.06.2024;15.12.2025;;
ПКНФ-001341;15.12.2025;Болт оцинк. М16х80  DIN933;Оцинкованные метизы (ПК КСС);0.022;1.035;;;15.12.2025;;
ПКНФ-001341;15.12.2025;Задвижка 30ч39р Ду200 Pу10 штурвал;Арматура (ПК КСС);3;3;;;15.12.2025;;
ПКНФ-001341;15.12.2025;Заглушка для трубы 25х25 мм пластик;Расходные материалы (ПК КСС);4;0;23.04.2024;;15.12.2025;;
ПКНФ-001341;15.12.2025;Шайба гроверная оц. Ф16 DIN 127;Оцинкованные метизы (ПК КСС);0.022;1.018;;27.06.2024;15.12.2025;;
ПКНФ-001341;15.12.2025;Болт оцинк. М20х80 DIN933;Оцинкованные метизы (ПК КСС);0.072;0.1;;27.06.2024;15.12.2025;;
ПКНФ-001341;15.12.2025;Навесной замок с ключом GPLK-50L;Оцинкованные метизы (ПК КСС);2;45;;20.01.2025;15.12.2025;;
ПКНФ-001341;15.12.2025;Шайба гровер М20 DIN 127 (А2, DIN 127);Нержавеющие метизы (ПК КСС);12;2069;;;15.12.2025;;
ПКНФ-001341;15.12.2025;Гайка шестигр. оц М16  (тыс шт);Оцинкованные метизы (ПК КСС);0.022;0.579;;27.06.2024;15.12.2025;;
ПКНФ-001341;15.12.2025;Труба ВГП ОЦ 40х3 ГОСТ 3262-75 (м);Черные трубы, листы, круги (ПК КСС);32.4;71.2;16.01.2026;16.01.2026;15.12.2025;;
ПКНФ-001341;15.12.2025;Шпилька М10 L1000 (А2, DIN975);Нержавеющие метизы (ПК КСС);2;20;;;15.12.2025;;
ПКНФ-001341;15.12.2025;Анкерный болт с гайкой 16*180 HNM тыс;Оцинкованные метизы (ПК КСС);0.02;0.57;;10.06.2024;15.12.2025;;
ПКНФ-001341;15.12.2025;Болт М10*60 DIN 933 полная резьба  (А2, 10,0, 60,0, DIN 933);Нержавеющие метизы (ПК КСС);50;1428;;;15.12.2025;;
ПКНФ-001341;15.12.2025;Болт М16*80 DIN 933 полная резьба  (А2, 16,0, 80,0, DIN 933);Нержавеющие метизы (ПК КСС);24;504;;;15.12.2025;;
ПКНФ-001341;15.12.2025;Болт М20*80 DIN 933 полная резьба  (А2, 20,0, 80,0, DIN 933);Нержавеющие метизы (ПК КСС);12;48;;;15.12.2025;;
ПКНФ-001341;15.12.2025;Гайка М10 DIN 934  (А2, 10,0, DIN 934);Нержавеющие метизы (ПК КСС);50;986;;19.06.2024;15.12.2025;;
ПКНФ-001341;15.12.2025;Гайка М12 DIN 934  (А2, 12,0, DIN 934);Нержавеющие метизы (ПК КСС);21;1109;;;15.12.2025;;
ПКНФ-001341;15.12.2025;Гайка М16 DIN 934  (А2, 16,0, DIN 934);Нержавеющие метизы (ПК КСС);24;580;15.05.2024;25.04.2024;15.12.2025;;
ПКНФ-001341;15.12.2025;Гайка М20 DIN 934  (А2, 20,0, DIN 934);Нержавеющие метизы (ПК КСС);12;255;;;15.12.2025;;
ПКНФ-001341;15.12.2025;Грибок канализационный;Полиэтелен, корсис, прагма, НПВХ (ПК КСС);1;21;;27.01.2026;15.12.2025;;
ПКНФ-001341;15.12.2025;Карабин винтовой 4 мм;Крепеж и цепи, тали (ПК КСС);10;106;;;15.12.2025;;
ПКНФ-001341;15.12.2025;Манжета резиновая переходная D 110/124 Уп., черн;Полиэтелен, корсис, прагма, НПВХ (ПК КСС);4;28;;27.01.2026;15.12.2025;;
ПКНФ-001341;15.12.2025;Манжета резиновая переходная D 50/72 Уп., черн;Полиэтелен, корсис, прагма, НПВХ (ПК КСС);1;163;;;15.12.2025;;
ПКНФ-001341;15.12.2025;Муфта Корсис DN400 (OD);Полиэтелен, корсис, прагма, НПВХ (ПК КСС);1;5;;;15.12.2025;;
ПКНФ-001341;15.12.2025;Отвод 90 гр. НПВХ DN110;Полиэтелен, корсис, прагма, НПВХ (ПК КСС);1;50;;;15.12.2025;;
ПКНФ-001341;15.12.2025;Поплавковый выключатель RL-1 10м;Датчики уровня, преобразователи, реле (ПК КСС);4;82;;05.02.2025;15.12.2025;;
ПКНФ-001341;15.12.2025;Прокладка (паронит) 200;Полиэтелен, корсис, прагма, НПВХ (ПК КСС);12;83;;;15.12.2025;;
ПКНФ-001341;15.12.2025;Проушина прямая 30х70мм;Расходные материалы (ПК КСС);4;271;;;15.12.2025;;
ПКНФ-001341;15.12.2025;Рым-гайка DIN 582 М10;Крепеж и цепи, тали (ПК КСС);6;95;;;15.12.2025;;
ПКНФ-001341;15.12.2025;Рым-гайка DIN 582 М 6;Крепеж и цепи, тали (ПК КСС);0.006;0.105;;17.02.2025;15.12.2025;;
ПКНФ-001341;15.12.2025;Скоба с вкручивающимся штифтом 1/2т 1/4, тип G209, Crosby (для насосов до 250 кг) рабочая 500кг;Крепеж и цепи, тали (ПК КСС);6;0;;;15.12.2025;;
ПКНФ-001341;15.12.2025;Труба 110/3,2/0560 наружная канализация;Полиэтелен, корсис, прагма, НПВХ (ПК КСС);2;141;;;15.12.2025;;
ПКНФ-001341;15.12.2025;Труба двустенная для электропроводки d110 с протяжкой(внутр. d94)/ДКС ;Полиэтелен, корсис, прагма, НПВХ (ПК КСС);3;200;;;15.12.2025;;
ПКНФ-001341;15.12.2025;Труба двустенная для электропроводки d50 с протяжкой(внутр. d41,5) [ДКС] (код 19735) 121950;Полиэтелен, корсис, прагма, НПВХ (ПК КСС);3;156;;;15.12.2025;;
ПКНФ-001341;15.12.2025;Цепь короткозвенная 4мм DIN766 оцинк;Крепеж и цепи, тали (ПК КСС);18.4;401.26;;05.07.2024;15.12.2025;;
ПКНФ-001341;15.12.2025;Цепь Т6-6х18 мм ГОСТ 30441-97 (покрытие хим.окс.);Крепеж и цепи, тали (ПК КСС);22.8;189.9;;;15.12.2025;;
ПКНФ-001341;15.12.2025;Шайба  гровер М12 DIN 127 (А2, DIN 127);Нержавеющие метизы (ПК КСС);21;979.964;;;15.12.2025;;
ПКНФ-001341;15.12.2025;Шайба гроверная оц.М20 DIN 127;Оцинкованные метизы (ПК КСС);0.084;1.416;;;15.12.2025;;
ПКНФ-001341;15.12.2025;Шайба М10 DIN 125  (А2, DIN 125);Нержавеющие метизы (ПК КСС);100;584;;;15.12.2025;;
ПКНФ-001341;15.12.2025;Шайба  гровер М10 DIN 127 (А2, DIN 127);Нержавеющие метизы (ПК КСС);50;0;;;15.12.2025;;
ПКНФ-001341;15.12.2025;Шайба М12 DIN 125  (А2, DIN 125);Нержавеющие метизы (ПК КСС);42;618;;;15.12.2025;;
ПКНФ-001341;15.12.2025;Шайба М16 DIN 125  (А2, DIN 125);Нержавеющие метизы (ПК КСС);48;1387;;;15.12.2025;;
ПКНФ-001341;15.12.2025;Шайба гровер М16 DIN 127 (А2, DIN 127);Нержавеющие метизы (ПК КСС);24;2044;;;15.12.2025;;
ПКНФ-001341;15.12.2025;Шайба М20 DIN 125  (А2, DIN 125);Нержавеющие метизы (ПК КСС);24;1534;;;15.12.2025;;
ПКНФ-001341;15.12.2025;Шайба плоская оц. М6 DIN 125;Оцинкованные метизы (ПК КСС);0.006;0.65;;25.08.2025;15.12.2025;;
ПКНФ-001341;15.12.2025;Шайба плоская оц.М16  DIN 125;Оцинкованные метизы (ПК КСС);0.044;2.396;;27.06.2024;15.12.2025;;
ПКНФ-001341;15.12.2025;Шайба плоская оц.М20  DIN 125;Оцинкованные метизы (ПК КСС);0.168;1.016;;27.06.2024;15.12.2025;;
ПКНФ-001342;15.12.2025;Карабин винтовой 5 мм;Крепеж и цепи, тали (ПК КСС);6;204;;;15.12.2025;;
ПКНФ-001342;15.12.2025;7024.2 КСС ШУК- 2/3 -7,5кВт +УХЛ1;Шкафы управления (ПК КСС);1;0;02.02.2026;;15.12.2025;;
ПКНФ-001342;15.12.2025;Насос 100WQ70-17-7.5ACW(I), 7.5кВт, без АТМ DN100, с реж.механизмом, 2-х полюс.;Насосы CNP (ПК КСС);2;0;09.02.2026;09.02.2026;15.12.2025;;
ПКНФ-001342;15.12.2025;7024.2 - Трубопровод;Составные части трубопровода (Пк КСС);1;0;29.01.2026;;15.12.2025;ПКНФ-001463;29.12.2025
ПКНФ-001342;15.12.2025;7024.2 - Рама под УПМ, Балка под крышку;Составные части трубопровода (Пк КСС);1;0;02.02.2026;;15.12.2025;ПКНФ-001462;29.12.2025
ПКНФ-001342;15.12.2025;7024.2 - Направляющие под корзину  Площадка Лестница Балка транспортировочная Корзина;Составные части трубопровода (Пк КСС);1;0;02.02.2026;;15.12.2025;ПКНФ-001464;29.12.2025
ПКНФ-001342;15.12.2025;Болт оцинк. М6х40 DIN 933;Оцинкованные метизы (ПК КСС);0.006;0.19;;;15.12.2025;;
ПКНФ-001342;15.12.2025;Автоматическая трубная муфта для насоса WQ DN100, TOS-100, мощность до 15кВт включительно (ПК);УПМ СNP (ПК КСС);2;0;;;15.12.2025;;
ПКНФ-001342;15.12.2025;Болт М12*40 DIN 933 полная резьба  (А2, 12,0, 45,0, DIN 933) ;Нержавеющие метизы (ПК КСС);4;234;;;15.12.2025;;
ПКНФ-001342;15.12.2025;Скоба такелажная М4;Крепеж и цепи, тали (ПК КСС);6;146;;;15.12.2025;;
ПКНФ-001342;15.12.2025;Заглушка для трубы 40х40 мм пластик;Расходные материалы (ПК КСС);2;288;;;15.12.2025;;
ПКНФ-001342;15.12.2025;Болт оцинк. М20х60 DIN933;Оцинкованные метизы (ПК КСС);0.012;0.424;;;15.12.2025;;
ПКНФ-001342;15.12.2025;Труба 200/4,9/0500 наружная канализация;Полиэтелен, корсис, прагма, НПВХ (ПК КСС);1;0;;;15.12.2025;;
ПКНФ-001342;15.12.2025;Гайка шестигр. оц. М20 DIN 934 тыс шт;Оцинкованные метизы (ПК КСС);0.012;1.427;;27.06.2024;15.12.2025;;
ПКНФ-001342;15.12.2025;Болт оцинк. М16х80  DIN933;Оцинкованные метизы (ПК КСС);0.048;1.035;;;15.12.2025;;
ПКНФ-001342;15.12.2025;Заглушка для трубы 25х25 мм пластик;Расходные материалы (ПК КСС);2;0;23.04.2024;;15.12.2025;;
ПКНФ-001342;15.12.2025;Шайба гроверная оц. Ф16 DIN 127;Оцинкованные метизы (ПК КСС);0.048;1.018;;27.06.2024;15.12.2025;;
ПКНФ-001342;15.12.2025;Навесной замок с ключом GPLK-50L;Оцинкованные метизы (ПК КСС);1;45;;20.01.2025;15.12.2025;;
ПКНФ-001342;15.12.2025;Гайка шестигр. оц М16  (тыс шт);Оцинкованные метизы (ПК КСС);0.048;0.579;;27.06.2024;15.12.2025;;
ПКНФ-001342;15.12.2025;Труба ВГП ОЦ 50х3,5  ГОСТ 3262-75 (м);Черные трубы, листы, круги (ПК КСС);19.2;71.8;11.11.2025;11.11.2025;15.12.2025;;
ПКНФ-001342;15.12.2025;Шпилька М10 L1000 (А2, DIN975);Нержавеющие метизы (ПК КСС);4;20;;;15.12.2025;;
ПКНФ-001342;15.12.2025;Анкерный болт с гайкой 16*180 HNM тыс;Оцинкованные метизы (ПК КСС);0.016;0.57;;10.06.2024;15.12.2025;;
ПКНФ-001342;15.12.2025;Болт М10*60 DIN 933 полная резьба  (А2, 10,0, 60,0, DIN 933);Нержавеющие метизы (ПК КСС);50;1428;;;15.12.2025;;
ПКНФ-001342;15.12.2025;Болт М16*80 DIN 933 полная резьба  (А2, 16,0, 80,0, DIN 933);Нержавеющие метизы (ПК КСС);16;504;;;15.12.2025;;
ПКНФ-001342;15.12.2025;Гайка М10 DIN 934  (А2, 10,0, DIN 934);Нержавеющие метизы (ПК КСС);54;986;;19.06.2024;15.12.2025;;
ПКНФ-001342;15.12.2025;Гайка М12 DIN 934  (А2, 12,0, DIN 934);Нержавеющие метизы (ПК КСС);4;1109;;;15.12.2025;;
ПКНФ-001342;15.12.2025;Гайка М16 DIN 934  (А2, 16,0, DIN 934);Нержавеющие метизы (ПК КСС);16;580;25.04.2024;25.04.2024;15.12.2025;;
ПКНФ-001342;15.12.2025;Грибок канализационный;Полиэтелен, корсис, прагма, НПВХ (ПК КСС);1;21;;27.01.2026;15.12.2025;;
ПКНФ-001342;15.12.2025;Задвижка клиновая Ду100 Ру16 штурвал 30ч39р;Арматура (ПК КСС);2;8;;;15.12.2025;;
ПКНФ-001342;15.12.2025;Карабин винтовой 4 мм;Крепеж и цепи, тали (ПК КСС);6;106;;;15.12.2025;;
ПКНФ-001342;15.12.2025;Клапан обратный шаровой DN100 PN16 канализационный;Арматура (ПК КСС);2;6;;;15.12.2025;;
ПКНФ-001342;15.12.2025;Манжета резиновая переходная D 110/124 Уп., черн;Полиэтелен, корсис, прагма, НПВХ (ПК КСС);2;28;;27.01.2026;15.12.2025;;
ПКНФ-001342;15.12.2025;Манжета резиновая переходная D 50/72 Уп., черн;Полиэтелен, корсис, прагма, НПВХ (ПК КСС);1;163;;;15.12.2025;;
ПКНФ-001342;15.12.2025;Муфта Корсис DN200 (OD);Полиэтелен, корсис, прагма, НПВХ (ПК КСС);1;14;;;15.12.2025;;
ПКНФ-001342;15.12.2025;Отвод 90 гр. НПВХ DN110;Полиэтелен, корсис, прагма, НПВХ (ПК КСС);1;50;;;15.12.2025;;
ПКНФ-001342;15.12.2025;Поплавковый выключатель RL-1 10м;Датчики уровня, преобразователи, реле (ПК КСС);4;82;;05.02.2025;15.12.2025;;
ПКНФ-001342;15.12.2025;Прокладка (паронит) 100;Полиэтелен, корсис, прагма, НПВХ (ПК КСС);8;116;;;15.12.2025;;
ПКНФ-001342;15.12.2025;Проушина прямая 30х70мм;Расходные материалы (ПК КСС);2;271;;;15.12.2025;;
ПКНФ-001342;15.12.2025;Рым-гайка DIN 582 М10;Крепеж и цепи, тали (ПК КСС);6;95;;;15.12.2025;;
ПКНФ-001342;15.12.2025;Рым-гайка DIN 582 М 6;Крепеж и цепи, тали (ПК КСС);0.006;0.105;;17.02.2025;15.12.2025;;
ПКНФ-001342;15.12.2025;Скоба с вкручивающимся штифтом 0,33 т, 1/2т 1/4, тип G209, для насосов до 250 кг;Крепеж и цепи, тали (ПК КСС);6;37;;23.01.2026;15.12.2025;;
ПКНФ-001342;15.12.2025;Труба 110/3,2/0560 наружная канализация;Полиэтелен, корсис, прагма, НПВХ (ПК КСС);2;141;;;15.12.2025;;
ПКНФ-001342;15.12.2025;Труба двустенная для электропроводки d110 с протяжкой(внутр. d94)/ДКС ;Полиэтелен, корсис, прагма, НПВХ (ПК КСС);3;200;;;15.12.2025;;
ПКНФ-001342;15.12.2025;Труба двустенная для электропроводки d50 с протяжкой(внутр. d41,5) [ДКС] (код 19735) 121950;Полиэтелен, корсис, прагма, НПВХ (ПК КСС);3;156;;;15.12.2025;;
ПКНФ-001342;15.12.2025;Цепь короткозвенная 4мм DIN766 оцинк;Крепеж и цепи, тали (ПК КСС);11.1;401.26;;05.07.2024;15.12.2025;;
ПКНФ-001342;15.12.2025;Цепь Т6-6х18 мм ГОСТ 30441-97 (покрытие хим.окс.);Крепеж и цепи, тали (ПК КСС);15.6;189.9;;;15.12.2025;;
ПКНФ-001342;15.12.2025;Шайба  гровер М12 DIN 127 (А2, DIN 127);Нержавеющие метизы (ПК КСС);8;979.964;;;15.12.2025;;
ПКНФ-001342;15.12.2025;Шайба гроверная оц.М20 DIN 127;Оцинкованные метизы (ПК КСС);0.012;1.416;;;15.12.2025;;
ПКНФ-001342;15.12.2025;Шайба М10 DIN 125  (А2, DIN 125);Нержавеющие метизы (ПК КСС);108;584;;;15.12.2025;;
ПКНФ-001342;15.12.2025;Шайба  гровер М10 DIN 127 (А2, DIN 127);Нержавеющие метизы (ПК КСС);54;0;;;15.12.2025;;
ПКНФ-001342;15.12.2025;Шайба М12 DIN 125  (А2, DIN 125);Нержавеющие метизы (ПК КСС);1;618;;;15.12.2025;;
ПКНФ-001342;15.12.2025;Шайба М16 DIN 125  (А2, DIN 125);Нержавеющие метизы (ПК КСС);32;1387;;;15.12.2025;;
ПКНФ-001342;15.12.2025;Шайба гровер М16 DIN 127 (А2, DIN 127);Нержавеющие метизы (ПК КСС);16;2044;;;15.12.2025;;
ПКНФ-001342;15.12.2025;Шайба плоская оц. М6 DIN 125;Оцинкованные метизы (ПК КСС);0.006;0.65;;25.08.2025;15.12.2025;;
ПКНФ-001342;15.12.2025;Шайба плоская оц.М16  DIN 125;Оцинкованные метизы (ПК КСС);0.096;2.396;;27.06.2024;15.12.2025;;
ПКНФ-001342;15.12.2025;Шайба плоская оц.М20  DIN 125;Оцинкованные метизы (ПК КСС);0.024;1.016;;27.06.2024;15.12.2025;;
ПКНФ-001344;15.12.2025;7719.4- Рама под установку;Составные части трубопровода (Пк КСС);1;0;23.01.2025;;15.12.2025;ПКНФ-001429;23.12.2025
ПКНФ-001344;15.12.2025;7719.4-Коллекторы,патрубки;Составные части трубопровода (Пк КСС);1;0;23.01.2025;;15.12.2025;ПКНФ-001430;23.12.2025
ПКНФ-001344;15.12.2025;Кран шаровой полнопроходной, ВР/НР, Stout ручка бабочка 1, ГОСТ Р 59553-2021;Арматура (ПК КСС);3;14;;;15.12.2025;;
ПКНФ-001344;15.12.2025;Кран шаровой полнопроходной, ВР/ВР, ручка бабочка 1"", Stout SVB-0002-200025;Арматура (ПК КСС);3;12;;;15.12.2025;;
ПКНФ-001344;15.12.2025;Болт оцинк. М12х60 DIN933;Оцинкованные метизы (ПК КСС);0.036;0.064;;03.06.2024;15.12.2025;;
ПКНФ-001344;15.12.2025;Болт оцинк. М12х40 DIN 933;Оцинкованные метизы (ПК КСС);0.004;0.028;;27.06.2024;15.12.2025;;
ПКНФ-001344;15.12.2025;Шайба плоская оц. М12  DIN 125;Оцинкованные метизы (ПК КСС);0.088;0.757;;03.06.2024;15.12.2025;;
ПКНФ-001344;15.12.2025;Реле избыточного давления RVG-20-0.6 (0.6МПа) EKF RVG-20-0.6  (ПК);Датчики уровня, преобразователи, реле (ПК КСС);1;4;;;15.12.2025;;
ПКНФ-001344;15.12.2025;Шайба плоская оц. М8  DIN 125;Оцинкованные метизы (ПК КСС);0.012;0.753;;16.01.2026;15.12.2025;;
ПКНФ-001344;15.12.2025;Гайка шестигр. оц М8 DIN934;Оцинкованные метизы (ПК КСС);0.012;0.505;;16.01.2026;15.12.2025;;
ПКНФ-001344;15.12.2025;Шайба гроверная оц. Ф8 DIN 127;Оцинкованные метизы (ПК КСС);0.012;0.6;;16.01.2026;15.12.2025;;
ПКНФ-001344;15.12.2025;Шаровой кран латунный 1/2"" ВР, с дренажем и воздухоотводчиком, ручка-бабочка, Pride LD 44.344.15;Арматура (ПК КСС);2;42;;;15.12.2025;;
ПКНФ-001344;15.12.2025;Ниппель прямой никелированный 1/2"" НР. LD Pride LD.67.501.15;Арматура (ПК КСС);2;45;;;15.12.2025;;
ПКНФ-001344;15.12.2025;Манометр с поверкой тип ТМ-310Т, 0...0,6МПа, 63 мм, G1/4""(сзади), кл.1,5, корпус-сталь, Росма 000000;Расходомеры, манометры (ПК КСС);1;24;;;15.12.2025;;
ПКНФ-001344;15.12.2025;Манометр с поверкой тип ТМ-310Т.00, 0..1,6 МПа, 63 мм, G1/4""(сзади), кл.1,5, корпус-сталь, Росма 000;Расходомеры, манометры (ПК КСС);1;12;;;15.12.2025;;
ПКНФ-001344;15.12.2025;Муфта никелированная 1/2"" ВР, LD Pride LD.67.502.15;Арматура (ПК КСС);2;31;;;15.12.2025;;
ПКНФ-001344;15.12.2025;Насос CDM1-8FSWPC, 0.55кВт, станд. фланец, 3х220В/3х380В, 50Гц, чугун, 70 С;Насосы CNP (ПК КСС);3;3;;;15.12.2025;;
ПКНФ-001344;15.12.2025;Рым-болт DIN 580 М 12;Оцинкованные метизы (ПК КСС);4;35.992;;;15.12.2025;;
ПКНФ-001344;15.12.2025;Преобразователь давления EKF PRT-100-1.6-1.0-G2;Датчики уровня, преобразователи, реле (ПК КСС);1;36;;;15.12.2025;;
ПКНФ-001344;15.12.2025;Кран шаровой латунный 3/4"" ВР, ручка-бабочка, LD Pride 47.20.В-В.Б;Арматура (ПК КСС);1;17;;;15.12.2025;;
ПКНФ-001344;15.12.2025;Шайба оцинк гровер М12 DIN 127;Оцинкованные метизы (ПК КСС);0.044;0.552;;03.06.2024;15.12.2025;;
ПКНФ-001344;15.12.2025;Прокладка (паронит) 25;Полиэтелен, корсис, прагма, НПВХ (ПК КСС);6;127;;;15.12.2025;;
ПКНФ-001344;15.12.2025;Обратный клапан с латунным сердечником 1"", MVI CV.320.06;Арматура (ПК КСС);3;40;;;15.12.2025;;
ПКНФ-001344;15.12.2025;Болт оцинк. М8х30 DIN 933;Оцинкованные метизы (ПК КСС);0.004;0.422;;16.01.2026;15.12.2025;;
ПКНФ-001344;15.12.2025;Гайка шестигр. оц М12 DIN934;Оцинкованные метизы (ПК КСС);0.044;0.791;;03.06.2024;15.12.2025;;
ПКНФ-001344;15.12.2025;Футорка ник. латун. 1/2х 1/4;Арматура (ПК КСС);1;49;;;15.12.2025;;
ПКНФ-001345;15.12.2025;Емкость для холодной питьевой воды Флотенк, 10, нестандартное исполнение (7719.6);Перекупные изделия ЕН;1;0;;;15.12.2025;;
ПКНФ-001346;16.12.2025;Лист 5,0*1500*6000 ст3 (м2);Черные трубы, листы, круги (ПК КСС);0.2;0;;;16.12.2025;;
ПКНФ-001346;16.12.2025;Арматура А-1 6 мм;Черные трубы, листы, круги (ПК КСС);0.5;78.3;;;16.12.2025;;
ПКНФ-001346;16.12.2025;Швеллер 10П ГОСТ 8240-97;Черные трубы, листы, круги (ПК КСС);9;140.1;20.01.2026;11.09.2025;16.12.2025;;
ПКНФ-001346;16.12.2025;Труба 40х40х2 ГОСТ 8639-82;Черные трубы, листы, круги (ПК КСС);1.5;100.2;;;16.12.2025;;
ПКНФ-001346;16.12.2025;Арматура ф 16 А-1 ГОСТ 5781-82 (м);Черные трубы, листы, круги (ПК КСС);0.4;8.7;;24.01.2024;16.12.2025;;
ПКНФ-001353;16.12.2025;Гайка шестигр.М10 оц. DIN934;Оцинкованные метизы (ПК КСС);0.006;0.596;07.10.2024;07.10.2024;16.12.2025;;
ПКНФ-001353;16.12.2025;Заглушка для трубы 20х40 мм пластик;Полиэтелен, корсис, прагма, НПВХ (ПК КСС);2;499;;;16.12.2025;;
ПКНФ-001353;16.12.2025;Болт оцинк. 10х40 DIN933;Оцинкованные метизы (ПК КСС);0.006;0.057;;;16.12.2025;;
ПКНФ-001353;16.12.2025;7841-Лестница;Составные части трубопровода (Пк КСС);1;1;;;16.12.2025;ПКНФ-001354;16.12.2025
ПКНФ-001353;16.12.2025;Шайба плоская оц. М10  DIN 125;Оцинкованные метизы (ПК КСС);0.006;0.656;;25.08.2025;16.12.2025;;
ПКНФ-001353;16.12.2025;Грибок канализационный;Полиэтелен, корсис, прагма, НПВХ (ПК КСС);1;21;;27.01.2026;16.12.2025;;
ПКНФ-001353;16.12.2025;Манжета резиновая переходная D 110/124 Уп., черн;Полиэтелен, корсис, прагма, НПВХ (ПК КСС);1;28;;27.01.2026;16.12.2025;;
ПКНФ-001353;16.12.2025;Муфта Корсис DN200 (OD);Полиэтелен, корсис, прагма, НПВХ (ПК КСС);1;14;;;16.12.2025;;
ПКНФ-001353;16.12.2025;Отвод 90 гр. НПВХ DN110;Полиэтелен, корсис, прагма, НПВХ (ПК КСС);1;50;;;16.12.2025;;
ПКНФ-001353;16.12.2025;Труба 110/3,2/0560 наружная канализация;Полиэтелен, корсис, прагма, НПВХ (ПК КСС);2;141;;;16.12.2025;;
ПКНФ-001353;16.12.2025;Труба 200/4,9/1200 наружная канализация;Полиэтелен, корсис, прагма, НПВХ (ПК КСС);1;11.5;;;16.12.2025;;
ПКНФ-001356;17.12.2025;ZA 80.00 H v.2, Передние и задние элементы цоколя, 200х800 мм (комплект из 2 шт);Корпусы для ШУ;1;1;;;17.12.2025;;
ПКНФ-001356;17.12.2025;ZA 00.60 H v.2, Боковые элементы цоколя 200х600 мм (комплект из 2 шт);Корпусы для ШУ;2;3;;;17.12.2025;;
ПКНФ-001356;17.12.2025;Рубильник 3п 315А без рукоятки управления;Электротовары КСС ШУ;2;2;;;17.12.2025;;
ПКНФ-001356;17.12.2025;Клемма двухуровневая винтовой зажим 4 точки подключения 2.5кв.мм сер.;Электротовары КСС ШУ;58;734;;;17.12.2025;;
ПКНФ-001356;17.12.2025;ZA 120.00 H v.2, Передние и задние элементы цоколя 200х1200, сплошной;Корпусы для ШУ;1;1;;;17.12.2025;;
ПКНФ-001356;17.12.2025;Z 200, Угловой элемент цоколя, 4шт.;Корпусы для ШУ;2;2;;;17.12.2025;;
ПКНФ-001356;17.12.2025;Устройство блокировочное КТЭ 265-500;Электротовары КСС ШУ;1;0;;;17.12.2025;;
ПКНФ-001356;17.12.2025;Рукоятка управления для прямой установки на рубильники 315-400А;Электротовары КСС ШУ;2;2;;14.02.2025;17.12.2025;;
ПКНФ-001356;17.12.2025;Решетка вентиляционная с фильтром 176x176мм IP54;Электротовары КСС ШУ;2;1;;;17.12.2025;;
ПКНФ-001356;17.12.2025;Контактор КТЭ 330А 230В NO;Электротовары КСС ШУ;2;0;;;17.12.2025;;
ПКНФ-001356;17.12.2025;Коробка монтажная ОП 100х100х50 с 6 вводами;Электротовары КСС ШУ;1;0;15.01.2026;24.12.2025;17.12.2025;;
ПКНФ-001356;17.12.2025;Щит настен. 12 мод. (200х255х97) IP41 белый (ЩРН-П-12)/GENERICA;Электротовары КСС ШУ;1;4;15.01.2026;24.12.2025;17.12.2025;;
ПКНФ-001356;17.12.2025;Коробка распределительная ОП безгалогенная (HF) 70х70х40 IP55 Промрукав 40-0200;Электротовары КСС ШУ;12;15;15.01.2026;24.12.2025;17.12.2025;;
ПКНФ-001356;17.12.2025;Изолятор SM-51 680А 15кВ EKF PROxima;Электротовары КСС ШУ;18;18;;;17.12.2025;;
ПКНФ-001356;17.12.2025;Кабель КГтп-ХЛ 4х50;Электротовары КСС ШУ;30;0;;29.12.2025;17.12.2025;;
ПКНФ-001356;17.12.2025;Выключатель 1-кл. ОП Мурманск 10А IP54 сер. EKF EFV10-021-30-54;;1;2;;;17.12.2025;;
ПКНФ-001356;17.12.2025;Шина М1Т 3х15х4000 мм;Электротовары КСС ШУ;4.5;5;;;17.12.2025;;
ПКНФ-001356;17.12.2025;Шина М1Т 3х30х4000 мм;Электротовары КСС ШУ;4.5;5;;;17.12.2025;;
ПКНФ-001356;17.12.2025;Модуль расширения дискретного ввода/вывода ПРМ-24.6;Электротовары КСС ШУ;1;6;;03.02.2026;17.12.2025;;
ПКНФ-001356;17.12.2025;Изолятор SM-40 (M8) силовой с болтом;Электротовары КСС ШУ;12;12;;;17.12.2025;;
ПКНФ-001356;17.12.2025;Кабель-канал перфорированный 40х60 L2000 RL6 G DKC 01163RL;Электротовары КСС ШУ;3.5;59;;;17.12.2025;;
ПКНФ-001356;17.12.2025;Матрица светодиодная AD16-22HS крас. EKF ledm-ad16-r;Электротовары КСС ШУ;2;22;;;17.12.2025;;
ПКНФ-001356;17.12.2025;Провод ПУГВнг(А)-LS 1х0,5 С;Электротовары КСС ШУ;42;1760;;;17.12.2025;;
ПКНФ-001356;17.12.2025;Наконечник штыревой втулочный изол. НШвИ(2) 0.5-8 (уп.50шт);Электротовары КСС ШУ;134;4150;;;17.12.2025;;
ПКНФ-001356;17.12.2025;Шайба плоская оц. М8  DIN 125;Оцинкованные метизы (ПК КСС);0.056;0.336;;16.01.2026;17.12.2025;;
ПКНФ-001356;17.12.2025;Знак ""Земля"" круглый d20мм EKF an-1-04;Электротовары КСС ШУ;2;0;;;17.12.2025;;
ПКНФ-001356;17.12.2025;Наконечник кольцевой изол. НКИ 1.5-6 (уп.50шт);Электротовары КСС ШУ;12;0;;;17.12.2025;;
ПКНФ-001356;17.12.2025;Выключатель автоматический модульный 3п C 6А 4.5кА ВА 47-63;Электротовары КСС ШУ;2;85;;;17.12.2025;;
ПКНФ-001356;17.12.2025;Трубка термоусадочная ТТУ нг-LS 2/1 красн. 1м IEK UDRS-D2-1-K04;Электротовары КСС ШУ;1;90.75;;;17.12.2025;;
ПКНФ-001356;17.12.2025;Трубка термоусадочная ТТУ нг-LS 2/1 желт. 1м IEK UDRS-D2-1-K05;Электротовары КСС ШУ;1.5;86;;;17.12.2025;;
ПКНФ-001356;17.12.2025;Трубка термоусадочная ТТУ нг-LS 2/1 зел. 1м IEK UDRS-D2-1-K06;Электротовары КСС ШУ;1;180.75;;;17.12.2025;;
ПКНФ-001356;17.12.2025;Ограничитель на DIN-рейку 1 винт HDW-211;Электротовары КСС ШУ;28;0;;;17.12.2025;;
ПКНФ-001356;17.12.2025;Выключатель автоматический модульный 1п C 6А 4.5кА ВА 47-63;Электротовары КСС ШУ;7;0;;16.01.2026;17.12.2025;;
ПКНФ-001356;17.12.2025;Кабель-канал перфорированный 25х40 L2000 RL6 G DKC 01163RL;Электротовары КСС ШУ;1.5;34.75;;;17.12.2025;;
ПКНФ-001356;17.12.2025;Механизм блокировки для КМЭ (09А-32А);Электротовары КСС ШУ;2;81;;;17.12.2025;;
ПКНФ-001356;17.12.2025;Переключатель BG33 3P 2NO с замком (не возврат.);Электротовары КСС ШУ;1;44;;;17.12.2025;;
ПКНФ-001356;17.12.2025;Переключатель BD21 2P короткая ручка NO IP65 PROxima EKF xb2-bd21-65;Электротовары КСС ШУ;4;0;;;17.12.2025;;
ПКНФ-001356;17.12.2025;Оповещатель светозвуковой ED16-22BMS 230В;Электротовары КСС ШУ;1;111;;;17.12.2025;;
ПКНФ-001356;17.12.2025;Панель оператора PRO-Screen 7 EKF RSC-7;Электротовары КСС ШУ;1;15;;;17.12.2025;;
ПКНФ-001356;17.12.2025;Держатель маркировки LH 20х25мм;Электротовары КСС ШУ;18;495;;;17.12.2025;;
ПКНФ-001356;17.12.2025;Символ ""Молния"" (треугольник) 50х50х50мм;Электротовары КСС ШУ;1;61;;;17.12.2025;;
ПКНФ-001356;17.12.2025;Контактор КМЭ 9А кат. 220В AC 1НЗ;Электротовары КСС ШУ;4;58;;;17.12.2025;;
ПКНФ-001356;17.12.2025;Кнопка BA21 черн. NO;Электротовары КСС ШУ;2;98;;;17.12.2025;;
ПКНФ-001356;17.12.2025;Выключатель кнопочный ВК21-BS542 1р красный гриб с фиксацией (возврат поворотом);Электротовары КСС ШУ;1;0;;;17.12.2025;;
ПКНФ-001356;17.12.2025;Резистор углеродистый CF-50 (C1-4) 0.5 Вт, 4,7 кОм, 5%;Электротовары КСС ШУ;48;1796;;;17.12.2025;;
ПКНФ-001356;17.12.2025;Модуль расширения дискретного ввода/вывода ПРМ-24.2;Электротовары КСС ШУ;1;14;;03.02.2026;17.12.2025;;
ПКНФ-001356;17.12.2025;Розетка 1-м ОП Эра Эксперт 11-2401-01 16А IP54 16AX 250В 2P+E бел. Эра Б0020712;Электротовары КСС ШУ;3;4;15.01.2026;15.01.2026;17.12.2025;;
ПКНФ-001356;17.12.2025;Вентилятор с фильтром 102 куб.м/ч 176х176мм 220В IP54;Электротовары КСС ШУ;2;1;;;17.12.2025;;
ПКНФ-001356;17.12.2025;Держатель для труб d20 мм;Электротовары КСС ШУ;300;450;15.01.2026;24.12.2025;17.12.2025;;
ПКНФ-001356;17.12.2025;Вентилятор бытовой Эвент Волна 150Сок;Электротовары КСС ШУ;1;4;;;17.12.2025;;
ПКНФ-001356;17.12.2025;Переключатель BG33 3P 2NO короткая ручка;Электротовары КСС ШУ;2;0;;;17.12.2025;;
ПКНФ-001356;17.12.2025;DIN-рейка перфорированная L2000 1мм 35х7,5;Электротовары КСС ШУ;2;25;;;17.12.2025;;
ПКНФ-001356;17.12.2025;Гайка оцинк. DIN 934 М8;Оцинкованные метизы (ПК КСС);0.028;0.1;;;17.12.2025;;
ПКНФ-001356;17.12.2025;Шайба гроверная оц.М6 DIN 127;Оцинкованные метизы (ПК КСС);0.042;0;;;17.12.2025;;
ПКНФ-001356;17.12.2025;Кабель-канал перфорированный 25х60 L2000 RL6 G DKC 01166RL;Электротовары КСС ШУ;2;185.475;;;17.12.2025;;
ПКНФ-001356;17.12.2025;MPS 200.120.60 RAL3020 Шкаф распределительный 2000х1200х600 мм;Корпусы для ШУ;1;0;;;17.12.2025;;
ПКНФ-001356;17.12.2025;Контакт дополнительный к ВА-99 250-400А EKF PROxima;Электротовары КСС ШУ;3;3;;;17.12.2025;;
ПКНФ-001356;17.12.2025;Выключатель автоматический 3п 250/160А 45кА ВА-99C;Электротовары КСС ШУ;3;3;;;17.12.2025;;
ПКНФ-001356;17.12.2025;Труба гофрированная d20 ПВХ серая с зондом н/г легкая;Электротовары КСС ШУ;100;150;15.01.2026;24.12.2025;17.12.2025;;
ПКНФ-001356;17.12.2025;Кабель КГВВнг(А) 3х2,5;Электротовары КСС ШУ;20;20;;25.08.2025;17.12.2025;;
ПКНФ-001356;17.12.2025;Устройство плавного пуска ESQ-GS9-075 (150А, 380В, 75кВт, встроенный шунтирующий контактор);Электротовары КСС ШУ;3;4;;;17.12.2025;;
ПКНФ-001356;17.12.2025;Кабель КГВВнг(А) 3х1,5;Электротовары КСС ШУ;40;48;15.01.2026;24.12.2025;17.12.2025;;
ПКНФ-001356;17.12.2025;Кабель КГВВнг(А)-LS 3х0.75;Электротовары КСС ШУ;26;7;;;17.12.2025;;
ПКНФ-001356;17.12.2025;Выключатель автоматический для защиты двигателя 1.6-2.5А NS2-25 (R) CHINT;Электротовары КСС ШУ;3;0;;;17.12.2025;;
ПКНФ-001356;17.12.2025;Контакт дополнительный поперечный NS2-AE11 (R) CHINT 495968;Электротовары КСС ШУ;3;67;;;17.12.2025;;
ПКНФ-001356;17.12.2025;Термостат NO (охлаждение) на DIN-рейку 10А 230В IP20;Электротовары КСС ШУ;1;27;;;17.12.2025;;
ПКНФ-001356;17.12.2025;Колодка клеммная JXB-2.5/35 серая;Электротовары КСС ШУ;22;24;;;17.12.2025;;
ПКНФ-001356;17.12.2025;Заглушка для JXB-2,5/35 серая;Электротовары КСС ШУ;3;0;;;17.12.2025;;
ПКНФ-001356;17.12.2025;Провод ПуГВнг(А)-LS 1х1,5 Б;Электротовары КСС ШУ;16;316;;;17.12.2025;;
ПКНФ-001356;17.12.2025;Контактор КМЭ 9А 220В/АС3 1НО;Электротовары КСС ШУ;1;64;;;17.12.2025;;
ПКНФ-001356;17.12.2025;Колодка клеммная JXB-2.5/35 синяя;Электротовары КСС ШУ;4;101;;;17.12.2025;;
ПКНФ-001356;17.12.2025;Приставка контактная ПКЭ-11 доп. контакы 1з+1р;Электротовары КСС ШУ;4;91;;;17.12.2025;;
ПКНФ-001356;17.12.2025;MPS 200.80.60 RAL3020 Шкаф распределительный 2000х800х600 мм;Корпусы для ШУ;1;1;;;17.12.2025;;
ПКНФ-001356;17.12.2025;SP 200.60 RAL3020, Панель боковая 2000х600 (комплект из 2шт.);Корпусы для ШУ;1;0;;10.02.2026;17.12.2025;;
ПКНФ-001356;17.12.2025;Кабель КПСЭнг(А)-FRLS 1х2х0.5;Электротовары КСС ШУ;600;3264;15.01.2026;15.01.2026;17.12.2025;;
ПКНФ-001356;17.12.2025;Светильник светодиодный ДПО-108 36Вт 6500К IP40 3600лм 230В 1200мм бел. NEOX 4690612039190;Электротовары КСС ШУ;4;4;;;17.12.2025;;
ПКНФ-001356;17.12.2025;Изолятор торцевой для клемм KRUKB-3-5 DKC D-KRUKB-3-5;Электротовары КСС ШУ;10;231;;;17.12.2025;;
ПКНФ-001356;17.12.2025;Шайба плоская оц. М10  DIN 125;Оцинкованные метизы (ПК КСС);0.032;0.264;;25.08.2025;17.12.2025;;
ПКНФ-001356;17.12.2025;Выключатель автоматический модульный 1п C 25А 4.5кА ВА 47-63;Электротовары КСС ШУ;1;43;;;17.12.2025;;
ПКНФ-001356;17.12.2025;Хомут 2,5х150 нейл. (уп.100 шт);Электротовары КСС ШУ;100;0;;;17.12.2025;;
ПКНФ-001356;17.12.2025;Трубка термоус. ТУТ (HF)-4/2, красн. (уп.100м);Электротовары КСС ШУ;1.5;65.7;;;17.12.2025;;
ПКНФ-001356;17.12.2025;Трубка термоус. ТУТ (HF)-4/2, зел. (уп.100м);Электротовары КСС ШУ;1.5;65.5;;;17.12.2025;;
ПКНФ-001356;17.12.2025;Трубка термоус. ТУТ (HF)-4/2, желт. (уп.100м);Электротовары КСС ШУ;1.5;90.2;;;17.12.2025;;
ПКНФ-001356;17.12.2025;Лента двусторонняя клейкая (скотч), 20 ммх5 м, прозрачная;Электротовары КСС ШУ;4;34;;;17.12.2025;;
ПКНФ-001356;17.12.2025;Лента двусторонняя клейкая (скотч), 12 ммх5 м, прозрачная;Электротовары КСС ШУ;2;42;;;17.12.2025;;
ПКНФ-001356;17.12.2025;Реле контроля наличия и чередования фаз CKF-318-1;Электротовары КСС ШУ;2;58;;;17.12.2025;;
ПКНФ-001356;17.12.2025;Наконечник штыревой втулочный изол. НШвИ 0.5-8 (уп.50шт);Электротовары КСС ШУ;268;16889;;;17.12.2025;;
ПКНФ-001356;17.12.2025;Саморез 4.2х13 металл-металл с прессшайбой сверло цинк (уп.200шт);Электротовары КСС ШУ;42;1156.91;;;17.12.2025;;
ПКНФ-001356;17.12.2025;Маркер для кабеля 0.5-1.5мм символ ""1"" (уп.200шт) ДКС;Электротовары КСС ШУ;52;9928;;;17.12.2025;;
ПКНФ-001356;17.12.2025;Маркер для кабеля 0.5-1.5мм символ ""2"" (уп.200шт) ДКС;Электротовары КСС ШУ;68;5520;;;17.12.2025;;
ПКНФ-001356;17.12.2025;Маркер для кабеля 0.5-1.5мм символ ""3"" (уп.200шт) ДКС;Электротовары КСС ШУ;69;5725;;;17.12.2025;;
ПКНФ-001356;17.12.2025;Маркер для JXB с нумерацией 1-50 (уп.100шт);Электротовары КСС ШУ;200;12597;;;17.12.2025;;
ПКНФ-001356;17.12.2025;Изолятор шинный ""Лесенка"" 600А 12кВ/EKF;Электротовары КСС ШУ;4;4;;04.03.2024;17.12.2025;;
ПКНФ-001356;17.12.2025;Гайка оц М10;Загружены, т.к. есть остатки из УТ (бит);16;0;;;17.12.2025;;
ПКНФ-001356;17.12.2025;Конвектор электрический  BEC/EZMR-1500 НС-1055666 Ballu;Электротовары КСС ШУ;3;3;;;17.12.2025;;
ПКНФ-001356;17.12.2025;Болт оцинк. М10х25 DIN933;Оцинкованные метизы (ПК КСС);0.016;0.1;;25.08.2025;17.12.2025;;
ПКНФ-001356;17.12.2025;HDR-60-24 MW (AC/DC ПРЕОБРАЗОВАТЕЛИ) 24B,2.5A,60Вт;Электротовары КСС ШУ;1;32;;;17.12.2025;;
ПКНФ-001356;17.12.2025;Болт оцинк. М6х20 DIN 933;Оцинкованные метизы (ПК КСС);0.054;0.079;;;17.12.2025;;
ПКНФ-001356;17.12.2025;Гайка оцинк. DIN 934 М6;Оцинкованные метизы (ПК КСС);0.026;0.014;;04.03.2025;17.12.2025;;
ПКНФ-001356;17.12.2025;Кабель-канал перфорированный 15х30 L2000 RL75 G ДКС;Электротовары КСС ШУ;3;60.3;;16.01.2026;17.12.2025;;
ПКНФ-001356;17.12.2025;Колодка клеммная ЕК-2.5/25 JXB земля;Электротовары КСС ШУ;5;125;;08.06.2024;17.12.2025;;
ПКНФ-001356;17.12.2025;Лампа AD-22DS(LED) матрица d22мм желтый 230В;Электротовары КСС ШУ;2;158;;;17.12.2025;;
ПКНФ-001356;17.12.2025;Лампа AD-22DS(LED) матрица d22мм зеленый 230В;Электротовары КСС ШУ;2;44;;;17.12.2025;;
ПКНФ-001356;17.12.2025;Маркер для кабеля 0.5-1.5мм символ ""0"" (уп.200шт) ДКС;Электротовары КСС ШУ;79;7489;;;17.12.2025;;
ПКНФ-001356;17.12.2025;Маркер для кабеля 0.5-1.5мм символ ""4"" (уп.200шт) ДКС;Электротовары КСС ШУ;58;1694;;;17.12.2025;;
ПКНФ-001356;17.12.2025;Маркер для кабеля 0.5-1.5мм символ ""5"" (уп.200шт) ДКС;Электротовары КСС ШУ;54;6424;;;17.12.2025;;
ПКНФ-001356;17.12.2025;Маркер для кабеля 0.5-1.5мм символ ""6"" (уп.200шт) ДКС;Электротовары КСС ШУ;47;6265;;;17.12.2025;;
ПКНФ-001356;17.12.2025;Маркер для кабеля 0.5-1.5мм символ ""7"" (уп.200шт) ДКС;Электротовары КСС ШУ;56;2373;;;17.12.2025;;
ПКНФ-001356;17.12.2025;Маркер для кабеля 0.5-1.5мм символ ""8"" (уп.200шт) ДКС;Электротовары КСС ШУ;67;1824;;;17.12.2025;;
ПКНФ-001356;17.12.2025;Маркер для кабеля 0.5-1.5мм символ ""9"" (уп.200шт) ДКС;Электротовары КСС ШУ;68;1755;;;17.12.2025;;
ПКНФ-001356;17.12.2025;Маркер для JXB с нумерацией 1-10 (уп.100шт);Электротовары КСС ШУ;200;7501;;;17.12.2025;;
ПКНФ-001356;17.12.2025;Наконечник кольцевой НКИ 2.5-6;Электротовары КСС ШУ;8;295;;;17.12.2025;;
ПКНФ-001356;17.12.2025;Наконечник штыревой втулочный НШвИ 1,5-8 (100шт);Электротовары КСС ШУ;32;734;;;17.12.2025;;
ПКНФ-001356;17.12.2025;Провод ПУГВнг(А)-LS 1х0,5 Б;Электротовары КСС ШУ;268;5022;;;17.12.2025;;
ПКНФ-001356;17.12.2025;Провод ПУГВнг(А)-LS 1х0,5 К;Электротовары КСС ШУ;45;1702;;;17.12.2025;;
ПКНФ-001356;17.12.2025;Провод ПУГВнг(А)-LS 1х0,5 Ч;Электротовары КСС ШУ;46;1677;;;17.12.2025;;
ПКНФ-001356;17.12.2025;Провод ПУГВнг(А)-LS 1х1,5 ж/з;Электротовары КСС ШУ;3;548.3;;;17.12.2025;;
ПКНФ-001356;17.12.2025;Провод ПУГВнг(А)-LS 1х2,5 Б;Электротовары КСС ШУ;8;422.5;;;17.12.2025;;
ПКНФ-001356;17.12.2025;Провод ПУГВнг(А)-LS 1х2,5 С;Электротовары КСС ШУ;7;254;;;17.12.2025;;
ПКНФ-001356;17.12.2025;Программируемое реле ПР102-24.2416.03.2;Электротовары КСС ШУ;2;10;;03.02.2026;17.12.2025;;
ПКНФ-001356;17.12.2025;Реле RFT2CO730LT, 2CO, 8A(250VAC/30VDC), 230VAC, LED, мех. инд., тест-кнопка;Электротовары КСС ШУ;11;106;;;17.12.2025;;
ПКНФ-001356;17.12.2025;Спираль монтажная СМ-06-04 (10м);Электротовары КСС ШУ;0.4;6.395;;;17.12.2025;;
ПКНФ-001356;17.12.2025;Термоусаживаемая трубка ТУТнг 25/12,5 желтая (50 м/ролл) TDM;Электротовары КСС ШУ;6;46.5;;;17.12.2025;;
ПКНФ-001356;17.12.2025;Термоусаживаемая трубка ТУТнг 25/12,5 зеленая (50 м/ролл) TDM;Электротовары КСС ШУ;6;46.5;;;17.12.2025;;
ПКНФ-001356;17.12.2025;Термоусаживаемая трубка ТУТнг 25/12,5 красная (50 м/ролл) TDM;Электротовары КСС ШУ;6;46.5;;;17.12.2025;;
ПКНФ-001356;17.12.2025;Цоколь SRU08-E, 10A(300V), черный, на рейку DIN35/панель, для RFT2CO;Электротовары КСС ШУ;11;9;;;17.12.2025;;
ПКНФ-001356;17.12.2025;Кабель КГ 4х1,5;Расходные материалы (ПК КСС);10;25;;;17.12.2025;;
ПКНФ-001356;17.12.2025;Наконечник медный луженый ТМЛ 50-8-11 /КВТ;Электротовары КСС ШУ;28;78;;;17.12.2025;;
ПКНФ-001356;17.12.2025;Наконечник штыревой втулочный изол. НШвИ 2.5-8 (уп.50шт);Электротовары КСС ШУ;10;4481;;25.08.2025;17.12.2025;;
ПКНФ-001356;17.12.2025;Светильник светодиодный 12W/110-240V 4500К 690Лм IP54;Электротовары КСС ШУ;3;0;;;17.12.2025;;
ПКНФ-001356;17.12.2025;Шайба  гровер М8 DIN 127 (А2, DIN 127);Нержавеющие метизы (ПК КСС);0.028;0;;;17.12.2025;;
ПКНФ-001356;17.12.2025;Шайба плоская оц. М6 DIN 125;Оцинкованные метизы (ПК КСС);0.052;0.156;;25.08.2025;17.12.2025;;
ПКНФ-001356;17.12.2025;Наконечник НШвИ(2) 1.5-8 (уп.50шт);Электротовары КСС ШУ;34;5119;;;17.12.2025;;
ПКНФ-001357;17.12.2025;Карабин винтовой 5 мм;Крепеж и цепи, тали (ПК КСС);6;210;;;17.12.2025;;
ПКНФ-001357;17.12.2025;Болт оцинк. М6х40 DIN 933;Оцинкованные метизы (ПК КСС);0.006;0.196;;;17.12.2025;;
ПКНФ-001357;17.12.2025;Обратный клапан фланцевый чугунный шаровый NBR Ду050 Ру10/16 GGG50 ABRA-D-022-NBR-50;Арматура (ПК КСС);2;12;;;17.12.2025;;
ПКНФ-001357;17.12.2025;Болт М12*40 DIN 933 полная резьба  (А2, 12,0, 45,0, DIN 933) ;Нержавеющие метизы (ПК КСС);4;238;;;17.12.2025;;
ПКНФ-001357;17.12.2025;7614.1 - Трубопровод;Составные части трубопровода (Пк КСС);1;0;27.01.2026;;17.12.2025;ПКНФ-000007;12.01.2026
ПКНФ-001357;17.12.2025;7614.1 - Рама под УПМ Балка под крышку;Составные части трубопровода (Пк КСС);1;0;27.01.2026;;17.12.2025;ПКНФ-000008;12.01.2026
ПКНФ-001357;17.12.2025;7614.1 - Направляющие под корзину  Площадка Лестница Балка транспортировочная Корзина;Составные части трубопровода (Пк КСС);1;0;27.01.2026;;17.12.2025;ПКНФ-000009;12.01.2026
ПКНФ-001357;17.12.2025;Скоба такелажная М4;Крепеж и цепи, тали (ПК КСС);6;152;;;17.12.2025;;
ПКНФ-001357;17.12.2025;7614.1 КСС ШУК- 2/3 -0,75кВт АВР+УХЛ1;Шкафы управления (ПК КСС);1;0;27.01.2026;;17.12.2025;;
ПКНФ-001357;17.12.2025;Заглушка для трубы 40х40 мм пластик;Расходные материалы (ПК КСС);2;290;;;17.12.2025;;
ПКНФ-001357;17.12.2025;Болт оцинк. М20х60 DIN933;Оцинкованные метизы (ПК КСС);0.012;0.436;;;17.12.2025;;
ПКНФ-001357;17.12.2025;Задвижка 30ч39р Ду50 Pу16 штурвал;Арматура (ПК КСС);2;8;;;17.12.2025;;
ПКНФ-001357;17.12.2025;Труба 160/4,0/580 наружная канализация;Полиэтелен, корсис, прагма, НПВХ (ПК КСС);1;7.5;;;17.12.2025;;
ПКНФ-001357;17.12.2025;Гайка шестигр. оц. М20 DIN 934 тыс шт;Оцинкованные метизы (ПК КСС);0.012;1.487;;27.06.2024;17.12.2025;;
ПКНФ-001357;17.12.2025;Болт оцинк. М16х80  DIN933;Оцинкованные метизы (ПК КСС);0.036;1.051;;;17.12.2025;;
ПКНФ-001357;17.12.2025;Насос 50WQ10-10-0.75ACW(I), 0.75кВт, без АТМ DN50, с реж.механизмом, 2-х полюс. (ПК);Насосы CNP (ПК КСС);2;0;;;17.12.2025;;
ПКНФ-001357;17.12.2025;Автоматическая трубная муфта для насоса WQ DN50,TOS-50, мощность 0.55кВт и выше (ПК);УПМ СNP (ПК КСС);2;0;;15.01.2026;17.12.2025;;
ПКНФ-001357;17.12.2025;Заглушка для трубы 25х25 мм пластик;Расходные материалы (ПК КСС);2;0;23.04.2024;;17.12.2025;;
ПКНФ-001357;17.12.2025;Шайба гроверная оц. Ф16 DIN 127;Оцинкованные метизы (ПК КСС);0.036;1.034;;27.06.2024;17.12.2025;;
ПКНФ-001357;17.12.2025;Навесной замок с ключом GPLK-50L;Оцинкованные метизы (ПК КСС);1;46;;20.01.2025;17.12.2025;;
ПКНФ-001357;17.12.2025;Муфта Корсис DN160 (OD);Полиэтелен, корсис, прагма, НПВХ (ПК КСС);1;12;;;17.12.2025;;
ПКНФ-001357;17.12.2025;Гайка шестигр. оц М16  (тыс шт);Оцинкованные метизы (ПК КСС);0.036;0.595;;27.06.2024;17.12.2025;;
ПКНФ-001357;17.12.2025;Шпилька М10 L1000 (А2, DIN975);Нержавеющие метизы (ПК КСС);1;21;;;17.12.2025;;
ПКНФ-001357;17.12.2025;Анкерный болт с гайкой 12*120 HNM ПК (тыс);Оцинкованные метизы (ПК КСС);0.01;0.227;;;17.12.2025;;
ПКНФ-001357;17.12.2025;Болт М10*60 DIN 933 полная резьба  (А2, 10,0, 60,0, DIN 933);Нержавеющие метизы (ПК КСС);30;1468;;;17.12.2025;;
ПКНФ-001357;17.12.2025;Болт М12*80 DIN 933 полная резьба  (А2, 12,0, 80,0, DIN 933);Нержавеющие метизы (ПК КСС);8;88;;;17.12.2025;;
ПКНФ-001357;17.12.2025;Болт М16*80 DIN 933 полная резьба  (А2, 16,0, 80,0, DIN 933);Нержавеющие метизы (ПК КСС);8;520;;;17.12.2025;;
ПКНФ-001357;17.12.2025;Гайка М10 DIN 934  (А2, 10,0, DIN 934);Нержавеющие метизы (ПК КСС);34;1030;;19.06.2024;17.12.2025;;
ПКНФ-001357;17.12.2025;Гайка М12 DIN 934  (А2, 12,0, DIN 934);Нержавеющие метизы (ПК КСС);12;1113;;;17.12.2025;;
ПКНФ-001357;17.12.2025;Гайка М16 DIN 934  (А2, 16,0, DIN 934);Нержавеющие метизы (ПК КСС);8;596;15.05.2024;25.04.2024;17.12.2025;;
ПКНФ-001357;17.12.2025;Грибок канализационный;Полиэтелен, корсис, прагма, НПВХ (ПК КСС);1;22;;27.01.2026;17.12.2025;;
ПКНФ-001357;17.12.2025;Карабин винтовой 4 мм;Крепеж и цепи, тали (ПК КСС);6;112;;;17.12.2025;;
ПКНФ-001357;17.12.2025;Манжета резиновая переходная D 110/124 Уп., черн;Полиэтелен, корсис, прагма, НПВХ (ПК КСС);2;30;;27.01.2026;17.12.2025;;
ПКНФ-001357;17.12.2025;Манжета резиновая переходная D 50/72 Уп., черн;Полиэтелен, корсис, прагма, НПВХ (ПК КСС);1;164;;;17.12.2025;;
ПКНФ-001357;17.12.2025;Отвод 90 гр. НПВХ DN110;Полиэтелен, корсис, прагма, НПВХ (ПК КСС);1;50;;;17.12.2025;;
ПКНФ-001357;17.12.2025;Поплавковый выключатель RL-1 10м;Датчики уровня, преобразователи, реле (ПК КСС);4;86;;05.02.2025;17.12.2025;;
ПКНФ-001357;17.12.2025;Прокладка (паронит) 50;Полиэтелен, корсис, прагма, НПВХ (ПК КСС);8;63;;;17.12.2025;;
ПКНФ-001357;17.12.2025;Проушина прямая 30х70мм;Расходные материалы (ПК КСС);2;273;;;17.12.2025;;
ПКНФ-001357;17.12.2025;Рым-гайка DIN 582 М10;Крепеж и цепи, тали (ПК КСС);6;101;;;17.12.2025;;
ПКНФ-001357;17.12.2025;Рым-гайка DIN 582 М6 шт;Крепеж и цепи, тали (ПК КСС);6;4;;;17.12.2025;;
ПКНФ-001357;17.12.2025;Скоба с вкручивающимся штифтом 0,33 т, 1/2т 1/4, тип G209, для насосов до 250 кг;Крепеж и цепи, тали (ПК КСС);6;43;;23.01.2026;17.12.2025;;
ПКНФ-001357;17.12.2025;Труба 110/3,2/0560 наружная канализация;Полиэтелен, корсис, прагма, НПВХ (ПК КСС);2;143;;;17.12.2025;;
ПКНФ-001357;17.12.2025;Труба двустенная для электропроводки d110 с протяжкой(внутр. d94)/ДКС ;Полиэтелен, корсис, прагма, НПВХ (ПК КСС);3;203;;;17.12.2025;;
ПКНФ-001357;17.12.2025;Труба двустенная для электропроводки d50 с протяжкой(внутр. d41,5) [ДКС] (код 19735) 121950;Полиэтелен, корсис, прагма, НПВХ (ПК КСС);3;159;;;17.12.2025;;
ПКНФ-001357;17.12.2025;Цепь короткозвенная 4мм DIN766 оцинк;Крепеж и цепи, тали (ПК КСС);9.7;412.96;;05.07.2024;17.12.2025;;
ПКНФ-001357;17.12.2025;Цепь Т6-6х18 мм ГОСТ 30441-97 (покрытие хим.окс.);Крепеж и цепи, тали (ПК КСС);12.8;207.3;;;17.12.2025;;
ПКНФ-001357;17.12.2025;Шайба  гровер М12 DIN 127 (А2, DIN 127);Нержавеющие метизы (ПК КСС);12;983.964;;;17.12.2025;;
ПКНФ-001357;17.12.2025;Шайба гроверная оц.М20 DIN 127;Оцинкованные метизы (ПК КСС);0.012;1.476;;;17.12.2025;;
ПКНФ-001357;17.12.2025;Шайба М10 DIN 125  (А2, DIN 125);Нержавеющие метизы (ПК КСС);68;672;;;17.12.2025;;
ПКНФ-001357;17.12.2025;Шайба  гровер М10 DIN 127 (А2, DIN 127);Нержавеющие метизы (ПК КСС);34;0;;;17.12.2025;;
ПКНФ-001357;17.12.2025;Шайба М12 DIN 125  (А2, DIN 125);Нержавеющие метизы (ПК КСС);24;626;;;17.12.2025;;
ПКНФ-001357;17.12.2025;Шайба М16 DIN 125  (А2, DIN 125);Нержавеющие метизы (ПК КСС);16;1419;;;17.12.2025;;
ПКНФ-001357;17.12.2025;Шайба гровер М16 DIN 127 (А2, DIN 127);Нержавеющие метизы (ПК КСС);8;2060;;;17.12.2025;;
ПКНФ-001357;17.12.2025;Шайба плоская оц. М6 DIN 125;Оцинкованные метизы (ПК КСС);0.006;0.656;;25.08.2025;17.12.2025;;
ПКНФ-001357;17.12.2025;Шайба плоская оц.М16  DIN 125;Оцинкованные метизы (ПК КСС);0.072;2.428;;27.06.2024;17.12.2025;;
ПКНФ-001357;17.12.2025;Шайба плоская оц.М20  DIN 125;Оцинкованные метизы (ПК КСС);0.024;1.136;;27.06.2024;17.12.2025;;
ПКНФ-001358;17.12.2025;Карабин винтовой 5 мм;Крепеж и цепи, тали (ПК КСС);6;210;;;17.12.2025;;
ПКНФ-001358;17.12.2025;Болт оцинк. М6х40 DIN 933;Оцинкованные метизы (ПК КСС);0.006;0.196;;;17.12.2025;;
ПКНФ-001358;17.12.2025;Болт М12*40 DIN 933 полная резьба  (А2, 12,0, 45,0, DIN 933) ;Нержавеющие метизы (ПК КСС);4;238;;;17.12.2025;;
ПКНФ-001358;17.12.2025;Скоба такелажная М4;Крепеж и цепи, тали (ПК КСС);6;152;;;17.12.2025;;
ПКНФ-001358;17.12.2025;7614.2 КСС ШУКПП- 2/3 -30кВт +УХЛ1;Шкафы управления (ПК КСС);1;0;27.01.2026;;17.12.2025;;
ПКНФ-001358;17.12.2025;Труба 315/7,7/580 наружная канализация;Полиэтелен, корсис, прагма, НПВХ (ПК КСС);1;0;;;17.12.2025;;
ПКНФ-001358;17.12.2025;Заглушка для трубы 40х40 мм пластик;Расходные материалы (ПК КСС);2;290;;;17.12.2025;;
ПКНФ-001358;17.12.2025;Болт оцинк. М20х60 DIN933;Оцинкованные метизы (ПК КСС);0.012;0.436;;;17.12.2025;;
ПКНФ-001358;17.12.2025;Клапан обратный шаровой DN200 PN10 канализационный;Арматура (ПК КСС);2;2;;;17.12.2025;;
ПКНФ-001358;17.12.2025;Гайка шестигр. оц. М20 DIN 934 тыс шт;Оцинкованные метизы (ПК КСС);0.06;1.487;;27.06.2024;17.12.2025;;
ПКНФ-001358;17.12.2025;Болт оцинк. М16х80  DIN933;Оцинкованные метизы (ПК КСС);0.016;1.051;;;17.12.2025;;
ПКНФ-001358;17.12.2025;Насос 150WQ270-16-22AC(I), 22кВт, без АТМ DN150, 4-х полюс. ;Насосы CNP (ПК КСС);2;0;02.03.2026;02.03.2026;17.12.2025;;
ПКНФ-001358;17.12.2025;Автоматическая трубная муфта для насоса WQ DN150, TOS-150, мощность до 22кВт включительно (ПК);УПМ СNP (ПК КСС);2;0;;;17.12.2025;;
ПКНФ-001358;17.12.2025;7614.2 - Трубопровод;Составные части трубопровода (Пк КСС);1;0;11.02.2026;;17.12.2025;ПКНФ-000048;19.01.2026
ПКНФ-001358;17.12.2025;7614.2 - Рама под УПМ, Балка под крышку;Составные части трубопровода (Пк КСС);1;0;11.02.2026;;17.12.2025;ПКНФ-000050;19.01.2026
ПКНФ-001358;17.12.2025;7614.2 - Направляющие под корзину  Площадка Лестница Балка транспортировочная Корзина;Составные части трубопровода (Пк КСС);1;0;11.02.2026;;17.12.2025;ПКНФ-000049;19.01.2026
ПКНФ-001358;17.12.2025;Задвижка 30ч39р Ду200 Pу10 штурвал;Арматура (ПК КСС);2;2;;;17.12.2025;;
ПКНФ-001358;17.12.2025;Заглушка для трубы 25х25 мм пластик;Расходные материалы (ПК КСС);2;0;23.04.2024;;17.12.2025;;
ПКНФ-001358;17.12.2025;Шайба гроверная оц. Ф16 DIN 127;Оцинкованные метизы (ПК КСС);0.016;1.034;;27.06.2024;17.12.2025;;
ПКНФ-001358;17.12.2025;Болт оцинк. М20х80 DIN933;Оцинкованные метизы (ПК КСС);0.048;0.148;;27.06.2024;17.12.2025;;
ПКНФ-001358;17.12.2025;Навесной замок с ключом GPLK-50L;Оцинкованные метизы (ПК КСС);1;46;;20.01.2025;17.12.2025;;
ПКНФ-001358;17.12.2025;Шайба гровер М20 DIN 127 (А2, DIN 127);Нержавеющие метизы (ПК КСС);8;2077;;;17.12.2025;;
ПКНФ-001358;17.12.2025;Муфта Корсис DN315 (OD);Полиэтелен, корсис, прагма, НПВХ (ПК КСС);1;8;;;17.12.2025;;
ПКНФ-001358;17.12.2025;Гайка шестигр. оц М16  (тыс шт);Оцинкованные метизы (ПК КСС);0.016;0.595;;27.06.2024;17.12.2025;;
ПКНФ-001358;17.12.2025;Шпилька М10 L1000 (А2, DIN975);Нержавеющие метизы (ПК КСС);1;21;;;17.12.2025;;
ПКНФ-001358;17.12.2025;Анкерный болт с гайкой 16*180 HNM тыс;Оцинкованные метизы (ПК КСС);0.016;0.586;;10.06.2024;17.12.2025;;
ПКНФ-001358;17.12.2025;Болт М10*60 DIN 933 полная резьба  (А2, 10,0, 60,0, DIN 933);Нержавеющие метизы (ПК КСС);40;1468;;;17.12.2025;;
ПКНФ-001358;17.12.2025;Болт М16*80 DIN 933 полная резьба  (А2, 16,0, 80,0, DIN 933);Нержавеющие метизы (ПК КСС);16;520;;;17.12.2025;;
ПКНФ-001358;17.12.2025;Болт М20*80 DIN 933 полная резьба  (А2, 20,0, 80,0, DIN 933);Нержавеющие метизы (ПК КСС);8;56;;;17.12.2025;;
ПКНФ-001358;17.12.2025;Гайка М10 DIN 934  (А2, 10,0, DIN 934);Нержавеющие метизы (ПК КСС);44;1030;;19.06.2024;17.12.2025;;
ПКНФ-001358;17.12.2025;Гайка М12 DIN 934  (А2, 12,0, DIN 934);Нержавеющие метизы (ПК КСС);4;1113;;;17.12.2025;;
ПКНФ-001358;17.12.2025;Гайка М16 DIN 934  (А2, 16,0, DIN 934);Нержавеющие метизы (ПК КСС);16;596;25.04.2024;25.04.2024;17.12.2025;;
ПКНФ-001358;17.12.2025;Гайка М20 DIN 934  (А2, 20,0, DIN 934);Нержавеющие метизы (ПК КСС);8;263;;;17.12.2025;;
ПКНФ-001358;17.12.2025;Грибок канализационный;Полиэтелен, корсис, прагма, НПВХ (ПК КСС);1;22;;27.01.2026;17.12.2025;;
ПКНФ-001358;17.12.2025;Карабин винтовой 4 мм;Крепеж и цепи, тали (ПК КСС);6;112;;;17.12.2025;;
ПКНФ-001358;17.12.2025;Манжета резиновая переходная D 110/124 Уп., черн;Полиэтелен, корсис, прагма, НПВХ (ПК КСС);2;30;;27.01.2026;17.12.2025;;
ПКНФ-001358;17.12.2025;Манжета резиновая переходная D 50/72 Уп., черн;Полиэтелен, корсис, прагма, НПВХ (ПК КСС);1;164;;;17.12.2025;;
ПКНФ-001358;17.12.2025;Отвод 90 гр. НПВХ DN110;Полиэтелен, корсис, прагма, НПВХ (ПК КСС);1;50;;;17.12.2025;;
ПКНФ-001358;17.12.2025;Поплавковый выключатель RL-1 10м;Датчики уровня, преобразователи, реле (ПК КСС);4;86;;05.02.2025;17.12.2025;;
ПКНФ-001358;17.12.2025;Прокладка (паронит) 150;Полиэтелен, корсис, прагма, НПВХ (ПК КСС);2;56;;;17.12.2025;;
ПКНФ-001358;17.12.2025;Прокладка (паронит) 200;Полиэтелен, корсис, прагма, НПВХ (ПК КСС);6;89;;;17.12.2025;;
ПКНФ-001358;17.12.2025;Проушина прямая 30х70мм;Расходные материалы (ПК КСС);2;273;;;17.12.2025;;
ПКНФ-001358;17.12.2025;Рым-гайка DIN 582 М10;Крепеж и цепи, тали (ПК КСС);6;101;;;17.12.2025;;
ПКНФ-001358;17.12.2025;Рым-гайка DIN 582 М 6;Крепеж и цепи, тали (ПК КСС);0.006;0.111;;17.02.2025;17.12.2025;;
ПКНФ-001358;17.12.2025;Скоба с вкручивающимся штифтом 0,33 т, 1/2т 1/4, тип G209, для насосов до 250 кг;Крепеж и цепи, тали (ПК КСС);6;43;;23.01.2026;17.12.2025;;
ПКНФ-001358;17.12.2025;Труба 110/3,2/0560 наружная канализация;Полиэтелен, корсис, прагма, НПВХ (ПК КСС);2;143;;;17.12.2025;;
ПКНФ-001358;17.12.2025;Труба двустенная для электропроводки d110 с протяжкой(внутр. d94)/ДКС ;Полиэтелен, корсис, прагма, НПВХ (ПК КСС);3;203;;;17.12.2025;;
ПКНФ-001358;17.12.2025;Труба двустенная для электропроводки d50 с протяжкой(внутр. d41,5) [ДКС] (код 19735) 121950;Полиэтелен, корсис, прагма, НПВХ (ПК КСС);3;159;;;17.12.2025;;
ПКНФ-001358;17.12.2025;Цепь короткозвенная 4мм DIN766 оцинк;Крепеж и цепи, тали (ПК КСС);11.7;412.96;;05.07.2024;17.12.2025;;
ПКНФ-001358;17.12.2025;Цепь Т6-6х18 мм ГОСТ 30441-97 (покрытие хим.окс.);Крепеж и цепи, тали (ПК КСС);17.4;207.3;;;17.12.2025;;
ПКНФ-001358;17.12.2025;Шайба  гровер М12 DIN 127 (А2, DIN 127);Нержавеющие метизы (ПК КСС);4;983.964;;;17.12.2025;;
ПКНФ-001358;17.12.2025;Шайба гроверная оц.М20 DIN 127;Оцинкованные метизы (ПК КСС);0.06;1.476;;;17.12.2025;;
ПКНФ-001358;17.12.2025;Шайба М10 DIN 125  (А2, DIN 125);Нержавеющие метизы (ПК КСС);88;672;;;17.12.2025;;
ПКНФ-001358;17.12.2025;Шайба  гровер М10 DIN 127 (А2, DIN 127);Нержавеющие метизы (ПК КСС);44;0;;;17.12.2025;;
ПКНФ-001358;17.12.2025;Шайба М12 DIN 125  (А2, DIN 125);Нержавеющие метизы (ПК КСС);8;626;;;17.12.2025;;
ПКНФ-001358;17.12.2025;Шайба М16 DIN 125  (А2, DIN 125);Нержавеющие метизы (ПК КСС);32;1419;;;17.12.2025;;
ПКНФ-001358;17.12.2025;Шайба гровер М16 DIN 127 (А2, DIN 127);Нержавеющие метизы (ПК КСС);16;2060;;;17.12.2025;;
ПКНФ-001358;17.12.2025;Шайба М20 DIN 125  (А2, DIN 125);Нержавеющие метизы (ПК КСС);16;1550;;;17.12.2025;;
ПКНФ-001358;17.12.2025;Шайба плоская оц. М6 DIN 125;Оцинкованные метизы (ПК КСС);0.006;0.656;;25.08.2025;17.12.2025;;
ПКНФ-001358;17.12.2025;Шайба плоская оц.М16  DIN 125;Оцинкованные метизы (ПК КСС);0.032;2.428;;27.06.2024;17.12.2025;;
ПКНФ-001358;17.12.2025;Шайба плоская оц.М20  DIN 125;Оцинкованные метизы (ПК КСС);0.12;1.136;;27.06.2024;17.12.2025;;
ПКНФ-001359;17.12.2025;3024 - Лестницы;Составные части трубопровода (Пк КСС);1;0;19.01.2026;;17.12.2025;ПКНФ-001456;29.12.2025
ПКНФ-001359;17.12.2025;Труба 110/3,2/2000 наружная канализация;Полиэтелен, корсис, прагма, НПВХ (ПК КСС);1;6;;;17.12.2025;;
ПКНФ-001359;17.12.2025;Заглушка для трубы 25х25 мм пластик;Расходные материалы (ПК КСС);4;0;23.04.2024;;17.12.2025;;
ПКНФ-001359;17.12.2025;Муфта Корсис DN110 (OD);Полиэтелен, корсис, прагма, НПВХ (ПК КСС);2;14;;;17.12.2025;;
ПКНФ-001359;17.12.2025;Заглушка НПВХ DN110;Полиэтелен, корсис, прагма, НПВХ (ПК КСС);1;26;;;17.12.2025;;
ПКНФ-001359;17.12.2025;Болт М10*40 DIN 933 полная резьба  (А2, 10,0, 40,0, DIN 933);Нержавеющие метизы (ПК КСС);10;140;;;17.12.2025;;
ПКНФ-001359;17.12.2025;Гайка М10 DIN 934  (А2, 10,0, DIN 934);Нержавеющие метизы (ПК КСС);10;996;;19.06.2024;17.12.2025;;
ПКНФ-001359;17.12.2025;Грибок канализационный;Полиэтелен, корсис, прагма, НПВХ (ПК КСС);1;22;;27.01.2026;17.12.2025;;
ПКНФ-001359;17.12.2025;Коалесцентный модуль 3М-ОДГ-60/25/0,5;Засыпки и сорбенты для ЛОС, Водоподготовка;4;8;;;17.12.2025;;
ПКНФ-001359;17.12.2025;Манжета резиновая переходная D 110/124 Уп., черн;Полиэтелен, корсис, прагма, НПВХ (ПК КСС);1;29;;27.01.2026;17.12.2025;;
ПКНФ-001359;17.12.2025;Отвод 90 гр. НПВХ DN110;Полиэтелен, корсис, прагма, НПВХ (ПК КСС);1;51;;;17.12.2025;;
ПКНФ-001359;17.12.2025;Труба 110/3,2/0560 наружная канализация;Полиэтелен, корсис, прагма, НПВХ (ПК КСС);2;143;;;17.12.2025;;
ПКНФ-001359;17.12.2025;Шайба М10 DIN 125  (А2, DIN 125);Нержавеющие метизы (ПК КСС);20;604;;;17.12.2025;;
ПКНФ-001359;17.12.2025;Шайба  гровер М10 DIN 127 (А2, DIN 127);Нержавеющие метизы (ПК КСС);10;0;;;17.12.2025;;
ПКНФ-001363;18.12.2025;Лист 5,0*1500*6000 ст3 (м2);Черные трубы, листы, круги (ПК КСС);0.4;0;;;18.12.2025;;
ПКНФ-001363;18.12.2025;Арматура А-1 6 мм;Черные трубы, листы, круги (ПК КСС);1;78.8;;;18.12.2025;;
ПКНФ-001363;18.12.2025;Швеллер 10П ГОСТ 8240-97;Черные трубы, листы, круги (ПК КСС);15;146.1;11.09.2025;11.09.2025;18.12.2025;;
ПКНФ-001363;18.12.2025;Труба 40х40х3 ГОСТ 8639-82;Черные трубы, листы, круги (ПК КСС);2.3;4.7;20.01.2026;16.01.2026;18.12.2025;;
ПКНФ-001363;18.12.2025;Арматура ф 16 А-1 ГОСТ 5781-82 (м);Черные трубы, листы, круги (ПК КСС);4;12.3;;24.01.2024;18.12.2025;;
ПКНФ-001363;18.12.2025;Труба 50х50х3 ГОСТ 8639-82, м.д;Черные трубы, листы, круги (ПК КСС);4;29.8;;16.01.2026;18.12.2025;;
ПКНФ-001364;18.12.2025;Частотный преобразователь ESQ-230-4T-5.5K 5.5кВт, 380В;Электротовары КСС ШУ;3;3;;;18.12.2025;;
ПКНФ-001364;18.12.2025;Коробка монтажная ОП 100х100х50 с 6 вводами;Электротовары КСС ШУ;1;0;15.01.2026;24.12.2025;18.12.2025;;
ПКНФ-001364;18.12.2025;Щит настен. 12 мод. (200х255х97) IP41 белый (ЩРН-П-12)/GENERICA;Электротовары КСС ШУ;1;4;15.01.2026;24.12.2025;18.12.2025;;
ПКНФ-001364;18.12.2025;Коробка распределительная ОП безгалогенная (HF) 70х70х40 IP55 Промрукав 40-0200;Электротовары КСС ШУ;3;15;15.01.2026;24.12.2025;18.12.2025;;
ПКНФ-001364;18.12.2025;Стяжка нейлоновая КСС 3х120 (б) (100шт);Электротовары КСС ШУ;20;0;;;18.12.2025;;
ПКНФ-001364;18.12.2025;Стяжка нейлоновая КСС 4х200 (б) (100шт);Электротовары КСС ШУ;15;0;;;18.12.2025;;
ПКНФ-001364;18.12.2025;Кабель КГ-ХЛ 5х1,5;Электротовары КСС ШУ;1;0;;;18.12.2025;;
ПКНФ-001364;18.12.2025;Кабель КГВВнг(А)-LS 4х1.5;Электротовары КСС ШУ;7;277;;;18.12.2025;;
ПКНФ-001364;18.12.2025;Выключатель 1-кл. ОП Мурманск 10А IP54 сер. EKF EFV10-021-30-54;;1;2;;;18.12.2025;;
ПКНФ-001364;18.12.2025;Провод ПУГВнг(А)-LS 1х0,5 С;Электротовары КСС ШУ;11;1760;;;18.12.2025;;
ПКНФ-001364;18.12.2025;Наконечник штыревой втулочный изол. НШвИ(2) 0.5-8 (уп.50шт);Электротовары КСС ШУ;20;4150;;;18.12.2025;;
ПКНФ-001364;18.12.2025;Знак ""Земля"" круглый d20мм EKF an-1-04;Электротовары КСС ШУ;2;0;;;18.12.2025;;
ПКНФ-001364;18.12.2025;Наконечник кольцевой изол. НКИ 1.5-6 (уп.50шт);Электротовары КСС ШУ;18;0;;;18.12.2025;;
ПКНФ-001364;18.12.2025;Ограничитель на DIN-рейку 1 винт HDW-211;Электротовары КСС ШУ;24;0;;;18.12.2025;;
ПКНФ-001364;18.12.2025;Выключатель автоматический модульный 1п C 6А 4.5кА ВА 47-63;Электротовары КСС ШУ;2;0;;16.01.2026;18.12.2025;;
ПКНФ-001364;18.12.2025;Кабель-канал перфорированный 25х40 L2000 RL6 G DKC 01163RL;Электротовары КСС ШУ;1.5;34.75;;;18.12.2025;;
ПКНФ-001364;18.12.2025;Выключатель нагрузки 3п 40А ВН-63N;Электротовары КСС ШУ;1;10;;;18.12.2025;;
ПКНФ-001364;18.12.2025;Символ ""Молния"" (треугольник) 50х50х50мм;Электротовары КСС ШУ;1;61;;;18.12.2025;;
ПКНФ-001364;18.12.2025;Розетка 1-м ОП Эра Эксперт 11-2401-01 16А IP54 16AX 250В 2P+E бел. Эра Б0020712;Электротовары КСС ШУ;1;4;15.01.2026;15.01.2026;18.12.2025;;
ПКНФ-001364;18.12.2025;DIN-рейка перфорированная L2000 1мм 35х7,5;Электротовары КСС ШУ;0.75;25;;;18.12.2025;;
ПКНФ-001364;18.12.2025;Труба гофрированная d20 ПВХ серая с зондом н/г легкая;Электротовары КСС ШУ;50;150;15.01.2026;24.12.2025;18.12.2025;;
ПКНФ-001364;18.12.2025;Кабель КГВВнг(А) 3х1,5;Электротовары КСС ШУ;8;48;15.01.2026;24.12.2025;18.12.2025;;
ПКНФ-001364;18.12.2025;Кабель КГВВнг(А)-LS 3х0.75;Электротовары КСС ШУ;16;7;;;18.12.2025;;
ПКНФ-001364;18.12.2025;Термостат NO (охлаждение) на DIN-рейку 10А 230В IP20;Электротовары КСС ШУ;1;27;;;18.12.2025;;
ПКНФ-001364;18.12.2025;Колодка клеммная JXB-2.5/35 серая;Электротовары КСС ШУ;27;24;;;18.12.2025;;
ПКНФ-001364;18.12.2025;Заглушка для JXB-2,5/35 серая;Электротовары КСС ШУ;6;0;;;18.12.2025;;
ПКНФ-001364;18.12.2025;Провод ПуГВнг(А)-LS 1х1,5 Б;Электротовары КСС ШУ;25;316;;;18.12.2025;;
ПКНФ-001364;18.12.2025;Колодка клеммная JXB-2.5/35 синяя;Электротовары КСС ШУ;1;101;;;18.12.2025;;
ПКНФ-001364;18.12.2025;Сальник PG21;Электротовары КСС ШУ;1;524;;;18.12.2025;;
ПКНФ-001364;18.12.2025;Колодка клеммная ЕК-16/80 JXB земля;Электротовары КСС ШУ;1;136;;06.12.2024;18.12.2025;;
ПКНФ-001364;18.12.2025;Крышка защитная на 8 модулей под вырез в шкафу MT-WPC8;Электротовары КСС ШУ;1;8;;;18.12.2025;;
ПКНФ-001364;18.12.2025;Программируемое реле ПР200-24.4.2.0;Электротовары КСС ШУ;1;11;;03.02.2026;18.12.2025;;
ПКНФ-001364;18.12.2025;Сальник PG 9;Электротовары КСС ШУ;7;1458;;;18.12.2025;;
ПКНФ-001364;18.12.2025;Выключатель автоматический модульный 3п C 10А 4.5кА ВА 47-63;Электротовары КСС ШУ;3;31;;;18.12.2025;;
ПКНФ-001364;18.12.2025;Выключатель автоматический модульный 3п C 25А 4.5кА ВА 47-63;Электротовары КСС ШУ;1;22;;;18.12.2025;;
ПКНФ-001364;18.12.2025;Трубка термоус. ТУТ (HF)-4/2, красн. (уп.100м);Электротовары КСС ШУ;1.2;65.7;;;18.12.2025;;
ПКНФ-001364;18.12.2025;Трубка термоус. ТУТ (HF)-4/2, зел. (уп.100м);Электротовары КСС ШУ;1.2;65.5;;;18.12.2025;;
ПКНФ-001364;18.12.2025;Трубка термоус. ТУТ (HF)-4/2, желт. (уп.100м);Электротовары КСС ШУ;1.2;90.2;;;18.12.2025;;
ПКНФ-001364;18.12.2025;Колодка клеммная JXB-16/35 син.;Электротовары КСС ШУ;1;94;;06.12.2024;18.12.2025;;
ПКНФ-001364;18.12.2025;Лента двусторонняя клейкая (скотч), 12 ммх5 м, прозрачная;Электротовары КСС ШУ;4;42;;;18.12.2025;;
ПКНФ-001364;18.12.2025;Наконечник штыревой втулочный изол. НШвИ 0.5-8 (уп.50шт);Электротовары КСС ШУ;54;16889;;;18.12.2025;;
ПКНФ-001364;18.12.2025;Наконечник штыревой втулочный изол. НШвИ 1.5-8 (уп.50шт);Электротовары КСС ШУ;58;2578;;;18.12.2025;;
ПКНФ-001364;18.12.2025;Саморез 4.2х13 металл-металл с прессшайбой сверло цинк (уп.200шт);Электротовары КСС ШУ;38;1156.91;;;18.12.2025;;
ПКНФ-001364;18.12.2025;Маркер для кабеля 0.5-1.5мм символ ""1"" (уп.200шт) ДКС;Электротовары КСС ШУ;18;9928;;;18.12.2025;;
ПКНФ-001364;18.12.2025;Маркер для кабеля 0.5-1.5мм символ ""2"" (уп.200шт) ДКС;Электротовары КСС ШУ;14;5520;;;18.12.2025;;
ПКНФ-001364;18.12.2025;Маркер для кабеля 0.5-1.5мм символ ""3"" (уп.200шт) ДКС;Электротовары КСС ШУ;6;5725;;;18.12.2025;;
ПКНФ-001364;18.12.2025;Сальник PG 16 10-14мм IP54;Электротовары КСС ШУ;4;231;;;18.12.2025;;
ПКНФ-001364;18.12.2025;Вентилятор с фильтром 52 м3/ч 124х124 мм;Электротовары КСС ШУ;1;16;;12.10.2025;18.12.2025;;
ПКНФ-001364;18.12.2025;Решетка вентиляционная с фильтром 124x124мм IP54;Электротовары КСС ШУ;1;10;;12.10.2025;18.12.2025;;
ПКНФ-001364;18.12.2025;MES 80.60.30, Шкаф компактный распределительный 800х600х300;Корпусы для ШУ;1;6;;;18.12.2025;;
ПКНФ-001364;18.12.2025;Кабель-канал перфорированный 15х30 L2000 RL75 G ДКС;Электротовары КСС ШУ;0.3;60.3;;16.01.2026;18.12.2025;;
ПКНФ-001364;18.12.2025;Колодка клеммная ЕК-2.5/25 JXB земля;Электротовары КСС ШУ;4;125;;08.06.2024;18.12.2025;;
ПКНФ-001364;18.12.2025;Маркер для кабеля 0.5-1.5мм символ ""0"" (уп.200шт) ДКС;Электротовары КСС ШУ;7;7489;;;18.12.2025;;
ПКНФ-001364;18.12.2025;Маркер для кабеля 0.5-1.5мм символ ""4"" (уп.200шт) ДКС;Электротовары КСС ШУ;14;1694;;;18.12.2025;;
ПКНФ-001364;18.12.2025;Маркер для кабеля 0.5-1.5мм символ ""5"" (уп.200шт) ДКС;Электротовары КСС ШУ;6;6424;;;18.12.2025;;
ПКНФ-001364;18.12.2025;Маркер для кабеля 0.5-1.5мм символ ""6"" (уп.200шт) ДКС;Электротовары КСС ШУ;6;6265;;;18.12.2025;;
ПКНФ-001364;18.12.2025;Маркер для кабеля 0.5-1.5мм символ ""7"" (уп.200шт) ДКС;Электротовары КСС ШУ;6;2373;;;18.12.2025;;
ПКНФ-001364;18.12.2025;Маркер для кабеля 0.5-1.5мм символ ""8"" (уп.200шт) ДКС;Электротовары КСС ШУ;4;1824;;;18.12.2025;;
ПКНФ-001364;18.12.2025;Маркер для кабеля 0.5-1.5мм символ ""9"" (уп.200шт) ДКС;Электротовары КСС ШУ;6;1755;;;18.12.2025;;
ПКНФ-001364;18.12.2025;Маркер для JXB с нумерацией 1-10 (уп.100шт);Электротовары КСС ШУ;1;7501;;;18.12.2025;;
ПКНФ-001364;18.12.2025;Наконечник штыревой втулочный изол. НШвИ(2) 2.5-10 (уп.50шт);Электротовары КСС ШУ;26;2797;;;18.12.2025;;
ПКНФ-001364;18.12.2025;Провод ПУГВнг(А)-LS 1х0,5 Б;Электротовары КСС ШУ;33;5022;;;18.12.2025;;
ПКНФ-001364;18.12.2025;Провод ПУГВнг(А)-LS 1х0,5 К;Электротовары КСС ШУ;16;1702;;;18.12.2025;;
ПКНФ-001364;18.12.2025;Провод ПУГВнг(А)-LS 1х0,5 Ч;Электротовары КСС ШУ;16;1677;;;18.12.2025;;
ПКНФ-001364;18.12.2025;Провод ПУГВнг(А)-LS 1х1,5 ж/з;Электротовары КСС ШУ;8;548.3;;;18.12.2025;;
ПКНФ-001364;18.12.2025;Провод ПУГВнг(А)-LS 1х2,5 Б;Электротовары КСС ШУ;12;422.5;;;18.12.2025;;
ПКНФ-001364;18.12.2025;Провод ПУГВнг(А)-LS 1х2,5 С;Электротовары КСС ШУ;3;254;;;18.12.2025;;
ПКНФ-001364;18.12.2025;Спираль монтажная СМ-06-04 (10м);Электротовары КСС ШУ;1;6.395;;;18.12.2025;;
ПКНФ-001364;18.12.2025;Держатель для труб d20;Электротовары КСС ШУ;100;150;;;18.12.2025;;
ПКНФ-001364;18.12.2025;Наконечник штыревой втулочный изол. НШвИ 2.5-8 (уп.50шт);Электротовары КСС ШУ;12;4481;;25.08.2025;18.12.2025;;
ПКНФ-001364;18.12.2025;Провод ШВВП 2х0,75 белый;Электротовары КСС ШУ;9;227;;;18.12.2025;;
ПКНФ-001364;18.12.2025;Светильник светодиодный 12W/110-240V 4500К 690Лм IP54;Электротовары КСС ШУ;3;0;;;18.12.2025;;
ПКНФ-001364;18.12.2025;HDR-30-24 Блок питания, 24В,1.5А,36Вт;Электротовары КСС ШУ;1;23;;;18.12.2025;;
ПКНФ-001364;18.12.2025;Наконечник НШвИ(2) 1.5-8 (уп.50шт);Электротовары КСС ШУ;28;5119;;;18.12.2025;;
ПКНФ-001366;18.12.2025;Выключатель нагрузки 3п 20А ВН-32N;Электротовары КСС ШУ;2;16;;;18.12.2025;;
ПКНФ-001366;18.12.2025;Провод ПУГВнг(А)-LS 1х0,5 С;Электротовары КСС ШУ;18;1760;;;18.12.2025;;
ПКНФ-001366;18.12.2025;Наконечник штыревой втулочный изол. НШвИ(2) 0.5-8 (уп.50шт);Электротовары КСС ШУ;54;4150;;;18.12.2025;;
ПКНФ-001366;18.12.2025;Знак ""Земля"" круглый d20мм EKF an-1-04;Электротовары КСС ШУ;2;0;;;18.12.2025;;
ПКНФ-001366;18.12.2025;Наконечник кольцевой изол. НКИ 1.5-6 (уп.50шт);Электротовары КСС ШУ;4;0;;;18.12.2025;;
ПКНФ-001366;18.12.2025;Термостат NC (обогрев) на DIN-рейку 10А 230В IP20;Электротовары КСС ШУ;1;45;;;18.12.2025;;
ПКНФ-001366;18.12.2025;Выключатель автоматический модульный 3п C 6А 4.5кА ВА 47-63;Электротовары КСС ШУ;2;85;;;18.12.2025;;
ПКНФ-001366;18.12.2025;Выключатель автоматический для защиты двигателя АПД-32 1.6-2.5А;Электротовары КСС ШУ;2;46;;;18.12.2025;;
ПКНФ-001366;18.12.2025;Трубка термоусадочная ТТУ нг-LS 2/1 красн. 1м IEK UDRS-D2-1-K04;Электротовары КСС ШУ;1;90.75;;;18.12.2025;;
ПКНФ-001366;18.12.2025;Трубка термоусадочная ТТУ нг-LS 2/1 желт. 1м IEK UDRS-D2-1-K05;Электротовары КСС ШУ;1.5;86;;;18.12.2025;;
ПКНФ-001366;18.12.2025;Трубка термоусадочная ТТУ нг-LS 2/1 зел. 1м IEK UDRS-D2-1-K06;Электротовары КСС ШУ;1;180.75;;;18.12.2025;;
ПКНФ-001366;18.12.2025;Ограничитель на DIN-рейку 1 винт HDW-211;Электротовары КСС ШУ;24;0;;;18.12.2025;;
ПКНФ-001366;18.12.2025;Выключатель автоматический модульный 1п C 6А 4.5кА ВА 47-63;Электротовары КСС ШУ;4;0;;16.01.2026;18.12.2025;;
ПКНФ-001366;18.12.2025;Кабель-канал перфорированный 25х40 L2000 RL6 G DKC 01163RL;Электротовары КСС ШУ;1;34.75;;;18.12.2025;;
ПКНФ-001366;18.12.2025;Шина нулевая ""N"" на DIN-рейку в корпусе 4х7 групп;Электротовары КСС ШУ;1;34;;;18.12.2025;;
ПКНФ-001366;18.12.2025;Механизм блокировки для КМЭ (09А-32А);Электротовары КСС ШУ;1;81;;;18.12.2025;;
ПКНФ-001366;18.12.2025;Держатель маркировки LH 20х25мм;Электротовары КСС ШУ;15;495;;;18.12.2025;;
ПКНФ-001366;18.12.2025;Символ ""Молния"" (треугольник) 50х50х50мм;Электротовары КСС ШУ;1;61;;;18.12.2025;;
ПКНФ-001366;18.12.2025;Контактор КМЭ 9А кат. 220В AC 1НЗ;Электротовары КСС ШУ;2;58;;;18.12.2025;;
ПКНФ-001366;18.12.2025;Переключатель BG33 3P 2NO короткая ручка;Электротовары КСС ШУ;2;0;;;18.12.2025;;
ПКНФ-001366;18.12.2025;DIN-рейка перфорированная L2000 1мм 35х7,5;Электротовары КСС ШУ;1;25;;;18.12.2025;;
ПКНФ-001366;18.12.2025;Шайба гроверная оц.М6 DIN 127;Оцинкованные метизы (ПК КСС);0.002;0;;;18.12.2025;;
ПКНФ-001366;18.12.2025;Кабель-канал перфорированный 25х60 L2000 RL6 G DKC 01166RL;Электротовары КСС ШУ;2.5;185.475;;;18.12.2025;;
ПКНФ-001366;18.12.2025;Контакт дополнительный поперечный NS2-AE11 (R) CHINT 495968;Электротовары КСС ШУ;2;67;;;18.12.2025;;
ПКНФ-001366;18.12.2025;Колодка клеммная JXB-2.5/35 серая;Электротовары КСС ШУ;25;24;;;18.12.2025;;
ПКНФ-001366;18.12.2025;Заглушка для JXB-2,5/35 серая;Электротовары КСС ШУ;6;0;;;18.12.2025;;
ПКНФ-001366;18.12.2025;Провод ПуГВнг(А)-LS 1х1,5 Б;Электротовары КСС ШУ;15;316;;;18.12.2025;;
ПКНФ-001366;18.12.2025;Контактор КМЭ 9А 220В/АС3 1НО;Электротовары КСС ШУ;2;64;;;18.12.2025;;
ПКНФ-001366;18.12.2025;Колодка клеммная JXB-2.5/35 синяя;Электротовары КСС ШУ;2;101;;;18.12.2025;;
ПКНФ-001366;18.12.2025;Сальник PG21;Электротовары КСС ШУ;2;524;;;18.12.2025;;
ПКНФ-001366;18.12.2025;Сальник PG 9;Электротовары КСС ШУ;4;1458;;;18.12.2025;;
ПКНФ-001366;18.12.2025;Хомут 2,5х150 нейл. (уп.100 шт);Электротовары КСС ШУ;30;0;;;18.12.2025;;
ПКНФ-001366;18.12.2025;Трубка термоус. ТУТ (HF)-4/2, красн. (уп.100м);Электротовары КСС ШУ;1.5;65.7;;;18.12.2025;;
ПКНФ-001366;18.12.2025;Трубка термоус. ТУТ (HF)-4/2, зел. (уп.100м);Электротовары КСС ШУ;1.5;65.5;;;18.12.2025;;
ПКНФ-001366;18.12.2025;Трубка термоус. ТУТ (HF)-4/2, желт. (уп.100м);Электротовары КСС ШУ;1.5;90.2;;;18.12.2025;;
ПКНФ-001366;18.12.2025;Колодка клеммная JXB-16/35 син.;Электротовары КСС ШУ;1;94;;06.12.2024;18.12.2025;;
ПКНФ-001366;18.12.2025;Лента двусторонняя клейкая (скотч), 20 ммх5 м, прозрачная;Электротовары КСС ШУ;2;34;;;18.12.2025;;
ПКНФ-001366;18.12.2025;Лента двусторонняя клейкая (скотч), 12 ммх5 м, прозрачная;Электротовары КСС ШУ;2;42;;;18.12.2025;;
ПКНФ-001366;18.12.2025;Реле контроля наличия и чередования фаз CKF-318-1;Электротовары КСС ШУ;2;58;;;18.12.2025;;
ПКНФ-001366;18.12.2025;Наконечник штыревой втулочный изол. НШвИ 0.5-8 (уп.50шт);Электротовары КСС ШУ;78;16889;;;18.12.2025;;
ПКНФ-001366;18.12.2025;Наконечник штыревой втулочный изол. НШвИ 1.5-8 (уп.50шт);Электротовары КСС ШУ;56;2578;;;18.12.2025;;
ПКНФ-001366;18.12.2025;Саморез 4.2х13 металл-металл с прессшайбой сверло цинк (уп.200шт);Электротовары КСС ШУ;42;1156.91;;;18.12.2025;;
ПКНФ-001366;18.12.2025;Маркер для кабеля 0.5-1.5мм символ ""1"" (уп.200шт) ДКС;Электротовары КСС ШУ;41;9928;;;18.12.2025;;
ПКНФ-001366;18.12.2025;Маркер для кабеля 0.5-1.5мм символ ""2"" (уп.200шт) ДКС;Электротовары КСС ШУ;43;5520;;;18.12.2025;;
ПКНФ-001366;18.12.2025;Маркер для кабеля 0.5-1.5мм символ ""3"" (уп.200шт) ДКС;Электротовары КСС ШУ;35;5725;;;18.12.2025;;
ПКНФ-001366;18.12.2025;Обогреватель на DIN-рейку клеммный 15Вт 230В IP20;Электротовары КСС ШУ;1;12;;16.01.2026;18.12.2025;;
ПКНФ-001366;18.12.2025;Сальник PG 16 10-14мм IP54;Электротовары КСС ШУ;2;231;;;18.12.2025;;
ПКНФ-001366;18.12.2025;Болт оцинк. М6х20 DIN 933;Оцинкованные метизы (ПК КСС);0.001;0.079;;;18.12.2025;;
ПКНФ-001366;18.12.2025;Гайка оцинк. DIN 934 М6;Оцинкованные метизы (ПК КСС);0.002;0.014;;04.03.2025;18.12.2025;;
ПКНФ-001366;18.12.2025;ID 70.50, Дверь внутренняя для шкафов MEV;Корпусы для ШУ;1;4;;;18.12.2025;;
ПКНФ-001366;18.12.2025;MES 70.50.25, Шкаф компактный распределительный 700х500х250;Корпусы для ШУ;1;4;;;18.12.2025;;
ПКНФ-001366;18.12.2025;RKE4CO024LT Реле 4CO, 5A (250VAC/30VDC), 24VDC, мех. индикация, тест-кнопка с блокировкой, LED;Электротовары КСС ШУ;4;119;;;18.12.2025;;
ПКНФ-001366;18.12.2025;RKE4CO730LT Реле 4CO, 5A (250VAC/30VDC), 230VAC, мех. индикация, тест-кнопка с блокировкой, LED;Электротовары КСС ШУ;2;86;;;18.12.2025;;
ПКНФ-001366;18.12.2025;Арматура светосигнальная AD22DS(LED) 230В AC/DC d22 желтая;Электротовары КСС ШУ;2;0;;;18.12.2025;;
ПКНФ-001366;18.12.2025;Арматура светосигнальная AD22DS(LED) 230В AC/DC d22 красная;Электротовары КСС ШУ;3;0;;;18.12.2025;;
ПКНФ-001366;18.12.2025;Зажим наборный ЗНИ-2,5PEN 2,5мм2 (JXB-земля);Электротовары КСС ШУ;4;157;;;18.12.2025;;
ПКНФ-001366;18.12.2025;Маркер для кабеля 0.5-1.5мм символ ""0"" (уп.200шт) ДКС;Электротовары КСС ШУ;29;7489;;;18.12.2025;;
ПКНФ-001366;18.12.2025;Маркер для кабеля 0.5-1.5мм символ ""4"" (уп.200шт) ДКС;Электротовары КСС ШУ;38;1694;;;18.12.2025;;
ПКНФ-001366;18.12.2025;Маркер для кабеля 0.5-1.5мм символ ""5"" (уп.200шт) ДКС;Электротовары КСС ШУ;17;6424;;;18.12.2025;;
ПКНФ-001366;18.12.2025;Маркер для кабеля 0.5-1.5мм символ ""6"" (уп.200шт) ДКС;Электротовары КСС ШУ;21;6265;;;18.12.2025;;
ПКНФ-001366;18.12.2025;Маркер для кабеля 0.5-1.5мм символ ""7"" (уп.200шт) ДКС;Электротовары КСС ШУ;18;2373;;;18.12.2025;;
ПКНФ-001366;18.12.2025;Маркер для кабеля 0.5-1.5мм символ ""8"" (уп.200шт) ДКС;Электротовары КСС ШУ;28;1824;;;18.12.2025;;
ПКНФ-001366;18.12.2025;Маркер для кабеля 0.5-1.5мм символ ""9"" (уп.200шт) ДКС;Электротовары КСС ШУ;34;1755;;;18.12.2025;;
ПКНФ-001366;18.12.2025;Маркер для JXB с нумерацией 1-10 (уп.100шт);Электротовары КСС ШУ;200;7501;;;18.12.2025;;
ПКНФ-001366;18.12.2025;Провод ПУГВнг(А)-LS 1х0,5 Б;Электротовары КСС ШУ;59;5022;;;18.12.2025;;
ПКНФ-001366;18.12.2025;Провод ПУГВнг(А)-LS 1х0,5 К;Электротовары КСС ШУ;18;1702;;;18.12.2025;;
ПКНФ-001366;18.12.2025;Провод ПУГВнг(А)-LS 1х0,5 Ч;Электротовары КСС ШУ;22;1677;;;18.12.2025;;
ПКНФ-001366;18.12.2025;Провод ПУГВнг(А)-LS 1х1,5 ж/з;Электротовары КСС ШУ;1.5;548.3;;;18.12.2025;;
ПКНФ-001366;18.12.2025;Провод силовой ПУГВнг(А)-LS 1х1,5 С;Электротовары КСС ШУ;3;0;;;18.12.2025;;
ПКНФ-001366;18.12.2025;Программируемое реле ПР200-24.2.2.0;Электротовары КСС ШУ;1;11;;;18.12.2025;;
ПКНФ-001366;18.12.2025;Спираль монтажная СМ-06-04 (10м);Электротовары КСС ШУ;0.15;6.395;;;18.12.2025;;
ПКНФ-001366;18.12.2025;Цоколь SKC14-E, 10A(300V), черный, на рейку DIN35/панель, для RKE4CO, RKF4CO;Электротовары КСС ШУ;4;23;;;18.12.2025;;
ПКНФ-001366;18.12.2025;Шайба плоская оц. М6 DIN 125;Оцинкованные метизы (ПК КСС);0.003;0.156;;25.08.2025;18.12.2025;;
ПКНФ-001366;18.12.2025;HDR-30-24 Блок питания, 24В,1.5А,36Вт;Электротовары КСС ШУ;1;23;;;18.12.2025;;
ПКНФ-001366;18.12.2025;Арматура светосигнальная AD22DS(LED) 230В AC/DC d22 зеленая;Электротовары КСС ШУ;5;0;;;18.12.2025;;
ПКНФ-001366;18.12.2025;Наконечник НШвИ(2) 1.5-8 (уп.50шт);Электротовары КСС ШУ;26;5119;;;18.12.2025;;
ПКНФ-001367;18.12.2025;Кабель-канал перфорированный 40х60 L2000 RL6 G DKC 01163RL;Электротовары КСС ШУ;4;59;;;18.12.2025;;
ПКНФ-001367;18.12.2025;MES 100.80.30 RAL3020 Шкаф компактный распределительный 1000х800х300;Корпусы для ШУ;1;4;;;18.12.2025;;
ПКНФ-001367;18.12.2025;Матрица светодиодная AD16-22HS 230В AC IP65 зел. PROxima EKF ledm-ad16-g-65;Электротовары КСС ШУ;8;190;;;18.12.2025;;
ПКНФ-001367;18.12.2025;Провод ПУГВнг(А)-LS 1х0,5 С;Электротовары КСС ШУ;24;1760;;;18.12.2025;;
ПКНФ-001367;18.12.2025;Наконечник штыревой втулочный изол. НШвИ(2) 0.5-8 (уп.50шт);Электротовары КСС ШУ;58;4150;;;18.12.2025;;
ПКНФ-001367;18.12.2025;Знак ""Земля"" круглый d20мм EKF an-1-04;Электротовары КСС ШУ;2;0;;;18.12.2025;;
ПКНФ-001367;18.12.2025;Наконечник кольцевой изол. НКИ 1.5-6 (уп.50шт);Электротовары КСС ШУ;4;0;;;18.12.2025;;
ПКНФ-001367;18.12.2025;Выключатель автоматический модульный 3п C 6А 4.5кА ВА 47-63;Электротовары КСС ШУ;1;85;;;18.12.2025;;
ПКНФ-001367;18.12.2025;Трубка термоусадочная ТТУ нг-LS 2/1 красн. 1м IEK UDRS-D2-1-K04;Электротовары КСС ШУ;1;90.75;;;18.12.2025;;
ПКНФ-001367;18.12.2025;Трубка термоусадочная ТТУ нг-LS 2/1 желт. 1м IEK UDRS-D2-1-K05;Электротовары КСС ШУ;1.5;86;;;18.12.2025;;
ПКНФ-001367;18.12.2025;Трубка термоусадочная ТТУ нг-LS 2/1 зел. 1м IEK UDRS-D2-1-K06;Электротовары КСС ШУ;1;180.75;;;18.12.2025;;
ПКНФ-001367;18.12.2025;Ограничитель на DIN-рейку 1 винт HDW-211;Электротовары КСС ШУ;30;0;;;18.12.2025;;
ПКНФ-001367;18.12.2025;Выключатель автоматический модульный 1п C 6А 4.5кА ВА 47-63;Электротовары КСС ШУ;7;0;;16.01.2026;18.12.2025;;
ПКНФ-001367;18.12.2025;Кабель-канал перфорированный 25х40 L2000 RL6 G DKC 01163RL;Электротовары КСС ШУ;2;34.75;;;18.12.2025;;
ПКНФ-001367;18.12.2025;Держатель маркировки LH 20х25мм;Электротовары КСС ШУ;13;495;;;18.12.2025;;
ПКНФ-001367;18.12.2025;Символ ""Молния"" (треугольник) 50х50х50мм;Электротовары КСС ШУ;1;61;;;18.12.2025;;
ПКНФ-001367;18.12.2025;Термостат NO+NC (охлаждение и обогрев) на DIN-рейку 10A 230В IP20;Электротовары КСС ШУ;1;24;;;18.12.2025;;
ПКНФ-001367;18.12.2025;Саморез 4.2х25 металл-металл с прессшайбой сверло цинк (уп.200шт);Электротовары КСС ШУ;10;542;;;18.12.2025;;
ПКНФ-001367;18.12.2025;Переключатель BG33 3P 2NO короткая ручка;Электротовары КСС ШУ;2;0;;;18.12.2025;;
ПКНФ-001367;18.12.2025;DIN-рейка перфорированная L2000 1мм 35х7,5;Электротовары КСС ШУ;2;25;;;18.12.2025;;
ПКНФ-001367;18.12.2025;Шайба гроверная оц.М6 DIN 127;Оцинкованные метизы (ПК КСС);0.002;0;;;18.12.2025;;
ПКНФ-001367;18.12.2025;Наконечник медный луженый ТМЛ 16-8-6 (90гр);Электротовары КСС ШУ;8;350;;;18.12.2025;;
ПКНФ-001367;18.12.2025;Устройство плавного пуска ESQ-GS9-030 (60А, 380В, 30кВт, встроенный шунтирующий контактор);Электротовары КСС ШУ;2;0;;;18.12.2025;;
ПКНФ-001367;18.12.2025;Выключатель автоматический для защиты двигателя 40-63А NS2-80B (R) CHINT 495088;Электротовары КСС ШУ;2;7;;;18.12.2025;;
ПКНФ-001367;18.12.2025;Контакт дополнительный NS2-AU11 для NS2-80B (длинный шток) (R) CHINT 495972;Электротовары КСС ШУ;3;21;;09.02.2026;18.12.2025;;
ПКНФ-001367;18.12.2025;Колодка клеммная JXB-2.5/35 серая;Электротовары КСС ШУ;26;24;;;18.12.2025;;
ПКНФ-001367;18.12.2025;Заглушка для JXB-2,5/35 серая;Электротовары КСС ШУ;3;0;;;18.12.2025;;
ПКНФ-001367;18.12.2025;Колодка клеммная JXB-35/35 синяя;Электротовары КСС ШУ;1;85;;;18.12.2025;;
ПКНФ-001367;18.12.2025;Сальник PG 29 (d проводника 18-24мм, D резьбовой 36мм) IP54;Электротовары КСС ШУ;2;0;;;18.12.2025;;
ПКНФ-001367;18.12.2025;Колодка клеммная JXB-16/35 серая;Электротовары КСС ШУ;6;0;;;18.12.2025;;
ПКНФ-001367;18.12.2025;Сальник PG 9;Электротовары КСС ШУ;4;1458;;;18.12.2025;;
ПКНФ-001367;18.12.2025;Провод ПуГВнг(А)-LS 1х16 С;Электротовары КСС ШУ;3;14;;;18.12.2025;;
ПКНФ-001367;18.12.2025;Наконечник штыревой втулочный изол. НШвИ 16.0-12 (уп.50шт);Электротовары КСС ШУ;30;952;;;18.12.2025;;
ПКНФ-001367;18.12.2025;Хомут 2,5х150 нейл. (уп.100 шт);Электротовары КСС ШУ;50;0;;;18.12.2025;;
ПКНФ-001367;18.12.2025;Трубка термоус. ТУТ (HF)-16/8, красн. (уп.50м);Электротовары КСС ШУ;1;38;;;18.12.2025;;
ПКНФ-001367;18.12.2025;Сальник PG 42 32-38мм IP54;Электротовары КСС ШУ;1;64;;;18.12.2025;;
ПКНФ-001367;18.12.2025;Выключатель нагрузки 3п 63А ВН-63N;Электротовары КСС ШУ;1;21;;;18.12.2025;;
ПКНФ-001367;18.12.2025;Обогреватель на DIN-рейку клеммный 60Вт 230В IP20;Электротовары КСС ШУ;1;6;;;18.12.2025;;
ПКНФ-001367;18.12.2025;Лента двусторонняя клейкая (скотч), 20 ммх5 м, прозрачная;Электротовары КСС ШУ;2;34;;;18.12.2025;;
ПКНФ-001367;18.12.2025;Лента двусторонняя клейкая (скотч), 12 ммх5 м, прозрачная;Электротовары КСС ШУ;2;42;;;18.12.2025;;
ПКНФ-001367;18.12.2025;Реле контроля наличия и чередования фаз CKF-318-1;Электротовары КСС ШУ;1;58;;;18.12.2025;;
ПКНФ-001367;18.12.2025;Наконечник штыревой втулочный изол. НШвИ 0.5-8 (уп.50шт);Электротовары КСС ШУ;125;16889;;;18.12.2025;;
ПКНФ-001367;18.12.2025;Саморез 4.2х13 металл-металл с прессшайбой сверло цинк (уп.200шт);Электротовары КСС ШУ;42;1156.91;;;18.12.2025;;
ПКНФ-001367;18.12.2025;Маркер для кабеля 0.5-1.5мм символ ""1"" (уп.200шт) ДКС;Электротовары КСС ШУ;52;9928;;;18.12.2025;;
ПКНФ-001367;18.12.2025;Маркер для кабеля 0.5-1.5мм символ ""2"" (уп.200шт) ДКС;Электротовары КСС ШУ;68;5520;;;18.12.2025;;
ПКНФ-001367;18.12.2025;Маркер для кабеля 0.5-1.5мм символ ""3"" (уп.200шт) ДКС;Электротовары КСС ШУ;69;5725;;;18.12.2025;;
ПКНФ-001367;18.12.2025;Маркер для JXB с нумерацией 1-50 (уп.100шт);Электротовары КСС ШУ;100;12597;;;18.12.2025;;
ПКНФ-001367;18.12.2025;Сальник PG 16 10-14мм IP54;Электротовары КСС ШУ;2;231;;;18.12.2025;;
ПКНФ-001367;18.12.2025;Вентилятор с фильтром 52 м3/ч 124х124 мм;Электротовары КСС ШУ;1;16;;12.10.2025;18.12.2025;;
ПКНФ-001367;18.12.2025;Решетка вентиляционная с фильтром 124x124мм IP54;Электротовары КСС ШУ;1;10;;12.10.2025;18.12.2025;;
ПКНФ-001367;18.12.2025;Болт оцинк. М6х20 DIN 933;Оцинкованные метизы (ПК КСС);0.001;0.079;;;18.12.2025;;
ПКНФ-001367;18.12.2025;Гайка оцинк. DIN 934 М6;Оцинкованные метизы (ПК КСС);0.002;0.014;;04.03.2025;18.12.2025;;
ПКНФ-001367;18.12.2025;ID 100.80, Дверь внутренняя глухая для корпуса MEV 1000х800;Корпусы для ШУ;1;2;;;18.12.2025;;
ПКНФ-001367;18.12.2025;RKE4CO024LT Реле 4CO, 5A (250VAC/30VDC), 24VDC, мех. индикация, тест-кнопка с блокировкой, LED;Электротовары КСС ШУ;3;119;;;18.12.2025;;
ПКНФ-001367;18.12.2025;Зажим наборный ЗНИ-35PEN 35мм2 (JXB-земля);Электротовары КСС ШУ;1;34;;;18.12.2025;;
ПКНФ-001367;18.12.2025;Лампа AD-22DS(LED) матрица d22мм желтый 230В;Электротовары КСС ШУ;1;158;;;18.12.2025;;
ПКНФ-001367;18.12.2025;Маркер для кабеля 0.5-1.5мм символ ""0"" (уп.200шт) ДКС;Электротовары КСС ШУ;79;7489;;;18.12.2025;;
ПКНФ-001367;18.12.2025;Маркер для кабеля 0.5-1.5мм символ ""4"" (уп.200шт) ДКС;Электротовары КСС ШУ;58;1694;;;18.12.2025;;
ПКНФ-001367;18.12.2025;Маркер для кабеля 0.5-1.5мм символ ""5"" (уп.200шт) ДКС;Электротовары КСС ШУ;54;6424;;;18.12.2025;;
ПКНФ-001367;18.12.2025;Маркер для кабеля 0.5-1.5мм символ ""6"" (уп.200шт) ДКС;Электротовары КСС ШУ;47;6265;;;18.12.2025;;
ПКНФ-001367;18.12.2025;Маркер для кабеля 0.5-1.5мм символ ""7"" (уп.200шт) ДКС;Электротовары КСС ШУ;56;2373;;;18.12.2025;;
ПКНФ-001367;18.12.2025;Маркер для кабеля 0.5-1.5мм символ ""8"" (уп.200шт) ДКС;Электротовары КСС ШУ;67;1824;;;18.12.2025;;
ПКНФ-001367;18.12.2025;Маркер для кабеля 0.5-1.5мм символ ""9"" (уп.200шт) ДКС;Электротовары КСС ШУ;68;1755;;;18.12.2025;;
ПКНФ-001367;18.12.2025;Маркер для JXB с нумерацией 1-10 (уп.100шт);Электротовары КСС ШУ;100;7501;;;18.12.2025;;
ПКНФ-001367;18.12.2025;Провод ПУГВнг(А)-LS 1х0,5 Б;Электротовары КСС ШУ;98;5022;;;18.12.2025;;
ПКНФ-001367;18.12.2025;Провод ПУГВнг(А)-LS 1х0,5 К;Электротовары КСС ШУ;21;1702;;;18.12.2025;;
ПКНФ-001367;18.12.2025;Провод ПУГВнг(А)-LS 1х0,5 Ч;Электротовары КСС ШУ;27;1677;;;18.12.2025;;
ПКНФ-001367;18.12.2025;Провод ПУГВнг(А)-LS 1х1,5 ж/з;Электротовары КСС ШУ;3;548.3;;;18.12.2025;;
ПКНФ-001367;18.12.2025;Провод ПуГВнг(А)-LS 1х16 Б;Электротовары КСС ШУ;26;11;;;18.12.2025;;
ПКНФ-001367;18.12.2025;Программируемое реле ПР200-24.2.2.0;Электротовары КСС ШУ;1;11;;;18.12.2025;;
ПКНФ-001367;18.12.2025;Блок распределительный КРОСС крепеж на панель и DIN КБР-160А;Электротовары КСС ШУ;5;71;;;18.12.2025;;
ПКНФ-001367;18.12.2025;Реле RFT2CO730LT, 2CO, 8A(250VAC/30VDC), 230VAC, LED, мех. инд., тест-кнопка;Электротовары КСС ШУ;2;106;;;18.12.2025;;
ПКНФ-001367;18.12.2025;Реле контроля уровня PZ-828 жидкости без датчика;Электротовары КСС ШУ;2;13;;16.01.2026;18.12.2025;;
ПКНФ-001367;18.12.2025;Спираль монтажная СМ-06-04 (10м);Электротовары КСС ШУ;0.2;6.395;;;18.12.2025;;
ПКНФ-001367;18.12.2025;Трубка термоус. ТУТ (HF)-16/8, желт. (уп.50м) (КВТ);Электротовары КСС ШУ;1;38;;;18.12.2025;;
ПКНФ-001367;18.12.2025;Трубка термоус. ТУТ (HF)-16/8, зел. (уп.50м) КВТ;Электротовары КСС ШУ;1;88;;;18.12.2025;;
ПКНФ-001367;18.12.2025;Цоколь SKC14-E, 10A(300V), черный, на рейку DIN35/панель, для RKE4CO, RKF4CO;Электротовары КСС ШУ;3;23;;;18.12.2025;;
ПКНФ-001367;18.12.2025;Цоколь SRU08-E, 10A(300V), черный, на рейку DIN35/панель, для RFT2CO;Электротовары КСС ШУ;2;9;;;18.12.2025;;
ПКНФ-001367;18.12.2025;Шайба плоская оц. М6 DIN 125;Оцинкованные метизы (ПК КСС);0.003;0.156;;25.08.2025;18.12.2025;;
ПКНФ-001367;18.12.2025;HDR-30-24 Блок питания, 24В,1.5А,36Вт;Электротовары КСС ШУ;1;23;;;18.12.2025;;
ПКНФ-001369;19.12.2025;Затвор Ridval тип RVB 01 DN100 PN16 рукоятка, синий;Арматура (ПК КСС);3;0;;;19.12.2025;;
ПКНФ-001369;19.12.2025;Грунт-Эмаль по ржавчине Серая 1,9 кг;Расходные материалы (ПК КСС);2;2;;;19.12.2025;;
ПКНФ-001369;19.12.2025;7634 КСС-ВРУ 80;Шкафы управления (ПК КСС);1;0;22.01.2026;;19.12.2025;;
ПКНФ-001369;19.12.2025;Лист Г/К 8,0х1500х6000 ст.3 ГОСТ 14637-89 ;Черные трубы, листы, круги (ПК КСС);1;3;;11.06.2025;19.12.2025;;
ПКНФ-001369;19.12.2025;Шайба гроверная оц.Ф10 DIN 127;Оцинкованные метизы (ПК КСС);0.028;0.11;;;19.12.2025;;
ПКНФ-001369;19.12.2025;Гайка шестигр.М10 оц. DIN934;Оцинкованные метизы (ПК КСС);0.028;0.624;07.10.2024;07.10.2024;19.12.2025;;
ПКНФ-001369;19.12.2025;Планка диагональная станд. 0.45 Н-89 50х2000 (RAL 7004 - светло-серый);Для блок-контейнера;6;6;;;19.12.2025;;
ПКНФ-001369;19.12.2025;Болт оцинк. М10х80 DIN933;Оцинкованные метизы (ПК КСС);0.028;0;;;19.12.2025;;
ПКНФ-001369;19.12.2025;Решетка наружная вентиляционная вытяжная 200x200;Для блок-контейнера;1;1;;13.06.2025;19.12.2025;;
ПКНФ-001369;19.12.2025;Решетка наружная вентиляционная регулируемая 200x200;Для блок-контейнера;1;1;;;19.12.2025;;
ПКНФ-001369;19.12.2025;Решетка наружная вентиляционная вытяжная 250x250;Для блок-контейнера;1;1;;;19.12.2025;;
ПКНФ-001369;19.12.2025;Электроконвектор NeoClima Intenso 1500, 1.5 квт;Для блок-контейнера;1;1;;;19.12.2025;;
ПКНФ-001369;19.12.2025;Электроконвектор NeoClima Comforte T1.0, 1 кВт;Для блок-контейнера;1;1;;;19.12.2025;;
ПКНФ-001369;19.12.2025;Вентилятор HXM-200 (230V 50-60HZ);Для блок-контейнера;1;2;;;19.12.2025;;
ПКНФ-001369;19.12.2025;Болт оцинк. М12х40 DIN 933;Оцинкованные метизы (ПК КСС);0.012;0.479;;27.06.2024;19.12.2025;;
ПКНФ-001369;19.12.2025;Шайба плоская оц. М12  DIN 125;Оцинкованные метизы (ПК КСС);0.032;0.777;;03.06.2024;19.12.2025;;
ПКНФ-001369;19.12.2025;Болт оцинк. М16х120 DIN933;Оцинкованные метизы (ПК КСС);0.024;0.11;;27.06.2024;19.12.2025;;
ПКНФ-001369;19.12.2025;Болт оцинк. М16х60 DIN933;Оцинкованные метизы (ПК КСС);0.04;0.86;;16.01.2026;19.12.2025;;
ПКНФ-001369;19.12.2025;7634.1У - Автоматическая насосная станция повышения давления КСС-МЧ-3 CDM15-6-СХ-ГА8 ;Установки ВНС и ПНС (ПК КСС);1;0;23.01.2026;;19.12.2025;ПКНФ-001370;19.12.2025
ПКНФ-001369;19.12.2025;7634.2У - Автоматическая насосная станция повышения давления КСС-МЧ-3 CDM15-6-СХ-ГА8;Установки ВНС и ПНС (ПК КСС);1;0;23.01.2026;;19.12.2025;ПКНФ-000025;13.01.2026
ПКНФ-001369;19.12.2025;Дверь противопожарная 2080х980 (левая, 7035, с наличником, с порогом, размер по коробке);Расходные материалы (ПК КСС);1;0;;;19.12.2025;;
ПКНФ-001369;19.12.2025;Установка обеззараживания воды ОДВ-12С;Биология (ПК КСС);1;1;;;19.12.2025;;
ПКНФ-001369;19.12.2025;7634 Трубопровод (обвязка);Составные части трубопровода (Пк КСС);1;0;12.01.2026;;19.12.2025;ПКНФ-000052;19.01.2026
ПКНФ-001369;19.12.2025;7634 Рама, стойка (обвязка);Составные части трубопровода (Пк КСС);1;0;12.01.2026;;19.12.2025;ПКНФ-000051;19.01.2026
ПКНФ-001369;19.12.2025;Лист рифленый чечевица 3х1250х2500 ГОСТ 8568-77;Черные трубы, листы, круги (ПК КСС);5;5;;;19.12.2025;;
ПКНФ-001369;19.12.2025;Гладкий лист станд. 0,45 1250х2000 оцинкованный;Черные трубы, листы, круги (ПК КСС);14;7;;;19.12.2025;;
ПКНФ-001369;19.12.2025;Профнастил С-8 0,45 (RAL 9003 сигнально-белый);Для блок-контейнера;71.76;71.76;;;19.12.2025;;
ПКНФ-001369;19.12.2025;Пиломатериал обрезной хвойных пород, размер 50х100х6000 мм профилированная;Расходные материалы (ПК КСС);0.87;0.87;;;19.12.2025;;
ПКНФ-001369;19.12.2025;Профнастил МП-20 0,45 (RAL 7004 - серый);Для блок-контейнера;55.68;55.68;;;19.12.2025;;
ПКНФ-001369;19.12.2025;Таль ручная цепная VN г/п 0,5т в/п 6,0м;Крепеж и цепи, тали (ПК КСС);1;1;;;19.12.2025;;
ПКНФ-001369;19.12.2025;Тележка для тали GCL г/п 1,0т в/п 6,0м;Крепеж и цепи, тали (ПК КСС);1;1;;;19.12.2025;;
ПКНФ-001369;19.12.2025;Шайба оцинк гровер М12 DIN 127;Оцинкованные метизы (ПК КСС);0.016;0.752;;03.06.2024;19.12.2025;;
ПКНФ-001369;19.12.2025;Шайба гроверная оц. Ф16 DIN 127;Оцинкованные метизы (ПК КСС);0.064;1.082;;27.06.2024;19.12.2025;;
ПКНФ-001369;19.12.2025;Светильник светодиодный 18W 4000К 1440Лм IP65;Электротовары КСС ШУ;2;2;;;19.12.2025;;
ПКНФ-001369;19.12.2025;Шайба плоская оц. М10  DIN 125;Оцинкованные метизы (ПК КСС);0.056;0.712;;25.08.2025;19.12.2025;;
ПКНФ-001369;19.12.2025;Швеллер 8П ГОСТ 8240-89;Арматура (ПК КСС);28;36;;;19.12.2025;;
ПКНФ-001369;19.12.2025;Упаковка профнастила;Инструменты (ПК КСС);1;6;;15.10.2024;19.12.2025;;
ПКНФ-001369;19.12.2025;Розетка ОП 2-м с з/к для открытой установки IP54 ;Электротовары КСС ШУ;4;4;;;19.12.2025;;
ПКНФ-001369;19.12.2025;Полоса 40*4 ГОСТ 103-76;Черные трубы, листы, круги (ПК КСС);20;81.8;;19.08.2024;19.12.2025;;
ПКНФ-001369;19.12.2025;Швеллер 10П ГОСТ 8240-97;Черные трубы, листы, круги (ПК КСС);17;148.1;20.01.2026;11.09.2025;19.12.2025;;
ПКНФ-001369;19.12.2025;Гайка шестигр. оц М12 DIN934;Оцинкованные метизы (ПК КСС);0.016;1.226;;03.06.2024;19.12.2025;;
ПКНФ-001369;19.12.2025;Гайка шестигр. оц М16  (тыс шт);Оцинкованные метизы (ПК КСС);0.064;0.643;;27.06.2024;19.12.2025;;
ПКНФ-001369;19.12.2025;Труба 100х100х4,0 чермет;Черные трубы, листы, круги (ПК КСС);73;78;;;19.12.2025;;
ПКНФ-001369;19.12.2025;Труба 40х20х2 ГОСТ 8639-82;Черные трубы, листы, круги (ПК КСС);4;34.5;;29.01.2024;19.12.2025;;
ПКНФ-001369;19.12.2025;Выключатель 1-клавишный для открытой установки ВС20-1-0-ФСр;Электротовары КСС ШУ;1;2;;;19.12.2025;;
ПКНФ-001369;19.12.2025;ГРУНТ- ЭМАЛЬ ПО РЖАВЧИНЕ 3 В 1 СЕРАЯ 10 КГ;Расходные материалы (ПК КСС);1;1;;;19.12.2025;;
ПКНФ-001369;19.12.2025;Прокладка (паронит) 100;Полиэтелен, корсис, прагма, НПВХ (ПК КСС);4;120;;;19.12.2025;;
ПКНФ-001369;19.12.2025;Шайба плоская оц.М16  DIN 125;Оцинкованные метизы (ПК КСС);0.128;2.524;;27.06.2024;19.12.2025;;
ПКНФ-001370;19.12.2025;7634.1У - Трубопровод;Составные части трубопровода (Пк КСС);1;0;28.01.2026;;19.12.2025;ПКНФ-001460;29.12.2025
ПКНФ-001370;19.12.2025;7634.1У - Рама, стойка;;1;0;22.01.2026;;19.12.2025;ПКНФ-001461;29.12.2025
ПКНФ-001370;19.12.2025;Болт оцинк. М12х60 DIN933;Оцинкованные метизы (ПК КСС);0.012;0.088;;03.06.2024;19.12.2025;;
ПКНФ-001370;19.12.2025;Болт оцинк. М12х40 DIN 933;Оцинкованные метизы (ПК КСС);0.004;0.036;;27.06.2024;19.12.2025;;
ПКНФ-001370;19.12.2025;Шайба плоская оц. М12  DIN 125;Оцинкованные метизы (ПК КСС);0.04;0.805;;03.06.2024;19.12.2025;;
ПКНФ-001370;19.12.2025;Мембранный бак для водоснабжения вертикальный, 8л, WAV8 10 бар/110С, Westert WAV8;Арматура (ПК КСС);1;5;;;19.12.2025;;
ПКНФ-001370;19.12.2025;Насос CDM15-6FSWPC, 5.5кВт, станд. фланец, 3х380В,50Гц, чугун, 70 С;Насосы CNP (ПК КСС);3;6;23.01.2026;23.01.2026;19.12.2025;;
ПКНФ-001370;19.12.2025;Болт оцинк. М16х120 DIN933;Оцинкованные метизы (ПК КСС);0.036;0;;27.06.2024;19.12.2025;;
ПКНФ-001370;19.12.2025;Реле избыточного давления RVG-20-0.6 (0.6МПа) EKF RVG-20-0.6  (ПК);Датчики уровня, преобразователи, реле (ПК КСС);1;6;;;19.12.2025;;
ПКНФ-001370;19.12.2025;Шайба плоская оц. М8  DIN 125;Оцинкованные метизы (ПК КСС);0.004;0.761;;16.01.2026;19.12.2025;;
ПКНФ-001370;19.12.2025;Гайка шестигр. оц М8 DIN934;Оцинкованные метизы (ПК КСС);0.004;0.513;;16.01.2026;19.12.2025;;
ПКНФ-001370;19.12.2025;Шайба гроверная оц. Ф8 DIN 127;Оцинкованные метизы (ПК КСС);0.004;0.608;;16.01.2026;19.12.2025;;
ПКНФ-001370;19.12.2025;Болт оцинк. М16х80  DIN933;Оцинкованные метизы (ПК КСС);0.02;0.072;;;19.12.2025;;
ПКНФ-001370;19.12.2025;7634 КСС-ШУПЧ2  3-3 -5.5кВт+СХ;Шкафы управления (ПК КСС);1;0;22.01.2026;;19.12.2025;;
ПКНФ-001370;19.12.2025;Виброопора PDH106/38/143 M16 NR60;Расходные материалы (ПК КСС);6;12;;;19.12.2025;;
ПКНФ-001370;19.12.2025;Шаровой кран латунный 1/2"" ВР, с дренажем и воздухоотводчиком, ручка-бабочка, Pride LD 44.344.15;Арматура (ПК КСС);2;42;;;19.12.2025;;
ПКНФ-001370;19.12.2025;Ниппель прямой никелированный 1/2"" НР. LD Pride LD.67.501.15;Арматура (ПК КСС);2;43;;;19.12.2025;;
ПКНФ-001370;19.12.2025;Манометр с поверкой тип ТМ-310Т.00, 0..1,6 МПа, 63 мм, G1/4""(сзади), кл.1,5, корпус-сталь, Росма 000;Расходомеры, манометры (ПК КСС);2;14;;;19.12.2025;;
ПКНФ-001370;19.12.2025;Муфта никелированная 1/2"" ВР, LD Pride LD.67.502.15;Арматура (ПК КСС);2;31;;;19.12.2025;;
ПКНФ-001370;19.12.2025;Рым-болт DIN 580 М 12;Оцинкованные метизы (ПК КСС);4;35.992;;;19.12.2025;;
ПКНФ-001370;19.12.2025;Преобразователь давления EKF PRT-100-1.6-1.0-G2;Датчики уровня, преобразователи, реле (ПК КСС);1;38;;;19.12.2025;;
ПКНФ-001370;19.12.2025;Кран шаровой латунный 3/4"" ВР, ручка-бабочка, LD Pride 47.20.В-В.Б;Арматура (ПК КСС);1;18;;;19.12.2025;;
ПКНФ-001370;19.12.2025;Шайба оцинк гровер М12 DIN 127;Оцинкованные метизы (ПК КСС);0.02;0.576;;03.06.2024;19.12.2025;;
ПКНФ-001370;19.12.2025;Шайба гроверная оц. Ф16 DIN 127;Оцинкованные метизы (ПК КСС);0.048;0.573;;27.06.2024;19.12.2025;;
ПКНФ-001370;19.12.2025;Затвор Ridval тип RVB 01 DN50 PN16 рукоятка, синий;Арматура (ПК КСС);6;20;;;19.12.2025;;
ПКНФ-001370;19.12.2025;Клапан Ridval тип RVC 20 DN50 PN16, синий;Арматура (ПК КСС);3;16;;;19.12.2025;;
ПКНФ-001370;19.12.2025;Болт оцинк. М8х30 DIN 933;Оцинкованные метизы (ПК КСС);0.004;0.43;;16.01.2026;19.12.2025;;
ПКНФ-001370;19.12.2025;Гайка шестигр. оц М12 DIN934;Оцинкованные метизы (ПК КСС);0.02;0.815;;03.06.2024;19.12.2025;;
ПКНФ-001370;19.12.2025;Гайка шестигр. оц М16  (тыс шт);Оцинкованные метизы (ПК КСС);0.048;0.388;;27.06.2024;19.12.2025;;
ПКНФ-001370;19.12.2025;Прокладка (паронит) 50;Полиэтелен, корсис, прагма, НПВХ (ПК КСС);9;97.994;;;19.12.2025;;
ПКНФ-001370;19.12.2025;Футорка ник. латун. 1/2х 1/4;Арматура (ПК КСС);1;48;;;19.12.2025;;
ПКНФ-001370;19.12.2025;Шайба плоская оц.М16  DIN 125;Оцинкованные метизы (ПК КСС);0.096;0.917;;27.06.2024;19.12.2025;;
ПКНФ-001376;22.12.2025;Шайба гроверная оц.Ф10 DIN 127;Оцинкованные метизы (ПК КСС);0.05;0.082;;;22.12.2025;;
ПКНФ-001376;22.12.2025;Гайка шестигр.М10 оц. DIN934;Оцинкованные метизы (ПК КСС);0.05;0.736;07.10.2024;07.10.2024;22.12.2025;;
ПКНФ-001376;22.12.2025;Заглушка для трубы 20х40 мм пластик;Полиэтелен, корсис, прагма, НПВХ (ПК КСС);4;499;;;22.12.2025;;
ПКНФ-001376;22.12.2025;Болт оцинк. 10х40 DIN933;Оцинкованные метизы (ПК КСС);0.05;0.057;;;22.12.2025;;
ПКНФ-001376;22.12.2025;7649.5  - Гильза DN 630 L=950 самодельная ;Составные части трубопровода (Пк КСС);1;0;;;22.12.2025;;
ПКНФ-001376;22.12.2025;7649.5  - Гильза DN 630 L=1710 самодельная;Составные части трубопровода (Пк КСС);1;0;;;22.12.2025;;
ПКНФ-001376;22.12.2025;Муфта Икапласт DN/OD 630;Полиэтелен, корсис, прагма, НПВХ (ПК КСС);2;2;;;22.12.2025;;
ПКНФ-001376;22.12.2025;7649.5 - Лестницы;Составные части трубопровода (Пк КСС);6;0;21.01.2026;;22.12.2025;ПКНФ-001377;22.12.2025
ПКНФ-001376;22.12.2025;Заглушка для трубы 25х25 мм пластик;Расходные материалы (ПК КСС);14;28;23.04.2024;;22.12.2025;;
ПКНФ-001376;22.12.2025;Шайба плоская оц. М10  DIN 125;Оцинкованные метизы (ПК КСС);0.1;0.796;;25.08.2025;22.12.2025;;
ПКНФ-001376;22.12.2025;Профиль стоечный 0,6 мм 50х50х3000 мм;Расходные материалы (ПК КСС);6;28;;;22.12.2025;;
ПКНФ-001376;22.12.2025;Труба 315/7,7/2000 наружная канализация;Полиэтелен, корсис, прагма, НПВХ (ПК КСС);3;3;;;22.12.2025;;
ПКНФ-001376;22.12.2025;Пуролат-Стандарт"" из антрацита фр.3,0-7,0 мм с учетом упаковки (полиэтиленовые мешки по 22,5кг (25 л;Засыпки и сорбенты для ЛОС, Водоподготовка;0.9;2.825;;;22.12.2025;;
ПКНФ-001376;22.12.2025;Песок кварцевый фр. 10,0-20,0;Засыпки и сорбенты для ЛОС, Водоподготовка;10.8;21.15;16.02.2026;20.01.2026;22.12.2025;;
ПКНФ-001376;22.12.2025;Заглушка НПВХ DN110;Полиэтелен, корсис, прагма, НПВХ (ПК КСС);1;25;;;22.12.2025;;
ПКНФ-001376;22.12.2025;Грибок канализационный;Полиэтелен, корсис, прагма, НПВХ (ПК КСС);3;30;;27.01.2026;22.12.2025;;
ПКНФ-001376;22.12.2025;Коалесцентный модуль 3М-ОДГ-60/25/0,5;Засыпки и сорбенты для ЛОС, Водоподготовка;120;124;;;22.12.2025;;
ПКНФ-001376;22.12.2025;Манжета резиновая переходная D 110/124 Уп., черн;Полиэтелен, корсис, прагма, НПВХ (ПК КСС);3;42;;27.01.2026;22.12.2025;;
ПКНФ-001376;22.12.2025;Отвод 90 гр. НПВХ DN110;Полиэтелен, корсис, прагма, НПВХ (ПК КСС);3;61;;;22.12.2025;;
ПКНФ-001376;22.12.2025;Сорбент Rx-Sorb, мешок гео ткань 62,5 л м3;Засыпки и сорбенты для ЛОС, Водоподготовка;0.9;1378.47;;;22.12.2025;;
ПКНФ-001376;22.12.2025;Труба 110/3,2/0560 наружная канализация;Полиэтелен, корсис, прагма, НПВХ (ПК КСС);6;175;;;22.12.2025;;
ПКНФ-001377;22.12.2025;Пластина 100х40 (AISI 304);Нержавеющие трубы, листы, круги, сетки(ПК КСС);28;172;;;22.12.2025;;
ПКНФ-001377;22.12.2025;Труба 40х20х2 (AISI304);Нержавеющие трубы, листы, круги, сетки(ПК КСС);17.1;99.9;17.09.2025;09.09.2025;22.12.2025;;
ПКНФ-001377;22.12.2025;Труба 25х25х2 (AISI 304);Нержавеющие трубы, листы, круги, сетки(ПК КСС);28;145.5;17.09.2025;05.08.2025;22.12.2025;;
ПКНФ-001377;22.12.2025;Труба 50х50х3,0 AISI 304;Нержавеющие трубы, листы, круги, сетки(ПК КСС);0.2;25.3;09.09.2025;05.08.2025;22.12.2025;;
ПКНФ-001380;22.12.2025;Лист 5,0*1500*6000 ст3 (шт);Черные трубы, листы, круги (ПК КСС);0.004;0.006;;;22.12.2025;;
ПКНФ-001380;22.12.2025;Арматура А-1 6 мм;Черные трубы, листы, круги (ПК КСС);1;79.8;;;22.12.2025;;
ПКНФ-001380;22.12.2025;Швеллер 10П ГОСТ 8240-97;Черные трубы, листы, круги (ПК КСС);15;146.1;20.01.2026;11.09.2025;22.12.2025;;
ПКНФ-001380;22.12.2025;Труба 40х40х3 ГОСТ 8639-82;Черные трубы, листы, круги (ПК КСС);2.3;4.7;20.01.2026;16.01.2026;22.12.2025;;
ПКНФ-001380;22.12.2025;Арматура ф 16 А-1 ГОСТ 5781-82 (м);Черные трубы, листы, круги (ПК КСС);0.4;9.1;;24.01.2024;22.12.2025;;
ПКНФ-001387;22.12.2025;Гайка шестигр.М10 оц. DIN934;Оцинкованные метизы (ПК КСС);0.01;0.736;07.10.2024;07.10.2024;22.12.2025;;
ПКНФ-001387;22.12.2025;Болт оцинк. М10х60 DIN933;Оцинкованные метизы (ПК КСС);0.01;0.738;;;22.12.2025;;
ПКНФ-001387;22.12.2025;7649.4.3 - Лестница;Составные части трубопровода (Пк КСС);1;0;08.12.2025;;22.12.2025;ПКНФ-001388;22.12.2025
ПКНФ-001387;22.12.2025;7649.4.3 - Трубопровод;Составные части трубопровода (Пк КСС);1;0;08.12.2025;;22.12.2025;ПКНФ-000033;15.01.2026
ПКНФ-001387;22.12.2025;Заглушка для трубы 25х25 мм пластик;Расходные материалы (ПК КСС);2;28;23.04.2024;;22.12.2025;;
ПКНФ-001387;22.12.2025;Шайба плоская оц. М10  DIN 125;Оцинкованные метизы (ПК КСС);0.01;0.796;;25.08.2025;22.12.2025;;
ПКНФ-001387;22.12.2025;Болт М10*40 DIN 933 полная резьба  (А2, 10,0, 40,0, DIN 933);Нержавеющие метизы (ПК КСС);4;196;;;22.12.2025;;
ПКНФ-001387;22.12.2025;Гайка М10 DIN 934  (А2, 10,0, DIN 934);Нержавеющие метизы (ПК КСС);4;1042;;19.06.2024;22.12.2025;;
ПКНФ-001387;22.12.2025;Грибок канализационный;Полиэтелен, корсис, прагма, НПВХ (ПК КСС);1;30;;27.01.2026;22.12.2025;;
ПКНФ-001387;22.12.2025;Манжета резиновая переходная D 110/124 Уп., черн;Полиэтелен, корсис, прагма, НПВХ (ПК КСС);1;42;;27.01.2026;22.12.2025;;
ПКНФ-001387;22.12.2025;Отвод 90 гр. НПВХ DN110;Полиэтелен, корсис, прагма, НПВХ (ПК КСС);1;61;;;22.12.2025;;
ПКНФ-001387;22.12.2025;Труба 110/3,2/0560 наружная канализация;Полиэтелен, корсис, прагма, НПВХ (ПК КСС);2;175;;;22.12.2025;;
ПКНФ-001387;22.12.2025;Шайба М10 DIN 125  (А2, DIN 125);Нержавеющие метизы (ПК КСС);4;640;;;22.12.2025;;
ПКНФ-001388;22.12.2025;Труба 50х50х1,5 (AISI 304);Нержавеющие трубы, листы, круги, сетки(ПК КСС);0.1;17.7;;;22.12.2025;;
ПКНФ-001388;22.12.2025;Пластина 100х40 (AISI 304);Нержавеющие трубы, листы, круги, сетки(ПК КСС);8;172;;;22.12.2025;;
ПКНФ-001388;22.12.2025;Труба 40х20х2 (AISI304);Нержавеющие трубы, листы, круги, сетки(ПК КСС);10;99.9;17.09.2025;09.09.2025;22.12.2025;;
ПКНФ-001388;22.12.2025;Труба 25х25х2 (AISI 304);Нержавеющие трубы, листы, круги, сетки(ПК КСС);6;145.5;09.09.2025;05.08.2025;22.12.2025;;
ПКНФ-001390;22.12.2025;Гайка шестигр.М10 оц. DIN934;Оцинкованные метизы (ПК КСС);0.01;0.736;07.10.2024;07.10.2024;22.12.2025;;
ПКНФ-001390;22.12.2025;Болт оцинк. М10х60 DIN933;Оцинкованные метизы (ПК КСС);0.01;0.738;;;22.12.2025;;
ПКНФ-001390;22.12.2025;7649.4.4 - Лестница;Составные части трубопровода (Пк КСС);1;0;08.12.2025;;22.12.2025;ПКНФ-001391;22.12.2025
ПКНФ-001390;22.12.2025;7649.4.4 - Трубопровод;Составные части трубопровода (Пк КСС);1;0;08.12.2025;;22.12.2025;ПКНФ-000034;15.01.2026
ПКНФ-001390;22.12.2025;Заглушка для трубы 25х25 мм пластик;Расходные материалы (ПК КСС);2;28;23.04.2024;;22.12.2025;;
ПКНФ-001390;22.12.2025;Шайба плоская оц. М10  DIN 125;Оцинкованные метизы (ПК КСС);0.01;0.796;;25.08.2025;22.12.2025;;
ПКНФ-001390;22.12.2025;Болт М10*40 DIN 933 полная резьба  (А2, 10,0, 40,0, DIN 933);Нержавеющие метизы (ПК КСС);4;196;;;22.12.2025;;
ПКНФ-001390;22.12.2025;Гайка М10 DIN 934  (А2, 10,0, DIN 934);Нержавеющие метизы (ПК КСС);4;1042;;19.06.2024;22.12.2025;;
ПКНФ-001390;22.12.2025;Грибок канализационный;Полиэтелен, корсис, прагма, НПВХ (ПК КСС);1;30;;27.01.2026;22.12.2025;;
ПКНФ-001390;22.12.2025;Манжета резиновая переходная D 110/124 Уп., черн;Полиэтелен, корсис, прагма, НПВХ (ПК КСС);1;42;;27.01.2026;22.12.2025;;
ПКНФ-001390;22.12.2025;Отвод 90 гр. НПВХ DN110;Полиэтелен, корсис, прагма, НПВХ (ПК КСС);1;61;;;22.12.2025;;
ПКНФ-001390;22.12.2025;Труба 110/3,2/0560 наружная канализация;Полиэтелен, корсис, прагма, НПВХ (ПК КСС);2;175;;;22.12.2025;;
ПКНФ-001390;22.12.2025;Шайба М10 DIN 125  (А2, DIN 125);Нержавеющие метизы (ПК КСС);4;640;;;22.12.2025;;
ПКНФ-001391;22.12.2025;Труба 50х50х1,5 (AISI 304);Нержавеющие трубы, листы, круги, сетки(ПК КСС);0.1;17.7;;;22.12.2025;;
ПКНФ-001391;22.12.2025;Пластина 100х40 (AISI 304);Нержавеющие трубы, листы, круги, сетки(ПК КСС);8;172;;;22.12.2025;;
ПКНФ-001391;22.12.2025;Труба 40х20х2 (AISI304);Нержавеющие трубы, листы, круги, сетки(ПК КСС);10;99.9;09.09.2025;09.09.2025;22.12.2025;;
ПКНФ-001391;22.12.2025;Труба 25х25х2 (AISI 304);Нержавеющие трубы, листы, круги, сетки(ПК КСС);6;145.5;05.08.2025;05.08.2025;22.12.2025;;
ПКНФ-001393;22.12.2025;Гайка шестигр.М10 оц. DIN934;Оцинкованные метизы (ПК КСС);0.01;0.736;07.10.2024;07.10.2024;22.12.2025;;
ПКНФ-001393;22.12.2025;Болт оцинк. М10х60 DIN933;Оцинкованные метизы (ПК КСС);0.01;0.738;;;22.12.2025;;
ПКНФ-001393;22.12.2025;7649.4.5 - Лестница;Составные части трубопровода (Пк КСС);1;0;08.12.2025;;22.12.2025;ПКНФ-001394;22.12.2025
ПКНФ-001393;22.12.2025;7649.4.5 - Трубопровод;Составные части трубопровода (Пк КСС);1;0;08.12.2025;;22.12.2025;ПКНФ-000035;15.01.2026
ПКНФ-001393;22.12.2025;Заглушка для трубы 25х25 мм пластик;Расходные материалы (ПК КСС);2;28;23.04.2024;;22.12.2025;;
ПКНФ-001393;22.12.2025;Шайба плоская оц. М10  DIN 125;Оцинкованные метизы (ПК КСС);0.01;0.796;;25.08.2025;22.12.2025;;
ПКНФ-001393;22.12.2025;Болт М10*40 DIN 933 полная резьба  (А2, 10,0, 40,0, DIN 933);Нержавеющие метизы (ПК КСС);4;196;;;22.12.2025;;
ПКНФ-001393;22.12.2025;Гайка М10 DIN 934  (А2, 10,0, DIN 934);Нержавеющие метизы (ПК КСС);4;1042;;19.06.2024;22.12.2025;;
ПКНФ-001393;22.12.2025;Грибок канализационный;Полиэтелен, корсис, прагма, НПВХ (ПК КСС);1;30;;27.01.2026;22.12.2025;;
ПКНФ-001393;22.12.2025;Манжета резиновая переходная D 110/124 Уп., черн;Полиэтелен, корсис, прагма, НПВХ (ПК КСС);1;42;;27.01.2026;22.12.2025;;
ПКНФ-001393;22.12.2025;Отвод 90 гр. НПВХ DN110;Полиэтелен, корсис, прагма, НПВХ (ПК КСС);1;61;;;22.12.2025;;
ПКНФ-001393;22.12.2025;Труба 110/3,2/0560 наружная канализация;Полиэтелен, корсис, прагма, НПВХ (ПК КСС);2;175;;;22.12.2025;;
ПКНФ-001393;22.12.2025;Шайба М10 DIN 125  (А2, DIN 125);Нержавеющие метизы (ПК КСС);4;640;;;22.12.2025;;
ПКНФ-001394;22.12.2025;Труба 50х50х1,5 (AISI 304);Нержавеющие трубы, листы, круги, сетки(ПК КСС);0.1;17.7;;;22.12.2025;;
ПКНФ-001394;22.12.2025;Пластина 100х40 (AISI 304);Нержавеющие трубы, листы, круги, сетки(ПК КСС);8;172;;;22.12.2025;;
ПКНФ-001394;22.12.2025;Труба 40х20х2 (AISI304);Нержавеющие трубы, листы, круги, сетки(ПК КСС);10;99.9;09.09.2025;09.09.2025;22.12.2025;;
ПКНФ-001394;22.12.2025;Труба 25х25х2 (AISI 304);Нержавеющие трубы, листы, круги, сетки(ПК КСС);6;145.5;05.08.2025;05.08.2025;22.12.2025;;
ПКНФ-001396;22.12.2025;Гайка шестигр.М10 оц. DIN934;Оцинкованные метизы (ПК КСС);0.01;0.736;07.10.2024;07.10.2024;22.12.2025;;
ПКНФ-001396;22.12.2025;Болт оцинк. М10х60 DIN933;Оцинкованные метизы (ПК КСС);0.01;0.738;;;22.12.2025;;
ПКНФ-001396;22.12.2025;7649.4.6 - Лестница;Составные части трубопровода (Пк КСС);1;0;08.12.2025;;22.12.2025;ПКНФ-001397;22.12.2025
ПКНФ-001396;22.12.2025;7649.4.6 - Трубопровод;Составные части трубопровода (Пк КСС);1;0;08.12.2025;;22.12.2025;ПКНФ-000036;15.01.2026
ПКНФ-001396;22.12.2025;Заглушка для трубы 25х25 мм пластик;Расходные материалы (ПК КСС);2;28;23.04.2024;;22.12.2025;;
ПКНФ-001396;22.12.2025;Шайба плоская оц. М10  DIN 125;Оцинкованные метизы (ПК КСС);0.01;0.796;;25.08.2025;22.12.2025;;
ПКНФ-001396;22.12.2025;Болт М10*40 DIN 933 полная резьба  (А2, 10,0, 40,0, DIN 933);Нержавеющие метизы (ПК КСС);4;196;;;22.12.2025;;
ПКНФ-001396;22.12.2025;Гайка М10 DIN 934  (А2, 10,0, DIN 934);Нержавеющие метизы (ПК КСС);4;1042;;19.06.2024;22.12.2025;;
ПКНФ-001396;22.12.2025;Грибок канализационный;Полиэтелен, корсис, прагма, НПВХ (ПК КСС);1;30;;27.01.2026;22.12.2025;;
ПКНФ-001396;22.12.2025;Манжета резиновая переходная D 110/124 Уп., черн;Полиэтелен, корсис, прагма, НПВХ (ПК КСС);1;42;;27.01.2026;22.12.2025;;
ПКНФ-001396;22.12.2025;Отвод 90 гр. НПВХ DN110;Полиэтелен, корсис, прагма, НПВХ (ПК КСС);1;61;;;22.12.2025;;
ПКНФ-001396;22.12.2025;Труба 110/3,2/0560 наружная канализация;Полиэтелен, корсис, прагма, НПВХ (ПК КСС);2;175;;;22.12.2025;;
ПКНФ-001396;22.12.2025;Шайба М10 DIN 125  (А2, DIN 125);Нержавеющие метизы (ПК КСС);4;640;;;22.12.2025;;
ПКНФ-001397;22.12.2025;Труба 50х50х1,5 (AISI 304);Нержавеющие трубы, листы, круги, сетки(ПК КСС);0.1;17.7;;;22.12.2025;;
ПКНФ-001397;22.12.2025;Пластина 100х40 (AISI 304);Нержавеющие трубы, листы, круги, сетки(ПК КСС);8;172;;;22.12.2025;;
ПКНФ-001397;22.12.2025;Труба 40х20х2 (AISI304);Нержавеющие трубы, листы, круги, сетки(ПК КСС);10;99.9;09.09.2025;09.09.2025;22.12.2025;;
ПКНФ-001397;22.12.2025;Труба 25х25х2 (AISI 304);Нержавеющие трубы, листы, круги, сетки(ПК КСС);6;145.5;05.08.2025;05.08.2025;22.12.2025;;
ПКНФ-001399;22.12.2025;Гайка шестигр.М10 оц. DIN934;Оцинкованные метизы (ПК КСС);0.01;0.736;07.10.2024;07.10.2024;22.12.2025;;
ПКНФ-001399;22.12.2025;Болт оцинк. М10х60 DIN933;Оцинкованные метизы (ПК КСС);0.01;0.738;;;22.12.2025;;
ПКНФ-001399;22.12.2025;7649.4.7 - Лестница;Составные части трубопровода (Пк КСС);1;0;08.12.2025;;22.12.2025;ПКНФ-001400;22.12.2025
ПКНФ-001399;22.12.2025;7649.4.7 - Трубопровод;Составные части трубопровода (Пк КСС);1;0;08.12.2025;;22.12.2025;ПКНФ-000037;15.01.2026
ПКНФ-001399;22.12.2025;Заглушка для трубы 25х25 мм пластик;Расходные материалы (ПК КСС);2;28;23.04.2024;;22.12.2025;;
ПКНФ-001399;22.12.2025;Шайба плоская оц. М10  DIN 125;Оцинкованные метизы (ПК КСС);0.01;0.796;;25.08.2025;22.12.2025;;
ПКНФ-001399;22.12.2025;Болт М10*40 DIN 933 полная резьба  (А2, 10,0, 40,0, DIN 933);Нержавеющие метизы (ПК КСС);4;196;;;22.12.2025;;
ПКНФ-001399;22.12.2025;Гайка М10 DIN 934  (А2, 10,0, DIN 934);Нержавеющие метизы (ПК КСС);4;1042;;19.06.2024;22.12.2025;;
ПКНФ-001399;22.12.2025;Грибок канализационный;Полиэтелен, корсис, прагма, НПВХ (ПК КСС);1;30;;27.01.2026;22.12.2025;;
ПКНФ-001399;22.12.2025;Манжета резиновая переходная D 110/124 Уп., черн;Полиэтелен, корсис, прагма, НПВХ (ПК КСС);1;42;;27.01.2026;22.12.2025;;
ПКНФ-001399;22.12.2025;Отвод 90 гр. НПВХ DN110;Полиэтелен, корсис, прагма, НПВХ (ПК КСС);1;61;;;22.12.2025;;
ПКНФ-001399;22.12.2025;Труба 110/3,2/0560 наружная канализация;Полиэтелен, корсис, прагма, НПВХ (ПК КСС);2;175;;;22.12.2025;;
ПКНФ-001399;22.12.2025;Шайба М10 DIN 125  (А2, DIN 125);Нержавеющие метизы (ПК КСС);4;640;;;22.12.2025;;
ПКНФ-001400;22.12.2025;Труба 50х50х1,5 (AISI 304);Нержавеющие трубы, листы, круги, сетки(ПК КСС);0.1;17.7;;;22.12.2025;;
ПКНФ-001400;22.12.2025;Пластина 100х40 (AISI 304);Нержавеющие трубы, листы, круги, сетки(ПК КСС);8;172;;;22.12.2025;;
ПКНФ-001400;22.12.2025;Труба 40х20х2 (AISI304);Нержавеющие трубы, листы, круги, сетки(ПК КСС);10;99.9;09.09.2025;09.09.2025;22.12.2025;;
ПКНФ-001400;22.12.2025;Труба 25х25х2 (AISI 304);Нержавеющие трубы, листы, круги, сетки(ПК КСС);6;145.5;05.08.2025;05.08.2025;22.12.2025;;
ПКНФ-001402;22.12.2025;Гайка шестигр.М10 оц. DIN934;Оцинкованные метизы (ПК КСС);0.01;0.736;07.10.2024;07.10.2024;22.12.2025;;
ПКНФ-001402;22.12.2025;Болт оцинк. М10х60 DIN933;Оцинкованные метизы (ПК КСС);0.01;0.738;;;22.12.2025;;
ПКНФ-001402;22.12.2025;7649.4.8 - Лестница;Составные части трубопровода (Пк КСС);1;0;08.12.2025;;22.12.2025;ПКНФ-001403;22.12.2025
ПКНФ-001402;22.12.2025;7649.4.8 - Трубопровод;Составные части трубопровода (Пк КСС);1;0;08.12.2025;;22.12.2025;ПКНФ-000038;15.01.2026
ПКНФ-001402;22.12.2025;Заглушка для трубы 25х25 мм пластик;Расходные материалы (ПК КСС);2;28;23.04.2024;;22.12.2025;;
ПКНФ-001402;22.12.2025;Шайба плоская оц. М10  DIN 125;Оцинкованные метизы (ПК КСС);0.01;0.796;;25.08.2025;22.12.2025;;
ПКНФ-001402;22.12.2025;Болт М10*40 DIN 933 полная резьба  (А2, 10,0, 40,0, DIN 933);Нержавеющие метизы (ПК КСС);4;196;;;22.12.2025;;
ПКНФ-001402;22.12.2025;Гайка М10 DIN 934  (А2, 10,0, DIN 934);Нержавеющие метизы (ПК КСС);4;1042;;19.06.2024;22.12.2025;;
ПКНФ-001402;22.12.2025;Грибок канализационный;Полиэтелен, корсис, прагма, НПВХ (ПК КСС);1;30;;27.01.2026;22.12.2025;;
ПКНФ-001402;22.12.2025;Манжета резиновая переходная D 110/124 Уп., черн;Полиэтелен, корсис, прагма, НПВХ (ПК КСС);1;42;;27.01.2026;22.12.2025;;
ПКНФ-001402;22.12.2025;Отвод 90 гр. НПВХ DN110;Полиэтелен, корсис, прагма, НПВХ (ПК КСС);1;61;;;22.12.2025;;
ПКНФ-001402;22.12.2025;Труба 110/3,2/0560 наружная канализация;Полиэтелен, корсис, прагма, НПВХ (ПК КСС);2;175;;;22.12.2025;;
ПКНФ-001402;22.12.2025;Шайба М10 DIN 125  (А2, DIN 125);Нержавеющие метизы (ПК КСС);4;640;;;22.12.2025;;
ПКНФ-001403;22.12.2025;Труба 50х50х1,5 (AISI 304);Нержавеющие трубы, листы, круги, сетки(ПК КСС);0.1;17.7;;;22.12.2025;;
ПКНФ-001403;22.12.2025;Пластина 100х40 (AISI 304);Нержавеющие трубы, листы, круги, сетки(ПК КСС);8;172;;;22.12.2025;;
ПКНФ-001403;22.12.2025;Труба 40х20х2 (AISI304);Нержавеющие трубы, листы, круги, сетки(ПК КСС);10;99.9;17.09.2025;09.09.2025;22.12.2025;;
ПКНФ-001403;22.12.2025;Труба 25х25х2 (AISI 304);Нержавеющие трубы, листы, круги, сетки(ПК КСС);6;145.5;09.09.2025;05.08.2025;22.12.2025;;
ПКНФ-001405;22.12.2025;Гайка шестигр.М10 оц. DIN934;Оцинкованные метизы (ПК КСС);0.01;0.736;07.10.2024;07.10.2024;22.12.2025;;
ПКНФ-001405;22.12.2025;Болт оцинк. М10х60 DIN933;Оцинкованные метизы (ПК КСС);0.01;0.738;;;22.12.2025;;
ПКНФ-001405;22.12.2025;7649.4.9 - Лестница;Составные части трубопровода (Пк КСС);1;0;08.12.2025;;22.12.2025;ПКНФ-001406;22.12.2025
ПКНФ-001405;22.12.2025;7649.4.9 - Трубопровод;Составные части трубопровода (Пк КСС);1;0;08.12.2025;;22.12.2025;ПКНФ-000039;15.01.2026
ПКНФ-001405;22.12.2025;Заглушка для трубы 25х25 мм пластик;Расходные материалы (ПК КСС);2;28;23.04.2024;;22.12.2025;;
ПКНФ-001405;22.12.2025;Шайба плоская оц. М10  DIN 125;Оцинкованные метизы (ПК КСС);0.01;0.796;;25.08.2025;22.12.2025;;
ПКНФ-001405;22.12.2025;Болт М10*40 DIN 933 полная резьба  (А2, 10,0, 40,0, DIN 933);Нержавеющие метизы (ПК КСС);4;196;;;22.12.2025;;
ПКНФ-001405;22.12.2025;Гайка М10 DIN 934  (А2, 10,0, DIN 934);Нержавеющие метизы (ПК КСС);4;1042;;19.06.2024;22.12.2025;;
ПКНФ-001405;22.12.2025;Грибок канализационный;Полиэтелен, корсис, прагма, НПВХ (ПК КСС);1;30;;27.01.2026;22.12.2025;;
ПКНФ-001405;22.12.2025;Манжета резиновая переходная D 110/124 Уп., черн;Полиэтелен, корсис, прагма, НПВХ (ПК КСС);1;42;;27.01.2026;22.12.2025;;
ПКНФ-001405;22.12.2025;Отвод 90 гр. НПВХ DN110;Полиэтелен, корсис, прагма, НПВХ (ПК КСС);1;61;;;22.12.2025;;
ПКНФ-001405;22.12.2025;Труба 110/3,2/0560 наружная канализация;Полиэтелен, корсис, прагма, НПВХ (ПК КСС);2;175;;;22.12.2025;;
ПКНФ-001405;22.12.2025;Шайба М10 DIN 125  (А2, DIN 125);Нержавеющие метизы (ПК КСС);4;640;;;22.12.2025;;
ПКНФ-001406;22.12.2025;Труба 50х50х1,5 (AISI 304);Нержавеющие трубы, листы, круги, сетки(ПК КСС);0.1;17.7;;;22.12.2025;;
ПКНФ-001406;22.12.2025;Пластина 100х40 (AISI 304);Нержавеющие трубы, листы, круги, сетки(ПК КСС);8;172;;;22.12.2025;;
ПКНФ-001406;22.12.2025;Труба 40х20х2 (AISI304);Нержавеющие трубы, листы, круги, сетки(ПК КСС);10;99.9;09.09.2025;09.09.2025;22.12.2025;;
ПКНФ-001406;22.12.2025;Труба 25х25х2 (AISI 304);Нержавеющие трубы, листы, круги, сетки(ПК КСС);6;145.5;17.09.2025;05.08.2025;22.12.2025;;
ПКНФ-001408;22.12.2025;Гайка шестигр.М10 оц. DIN934;Оцинкованные метизы (ПК КСС);0.01;0.736;07.10.2024;07.10.2024;22.12.2025;;
ПКНФ-001408;22.12.2025;Болт оцинк. М10х60 DIN933;Оцинкованные метизы (ПК КСС);0.01;0.738;;;22.12.2025;;
ПКНФ-001408;22.12.2025;7649.4.10 - Трубопровод;Составные части трубопровода (Пк КСС);1;0;08.12.2025;;22.12.2025;ПКНФ-000040;15.01.2026
ПКНФ-001408;22.12.2025;7649.4.10 - Лестница;Составные части трубопровода (Пк КСС);1;0;08.12.2025;;22.12.2025;ПКНФ-001409;22.12.2025
ПКНФ-001408;22.12.2025;Заглушка для трубы 25х25 мм пластик;Расходные материалы (ПК КСС);2;28;23.04.2024;;22.12.2025;;
ПКНФ-001408;22.12.2025;Шайба плоская оц. М10  DIN 125;Оцинкованные метизы (ПК КСС);0.01;0.796;;25.08.2025;22.12.2025;;
ПКНФ-001408;22.12.2025;Болт М10*40 DIN 933 полная резьба  (А2, 10,0, 40,0, DIN 933);Нержавеющие метизы (ПК КСС);4;196;;;22.12.2025;;
ПКНФ-001408;22.12.2025;Гайка М10 DIN 934  (А2, 10,0, DIN 934);Нержавеющие метизы (ПК КСС);4;1042;;19.06.2024;22.12.2025;;
ПКНФ-001408;22.12.2025;Грибок канализационный;Полиэтелен, корсис, прагма, НПВХ (ПК КСС);1;30;;27.01.2026;22.12.2025;;
ПКНФ-001408;22.12.2025;Манжета резиновая переходная D 110/124 Уп., черн;Полиэтелен, корсис, прагма, НПВХ (ПК КСС);1;42;;27.01.2026;22.12.2025;;
ПКНФ-001408;22.12.2025;Отвод 90 гр. НПВХ DN110;Полиэтелен, корсис, прагма, НПВХ (ПК КСС);1;61;;;22.12.2025;;
ПКНФ-001408;22.12.2025;Труба 110/3,2/0560 наружная канализация;Полиэтелен, корсис, прагма, НПВХ (ПК КСС);2;175;;;22.12.2025;;
ПКНФ-001408;22.12.2025;Шайба М10 DIN 125  (А2, DIN 125);Нержавеющие метизы (ПК КСС);4;640;;;22.12.2025;;
ПКНФ-001409;22.12.2025;Труба 50х50х1,5 (AISI 304);Нержавеющие трубы, листы, круги, сетки(ПК КСС);0.1;17.7;;;22.12.2025;;
ПКНФ-001409;22.12.2025;Пластина 100х40 (AISI 304);Нержавеющие трубы, листы, круги, сетки(ПК КСС);8;172;;;22.12.2025;;
ПКНФ-001409;22.12.2025;Труба 40х20х2 (AISI304);Нержавеющие трубы, листы, круги, сетки(ПК КСС);10;99.9;09.09.2025;09.09.2025;22.12.2025;;
ПКНФ-001409;22.12.2025;Труба 25х25х2 (AISI 304);Нержавеющие трубы, листы, круги, сетки(ПК КСС);6;145.5;05.08.2025;05.08.2025;22.12.2025;;
ПКНФ-001411;22.12.2025;Гайка шестигр.М10 оц. DIN934;Оцинкованные метизы (ПК КСС);0.01;0.736;07.10.2024;07.10.2024;22.12.2025;;
ПКНФ-001411;22.12.2025;Болт оцинк. М10х60 DIN933;Оцинкованные метизы (ПК КСС);0.01;0.738;;;22.12.2025;;
ПКНФ-001411;22.12.2025;7649.4.11 - Лестница;Составные части трубопровода (Пк КСС);1;0;08.12.2025;;22.12.2025;ПКНФ-001412;22.12.2025
ПКНФ-001411;22.12.2025;7649.4.11 - Трубопровод;Составные части трубопровода (Пк КСС);1;0;08.12.2025;;22.12.2025;ПКНФ-000041;15.01.2026
ПКНФ-001411;22.12.2025;Заглушка для трубы 25х25 мм пластик;Расходные материалы (ПК КСС);2;28;23.04.2024;;22.12.2025;;
ПКНФ-001411;22.12.2025;Шайба плоская оц. М10  DIN 125;Оцинкованные метизы (ПК КСС);0.01;0.796;;25.08.2025;22.12.2025;;
ПКНФ-001411;22.12.2025;Болт М10*40 DIN 933 полная резьба  (А2, 10,0, 40,0, DIN 933);Нержавеющие метизы (ПК КСС);4;196;;;22.12.2025;;
ПКНФ-001411;22.12.2025;Гайка М10 DIN 934  (А2, 10,0, DIN 934);Нержавеющие метизы (ПК КСС);4;1042;;19.06.2024;22.12.2025;;
ПКНФ-001411;22.12.2025;Грибок канализационный;Полиэтелен, корсис, прагма, НПВХ (ПК КСС);1;30;;27.01.2026;22.12.2025;;
ПКНФ-001411;22.12.2025;Манжета резиновая переходная D 110/124 Уп., черн;Полиэтелен, корсис, прагма, НПВХ (ПК КСС);1;42;;27.01.2026;22.12.2025;;
ПКНФ-001411;22.12.2025;Отвод 90 гр. НПВХ DN110;Полиэтелен, корсис, прагма, НПВХ (ПК КСС);1;61;;;22.12.2025;;
ПКНФ-001411;22.12.2025;Труба 110/3,2/0560 наружная канализация;Полиэтелен, корсис, прагма, НПВХ (ПК КСС);2;175;;;22.12.2025;;
ПКНФ-001411;22.12.2025;Шайба М10 DIN 125  (А2, DIN 125);Нержавеющие метизы (ПК КСС);4;640;;;22.12.2025;;
ПКНФ-001412;22.12.2025;Труба 50х50х1,5 (AISI 304);Нержавеющие трубы, листы, круги, сетки(ПК КСС);0.1;17.7;;;22.12.2025;;
ПКНФ-001412;22.12.2025;Пластина 100х40 (AISI 304);Нержавеющие трубы, листы, круги, сетки(ПК КСС);8;172;;;22.12.2025;;
ПКНФ-001412;22.12.2025;Труба 40х20х2 (AISI304);Нержавеющие трубы, листы, круги, сетки(ПК КСС);10;99.9;09.09.2025;09.09.2025;22.12.2025;;
ПКНФ-001412;22.12.2025;Труба 25х25х2 (AISI 304);Нержавеющие трубы, листы, круги, сетки(ПК КСС);6;145.5;09.09.2025;05.08.2025;22.12.2025;;
ПКНФ-001414;22.12.2025;Гайка шестигр.М10 оц. DIN934;Оцинкованные метизы (ПК КСС);0.01;0.736;07.10.2024;07.10.2024;22.12.2025;;
ПКНФ-001414;22.12.2025;Болт оцинк. М10х60 DIN933;Оцинкованные метизы (ПК КСС);0.01;0.738;;;22.12.2025;;
ПКНФ-001414;22.12.2025;7649.4.12 - Лестница;Составные части трубопровода (Пк КСС);1;0;08.12.2025;;22.12.2025;ПКНФ-001415;22.12.2025
ПКНФ-001414;22.12.2025;7649.4.12 - Трубопровод;Составные части трубопровода (Пк КСС);1;0;08.12.2025;;22.12.2025;ПКНФ-000042;15.01.2026
ПКНФ-001414;22.12.2025;Заглушка для трубы 25х25 мм пластик;Расходные материалы (ПК КСС);2;28;23.04.2024;;22.12.2025;;
ПКНФ-001414;22.12.2025;Шайба плоская оц. М10  DIN 125;Оцинкованные метизы (ПК КСС);0.01;0.796;;25.08.2025;22.12.2025;;
ПКНФ-001414;22.12.2025;Болт М10*40 DIN 933 полная резьба  (А2, 10,0, 40,0, DIN 933);Нержавеющие метизы (ПК КСС);4;196;;;22.12.2025;;
ПКНФ-001414;22.12.2025;Гайка М10 DIN 934  (А2, 10,0, DIN 934);Нержавеющие метизы (ПК КСС);4;1042;;19.06.2024;22.12.2025;;
ПКНФ-001414;22.12.2025;Грибок канализационный;Полиэтелен, корсис, прагма, НПВХ (ПК КСС);1;30;;27.01.2026;22.12.2025;;
ПКНФ-001414;22.12.2025;Манжета резиновая переходная D 110/124 Уп., черн;Полиэтелен, корсис, прагма, НПВХ (ПК КСС);1;42;;27.01.2026;22.12.2025;;
ПКНФ-001414;22.12.2025;Отвод 90 гр. НПВХ DN110;Полиэтелен, корсис, прагма, НПВХ (ПК КСС);1;61;;;22.12.2025;;
ПКНФ-001414;22.12.2025;Труба 110/3,2/0560 наружная канализация;Полиэтелен, корсис, прагма, НПВХ (ПК КСС);2;175;;;22.12.2025;;
ПКНФ-001414;22.12.2025;Шайба М10 DIN 125  (А2, DIN 125);Нержавеющие метизы (ПК КСС);4;640;;;22.12.2025;;
ПКНФ-001415;22.12.2025;Труба 50х50х1,5 (AISI 304);Нержавеющие трубы, листы, круги, сетки(ПК КСС);0.1;17.7;;;22.12.2025;;
ПКНФ-001415;22.12.2025;Пластина 100х40 (AISI 304);Нержавеющие трубы, листы, круги, сетки(ПК КСС);8;172;;;22.12.2025;;
ПКНФ-001415;22.12.2025;Труба 40х20х2 (AISI304);Нержавеющие трубы, листы, круги, сетки(ПК КСС);10;99.9;09.09.2025;09.09.2025;22.12.2025;;
ПКНФ-001415;22.12.2025;Труба 25х25х2 (AISI 304);Нержавеющие трубы, листы, круги, сетки(ПК КСС);6;145.5;09.09.2025;05.08.2025;22.12.2025;;
ПКНФ-001417;22.12.2025;Гайка шестигр.М10 оц. DIN934;Оцинкованные метизы (ПК КСС);0.01;0.736;07.10.2024;07.10.2024;22.12.2025;;
ПКНФ-001417;22.12.2025;Болт оцинк. М10х60 DIN933;Оцинкованные метизы (ПК КСС);0.01;0.738;;;22.12.2025;;
ПКНФ-001417;22.12.2025;7649.4.13 - Трубопровод;Составные части трубопровода (Пк КСС);1;0;08.12.2025;;22.12.2025;ПКНФ-000043;15.01.2026
ПКНФ-001417;22.12.2025;7649.4.13 - Лестница;Составные части трубопровода (Пк КСС);1;0;08.12.2025;;22.12.2025;ПКНФ-001418;22.12.2025
ПКНФ-001417;22.12.2025;Заглушка для трубы 25х25 мм пластик;Расходные материалы (ПК КСС);2;28;23.04.2024;;22.12.2025;;
ПКНФ-001417;22.12.2025;Шайба плоская оц. М10  DIN 125;Оцинкованные метизы (ПК КСС);0.01;0.796;;25.08.2025;22.12.2025;;
ПКНФ-001417;22.12.2025;Болт М10*40 DIN 933 полная резьба  (А2, 10,0, 40,0, DIN 933);Нержавеющие метизы (ПК КСС);4;196;;;22.12.2025;;
ПКНФ-001417;22.12.2025;Гайка М10 DIN 934  (А2, 10,0, DIN 934);Нержавеющие метизы (ПК КСС);4;1042;;19.06.2024;22.12.2025;;
ПКНФ-001417;22.12.2025;Грибок канализационный;Полиэтелен, корсис, прагма, НПВХ (ПК КСС);1;30;;27.01.2026;22.12.2025;;
ПКНФ-001417;22.12.2025;Манжета резиновая переходная D 110/124 Уп., черн;Полиэтелен, корсис, прагма, НПВХ (ПК КСС);1;42;;27.01.2026;22.12.2025;;
ПКНФ-001417;22.12.2025;Отвод 90 гр. НПВХ DN110;Полиэтелен, корсис, прагма, НПВХ (ПК КСС);1;61;;;22.12.2025;;
ПКНФ-001417;22.12.2025;Труба 110/3,2/0560 наружная канализация;Полиэтелен, корсис, прагма, НПВХ (ПК КСС);2;175;;;22.12.2025;;
ПКНФ-001417;22.12.2025;Шайба М10 DIN 125  (А2, DIN 125);Нержавеющие метизы (ПК КСС);4;640;;;22.12.2025;;
ПКНФ-001418;22.12.2025;Труба 50х50х1,5 (AISI 304);Нержавеющие трубы, листы, круги, сетки(ПК КСС);0.1;17.7;;;22.12.2025;;
ПКНФ-001418;22.12.2025;Пластина 100х40 (AISI 304);Нержавеющие трубы, листы, круги, сетки(ПК КСС);8;172;;;22.12.2025;;
ПКНФ-001418;22.12.2025;Труба 40х20х2 (AISI304);Нержавеющие трубы, листы, круги, сетки(ПК КСС);10;99.9;09.09.2025;09.09.2025;22.12.2025;;
ПКНФ-001418;22.12.2025;Труба 25х25х2 (AISI 304);Нержавеющие трубы, листы, круги, сетки(ПК КСС);6;145.5;05.08.2025;05.08.2025;22.12.2025;;
ПКНФ-001420;22.12.2025;Гайка шестигр.М10 оц. DIN934;Оцинкованные метизы (ПК КСС);0.01;0.736;07.10.2024;07.10.2024;22.12.2025;;
ПКНФ-001420;22.12.2025;Болт оцинк. М10х60 DIN933;Оцинкованные метизы (ПК КСС);0.01;0.738;;;22.12.2025;;
ПКНФ-001420;22.12.2025;7649.4.14 - Лестница;Составные части трубопровода (Пк КСС);1;0;08.12.2025;;22.12.2025;ПКНФ-001421;22.12.2025
ПКНФ-001420;22.12.2025;7649.4.14 - Трубопровод;Составные части трубопровода (Пк КСС);1;0;08.12.2025;;22.12.2025;ПКНФ-000044;15.01.2026
ПКНФ-001420;22.12.2025;Заглушка для трубы 25х25 мм пластик;Расходные материалы (ПК КСС);2;28;23.04.2024;;22.12.2025;;
ПКНФ-001420;22.12.2025;Шайба плоская оц. М10  DIN 125;Оцинкованные метизы (ПК КСС);0.01;0.796;;25.08.2025;22.12.2025;;
ПКНФ-001420;22.12.2025;Болт М10*40 DIN 933 полная резьба  (А2, 10,0, 40,0, DIN 933);Нержавеющие метизы (ПК КСС);4;196;;;22.12.2025;;
ПКНФ-001420;22.12.2025;Гайка М10 DIN 934  (А2, 10,0, DIN 934);Нержавеющие метизы (ПК КСС);4;1042;;19.06.2024;22.12.2025;;
ПКНФ-001420;22.12.2025;Грибок канализационный;Полиэтелен, корсис, прагма, НПВХ (ПК КСС);1;30;;27.01.2026;22.12.2025;;
ПКНФ-001420;22.12.2025;Манжета резиновая переходная D 110/124 Уп., черн;Полиэтелен, корсис, прагма, НПВХ (ПК КСС);1;42;;27.01.2026;22.12.2025;;
ПКНФ-001420;22.12.2025;Отвод 90 гр. НПВХ DN110;Полиэтелен, корсис, прагма, НПВХ (ПК КСС);1;61;;;22.12.2025;;
ПКНФ-001420;22.12.2025;Труба 110/3,2/0560 наружная канализация;Полиэтелен, корсис, прагма, НПВХ (ПК КСС);2;175;;;22.12.2025;;
ПКНФ-001420;22.12.2025;Шайба М10 DIN 125  (А2, DIN 125);Нержавеющие метизы (ПК КСС);4;640;;;22.12.2025;;
ПКНФ-001421;22.12.2025;Труба 50х50х1,5 (AISI 304);Нержавеющие трубы, листы, круги, сетки(ПК КСС);0.1;17.7;;;22.12.2025;;
ПКНФ-001421;22.12.2025;Пластина 100х40 (AISI 304);Нержавеющие трубы, листы, круги, сетки(ПК КСС);8;172;;;22.12.2025;;
ПКНФ-001421;22.12.2025;Труба 40х20х2 (AISI304);Нержавеющие трубы, листы, круги, сетки(ПК КСС);10;99.9;09.09.2025;09.09.2025;22.12.2025;;
ПКНФ-001421;22.12.2025;Труба 25х25х2 (AISI 304);Нержавеющие трубы, листы, круги, сетки(ПК КСС);6;145.5;09.09.2025;05.08.2025;22.12.2025;;
ПКНФ-001423;22.12.2025;Гайка шестигр.М10 оц. DIN934;Оцинкованные метизы (ПК КСС);0.01;0.736;07.10.2024;07.10.2024;22.12.2025;;
ПКНФ-001423;22.12.2025;Болт оцинк. М10х60 DIN933;Оцинкованные метизы (ПК КСС);0.01;0.738;;;22.12.2025;;
ПКНФ-001423;22.12.2025;7649.4.15 - Лестница;Составные части трубопровода (Пк КСС);1;0;08.12.2025;;22.12.2025;ПКНФ-001424;22.12.2025
ПКНФ-001423;22.12.2025;7649.4.15 - Трубопровод;Составные части трубопровода (Пк КСС);1;0;08.12.2025;;22.12.2025;ПКНФ-000045;15.01.2026
ПКНФ-001423;22.12.2025;Заглушка для трубы 25х25 мм пластик;Расходные материалы (ПК КСС);2;28;23.04.2024;;22.12.2025;;
ПКНФ-001423;22.12.2025;Шайба плоская оц. М10  DIN 125;Оцинкованные метизы (ПК КСС);0.01;0.796;;25.08.2025;22.12.2025;;
ПКНФ-001423;22.12.2025;Болт М10*40 DIN 933 полная резьба  (А2, 10,0, 40,0, DIN 933);Нержавеющие метизы (ПК КСС);4;196;;;22.12.2025;;
ПКНФ-001423;22.12.2025;Гайка М10 DIN 934  (А2, 10,0, DIN 934);Нержавеющие метизы (ПК КСС);4;1042;;19.06.2024;22.12.2025;;
ПКНФ-001423;22.12.2025;Грибок канализационный;Полиэтелен, корсис, прагма, НПВХ (ПК КСС);1;30;;27.01.2026;22.12.2025;;
ПКНФ-001423;22.12.2025;Манжета резиновая переходная D 110/124 Уп., черн;Полиэтелен, корсис, прагма, НПВХ (ПК КСС);1;42;;27.01.2026;22.12.2025;;
ПКНФ-001423;22.12.2025;Отвод 90 гр. НПВХ DN110;Полиэтелен, корсис, прагма, НПВХ (ПК КСС);1;61;;;22.12.2025;;
ПКНФ-001423;22.12.2025;Труба 110/3,2/0560 наружная канализация;Полиэтелен, корсис, прагма, НПВХ (ПК КСС);2;175;;;22.12.2025;;
ПКНФ-001423;22.12.2025;Шайба М10 DIN 125  (А2, DIN 125);Нержавеющие метизы (ПК КСС);4;640;;;22.12.2025;;
ПКНФ-001424;22.12.2025;Труба 50х50х1,5 (AISI 304);Нержавеющие трубы, листы, круги, сетки(ПК КСС);0.1;17.7;;;22.12.2025;;
ПКНФ-001424;22.12.2025;Пластина 100х40 (AISI 304);Нержавеющие трубы, листы, круги, сетки(ПК КСС);8;172;;;22.12.2025;;
ПКНФ-001424;22.12.2025;Труба 40х20х2 (AISI304);Нержавеющие трубы, листы, круги, сетки(ПК КСС);10;99.9;09.09.2025;09.09.2025;22.12.2025;;
ПКНФ-001424;22.12.2025;Труба 25х25х2 (AISI 304);Нержавеющие трубы, листы, круги, сетки(ПК КСС);6;145.5;09.09.2025;05.08.2025;22.12.2025;;
ПКНФ-001426;22.12.2025;Гайка шестигр.М10 оц. DIN934;Оцинкованные метизы (ПК КСС);0.01;0.736;07.10.2024;07.10.2024;22.12.2025;;
ПКНФ-001426;22.12.2025;Болт оцинк. М10х60 DIN933;Оцинкованные метизы (ПК КСС);0.01;0.738;;;22.12.2025;;
ПКНФ-001426;22.12.2025;7649.4.16 - Трубопровод;Составные части трубопровода (Пк КСС);1;0;08.12.2025;;22.12.2025;ПКНФ-000046;15.01.2026
ПКНФ-001426;22.12.2025;7649.4.16 - Лестница;Составные части трубопровода (Пк КСС);1;0;08.12.2025;;22.12.2025;ПКНФ-001427;22.12.2025
ПКНФ-001426;22.12.2025;Заглушка для трубы 25х25 мм пластик;Расходные материалы (ПК КСС);2;28;23.04.2024;;22.12.2025;;
ПКНФ-001426;22.12.2025;Шайба плоская оц. М10  DIN 125;Оцинкованные метизы (ПК КСС);0.01;0.796;;25.08.2025;22.12.2025;;
ПКНФ-001426;22.12.2025;Болт М10*40 DIN 933 полная резьба  (А2, 10,0, 40,0, DIN 933);Нержавеющие метизы (ПК КСС);4;196;;;22.12.2025;;
ПКНФ-001426;22.12.2025;Гайка М10 DIN 934  (А2, 10,0, DIN 934);Нержавеющие метизы (ПК КСС);4;1042;;19.06.2024;22.12.2025;;
ПКНФ-001426;22.12.2025;Грибок канализационный;Полиэтелен, корсис, прагма, НПВХ (ПК КСС);1;30;;27.01.2026;22.12.2025;;
ПКНФ-001426;22.12.2025;Манжета резиновая переходная D 110/124 Уп., черн;Полиэтелен, корсис, прагма, НПВХ (ПК КСС);1;42;;27.01.2026;22.12.2025;;
ПКНФ-001426;22.12.2025;Отвод 90 гр. НПВХ DN110;Полиэтелен, корсис, прагма, НПВХ (ПК КСС);1;61;;;22.12.2025;;
ПКНФ-001426;22.12.2025;Труба 110/3,2/0560 наружная канализация;Полиэтелен, корсис, прагма, НПВХ (ПК КСС);2;175;;;22.12.2025;;
ПКНФ-001426;22.12.2025;Шайба М10 DIN 125  (А2, DIN 125);Нержавеющие метизы (ПК КСС);4;640;;;22.12.2025;;
ПКНФ-001427;22.12.2025;Труба 50х50х1,5 (AISI 304);Нержавеющие трубы, листы, круги, сетки(ПК КСС);0.1;17.7;;;22.12.2025;;
ПКНФ-001427;22.12.2025;Пластина 100х40 (AISI 304);Нержавеющие трубы, листы, круги, сетки(ПК КСС);8;172;;;22.12.2025;;
ПКНФ-001427;22.12.2025;Труба 40х20х2 (AISI304);Нержавеющие трубы, листы, круги, сетки(ПК КСС);10;99.9;17.09.2025;09.09.2025;22.12.2025;;
ПКНФ-001427;22.12.2025;Труба 25х25х2 (AISI 304);Нержавеющие трубы, листы, круги, сетки(ПК КСС);6;145.5;09.09.2025;05.08.2025;22.12.2025;;
ПКНФ-001429;23.12.2025;Уголок 50х50х5 ГОСТ 8509-93 (м);Черные трубы, листы, круги (ПК КСС);6;16.5;;16.01.2026;23.12.2025;;
ПКНФ-001429;23.12.2025;Уголок 40х40х4 ГОСТ 8509-93;Черные трубы, листы, круги (ПК КСС);1.5;83.2;;;23.12.2025;;
ПКНФ-001429;23.12.2025;Труба 40х40х3 ГОСТ 8639-82;Черные трубы, листы, круги (ПК КСС);4;151.3;20.01.2026;16.01.2026;23.12.2025;;
ПКНФ-001429;23.12.2025;Полоса 4,0x40,0 (AISI304, 08X18H10, 2B);Нержавеющие трубы, листы, круги, сетки(ПК КСС);2;153;;25.02.2025;23.12.2025;;
ПКНФ-001430;23.12.2025;Фланец 60,3 (AISI304, 08*18H10, PN10) свободный;Нержавеющие фланцы и фиттинги (ПК КСС);4;8;;;23.12.2025;;
ПКНФ-001430;23.12.2025;Отбортовка 60,3х2,0 AISI304;Нержавеющие фланцы и фиттинги (ПК КСС);4;14;16.05.2025;;23.12.2025;;
ПКНФ-001430;23.12.2025;Фланец 33,7 (PN16 AISI 304 08x18H10) воротниковый;Нержавеющие фланцы и фиттинги (ПК КСС);6;19;;;23.12.2025;;
ПКНФ-001430;23.12.2025;Ниппель приварной DN25 1  (33,7мм) (AISI304, 08Х18H10);Нержавеющие фланцы и фиттинги (ПК КСС);12;69;;03.06.2024;23.12.2025;;
ПКНФ-001430;23.12.2025;Труба СВ  21,3х2,0мм 08Х18Н10 (AISI 304);Нержавеющие трубы, листы, круги, сетки(ПК КСС);0.2;77.3;;;23.12.2025;;
ПКНФ-001430;23.12.2025;Труба СВ  26,9х2,0мм 08Х18Н10 (AISI 304);Нержавеющие трубы, листы, круги, сетки(ПК КСС);0.1;28.6;;;23.12.2025;;
ПКНФ-001430;23.12.2025;Труба СВ  60,3х2,0мм 08Х18Н10 (AISI 304);Нержавеющие трубы, листы, круги, сетки(ПК КСС);2;6.5;09.09.2025;09.09.2025;23.12.2025;;
ПКНФ-001430;23.12.2025;Ниппель приварной DN15  1/2"" (AISI304, 08Х18H10);Нержавеющие фланцы и фиттинги (ПК КСС);2;36;;03.06.2024;23.12.2025;;
ПКНФ-001430;23.12.2025;Ниппель приварной DN20  3/4"" (26,9мм) ( AISI304 08Х18H10);Нержавеющие фланцы и фиттинги (ПК КСС);1;35;;;23.12.2025;;
ПКНФ-001431;23.12.2025;Лист 5,0*1500*6000 ст3 (м2);Черные трубы, листы, круги (ПК КСС);0.4;0;;;23.12.2025;;
ПКНФ-001431;23.12.2025;Швеллер 14П ГОСТ 8240-97;Черные трубы, листы, круги (ПК КСС);24.1;141.1;20.01.2026;20.01.2026;23.12.2025;;
ПКНФ-001431;23.12.2025;Арматура А-1 6 мм;Черные трубы, листы, круги (ПК КСС);1;79.8;;;23.12.2025;;
ПКНФ-001431;23.12.2025;Арматура ф 16 А-1 ГОСТ 5781-82 (м);Черные трубы, листы, круги (ПК КСС);0.4;9.1;;24.01.2024;23.12.2025;;
ПКНФ-001431;23.12.2025;Труба 50х50х3 ГОСТ 8639-82, м.д;Черные трубы, листы, круги (ПК КСС);6.5;31.8;;16.01.2026;23.12.2025;;
ПКНФ-001434;23.12.2025;Клемма силовая вводная КСВ 16-95 cин.;Электротовары КСС ШУ;1;3;;;23.12.2025;;
ПКНФ-001434;23.12.2025;Ограничитель на DIN-рейку 1 винт HDW-211;Электротовары КСС ШУ;18;0;;;23.12.2025;;
ПКНФ-001434;23.12.2025;Выключатель автоматический модульный 1п C 6А 4.5кА ВА 47-63;Электротовары КСС ШУ;2;0;;16.01.2026;23.12.2025;;
ПКНФ-001434;23.12.2025;Шина нулевая ""N"" на DIN-рейку в корпусе 4х7 групп;Электротовары КСС ШУ;1;34;;;23.12.2025;;
ПКНФ-001434;23.12.2025;Выключатель автоматический модульный 1п C 10А 4.5кА ВА 47-63;Электротовары КСС ШУ;2;79;;;23.12.2025;;
ПКНФ-001434;23.12.2025;Провод ПУГВнг(А)-LS 1х2,5 ж/з;Электротовары КСС ШУ;3;31;;25.08.2025;23.12.2025;;
ПКНФ-001434;23.12.2025;Символ ""Молния"" (треугольник) 50х50х50мм;Электротовары КСС ШУ;1;61;;;23.12.2025;;
ПКНФ-001434;23.12.2025;DIN-рейка перфорированная L2000 1мм 35х7,5;Электротовары КСС ШУ;0.75;25;;;23.12.2025;;
ПКНФ-001434;23.12.2025;Клемма силовая вводная КСВ 16-95 cерая;Электротовары КСС ШУ;3;6;;;23.12.2025;;
ПКНФ-001434;23.12.2025;Клемма силовая вводная КСВ 16-95 желто-зеленая;Электротовары КСС ШУ;1;5;;14.02.2025;23.12.2025;;
ПКНФ-001434;23.12.2025;Рубильник 3п 80А с рукояткой управления для прямой установки;Электротовары КСС ШУ;1;11;;;23.12.2025;;
ПКНФ-001434;23.12.2025;Сальник PG 36 диаметр проводника 22-32 мм IP54;Электротовары КСС ШУ;1;22;;;23.12.2025;;
ПКНФ-001434;23.12.2025;Колодка клеммная JXB-2.5/35 серая;Электротовары КСС ШУ;10;24;;;23.12.2025;;
ПКНФ-001434;23.12.2025;Провод ПуГВнг(А)-LS 1х1,5 Б;Электротовары КСС ШУ;7;316;;;23.12.2025;;
ПКНФ-001434;23.12.2025;Колодка клеммная JXB-2.5/35 синяя;Электротовары КСС ШУ;6;101;;;23.12.2025;;
ПКНФ-001434;23.12.2025;Сальник PG21;Электротовары КСС ШУ;4;524;;;23.12.2025;;
ПКНФ-001434;23.12.2025;Кабель ВВГнг-П-LS 3х1,5;Электротовары КСС ШУ;100;118;;;23.12.2025;;
ПКНФ-001434;23.12.2025;Провод ПуГВнг(А)-LS 1х16 С;Электротовары КСС ШУ;0.5;14;;;23.12.2025;;
ПКНФ-001434;23.12.2025;Выключатель автоматический модульный 3п C 25А 4.5кА ВА 47-63;Электротовары КСС ШУ;2;22;;;23.12.2025;;
ПКНФ-001434;23.12.2025;Наконечник штыревой втулочный изол. НШвИ 16.0-12 (уп.50шт);Электротовары КСС ШУ;10;952;;;23.12.2025;;
ПКНФ-001434;23.12.2025;Трубка термоус. ТУТ (HF)-4/2, красн. (уп.100м);Электротовары КСС ШУ;1.2;65.7;;;23.12.2025;;
ПКНФ-001434;23.12.2025;Трубка термоус. ТУТ (HF)-4/2, зел. (уп.100м);Электротовары КСС ШУ;1.2;65.5;;;23.12.2025;;
ПКНФ-001434;23.12.2025;Трубка термоус. ТУТ (HF)-4/2, желт. (уп.100м);Электротовары КСС ШУ;1.2;90.2;;;23.12.2025;;
ПКНФ-001434;23.12.2025;Трубка термоус. ТУТ (HF)-16/8, красн. (уп.50м);Электротовары КСС ШУ;0.5;38;;;23.12.2025;;
ПКНФ-001434;23.12.2025;Наконечник штыревой втулочный изол. НШвИ 1.5-8 (уп.50шт);Электротовары КСС ШУ;18;2578;;;23.12.2025;;
ПКНФ-001434;23.12.2025;Саморез 4.2х13 металл-металл с прессшайбой сверло цинк (уп.200шт);Электротовары КСС ШУ;32;1156.91;;;23.12.2025;;
ПКНФ-001434;23.12.2025;Сальник PG 16 10-14мм IP54;Электротовары КСС ШУ;2;231;;;23.12.2025;;
ПКНФ-001434;23.12.2025;MES 70.50.25, Шкаф компактный распределительный 700х500х250;Корпусы для ШУ;1;5;;;23.12.2025;;
ПКНФ-001434;23.12.2025;Кабель-канал перфорированный 40х40 L2000 RL6 G DKC 01134RL;Электротовары КСС ШУ;1.5;61;;;23.12.2025;;
ПКНФ-001434;23.12.2025;Колодка клеммная ЕК-2.5/25 JXB земля;Электротовары КСС ШУ;6;125;;08.06.2024;23.12.2025;;
ПКНФ-001434;23.12.2025;Маркер для JXB с нумерацией 1-10 (уп.100шт);Электротовары КСС ШУ;100;7501;;;23.12.2025;;
ПКНФ-001434;23.12.2025;Провод ПУГВнг(А)-LS 1х1,5 ж/з;Электротовары КСС ШУ;7;548.3;;;23.12.2025;;
ПКНФ-001434;23.12.2025;Провод ПуГВнг(А)-LS 1х16 Б;Электротовары КСС ШУ;1.5;11;;;23.12.2025;;
ПКНФ-001434;23.12.2025;Провод ПУГВнг(А)-LS 1х2,5 Б;Электротовары КСС ШУ;12;422.5;;;23.12.2025;;
ПКНФ-001434;23.12.2025;Провод ПУГВнг(А)-LS 1х2,5 С;Электротовары КСС ШУ;3;254;;;23.12.2025;;
ПКНФ-001434;23.12.2025;Провод силовой ПУГВнг(А)-LS 1х1,5 С;Электротовары КСС ШУ;7;0;;;23.12.2025;;
ПКНФ-001434;23.12.2025;Трубка термоус. ТУТ (HF)-16/8, желт. (уп.50м) (КВТ);Электротовары КСС ШУ;0.5;38;;;23.12.2025;;
ПКНФ-001434;23.12.2025;Трубка термоус. ТУТ (HF)-16/8, зел. (уп.50м) КВТ;Электротовары КСС ШУ;0.5;88;;;23.12.2025;;
ПКНФ-001434;23.12.2025;Наконечник штыревой втулочный изол. НШвИ 2.5-8 (уп.50шт);Электротовары КСС ШУ;32;4481;;25.08.2025;23.12.2025;;
ПКНФ-001436;25.12.2025;Канализационные очистные сооружения, усиленные ребрами Полипропилен/Металл BAZMAN КОС-ПП 10-УФ (м3/с;Прочие изделия ;1;0;12.03.2026;12.03.2026;25.12.2025;;
ПКНФ-001437;25.12.2025;Канализационные очистные сооружения, усиленные ребрами Полипропилен/Металл BAZMAN КОС-ПП 33-УФ (м3/с;Прочие изделия ;1;0;12.03.2026;12.03.2026;25.12.2025;;
ПКНФ-001438;25.12.2025;Выключатель нагрузки 3п 25А ВН-32N;Электротовары КСС ШУ;1;17;;;25.12.2025;;
ПКНФ-001438;25.12.2025;Частотный преобразователь ESQ-230-4T-7.5K 7.5кВт, 380В;Электротовары КСС ШУ;3;6;27.01.2026;27.01.2026;25.12.2025;;
ПКНФ-001438;25.12.2025;Коробка монтажная ОП 100х100х50 с 6 вводами;Электротовары КСС ШУ;1;0;15.01.2026;24.12.2025;25.12.2025;;
ПКНФ-001438;25.12.2025;Щит настен. 12 мод. (200х255х97) IP41 белый (ЩРН-П-12)/GENERICA;Электротовары КСС ШУ;1;4;15.01.2026;24.12.2025;25.12.2025;;
ПКНФ-001438;25.12.2025;Коробка распределительная ОП безгалогенная (HF) 70х70х40 IP55 Промрукав 40-0200;Электротовары КСС ШУ;12;15;15.01.2026;24.12.2025;25.12.2025;;
ПКНФ-001438;25.12.2025;Стяжка нейлоновая КСС 3х120 (б) (100шт);Электротовары КСС ШУ;20;0;;;25.12.2025;;
ПКНФ-001438;25.12.2025;Стяжка нейлоновая КСС 4х200 (б) (100шт);Электротовары КСС ШУ;15;0;;;25.12.2025;;
ПКНФ-001438;25.12.2025;Электропанель Solo 1.5 кВт (мех.упр.) / BALLU (электроконвектор);Электротовары КСС ШУ;2;0;;24.12.2025;25.12.2025;;
ПКНФ-001438;25.12.2025;Кабель КГВВнг(А)-LS 4х1.5;Электротовары КСС ШУ;20;277;;;25.12.2025;;
ПКНФ-001438;25.12.2025;Матрица светодиодная AD16-22HS 230В AC IP65 зел. PROxima EKF ledm-ad16-g-65;Электротовары КСС ШУ;3;190;;;25.12.2025;;
ПКНФ-001438;25.12.2025;Провод ПУГВнг(А)-LS 1х0,5 С;Электротовары КСС ШУ;11;1760;;;25.12.2025;;
ПКНФ-001438;25.12.2025;Наконечник штыревой втулочный изол. НШвИ(2) 0.5-8 (уп.50шт);Электротовары КСС ШУ;20;4150;;;25.12.2025;;
ПКНФ-001438;25.12.2025;Знак ""Земля"" круглый d20мм EKF an-1-04;Электротовары КСС ШУ;2;0;;;25.12.2025;;
ПКНФ-001438;25.12.2025;Наконечник кольцевой изол. НКИ 1.5-6 (уп.50шт);Электротовары КСС ШУ;18;0;;;25.12.2025;;
ПКНФ-001438;25.12.2025;Ограничитель на DIN-рейку 1 винт HDW-211;Электротовары КСС ШУ;24;0;;;25.12.2025;;
ПКНФ-001438;25.12.2025;Выключатель автоматический модульный 1п C 6А 4.5кА ВА 47-63;Электротовары КСС ШУ;2;0;;16.01.2026;25.12.2025;;
ПКНФ-001438;25.12.2025;Кабель-канал перфорированный 25х40 L2000 RL6 G DKC 01163RL;Электротовары КСС ШУ;1.5;34.75;;;25.12.2025;;
ПКНФ-001438;25.12.2025;Оповещатель светозвуковой ED16-22BMS 230В;Электротовары КСС ШУ;1;111;;;25.12.2025;;
ПКНФ-001438;25.12.2025;Символ ""Молния"" (треугольник) 50х50х50мм;Электротовары КСС ШУ;1;61;;;25.12.2025;;
ПКНФ-001438;25.12.2025;Розетка 1-м ОП Эра Эксперт 11-2401-01 16А IP54 16AX 250В 2P+E бел. Эра Б0020712;Электротовары КСС ШУ;2;4;15.01.2026;15.01.2026;25.12.2025;;
ПКНФ-001438;25.12.2025;Вентилятор бытовой Эвент Волна 150Сок;Электротовары КСС ШУ;1;4;;;25.12.2025;;
ПКНФ-001438;25.12.2025;Светильник светодиодный 36W 6500K 3000Лм IP20 170-265V AL5054 (1200x75x25) аналог ЛПО 2х36 опал/Fero;Электротовары КСС ШУ;4;0;;24.12.2025;25.12.2025;;
ПКНФ-001438;25.12.2025;DIN-рейка перфорированная L2000 1мм 35х7,5;Электротовары КСС ШУ;0.75;25;;;25.12.2025;;
ПКНФ-001438;25.12.2025;Труба гофрированная d20 ПВХ серая с зондом н/г легкая;Электротовары КСС ШУ;100;150;15.01.2026;24.12.2025;25.12.2025;;
ПКНФ-001438;25.12.2025;Кабель КГВВнг(А) 3х2,5;Электротовары КСС ШУ;20;20;;25.08.2025;25.12.2025;;
ПКНФ-001438;25.12.2025;Кабель КГВВнг(А) 3х1,5;Электротовары КСС ШУ;30;48;15.01.2026;24.12.2025;25.12.2025;;
ПКНФ-001438;25.12.2025;Кабель КГВВнг(А)-LS 3х0.75;Электротовары КСС ШУ;26;7;;;25.12.2025;;
ПКНФ-001438;25.12.2025;Термостат NO (охлаждение) на DIN-рейку 10А 230В IP20;Электротовары КСС ШУ;1;27;;;25.12.2025;;
ПКНФ-001438;25.12.2025;Колодка клеммная JXB-2.5/35 серая;Электротовары КСС ШУ;23;24;;;25.12.2025;;
ПКНФ-001438;25.12.2025;Заглушка для JXB-2,5/35 серая;Электротовары КСС ШУ;5;0;;;25.12.2025;;
ПКНФ-001438;25.12.2025;Провод ПуГВнг(А)-LS 1х1,5 Б;Электротовары КСС ШУ;25;316;;;25.12.2025;;
ПКНФ-001438;25.12.2025;Сальник PG21;Электротовары КСС ШУ;1;524;;;25.12.2025;;
ПКНФ-001438;25.12.2025;Колодка клеммная ЕК-16/80 JXB земля;Электротовары КСС ШУ;1;136;;06.12.2024;25.12.2025;;
ПКНФ-001438;25.12.2025;Крышка защитная на 8 модулей под вырез в шкафу MT-WPC8;Электротовары КСС ШУ;1;8;;;25.12.2025;;
ПКНФ-001438;25.12.2025;Программируемое реле ПР200-24.4.2.0;Электротовары КСС ШУ;1;11;;03.02.2026;25.12.2025;;
ПКНФ-001438;25.12.2025;Сальник PG 9;Электротовары КСС ШУ;6;1458;;;25.12.2025;;
ПКНФ-001438;25.12.2025;Выключатель автоматический модульный 3п C 16А 4.5кА ВА 47-63;Электротовары КСС ШУ;3;30;;;25.12.2025;;
ПКНФ-001438;25.12.2025;Трубка термоус. ТУТ (HF)-4/2, красн. (уп.100м);Электротовары КСС ШУ;1.2;65.7;;;25.12.2025;;
ПКНФ-001438;25.12.2025;Трубка термоус. ТУТ (HF)-4/2, зел. (уп.100м);Электротовары КСС ШУ;1.2;65.5;;;25.12.2025;;
ПКНФ-001438;25.12.2025;Трубка термоус. ТУТ (HF)-4/2, желт. (уп.100м);Электротовары КСС ШУ;1.2;90.2;;;25.12.2025;;
ПКНФ-001438;25.12.2025;Колодка клеммная JXB-16/35 син.;Электротовары КСС ШУ;1;94;;06.12.2024;25.12.2025;;
ПКНФ-001438;25.12.2025;Наконечник штыревой втулочный изол. НШвИ 0.5-8 (уп.50шт);Электротовары КСС ШУ;54;16889;;;25.12.2025;;
ПКНФ-001438;25.12.2025;Наконечник штыревой втулочный изол. НШвИ 1.5-8 (уп.50шт);Электротовары КСС ШУ;58;2578;;;25.12.2025;;
ПКНФ-001438;25.12.2025;Саморез 4.2х13 металл-металл с прессшайбой сверло цинк (уп.200шт);Электротовары КСС ШУ;38;1156.91;;;25.12.2025;;
ПКНФ-001438;25.12.2025;Маркер для кабеля 0.5-1.5мм символ ""1"" (уп.200шт) ДКС;Электротовары КСС ШУ;18;9928;;;25.12.2025;;
ПКНФ-001438;25.12.2025;Маркер для кабеля 0.5-1.5мм символ ""2"" (уп.200шт) ДКС;Электротовары КСС ШУ;14;5520;;;25.12.2025;;
ПКНФ-001438;25.12.2025;Маркер для кабеля 0.5-1.5мм символ ""3"" (уп.200шт) ДКС;Электротовары КСС ШУ;6;5725;;;25.12.2025;;
ПКНФ-001438;25.12.2025;Сальник PG 16 10-14мм IP54;Электротовары КСС ШУ;3;231;;;25.12.2025;;
ПКНФ-001438;25.12.2025;Вентилятор с фильтром 52 м3/ч 124х124 мм;Электротовары КСС ШУ;1;16;;12.10.2025;25.12.2025;;
ПКНФ-001438;25.12.2025;Решетка вентиляционная с фильтром 124x124мм IP54;Электротовары КСС ШУ;1;10;;12.10.2025;25.12.2025;;
ПКНФ-001438;25.12.2025;MES 80.60.30, Шкаф компактный распределительный 800х600х300;Корпусы для ШУ;1;6;;;25.12.2025;;
ПКНФ-001438;25.12.2025;Кабель-канал перфорированный 15х30 L2000 RL75 G ДКС;Электротовары КСС ШУ;0.3;60.3;;16.01.2026;25.12.2025;;
ПКНФ-001438;25.12.2025;Колодка клеммная ЕК-2.5/25 JXB земля;Электротовары КСС ШУ;3;125;;08.06.2024;25.12.2025;;
ПКНФ-001438;25.12.2025;Маркер для кабеля 0.5-1.5мм символ ""0"" (уп.200шт) ДКС;Электротовары КСС ШУ;7;7489;;;25.12.2025;;
ПКНФ-001438;25.12.2025;Маркер для кабеля 0.5-1.5мм символ ""4"" (уп.200шт) ДКС;Электротовары КСС ШУ;14;1694;;;25.12.2025;;
ПКНФ-001438;25.12.2025;Маркер для кабеля 0.5-1.5мм символ ""5"" (уп.200шт) ДКС;Электротовары КСС ШУ;6;6424;;;25.12.2025;;
ПКНФ-001438;25.12.2025;Маркер для кабеля 0.5-1.5мм символ ""6"" (уп.200шт) ДКС;Электротовары КСС ШУ;6;6265;;;25.12.2025;;
ПКНФ-001438;25.12.2025;Маркер для кабеля 0.5-1.5мм символ ""7"" (уп.200шт) ДКС;Электротовары КСС ШУ;6;2373;;;25.12.2025;;
ПКНФ-001438;25.12.2025;Маркер для кабеля 0.5-1.5мм символ ""8"" (уп.200шт) ДКС;Электротовары КСС ШУ;4;1824;;;25.12.2025;;
ПКНФ-001438;25.12.2025;Маркер для кабеля 0.5-1.5мм символ ""9"" (уп.200шт) ДКС;Электротовары КСС ШУ;6;1755;;;25.12.2025;;
ПКНФ-001438;25.12.2025;Маркер для JXB с нумерацией 1-10 (уп.100шт);Электротовары КСС ШУ;100;7501;;;25.12.2025;;
ПКНФ-001438;25.12.2025;Наконечник штыревой втулочный изол. НШвИ(2) 2.5-10 (уп.50шт);Электротовары КСС ШУ;18;2797;;;25.12.2025;;
ПКНФ-001438;25.12.2025;Провод ПУГВнг(А)-LS 1х0,5 Б;Электротовары КСС ШУ;33;5022;;;25.12.2025;;
ПКНФ-001438;25.12.2025;Провод ПУГВнг(А)-LS 1х0,5 К;Электротовары КСС ШУ;16;1702;;;25.12.2025;;
ПКНФ-001438;25.12.2025;Провод ПУГВнг(А)-LS 1х0,5 Ч;Электротовары КСС ШУ;16;1677;;;25.12.2025;;
ПКНФ-001438;25.12.2025;Провод ПУГВнг(А)-LS 1х1,5 ж/з;Электротовары КСС ШУ;8;548.3;;;25.12.2025;;
ПКНФ-001438;25.12.2025;Провод ПУГВнг(А)-LS 1х2,5 Б;Электротовары КСС ШУ;9;422.5;;;25.12.2025;;
ПКНФ-001438;25.12.2025;Спираль монтажная СМ-06-04 (10м);Электротовары КСС ШУ;0.1;6.395;;;25.12.2025;;
ПКНФ-001438;25.12.2025;Выключатель 1-м ОП IP54 (белый) ГЕРМЕС PLUS/ИЭК;Электротовары КСС ШУ;1;0;15.01.2026;24.12.2025;25.12.2025;;
ПКНФ-001438;25.12.2025;Держатель для труб d20;Электротовары КСС ШУ;300;150;;;25.12.2025;;
ПКНФ-001438;25.12.2025;Наконечник штыревой втулочный изол. НШвИ 2.5-8 (уп.50шт);Электротовары КСС ШУ;20;4481;;25.08.2025;25.12.2025;;
ПКНФ-001438;25.12.2025;Провод ШВВП 2х0,75 белый;Электротовары КСС ШУ;15;227;;;25.12.2025;;
ПКНФ-001438;25.12.2025;HDR-30-24 Блок питания, 24В,1.5А,36Вт;Электротовары КСС ШУ;1;23;;;25.12.2025;;
ПКНФ-001438;25.12.2025;Наконечник НШвИ(2) 1.5-8 (уп.50шт);Электротовары КСС ШУ;28;5119;;;25.12.2025;;
ПКНФ-001439;25.12.2025;Емкость для холодной питьевой воды Flotenk-EV, 120, k, h3.5;Перекупные изделия ЕН;1;0;26.02.2026;26.02.2026;25.12.2025;;
ПКНФ-001439;25.12.2025;Ремень стяжной 7,0/14,0/10000 75мм;Крепеж и цепи, тали (ПК КСС);15;67;;;25.12.2025;;
ПКНФ-001440;25.12.2025;Установка повышения давления КСС-МЧ-3 CHLFT20-40-СХ-ГА8+GSM;Установки ВНС и ПНС (ПК КСС);1;0;13.02.2026;;25.12.2025;ПКНФ-001443;25.12.2025
ПКНФ-001440;25.12.2025;Затвор поворотный межфланцевый ABRA BUV-VF826D125H DN125 PN16/10 корпус GG25 / диск GGG40 / седло EP;Арматура (ПК КСС);4;4;;;25.12.2025;;
ПКНФ-001440;25.12.2025;Гибкая вставка Ду125 Ру10,ЕРDM, нейлоновый корд, фланцевая ABRA-EJF-10-125;Арматура (ПК КСС);4;4;;;25.12.2025;;
ПКНФ-001440;25.12.2025;Насос дренажный «Leo» QDX 6-18-0.75А (закрытая крыльчатка) (ПК);Насосы LEO/ОНИС (ПК КСС);1;2;19.01.2026;19.01.2026;25.12.2025;;
ПКНФ-001441;25.12.2025;Затвор Ridval тип RVB 01 DN300 PN16 редуктор,с УКП о/з.IP64 (красный);Арматура (ПК КСС);4;4;;;25.12.2025;;
ПКНФ-001441;25.12.2025;Автоматическая насосная станция пожаротушения КСС-П-3 NIS200-150-400-75-ЖН CDM3-8-ГА80-АВР-2ЭЗ-РК;Установки ВНС и ПНС (ПК КСС);1;0;08.12.2025;;25.12.2025;ПКНФ-001442;25.12.2025
ПКНФ-001441;25.12.2025;Таль электрическая CD1 г/п 1тн, в/п 6м, скорость подъема 8м/мин, скорость передвижения 20м/мин + тор;Крепеж и цепи, тали (ПК КСС);1;1;;;25.12.2025;;
ПКНФ-001441;25.12.2025;Клапан Ridval тип RVC 20 DN150 PN16 красный;Арматура (ПК КСС);3;3;;;25.12.2025;;
ПКНФ-001441;25.12.2025;Затвор Ridval тип RVB 01 DN150 PN16 рукоятка,с УКП о/з.IP64 (красный);Арматура (ПК КСС);3;3;;;25.12.2025;;
ПКНФ-001441;25.12.2025;Затвор Ridval тип RVB 01 DN200 PN16 рукоятка,с УКП о/з.IP64 (красный);Арматура (ПК КСС);3;3;;;25.12.2025;;
ПКНФ-001442;25.12.2025;Насос CDM3-8FSWPC, 0.75 кВт, станд. фланец, 3х220В/3х380В, 50 Гц, чугун, 70 С;Многоступенчатые вертикальные насосы;1;1;;;25.12.2025;;
ПКНФ-001442;25.12.2025;Насос NIS200-150-400/75SWH, 75кВт, 3х380В, 50Гц, чугун;Консольно-моноблочные насосы;3;0;13.03.2026;13.03.2026;25.12.2025;;
ПКНФ-001443;25.12.2025;Насос CHLFT20-40LSWPC, 4.4кВт, резьб.соед., 3х380В, 50Гц, чугун, 70 С (ПК);Насосы CNP (ПК КСС);3;3;;;25.12.2025;;
ПКНФ-001445;25.12.2025;Пластина 100х40 (AISI 304);Нержавеющие трубы, листы, круги, сетки(ПК КСС);8;182;;;25.12.2025;;
ПКНФ-001445;25.12.2025;Труба 40х20х2 (AISI304);Нержавеющие трубы, листы, круги, сетки(ПК КСС);1;56.3;09.09.2025;09.09.2025;25.12.2025;;
ПКНФ-001445;25.12.2025;Труба 25х25х2 (AISI 304);Нержавеющие трубы, листы, круги, сетки(ПК КСС);18;51.5;09.09.2025;05.08.2025;25.12.2025;;
ПКНФ-001446;25.12.2025;Полоса 2,0x50,0 (AISI304, 08X18H10, 2B);Нержавеющие трубы, листы, круги, сетки(ПК КСС);1;60.5;;;25.12.2025;;
ПКНФ-001446;25.12.2025;Лист 5,0*1500*6000 ст3 (м2);Черные трубы, листы, круги (ПК КСС);0.4;0;;;25.12.2025;;
ПКНФ-001446;25.12.2025;Уголок 50х50х5 ГОСТ 8509-93 (м);Черные трубы, листы, круги (ПК КСС);1;39.4;;16.01.2026;25.12.2025;;
ПКНФ-001446;25.12.2025;Лист 1000х3000 ПВЛ 406;Черные трубы, листы, круги (ПК КСС);3;5;;16.01.2026;25.12.2025;;
ПКНФ-001446;25.12.2025;Труба 40х40х2 ГОСТ 8639-82;Черные трубы, листы, круги (ПК КСС);10;108.7;;;25.12.2025;;
ПКНФ-001446;25.12.2025;Труба 40х20х2 ГОСТ 8639-82;Черные трубы, листы, круги (ПК КСС);17;48;;29.01.2024;25.12.2025;;
ПКНФ-001446;25.12.2025;Арматура ф 16 А-1 ГОСТ 5781-82 (м);Черные трубы, листы, круги (ПК КСС);0.4;8.7;;24.01.2024;25.12.2025;;
ПКНФ-001446;25.12.2025;Труба 50х50х3 ГОСТ 8639-82, м.д;Черные трубы, листы, круги (ПК КСС);37;68.8;;16.01.2026;25.12.2025;;
ПКНФ-001447;25.12.2025;Заглушка фланцевая 1-50-40  08х18Н10;Нержавеющие фланцы и фиттинги (ПК КСС);1;0;26.01.2026;26.01.2026;25.12.2025;;
ПКНФ-001447;25.12.2025;Отбортовка 60,3х2,0 AISI304;Нержавеющие фланцы и фиттинги (ПК КСС);3;14;16.05.2025;;25.12.2025;;
ПКНФ-001447;25.12.2025;Пресс-фланец ст.20 Ду50 Ру 16 ПФСР 050х16 (65 мм) ;Черные фланцы и фиттинги (ПК КСС);3;38;;;25.12.2025;;
ПКНФ-001447;25.12.2025;Труба СВ  60,3х2,0мм 08Х18Н10 (AISI 304);Нержавеющие трубы, листы, круги, сетки(ПК КСС);0.5;6.5;09.09.2025;09.09.2025;25.12.2025;;
ПКНФ-001447;25.12.2025;Труба СВ  88,9х2,0мм 08Х18Н10 (AISI 304);Нержавеющие трубы, листы, круги, сетки(ПК КСС);3;34.9;05.08.2025;05.08.2025;25.12.2025;;
ПКНФ-001447;25.12.2025;Отвод 60,3х2,0 мм AISI 304;Нержавеющие фланцы и фиттинги (ПК КСС);1;6;09.09.2025;09.09.2025;25.12.2025;;
ПКНФ-001447;25.12.2025;Переход  88,9/60,3х2,0 (DN 80/50) AISI 304/08Х18Н10;Нержавеющие фланцы и фиттинги (ПК КСС);3;3;;;25.12.2025;;
ПКНФ-001447;25.12.2025;Фланец 88,9 (AISI304, 08*18H10, PN10/16) плоский;Нержавеющие фланцы и фиттинги (ПК КСС);3;6;;;25.12.2025;;
ПКНФ-001449;25.12.2025;Труба 60х60х3  ГОСТ 8639-82;Черные трубы, листы, круги (ПК КСС);7.2;13.5;;16.01.2026;25.12.2025;;
ПКНФ-001449;25.12.2025;Лист 5,0*1500*6000 ст3 (м2);Черные трубы, листы, круги (ПК КСС);0.4;0;;;25.12.2025;;
ПКНФ-001449;25.12.2025;Полоса 40*2 ГОСТ 8509-93;Черные трубы, листы, круги (ПК КСС);0.6;0;;;25.12.2025;;
ПКНФ-001449;25.12.2025;Швеллер 10П ГОСТ 8240-97;Черные трубы, листы, круги (ПК КСС);32;163.1;20.01.2026;11.09.2025;25.12.2025;;
ПКНФ-001449;25.12.2025;Уголок 50х50х5 ГОСТ 8509-93 (м);Черные трубы, листы, круги (ПК КСС);1;39.4;;16.01.2026;25.12.2025;;
ПКНФ-001449;25.12.2025;Лист 1000х3000 ПВЛ 406;Черные трубы, листы, круги (ПК КСС);4;4;;16.01.2026;25.12.2025;;
ПКНФ-001449;25.12.2025;Труба 40х40х3 ГОСТ 8639-82;Черные трубы, листы, круги (ПК КСС);10;12.4;20.01.2026;16.01.2026;25.12.2025;;
ПКНФ-001449;25.12.2025;Арматура ф 16 А-1 ГОСТ 5781-82 (м);Черные трубы, листы, круги (ПК КСС);0.4;8.7;;24.01.2024;25.12.2025;;
ПКНФ-001449;25.12.2025;Полоса 2,0х40 AISI304;Нержавеющие трубы, листы, круги, сетки(ПК КСС);1.5;0;;;25.12.2025;;
ПКНФ-001449;25.12.2025;Труба 50х50х3 ГОСТ 8639-82, м.д;Черные трубы, листы, круги (ПК КСС);29;54.8;;16.01.2026;25.12.2025;;
ПКНФ-001451;29.12.2025;Швеллер 10П ГОСТ 8240-97;Черные трубы, листы, круги (ПК КСС);6;30.7;20.01.2026;11.09.2025;29.12.2025;;
ПКНФ-001453;29.12.2025;7883 - Лестница;Составные части трубопровода (Пк КСС);1;0;14.01.2026;;29.12.2025;ПКНФ-001454;29.12.2025
ПКНФ-001453;29.12.2025;Муфта Корсис DN250 (ID);Полиэтелен, корсис, прагма, НПВХ (ПК КСС);3;0;29.01.2026;29.01.2026;29.12.2025;;
ПКНФ-001453;29.12.2025;7883 - Трубопровод;Составные части трубопровода (Пк КСС);1;0;27.01.2026;;29.12.2025;ПКНФ-001455;29.12.2025
ПКНФ-001453;29.12.2025;Заглушка для трубы 25х25 мм пластик;Расходные материалы (ПК КСС);4;0;23.04.2024;;29.12.2025;;
ПКНФ-001453;29.12.2025;Болт М10*60 DIN 933 полная резьба  (А2, 10,0, 60,0, DIN 933);Нержавеющие метизы (ПК КСС);4;1432;;;29.12.2025;;
ПКНФ-001453;29.12.2025;Гайка М10 DIN 934  (А2, 10,0, DIN 934);Нержавеющие метизы (ПК КСС);4;990;;19.06.2024;29.12.2025;;
ПКНФ-001453;29.12.2025;Грибок канализационный;Полиэтелен, корсис, прагма, НПВХ (ПК КСС);2;23;;27.01.2026;29.12.2025;;
ПКНФ-001453;29.12.2025;Манжета резиновая переходная D 110/124 Уп., черн;Полиэтелен, корсис, прагма, НПВХ (ПК КСС);2;30;;27.01.2026;29.12.2025;;
ПКНФ-001453;29.12.2025;Отвод 90 гр. НПВХ DN110;Полиэтелен, корсис, прагма, НПВХ (ПК КСС);2;50;;;29.12.2025;;
ПКНФ-001453;29.12.2025;Труба 110/3,2/0560 наружная канализация;Полиэтелен, корсис, прагма, НПВХ (ПК КСС);2;143;;;29.12.2025;;
ПКНФ-001453;29.12.2025;Шайба М10 DIN 125  (А2, DIN 125);Нержавеющие метизы (ПК КСС);8;592;;;29.12.2025;;
ПКНФ-001453;29.12.2025;Шайба  гровер М10 DIN 127 (А2, DIN 127);Нержавеющие метизы (ПК КСС);4;0;;;29.12.2025;;
ПКНФ-001454;29.12.2025;Пластина 100х40 (AISI 304);Нержавеющие трубы, листы, круги, сетки(ПК КСС);8;172;;;29.12.2025;;
ПКНФ-001454;29.12.2025;Труба 30х30х2 (AISI 304);Нержавеющие трубы, листы, круги, сетки(ПК КСС);0.2;115.8;09.09.2025;09.09.2025;29.12.2025;;
ПКНФ-001454;29.12.2025;Труба 40х20х2 (AISI304);Нержавеющие трубы, листы, круги, сетки(ПК КСС);0.4;55.2;17.09.2025;09.09.2025;29.12.2025;;
ПКНФ-001454;29.12.2025;Труба 25х25х2 (AISI 304);Нержавеющие трубы, листы, круги, сетки(ПК КСС);25.5;59;17.09.2025;05.08.2025;29.12.2025;;
ПКНФ-001455;29.12.2025;Труба СВ 273,0х3,0мм 08Х18Н10 (AISI 304);Нержавеющие трубы, листы, круги, сетки(ПК КСС);2.5;20.5;;;29.12.2025;;
ПКНФ-001456;29.12.2025;Пластина 100х40 (AISI 304);Нержавеющие трубы, листы, круги, сетки(ПК КСС);4;172;;;29.12.2025;;
ПКНФ-001456;29.12.2025;Труба 40х20х2 (AISI304);Нержавеющие трубы, листы, круги, сетки(ПК КСС);0.3;55.1;09.09.2025;09.09.2025;29.12.2025;;
ПКНФ-001456;29.12.2025;Труба 25х25х2 (AISI 304);Нержавеющие трубы, листы, круги, сетки(ПК КСС);3.5;37;17.09.2025;05.08.2025;29.12.2025;;
ПКНФ-001456;29.12.2025;Труба 50х50х3,0 AISI 304;Нержавеющие трубы, листы, круги, сетки(ПК КСС);0.2;25.3;13.01.2026;05.08.2025;29.12.2025;;
ПКНФ-001457;29.12.2025;Лист г/к 5,0*1500*3000 ст3 шт;Черные трубы, листы, круги (ПК КСС);0.04;0;;;29.12.2025;;
ПКНФ-001457;29.12.2025;Швеллер 14П ГОСТ 8240-97;Черные трубы, листы, круги (ПК КСС);21;117.1;20.01.2026;20.01.2026;29.12.2025;;
ПКНФ-001457;29.12.2025;Арматура А-1 6 мм;Черные трубы, листы, круги (ПК КСС);1;77.8;;;29.12.2025;;
ПКНФ-001457;29.12.2025;Труба 40х40х3 ГОСТ 8639-82;Черные трубы, листы, круги (ПК КСС);6;2.4;20.01.2026;16.01.2026;29.12.2025;;
ПКНФ-001457;29.12.2025;Арматура ф 16 А-1 ГОСТ 5781-82 (м);Черные трубы, листы, круги (ПК КСС);4;8.3;;24.01.2024;29.12.2025;;
ПКНФ-001458;29.12.2025;Полоса 2,0x50,0 (AISI304, 08X18H10, 2B);Нержавеющие трубы, листы, круги, сетки(ПК КСС);3;0;;;29.12.2025;;
ПКНФ-001458;29.12.2025;Лист 2,0*1000*2000  AISI 304 (08х18Н10), х/к, мат (2В);Нержавеющие трубы, листы, круги, сетки(ПК КСС);0.5;0;17.09.2025;17.09.2025;29.12.2025;;
ПКНФ-001458;29.12.2025;Пластина 100х40 (AISI 304);Нержавеющие трубы, листы, круги, сетки(ПК КСС);26;172;;;29.12.2025;;
ПКНФ-001458;29.12.2025;Труба 30х30х2 (AISI 304);Нержавеющие трубы, листы, круги, сетки(ПК КСС);12;127.6;09.09.2025;09.09.2025;29.12.2025;;
ПКНФ-001458;29.12.2025;Труба СВ  14,0х1,5мм 08Х18Н10 (AISI 304);Нержавеющие трубы, листы, круги, сетки(ПК КСС);1;0;13.01.2026;13.01.2026;29.12.2025;;
ПКНФ-001458;29.12.2025;Труба 40х20х2 (AISI304);Нержавеющие трубы, листы, круги, сетки(ПК КСС);17.5;79.5;17.09.2025;09.09.2025;29.12.2025;;
ПКНФ-001458;29.12.2025;Лист 3,0*1000*2000  AISI 304 (42х22мм*3,0мм) ПВЛ;Нержавеющие трубы, листы, круги, сетки(ПК КСС);3;1;;02.02.2026;29.12.2025;;
ПКНФ-001458;29.12.2025;Круг 10,0 (AISI304, 08x18H10);Нержавеющие трубы, листы, круги, сетки(ПК КСС);1;4.8;;20.01.2026;29.12.2025;;
ПКНФ-001458;29.12.2025;Круг 6,0 (AISI304, 08x18H10);Нержавеющие трубы, листы, круги, сетки(ПК КСС);160;357.5;05.08.2025;05.08.2025;29.12.2025;;
ПКНФ-001458;29.12.2025;Труба 25х25х2 (AISI 304);Нержавеющие трубы, листы, круги, сетки(ПК КСС);19.5;33.5;05.08.2025;05.08.2025;29.12.2025;;
ПКНФ-001458;29.12.2025;Труба 40х40х2,0 (AISI 304);Нержавеющие трубы, листы, круги, сетки(ПК КСС);16;19;17.09.2025;05.08.2025;29.12.2025;;
ПКНФ-001458;29.12.2025;Труба 50х50х3,0 AISI 304;Нержавеющие трубы, листы, круги, сетки(ПК КСС);27.5;25.1;;05.08.2025;29.12.2025;;
ПКНФ-001458;29.12.2025;Уголок 50,0х50,0х5,0 (AISI304, 08X18H10);Нержавеющие трубы, листы, круги, сетки(ПК КСС);1.5;3.4;17.09.2025;17.09.2025;29.12.2025;;
ПКНФ-001459;29.12.2025;Отбортовка 219,1х2,0 AISI304;Нержавеющие фланцы и фиттинги (ПК КСС);6;2;16.05.2025;;29.12.2025;;
ПКНФ-001459;29.12.2025;Труба СВ 219,1х2,0мм 08Х18Н10 (AISI 304);Нержавеющие трубы, листы, круги, сетки(ПК КСС);9.5;13.248;;;29.12.2025;;
ПКНФ-001459;29.12.2025;Труба СВ 323,9х3,0мм 08Х18Н10 (AISI 304);Нержавеющие трубы, листы, круги, сетки(ПК КСС);3.5;22.8;;;29.12.2025;;
ПКНФ-001459;29.12.2025;Труба СВ 406,4х3,0мм 08Х18Н10 (AISI 304);Нержавеющие трубы, листы, круги, сетки(ПК КСС);0.2;10.1;11.04.2024;11.04.2024;29.12.2025;;
ПКНФ-001459;29.12.2025;Фланец 406,4 (AISI304, 08*18H10, PN10) плоский;Нержавеющие фланцы и фиттинги (ПК КСС);2;1;20.01.2026;20.01.2026;29.12.2025;;
ПКНФ-001459;29.12.2025;Переход 406,4х323,9 (3.0, AISI304, 08*18H10, Mill finish);Нержавеющие фланцы и фиттинги (ПК КСС);2;1;20.01.2026;20.01.2026;29.12.2025;;
ПКНФ-001459;29.12.2025;Фланец 219,1  (AISI304, 08*18H10, PN10) свободный;Нержавеющие фланцы и фиттинги (ПК КСС);6;1;;;29.12.2025;;
ПКНФ-001459;29.12.2025;Заглушка 323,9х3,0 AISI 304;Нержавеющие фланцы и фиттинги (ПК КСС);2;2;13.01.2026;13.01.2026;29.12.2025;;
ПКНФ-001459;29.12.2025;Фланец 219,1  (AISI304, 08*18H10, PN6) плоский;Нержавеющие фланцы и фиттинги (ПК КСС);3;3;;;29.12.2025;;
ПКНФ-001460;29.12.2025;Отбортовка 60,3х2,0 AISI304;Нержавеющие фланцы и фиттинги (ПК КСС);18;25;16.05.2025;;29.12.2025;;
ПКНФ-001460;29.12.2025;Пресс-фланец ст.20 Ду125 Ру 16 ПФСР 100х16 (145 мм);Черные фланцы и фиттинги (ПК КСС);1;33;;;29.12.2025;;
ПКНФ-001460;29.12.2025;Пресс-фланец ст.20 Ду50 Ру 16 ПФСР 050х16 (65 мм) ;Черные фланцы и фиттинги (ПК КСС);18;71;;;29.12.2025;;
ПКНФ-001460;29.12.2025;Пресс-фланец ст.20 Ду100 Ру 16 ПФСР 100х16 (119 мм);Черные фланцы и фиттинги (ПК КСС);4;10;;26.01.2026;29.12.2025;;
ПКНФ-001460;29.12.2025;Труба СВ  21,3х2,0мм 08Х18Н10 (AISI 304);Нержавеющие трубы, листы, круги, сетки(ПК КСС);0.1;77.3;;;29.12.2025;;
ПКНФ-001460;29.12.2025;Труба СВ  26,9х2,0мм 08Х18Н10 (AISI 304);Нержавеющие трубы, листы, круги, сетки(ПК КСС);0.1;28.7;;;29.12.2025;;
ПКНФ-001460;29.12.2025;Труба СВ  60,3х2,0мм 08Х18Н10 (AISI 304);Нержавеющие трубы, листы, круги, сетки(ПК КСС);2;8;09.09.2025;09.09.2025;29.12.2025;;
ПКНФ-001460;29.12.2025;Труба СВ 139,7х3,0мм 08Х18Н10 (AISI 304);Нержавеющие трубы, листы, круги, сетки(ПК КСС);1;9.8;;;29.12.2025;;
ПКНФ-001460;29.12.2025;Переход 139,7/114,3х2,0 (DN 125/100) AISI 304/08Х18Н10;Нержавеющие фланцы и фиттинги (ПК КСС);1;0;30.12.2025;30.12.2025;29.12.2025;;
ПКНФ-001460;29.12.2025;Отбортовка 139,7х2,0 AISI304;Нержавеющие фланцы и фиттинги (ПК КСС);1;33;;;29.12.2025;;
ПКНФ-001460;29.12.2025;Заглушка фланцевая  DN100 (114,3) PN10/16;Нержавеющие фланцы и фиттинги (ПК КСС);3;0;28.01.2026;28.01.2026;29.12.2025;;
ПКНФ-001460;29.12.2025;Ниппель приварной DN15  1/2"" (AISI304, 08Х18H10);Нержавеющие фланцы и фиттинги (ПК КСС);2;38;;03.06.2024;29.12.2025;;
ПКНФ-001460;29.12.2025;Ниппель приварной DN20  3/4"" (26,9мм) ( AISI304 08Х18H10);Нержавеющие фланцы и фиттинги (ПК КСС);1;36;;;29.12.2025;;
ПКНФ-001460;29.12.2025;Отбортовка 114,3х2,0 AISI304;Нержавеющие фланцы и фиттинги (ПК КСС);4;104;;20.01.2026;29.12.2025;;
ПКНФ-001460;29.12.2025;Труба СВ 114,3х2,0мм 08Х18Н10 (AISI 304);Нержавеющие трубы, листы, круги, сетки(ПК КСС);3.5;37.2;;22.10.2024;29.12.2025;;
ПКНФ-001461;29.12.2025;Швеллер 10П ГОСТ 8240-97;Черные трубы, листы, круги (ПК КСС);6;30.7;11.09.2025;11.09.2025;29.12.2025;;
ПКНФ-001462;29.12.2025;Лист 5,0*1500*6000 ст3 (шт);Черные трубы, листы, круги (ПК КСС);0.04;0.002;;;29.12.2025;;
ПКНФ-001462;29.12.2025;Арматура А-1 6 мм;Черные трубы, листы, круги (ПК КСС);1;77.8;;;29.12.2025;;
ПКНФ-001462;29.12.2025;Швеллер 10П ГОСТ 8240-97;Черные трубы, листы, круги (ПК КСС);8;131.1;20.01.2026;11.09.2025;29.12.2025;;
ПКНФ-001462;29.12.2025;Труба 40х40х3 ГОСТ 8639-82;Черные трубы, листы, круги (ПК КСС);1.5;2.4;20.01.2026;16.01.2026;29.12.2025;;
ПКНФ-001462;29.12.2025;Арматура ф 16 А-1 ГОСТ 5781-82 (м);Черные трубы, листы, круги (ПК КСС);4;8.3;;24.01.2024;29.12.2025;;
ПКНФ-001463;29.12.2025;Фланец 114,3  (AISI304, 08*18H10, PN10) свободный;Нержавеющие фланцы и фиттинги (ПК КСС);4;1;;;29.12.2025;;
ПКНФ-001463;29.12.2025;Труба СВ 168,3х2,0мм 08Х18Н10 (AISI 304);Нержавеющие трубы, листы, круги, сетки(ПК КСС);0.1;9.4;;03.06.2024;29.12.2025;;
ПКНФ-001463;29.12.2025;Переход 168,3/114,3х2,0 (DN 150/100) AISI 304/08Х18Н10;Нержавеющие фланцы и фиттинги (ПК КСС);2;2;13.01.2026;13.01.2026;29.12.2025;;
ПКНФ-001463;29.12.2025;Фланец 168,3 (AISI304, 08*18H10, PN10/16) плоский;Нержавеющие фланцы и фиттинги (ПК КСС);2;5;26.05.2025;26.05.2025;29.12.2025;;
ПКНФ-001463;29.12.2025;Отбортовка 114,3х2,0 AISI304;Нержавеющие фланцы и фиттинги (ПК КСС);4;90;;20.01.2026;29.12.2025;;
ПКНФ-001463;29.12.2025;Отвод 114,3х2,0 мм AISI 304;Нержавеющие фланцы и фиттинги (ПК КСС);2;0;20.01.2026;13.01.2026;29.12.2025;;
ПКНФ-001463;29.12.2025;Тройник 114,3х2,0 AISI 304 короткий;Нержавеющие фланцы и фиттинги (ПК КСС);2;0;13.01.2026;13.01.2026;29.12.2025;;
ПКНФ-001463;29.12.2025;Труба СВ 114,3х2,0мм 08Х18Н10 (AISI 304);Нержавеющие трубы, листы, круги, сетки(ПК КСС);6;35.6;;22.10.2024;29.12.2025;;
ПКНФ-001463;29.12.2025;Фланец 114,3  (AISI304, 08*18H10, PN6) плоский;Нержавеющие фланцы и фиттинги (ПК КСС);2;7;;;29.12.2025;;
ПКНФ-001464;29.12.2025;Полоса 2,0x50,0 (AISI304, 08X18H10, 2B);Нержавеющие трубы, листы, круги, сетки(ПК КСС);1;0;;;29.12.2025;;
ПКНФ-001464;29.12.2025;Лист 2,0*1000*2000  AISI 304 (08х18Н10), х/к, мат (2В);Нержавеющие трубы, листы, круги, сетки(ПК КСС);1;0;17.09.2025;17.09.2025;29.12.2025;;
ПКНФ-001464;29.12.2025;Пластина 100х40 (AISI 304);Нержавеющие трубы, листы, круги, сетки(ПК КСС);22;172;;;29.12.2025;;
ПКНФ-001464;29.12.2025;Труба 20х20х2 (AISI 304);Нержавеющие трубы, листы, круги, сетки(ПК КСС);6;18.5;17.09.2025;05.08.2025;29.12.2025;;
ПКНФ-001464;29.12.2025;Труба СВ  14,0х1,5мм 08Х18Н10 (AISI 304);Нержавеющие трубы, листы, круги, сетки(ПК КСС);1;0;13.01.2026;13.01.2026;29.12.2025;;
ПКНФ-001464;29.12.2025;Труба 40х20х2 (AISI304);Нержавеющие трубы, листы, круги, сетки(ПК КСС);7.2;79.5;17.09.2025;09.09.2025;29.12.2025;;
ПКНФ-001464;29.12.2025;Лист 3,0*1000*2000  AISI 304 (42х22мм*3,0мм) ПВЛ;Нержавеющие трубы, листы, круги, сетки(ПК КСС);1;1;;02.02.2026;29.12.2025;;
ПКНФ-001464;29.12.2025;Круг 10,0 (AISI304, 08x18H10);Нержавеющие трубы, листы, круги, сетки(ПК КСС);1;4.8;;20.01.2026;29.12.2025;;
ПКНФ-001464;29.12.2025;Круг 6,0 (AISI304, 08x18H10);Нержавеющие трубы, листы, круги, сетки(ПК КСС);61;357.5;17.09.2025;05.08.2025;29.12.2025;;
ПКНФ-001464;29.12.2025;Труба 25х25х2 (AISI 304);Нержавеющие трубы, листы, круги, сетки(ПК КСС);15.5;33.5;05.08.2025;05.08.2025;29.12.2025;;
ПКНФ-001464;29.12.2025;Труба 40х40х2,0 (AISI 304);Нержавеющие трубы, листы, круги, сетки(ПК КСС);18.3;19;05.08.2025;05.08.2025;29.12.2025;;
ПКНФ-001464;29.12.2025;Уголок 50,0х50,0х5,0 (AISI304, 08X18H10);Нержавеющие трубы, листы, круги, сетки(ПК КСС);2;3.4;17.09.2025;17.09.2025;29.12.2025;;
ПКНФ-001465;29.12.2025;Болт оцинк. М20х60 DIN933;Оцинкованные метизы (ПК КСС);0.002;0.424;;;29.12.2025;;
ПКНФ-001465;29.12.2025;Отвод 45 гр. НПВХ DN110;Полиэтелен, корсис, прагма, НПВХ (ПК КСС);1;40;;;29.12.2025;;
ПКНФ-001465;29.12.2025;Труба 315/7,7/1200 наружная канализация;Полиэтелен, корсис, прагма, НПВХ (ПК КСС);1.2;0;;;29.12.2025;;
ПКНФ-001465;29.12.2025;Анкерный болт с гайкой 12*120 HNM ПК (тыс);Оцинкованные метизы (ПК КСС);0.01;0.227;;;29.12.2025;;
ПКНФ-001465;29.12.2025;Рым-гайка DIN 582 М 20;Крепеж и цепи, тали (ПК КСС);2;76;;;29.12.2025;;
ПКНФ-001465;29.12.2025;Тройник НПВХ DN110;Полиэтелен, корсис, прагма, НПВХ (ПК КСС);1;45;;;29.12.2025;;
ПКНФ-001465;29.12.2025;Труба 110/3,2/1000 наружная канализация;Полиэтелен, корсис, прагма, НПВХ (ПК КСС);1;1;;;29.12.2025;;
ПКНФ-001465;29.12.2025;Труба 110/3,2/0560 наружная канализация;Полиэтелен, корсис, прагма, НПВХ (ПК КСС);2;141;;;29.12.2025;;
ПКНФ-001465;29.12.2025;Шайба плоская оц.М20  DIN 125;Оцинкованные метизы (ПК КСС);0.002;1.016;;27.06.2024;29.12.2025;;
ПКНФ-001468;29.12.2025;Автоматическая трубная муфта для насоса WQ DN200, TO-200, мощность 0.55кВт и выше (ПК);УПМ СNP (ПК КСС);2;0;;15.01.2026;29.12.2025;;
ПКНФ-001468;29.12.2025;Насос 200WQ270-10-11AC(I), 11кВт, без АТМ DN200, 4-х полюс. (ПК);Насосы CNP (ПК КСС);2;0;;15.01.2026;29.12.2025;;
ПКНФ-001469;29.12.2025;Насос 50WQ10-7-0.55AC(I), 0.55кВт, без АТМ DN50, 2-х полюс. (ПК);Насосы CNP (ПК КСС);2;0;;15.01.2026;29.12.2025;;
ПКНФ-001469;29.12.2025;Автоматическая трубная муфта для насоса WQ DN50,TOS-50, мощность 0.55кВт и выше (ПК);УПМ СNP (ПК КСС);2;0;;15.01.2026;29.12.2025;;
ПКНФ-001470;29.12.2025;6176.3У - Установка подачи воды для пожаротушения;Установки ВНС и ПНС (ПК КСС);1;0;26.12.2025;;29.12.2025;ПКНФ-001471;29.12.2025
ПКНФ-001471;29.12.2025;Насос CDM85-3-2FSWPC, 18.5кВт, станд. фланец, 3х380В, 50Гц, чугун, 70 С ;Насосы CNP (ПК КСС);3;0;;15.01.2026;29.12.2025;;
ПКНФ-001472;30.12.2025;Станция очистки бытовых сточных вод модельного ряда ""ЮНИЛОС"" серии ""ТРИУМФ - 20 лонг"", КНС, УФ с/т ;Очистные сооружения ( промочистка);1;0;23.01.2026;23.01.2026;30.12.2025;;
ПКНФ-001472;30.12.2025;Установка обеззараживания воды ""ОДВ-2С-0,5"" ;Биология (ПК КСС);1;0;23.01.2026;23.01.2026;30.12.2025;;
ПКНФ-001472;30.12.2025;Фекальный насос Pedrollo BCm-10/50;Другие насосы и УПМ (ПК КСС);1;0;23.01.2026;23.01.2026;30.12.2025;;
ПКНФ-001472;30.12.2025;Дренажный насос Pedrollo ТОР-1;Биология (ПК КСС);1;0;23.01.2026;23.01.2026;30.12.2025;;
ПКНФ-000016;12.01.2026;Клапан Ridval тип RVC 20 DN100 PN16, красный;Арматура (ПК КСС);2;5;;;12.01.2026;;
ПКНФ-000016;12.01.2026;Болт оцинк. М12х80 DIN933;Оцинкованные метизы (ПК КСС);0.008;0.207;;;12.01.2026;;
ПКНФ-000016;12.01.2026;5395 КСС-ШУПФС-Д-2-3- 22К+2ЭЗ+АВР;Шкафы управления (ПК КСС);1;1;;;12.01.2026;;
ПКНФ-000016;12.01.2026;Насос CDM85-3FSWPC, 22кВт, станд. фланец, 3х380В, 50Гц, чугун, 70 С (ПК);Насосы CNP (ПК КСС);2;2;;;12.01.2026;;
ПКНФ-000016;12.01.2026;Болт оцинк. М12х40 DIN 933;Оцинкованные метизы (ПК КСС);0.004;0.032;;27.06.2024;12.01.2026;;
ПКНФ-000016;12.01.2026;Шайба плоская оц. М12  DIN 125;Оцинкованные метизы (ПК КСС);0.024;0.749;;03.06.2024;12.01.2026;;
ПКНФ-000016;12.01.2026;Шайба плоская оц. М8  DIN 125;Оцинкованные метизы (ПК КСС);0.012;0.765;;16.01.2026;12.01.2026;;
ПКНФ-000016;12.01.2026;Шайба гроверная оц. Ф8 DIN 127;Оцинкованные метизы (ПК КСС);0.012;0.612;;16.01.2026;12.01.2026;;
ПКНФ-000016;12.01.2026;Реле избыточного давления RVG-20-1.6 (1.6МПа) EKF RVG-20-1.6 ;Датчики уровня, преобразователи, реле (ПК КСС);2;2;;;12.01.2026;;
ПКНФ-000016;12.01.2026;Затвор Ridval тип RVB 01 DN100 PN16 рукоятка,с УКП о/з.IP64 (красный);Арматура (ПК КСС);4;7;;;12.01.2026;;
ПКНФ-000016;12.01.2026;Болт оцинк. М16х80  DIN933;Оцинкованные метизы (ПК КСС);0.016;0.048;;;12.01.2026;;
ПКНФ-000016;12.01.2026;Шаровой кран латунный 1/2"" ВР, с дренажем и воздухоотводчиком, ручка-бабочка, Pride LD 44.344.15;Арматура (ПК КСС);3;41;;;12.01.2026;;
ПКНФ-000016;12.01.2026;Ниппель прямой никелированный 1/2"" НР. LD Pride LD.67.501.15;Арматура (ПК КСС);3;44;;;12.01.2026;;
ПКНФ-000016;12.01.2026;Манометр с поверкой тип ТМ-310Т.00, 0..1,6 МПа, 63 мм, G1/4""(сзади), кл.1,5, корпус-сталь, Росма 000;Расходомеры, манометры (ПК КСС);2;12;;;12.01.2026;;
ПКНФ-000016;12.01.2026;Муфта никелированная 1/2"" ВР, LD Pride LD.67.502.15;Арматура (ПК КСС);3;30;;;12.01.2026;;
ПКНФ-000016;12.01.2026;5395У-Трубопровод;Составные части трубопровода (Пк КСС);1;1;;;12.01.2026;ПКНФ-000023;12.01.2026
ПКНФ-000016;12.01.2026;5395У- Рама, стойка;Составные части трубопровода (Пк КСС);1;1;;;12.01.2026;ПКНФ-001349;16.12.2025
ПКНФ-000016;12.01.2026;Шайба оцинк гровер М12 DIN 127;Оцинкованные метизы (ПК КСС);0.012;0.548;;03.06.2024;12.01.2026;;
ПКНФ-000016;12.01.2026;Шайба гроверная оц. Ф16 DIN 127;Оцинкованные метизы (ПК КСС);0.068;0.545;;27.06.2024;12.01.2026;;
ПКНФ-000016;12.01.2026;CLS.H01-1-G12 — Кондуктометрический датчик уровня (наружная резьба G1/2"", резьба стержня М4, материа;Датчики уровня, преобразователи, реле (ПК КСС);1;3;;;12.01.2026;;
ПКНФ-000016;12.01.2026;Болт оцинк. М8х30 DIN 933;Оцинкованные метизы (ПК КСС);0.004;0.426;;16.01.2026;12.01.2026;;
ПКНФ-000016;12.01.2026;Гайка шестигр. оц М12 DIN934;Оцинкованные метизы (ПК КСС);0.012;0.787;;03.06.2024;12.01.2026;;
ПКНФ-000016;12.01.2026;Гайка шестигр. оц М16  (тыс шт);Оцинкованные метизы (ПК КСС);0.068;0.36;;27.06.2024;12.01.2026;;
ПКНФ-000016;12.01.2026;Прокладка (паронит) 100;Полиэтелен, корсис, прагма, НПВХ (ПК КСС);6;115;;;12.01.2026;;
ПКНФ-000016;12.01.2026;Футорка ник. латун. 1/2х 1/4;Арматура (ПК КСС);2;48;;;12.01.2026;;
ПКНФ-000016;12.01.2026;Шайба плоская оц.М16  DIN 125;Оцинкованные метизы (ПК КСС);0.136;0.861;;27.06.2024;12.01.2026;;
ПКНФ-000022;12.01.2026;Болт оцинк. М12х80 DIN933;Оцинкованные метизы (ПК КСС);0.012;0.211;;;12.01.2026;;
ПКНФ-000022;12.01.2026;7719.5 КСС-ШУПФ-Д-3-3-5,5К+АВР+ 2ЭЗ;Шкафы управления (ПК КСС);1;0;23.01.2026;;12.01.2026;;
ПКНФ-000022;12.01.2026;Насос CDM20-5FSWPC, 5.5кВт, станд. фланец, 3х380В, 50Гц, чугун, 70 С;Насосы CNP (ПК КСС);3;3;;;12.01.2026;;
ПКНФ-000022;12.01.2026;Болт оцинк. М16х70 DIN933;Оцинкованные метизы (ПК КСС);0.012;0.456;;27.06.2024;12.01.2026;;
ПКНФ-000022;12.01.2026;Шайба плоская оц. М12  DIN 125;Оцинкованные метизы (ПК КСС);0.032;0.757;;03.06.2024;12.01.2026;;
ПКНФ-000022;12.01.2026;Затвор Ridval тип RVB 01 DN100 PN16 рукоятка,с УКП о/з.IP64 (красный);Арматура (ПК КСС);4;7;;;12.01.2026;;
ПКНФ-000022;12.01.2026;Клапан Ridval тип RVC 20 DN50 PN16 (красный);Арматура (ПК КСС);3;10;;;12.01.2026;;
ПКНФ-000022;12.01.2026;Реле давления РД-2Р 0,5..1,6МПа, G1/4"" ;Датчики уровня, преобразователи, реле (ПК КСС);3;15;;;12.01.2026;;
ПКНФ-000022;12.01.2026;Шаровой кран латунный 1/2"" ВР, с дренажем и воздухоотводчиком, ручка-бабочка, Pride LD 44.344.15;Арматура (ПК КСС);4;42;;;12.01.2026;;
ПКНФ-000022;12.01.2026;Ниппель прямой никелированный 1/2"" НР. LD Pride LD.67.501.15;Арматура (ПК КСС);4;45;;;12.01.2026;;
ПКНФ-000022;12.01.2026;Манометр с поверкой тип ТМ-310Т.00, 0..1,6 МПа, 63 мм, G1/4""(сзади), кл.1,5, корпус-сталь, Росма 000;Расходомеры, манометры (ПК КСС);2;12;;;12.01.2026;;
ПКНФ-000022;12.01.2026;Муфта никелированная 1/2"" ВР, LD Pride LD.67.502.15;Арматура (ПК КСС);4;31;;;12.01.2026;;
ПКНФ-000022;12.01.2026;7719.5У - Трубопровод;Составные части трубопровода (Пк КСС);1;1;;;12.01.2026;ПКНФ-001361;17.12.2025
ПКНФ-000022;12.01.2026;7719.5У - Рама, Стойка;Составные части трубопровода (Пк КСС);1;1;;;12.01.2026;ПКНФ-000024;12.01.2026
ПКНФ-000022;12.01.2026;Шайба оцинк гровер М12 DIN 127;Оцинкованные метизы (ПК КСС);0.016;0.552;;03.06.2024;12.01.2026;;
ПКНФ-000022;12.01.2026;Шайба гроверная оц. Ф16 DIN 127;Оцинкованные метизы (ПК КСС);0.082;0.559;;27.06.2024;12.01.2026;;
ПКНФ-000022;12.01.2026;CLS.H01-1-G12 — Кондуктометрический датчик уровня (наружная резьба G1/2"", резьба стержня М4, материа;Датчики уровня, преобразователи, реле (ПК КСС);1;3;;;12.01.2026;;
ПКНФ-000022;12.01.2026;Затвор Ridval тип RVB 01 DN50 PN16 рукоятка,с УКП о/з.IP64 (красный);Арматура (ПК КСС);6;12;;;12.01.2026;;
ПКНФ-000022;12.01.2026;Гайка шестигр. оц М12 DIN934;Оцинкованные метизы (ПК КСС);0.016;0.791;;03.06.2024;12.01.2026;;
ПКНФ-000022;12.01.2026;Гайка шестигр. оц М16  (тыс шт);Оцинкованные метизы (ПК КСС);0.082;0.374;;27.06.2024;12.01.2026;;
ПКНФ-000022;12.01.2026;Прокладка (паронит) 50;Полиэтелен, корсис, прагма, НПВХ (ПК КСС);9;88.994;;;12.01.2026;;
ПКНФ-000022;12.01.2026;Футорка ник. латун. 1/2х 1/4;Арматура (ПК КСС);3;49;;;12.01.2026;;
ПКНФ-000022;12.01.2026;Шайба плоская оц.М16  DIN 125;Оцинкованные метизы (ПК КСС);0.164;0.889;;27.06.2024;12.01.2026;;
ПКНФ-000028;12.01.2026;Отбортовка 60,3х2,0 AISI304;Нержавеющие фланцы и фиттинги (ПК КСС);18;25;16.05.2025;;12.01.2026;;
ПКНФ-000028;12.01.2026;Пресс-фланец ст.20 Ду125 Ру 16 ПФСР 100х16 (145 мм);Черные фланцы и фиттинги (ПК КСС);1;33;;;12.01.2026;;
ПКНФ-000028;12.01.2026;Пресс-фланец ст.20 Ду50 Ру 16 ПФСР 050х16 (65 мм) ;Черные фланцы и фиттинги (ПК КСС);18;71;;;12.01.2026;;
ПКНФ-000028;12.01.2026;Пресс-фланец ст.20 Ду100 Ру 16 ПФСР 100х16 (119 мм);Черные фланцы и фиттинги (ПК КСС);4;10;;26.01.2026;12.01.2026;;
ПКНФ-000028;12.01.2026;Труба СВ  21,3х2,0мм 08Х18Н10 (AISI 304);Нержавеющие трубы, листы, круги, сетки(ПК КСС);0.1;77.3;;;12.01.2026;;
ПКНФ-000028;12.01.2026;Труба СВ  26,9х2,0мм 08Х18Н10 (AISI 304);Нержавеющие трубы, листы, круги, сетки(ПК КСС);0.1;28.7;;;12.01.2026;;
ПКНФ-000028;12.01.2026;Труба СВ  60,3х2,0мм 08Х18Н10 (AISI 304);Нержавеющие трубы, листы, круги, сетки(ПК КСС);2;8;09.09.2025;09.09.2025;12.01.2026;;
ПКНФ-000028;12.01.2026;Труба СВ 139,7х2,0мм 08Х18Н10 (AISI 304);Нержавеющие трубы, листы, круги, сетки(ПК КСС);1;3.6;;;12.01.2026;;
ПКНФ-000028;12.01.2026;Переход 139,7/114,3х2,0 (DN 125/100) AISI 304/08Х18Н10;Нержавеющие фланцы и фиттинги (ПК КСС);1;0;30.12.2025;30.12.2025;12.01.2026;;
ПКНФ-000028;12.01.2026;Отбортовка 139,7х2,0 AISI304;Нержавеющие фланцы и фиттинги (ПК КСС);1;33;;;12.01.2026;;
ПКНФ-000028;12.01.2026;Заглушка фланцевая  DN100 (114,3) PN10/16;Нержавеющие фланцы и фиттинги (ПК КСС);3;0;28.01.2026;28.01.2026;12.01.2026;;
ПКНФ-000028;12.01.2026;Ниппель приварной DN15  1/2"" (AISI304, 08Х18H10);Нержавеющие фланцы и фиттинги (ПК КСС);2;38;;03.06.2024;12.01.2026;;
ПКНФ-000028;12.01.2026;Ниппель приварной DN20  3/4"" (26,9мм) ( AISI304 08Х18H10);Нержавеющие фланцы и фиттинги (ПК КСС);1;36;;;12.01.2026;;
ПКНФ-000028;12.01.2026;Отбортовка 114,3х2,0 AISI304;Нержавеющие фланцы и фиттинги (ПК КСС);4;104;;20.01.2026;12.01.2026;;
ПКНФ-000028;12.01.2026;Труба СВ 114,3х2,0мм 08Х18Н10 (AISI 304);Нержавеющие трубы, листы, круги, сетки(ПК КСС);3.5;37.2;;22.10.2024;12.01.2026;;
ПКНФ-000001;12.01.2026;7726.1У - Установка повышения давления ;Установки ВНС и ПНС (ПК КСС);1;0;15.12.2025;;12.01.2026;ПКНФ-000002;12.01.2026
ПКНФ-000001;12.01.2026;Затвор поворотный межфланцевый ABRA BUV-VF826D080H DN080 PN16/10 корпус GG25 / диск GGG40 / седло EP;Арматура (ПК КСС);2;0;23.01.2026;23.01.2026;12.01.2026;;
ПКНФ-000001;12.01.2026;Гибкая вставка эластичная - антивибрационный компенсатор (виброкомпенсатор) DN080 PN16, фланец/флане;Арматура (ПК КСС);2;2;23.01.2026;23.01.2026;12.01.2026;;
ПКНФ-000001;12.01.2026;Насос дренажный «Leo» QDX 6-18-0.75А (закрытая крыльчатка) (ПК);Насосы LEO/ОНИС (ПК КСС);1;1;19.01.2026;19.01.2026;12.01.2026;;
ПКНФ-000002;12.01.2026;Насос CDM15-6FSWPC, 5.5кВт, станд. фланец, 3х380В,50Гц, чугун, 70 С;Насосы CNP (ПК КСС);3;0;23.01.2026;23.01.2026;12.01.2026;;
ПКНФ-000003;12.01.2026;Затвор поворотный межфланцевый ABRA BUV-VF866D150H DN150 PN16/10 корпус GG25 / КРАСНЫЙ;Арматура (ПК КСС);4;0;23.01.2026;23.01.2026;12.01.2026;;
ПКНФ-000003;12.01.2026;7726.2У - Установка пожаротушения;Установки ВНС и ПНС (ПК КСС);1;0;15.12.2025;;12.01.2026;ПКНФ-000004;12.01.2026
ПКНФ-000003;12.01.2026;Гибкая вставка эластичная - антивибрационный компенсатор (виброкомпенсатор) DN150 PN16, фланец/флане;Арматура (ПК КСС);4;0;23.01.2026;23.01.2026;12.01.2026;;
ПКНФ-000003;12.01.2026;Насос дренажный «Leo» QDX 6-18-0.75А (закрытая крыльчатка) (ПК);Насосы LEO/ОНИС (ПК КСС);1;1;19.01.2026;19.01.2026;12.01.2026;;
ПКНФ-000004;12.01.2026;Насос NIS125-100-200/37SWH, 37кВт, 3х380В, 50Гц, чугун ;Насосы CNP (ПК КСС);2;0;23.01.2026;23.01.2026;12.01.2026;;
ПКНФ-000005;12.01.2026;Выключатель нагрузки 3п 25А ВН-32N;Электротовары КСС ШУ;1;17;;;12.01.2026;;
ПКНФ-000005;12.01.2026;Матрица светодиодная AD16-22HS крас. EKF ledm-ad16-r;Электротовары КСС ШУ;3;22;;;12.01.2026;;
ПКНФ-000005;12.01.2026;Матрица светодиодная AD16-22HS 230В AC IP65 зел. PROxima EKF ledm-ad16-g-65;Электротовары КСС ШУ;5;190;;;12.01.2026;;
ПКНФ-000005;12.01.2026;Провод ПУГВнг(А)-LS 1х0,5 С;Электротовары КСС ШУ;24;1760;;;12.01.2026;;
ПКНФ-000005;12.01.2026;Наконечник штыревой втулочный изол. НШвИ(2) 0.5-8 (уп.50шт);Электротовары КСС ШУ;54;4150;;;12.01.2026;;
ПКНФ-000005;12.01.2026;Знак ""Земля"" круглый d20мм EKF an-1-04;Электротовары КСС ШУ;2;0;;;12.01.2026;;
ПКНФ-000005;12.01.2026;Наконечник кольцевой изол. НКИ 1.5-6 (уп.50шт);Электротовары КСС ШУ;4;0;;;12.01.2026;;
ПКНФ-000005;12.01.2026;Термостат NC (обогрев) на DIN-рейку 10А 230В IP20;Электротовары КСС ШУ;1;45;;;12.01.2026;;
ПКНФ-000005;12.01.2026;Выключатель автоматический модульный 3п C 6А 4.5кА ВА 47-63;Электротовары КСС ШУ;1;85;;;12.01.2026;;
ПКНФ-000005;12.01.2026;Трубка термоусадочная ТТУ нг-LS 2/1 красн. 1м IEK UDRS-D2-1-K04;Электротовары КСС ШУ;1;90.75;;;12.01.2026;;
ПКНФ-000005;12.01.2026;Трубка термоусадочная ТТУ нг-LS 2/1 желт. 1м IEK UDRS-D2-1-K05;Электротовары КСС ШУ;1;86;;;12.01.2026;;
ПКНФ-000005;12.01.2026;Трубка термоусадочная ТТУ нг-LS 2/1 зел. 1м IEK UDRS-D2-1-K06;Электротовары КСС ШУ;1;180.75;;;12.01.2026;;
ПКНФ-000005;12.01.2026;Ограничитель на DIN-рейку 1 винт HDW-211;Электротовары КСС ШУ;30;0;;;12.01.2026;;
ПКНФ-000005;12.01.2026;Выключатель автоматический модульный 1п C 6А 4.5кА ВА 47-63;Электротовары КСС ШУ;3;0;;16.01.2026;12.01.2026;;
ПКНФ-000005;12.01.2026;Кабель-канал перфорированный 25х40 L2000 RL6 G DKC 01163RL;Электротовары КСС ШУ;1.5;34.75;;;12.01.2026;;
ПКНФ-000005;12.01.2026;Контактор КМЭ 25А кат. 220В AC 1НО;Электротовары КСС ШУ;2;7;;;12.01.2026;;
ПКНФ-000005;12.01.2026;Держатель маркировки LH 20х25мм;Электротовары КСС ШУ;12;495;;;12.01.2026;;
ПКНФ-000005;12.01.2026;Символ ""Молния"" (треугольник) 50х50х50мм;Электротовары КСС ШУ;1;61;;;12.01.2026;;
ПКНФ-000005;12.01.2026;Переключатель BG33 3P 2NO короткая ручка;Электротовары КСС ШУ;2;0;;;12.01.2026;;
ПКНФ-000005;12.01.2026;DIN-рейка перфорированная L2000 1мм 35х7,5;Электротовары КСС ШУ;2;25;;;12.01.2026;;
ПКНФ-000005;12.01.2026;Шайба гроверная оц.М6 DIN 127;Оцинкованные метизы (ПК КСС);0.002;0;;;12.01.2026;;
ПКНФ-000005;12.01.2026;Кабель-канал перфорированный 25х60 L2000 RL6 G DKC 01166RL;Электротовары КСС ШУ;2.5;185.475;;;12.01.2026;;
ПКНФ-000005;12.01.2026;Выключатель автоматический для защиты двигателя 20-25А NS2-25 (R) CHINT 495085;Электротовары КСС ШУ;2;2;;;12.01.2026;;
ПКНФ-000005;12.01.2026;Контакт дополнительный поперечный NS2-AE11 (R) CHINT 495968;Электротовары КСС ШУ;2;67;;;12.01.2026;;
ПКНФ-000005;12.01.2026;Колодка клеммная JXB-2.5/35 серая;Электротовары КСС ШУ;28;24;;;12.01.2026;;
ПКНФ-000005;12.01.2026;Заглушка для JXB-2,5/35 серая;Электротовары КСС ШУ;5;0;;;12.01.2026;;
ПКНФ-000005;12.01.2026;Сальник PG 29 (d проводника 18-24мм, D резьбовой 36мм) IP54;Электротовары КСС ШУ;2;0;;;12.01.2026;;
ПКНФ-000005;12.01.2026;Колодка клеммная JXB-2.5/35 синяя;Электротовары КСС ШУ;1;101;;;12.01.2026;;
ПКНФ-000005;12.01.2026;Сальник PG 9;Электротовары КСС ШУ;4;1458;;;12.01.2026;;
ПКНФ-000005;12.01.2026;Хомут 2,5х150 нейл. (уп.100 шт);Электротовары КСС ШУ;50;0;;;12.01.2026;;
ПКНФ-000005;12.01.2026;Трубка термоус. ТУТ (HF)-4/2, красн. (уп.100м);Электротовары КСС ШУ;1;65.7;;;12.01.2026;;
ПКНФ-000005;12.01.2026;Трубка термоус. ТУТ (HF)-4/2, зел. (уп.100м);Электротовары КСС ШУ;1;65.5;;;12.01.2026;;
ПКНФ-000005;12.01.2026;Трубка термоус. ТУТ (HF)-4/2, желт. (уп.100м);Электротовары КСС ШУ;1;90.2;;;12.01.2026;;
ПКНФ-000005;12.01.2026;Колодка клеммная JXB-16/35 син.;Электротовары КСС ШУ;1;94;;06.12.2024;12.01.2026;;
ПКНФ-000005;12.01.2026;Реле контроля наличия и чередования фаз CKF-318-1;Электротовары КСС ШУ;1;58;;;12.01.2026;;
ПКНФ-000005;12.01.2026;Наконечник штыревой втулочный изол. НШвИ 0.5-8 (уп.50шт);Электротовары КСС ШУ;72;16889;;;12.01.2026;;
ПКНФ-000005;12.01.2026;Саморез 4.2х13 металл-металл с прессшайбой сверло цинк (уп.200шт);Электротовары КСС ШУ;42;1156.91;;;12.01.2026;;
ПКНФ-000005;12.01.2026;Маркер для кабеля 0.5-1.5мм символ ""1"" (уп.200шт) ДКС;Электротовары КСС ШУ;52;9928;;;12.01.2026;;
ПКНФ-000005;12.01.2026;Маркер для кабеля 0.5-1.5мм символ ""2"" (уп.200шт) ДКС;Электротовары КСС ШУ;68;5520;;;12.01.2026;;
ПКНФ-000005;12.01.2026;Маркер для кабеля 0.5-1.5мм символ ""3"" (уп.200шт) ДКС;Электротовары КСС ШУ;69;5725;;;12.01.2026;;
ПКНФ-000005;12.01.2026;Маркер для JXB с нумерацией 1-50 (уп.100шт);Электротовары КСС ШУ;200;12597;;;12.01.2026;;
ПКНФ-000005;12.01.2026;Обогреватель на DIN-рейку клеммный 15Вт 230В IP20;Электротовары КСС ШУ;1;12;;16.01.2026;12.01.2026;;
ПКНФ-000005;12.01.2026;Сальник PG 16 10-14мм IP54;Электротовары КСС ШУ;2;231;;;12.01.2026;;
ПКНФ-000005;12.01.2026;Болт оцинк. М6х20 DIN 933;Оцинкованные метизы (ПК КСС);0.002;0.079;;;12.01.2026;;
ПКНФ-000005;12.01.2026;Гайка оцинк. DIN 934 М6;Оцинкованные метизы (ПК КСС);0.002;0.014;;04.03.2025;12.01.2026;;
ПКНФ-000005;12.01.2026;ID 70.50, Дверь внутренняя для шкафов MEV;Корпусы для ШУ;1;4;;;12.01.2026;;
ПКНФ-000005;12.01.2026;MES 70.50.25, Шкаф компактный распределительный 700х500х250;Корпусы для ШУ;1;4;;;12.01.2026;;
ПКНФ-000005;12.01.2026;RKE4CO024LT Реле 4CO, 5A (250VAC/30VDC), 24VDC, мех. индикация, тест-кнопка с блокировкой, LED;Электротовары КСС ШУ;3;119;;;12.01.2026;;
ПКНФ-000005;12.01.2026;Колодка клеммная ЕК-2.5/25 JXB земля;Электротовары КСС ШУ;3;125;;08.06.2024;12.01.2026;;
ПКНФ-000005;12.01.2026;Лампа AD-22DS(LED) матрица d22мм желтый 230В;Электротовары КСС ШУ;2;158;;;12.01.2026;;
ПКНФ-000005;12.01.2026;Маркер для кабеля 0.5-1.5мм символ ""0"" (уп.200шт) ДКС;Электротовары КСС ШУ;79;7489;;;12.01.2026;;
ПКНФ-000005;12.01.2026;Маркер для кабеля 0.5-1.5мм символ ""4"" (уп.200шт) ДКС;Электротовары КСС ШУ;58;1694;;;12.01.2026;;
ПКНФ-000005;12.01.2026;Маркер для кабеля 0.5-1.5мм символ ""5"" (уп.200шт) ДКС;Электротовары КСС ШУ;54;6424;;;12.01.2026;;
ПКНФ-000005;12.01.2026;Маркер для кабеля 0.5-1.5мм символ ""6"" (уп.200шт) ДКС;Электротовары КСС ШУ;47;6265;;;12.01.2026;;
ПКНФ-000005;12.01.2026;Маркер для кабеля 0.5-1.5мм символ ""7"" (уп.200шт) ДКС;Электротовары КСС ШУ;56;2373;;;12.01.2026;;
ПКНФ-000005;12.01.2026;Маркер для кабеля 0.5-1.5мм символ ""8"" (уп.200шт) ДКС;Электротовары КСС ШУ;67;1824;;;12.01.2026;;
ПКНФ-000005;12.01.2026;Маркер для кабеля 0.5-1.5мм символ ""9"" (уп.200шт) ДКС;Электротовары КСС ШУ;68;1755;;;12.01.2026;;
ПКНФ-000005;12.01.2026;Маркер для JXB с нумерацией 1-10 (уп.100шт);Электротовары КСС ШУ;100;7501;;;12.01.2026;;
ПКНФ-000005;12.01.2026;Наконечник штыревой втулочный изол. НШвИ(2) 2.5-10 (уп.50шт);Электротовары КСС ШУ;22;2797;;;12.01.2026;;
ПКНФ-000005;12.01.2026;Провод ПУГВнг(А)-LS 1х0,5 Б;Электротовары КСС ШУ;126;5022;;;12.01.2026;;
ПКНФ-000005;12.01.2026;Провод ПУГВнг(А)-LS 1х0,5 К;Электротовары КСС ШУ;21;1702;;;12.01.2026;;
ПКНФ-000005;12.01.2026;Провод ПУГВнг(А)-LS 1х0,5 Ч;Электротовары КСС ШУ;27;1677;;;12.01.2026;;
ПКНФ-000005;12.01.2026;Провод ПУГВнг(А)-LS 1х1,5 ж/з;Электротовары КСС ШУ;1.5;548.3;;;12.01.2026;;
ПКНФ-000005;12.01.2026;Провод ПУГВнг(А)-LS 1х2,5 Б;Электротовары КСС ШУ;26;422.5;;;12.01.2026;;
ПКНФ-000005;12.01.2026;Провод ПУГВнг(А)-LS 1х2,5 С;Электротовары КСС ШУ;3;254;;;12.01.2026;;
ПКНФ-000005;12.01.2026;Программируемое реле ПР200-24.2.2.0;Электротовары КСС ШУ;1;11;;;12.01.2026;;
ПКНФ-000005;12.01.2026;Спираль монтажная СМ-06-04 (10м);Электротовары КСС ШУ;0.2;6.395;;;12.01.2026;;
ПКНФ-000005;12.01.2026;Цоколь SKC14-E, 10A(300V), черный, на рейку DIN35/панель, для RKE4CO, RKF4CO;Электротовары КСС ШУ;3;23;;;12.01.2026;;
ПКНФ-000005;12.01.2026;Наконечник штыревой втулочный изол. НШвИ 2.5-8 (уп.50шт);Электротовары КСС ШУ;54;4481;;25.08.2025;12.01.2026;;
ПКНФ-000005;12.01.2026;Шайба плоская оц. М6 DIN 125;Оцинкованные метизы (ПК КСС);0.002;0.156;;25.08.2025;12.01.2026;;
ПКНФ-000005;12.01.2026;HDR-30-24 Блок питания, 24В,1.5А,36Вт;Электротовары КСС ШУ;1;23;;;12.01.2026;;
ПКНФ-000006;12.01.2026;Выключатель нагрузки 3п 20А ВН-32N;Электротовары КСС ШУ;1;16;;;12.01.2026;;
ПКНФ-000006;12.01.2026;Матрица светодиодная AD16-22HS крас. EKF ledm-ad16-r;Электротовары КСС ШУ;3;22;;;12.01.2026;;
ПКНФ-000006;12.01.2026;Матрица светодиодная AD16-22HS 230В AC IP65 зел. PROxima EKF ledm-ad16-g-65;Электротовары КСС ШУ;5;190;;;12.01.2026;;
ПКНФ-000006;12.01.2026;Провод ПУГВнг(А)-LS 1х0,5 С;Электротовары КСС ШУ;24;1760;;;12.01.2026;;
ПКНФ-000006;12.01.2026;Наконечник штыревой втулочный изол. НШвИ(2) 0.5-8 (уп.50шт);Электротовары КСС ШУ;54;4150;;;12.01.2026;;
ПКНФ-000006;12.01.2026;Знак ""Земля"" круглый d20мм EKF an-1-04;Электротовары КСС ШУ;2;0;;;12.01.2026;;
ПКНФ-000006;12.01.2026;Термостат NC (обогрев) на DIN-рейку 10А 230В IP20;Электротовары КСС ШУ;1;45;;;12.01.2026;;
ПКНФ-000006;12.01.2026;Выключатель автоматический модульный 3п C 6А 4.5кА ВА 47-63;Электротовары КСС ШУ;1;85;;;12.01.2026;;
ПКНФ-000006;12.01.2026;Трубка термоусадочная ТТУ нг-LS 2/1 красн. 1м IEK UDRS-D2-1-K04;Электротовары КСС ШУ;1;90.75;;;12.01.2026;;
ПКНФ-000006;12.01.2026;Трубка термоусадочная ТТУ нг-LS 2/1 желт. 1м IEK UDRS-D2-1-K05;Электротовары КСС ШУ;1;86;;;12.01.2026;;
ПКНФ-000006;12.01.2026;Трубка термоусадочная ТТУ нг-LS 2/1 зел. 1м IEK UDRS-D2-1-K06;Электротовары КСС ШУ;1;180.75;;;12.01.2026;;
ПКНФ-000006;12.01.2026;Ограничитель на DIN-рейку 1 винт HDW-211;Электротовары КСС ШУ;30;0;;;12.01.2026;;
ПКНФ-000006;12.01.2026;Выключатель автоматический модульный 1п C 6А 4.5кА ВА 47-63;Электротовары КСС ШУ;3;0;;16.01.2026;12.01.2026;;
ПКНФ-000006;12.01.2026;Кабель-канал перфорированный 25х40 L2000 RL6 G DKC 01163RL;Электротовары КСС ШУ;1.5;34.75;;;12.01.2026;;
ПКНФ-000006;12.01.2026;Держатель маркировки LH 20х25мм;Электротовары КСС ШУ;12;495;;;12.01.2026;;
ПКНФ-000006;12.01.2026;Символ ""Молния"" (треугольник) 50х50х50мм;Электротовары КСС ШУ;1;61;;;12.01.2026;;
ПКНФ-000006;12.01.2026;Переключатель BG33 3P 2NO короткая ручка;Электротовары КСС ШУ;2;0;;;12.01.2026;;
ПКНФ-000006;12.01.2026;DIN-рейка перфорированная L2000 1мм 35х7,5;Электротовары КСС ШУ;2;25;;;12.01.2026;;
ПКНФ-000006;12.01.2026;Шайба гроверная оц.М6 DIN 127;Оцинкованные метизы (ПК КСС);0.002;0;;;12.01.2026;;
ПКНФ-000006;12.01.2026;Кабель-канал перфорированный 25х60 L2000 RL6 G DKC 01166RL;Электротовары КСС ШУ;2.5;185.475;;;12.01.2026;;
ПКНФ-000006;12.01.2026;Выключатель автоматический для защиты двигателя 1.6-2.5А NS2-25 (R) CHINT;Электротовары КСС ШУ;2;0;;;12.01.2026;;
ПКНФ-000006;12.01.2026;Контакт дополнительный поперечный NS2-AE11 (R) CHINT 495968;Электротовары КСС ШУ;2;67;;;12.01.2026;;
ПКНФ-000006;12.01.2026;Колодка клеммная JXB-2.5/35 серая;Электротовары КСС ШУ;28;24;;;12.01.2026;;
ПКНФ-000006;12.01.2026;Заглушка для JXB-2,5/35 серая;Электротовары КСС ШУ;5;0;;;12.01.2026;;
ПКНФ-000006;12.01.2026;Провод ПуГВнг(А)-LS 1х1,5 Б;Электротовары КСС ШУ;26;316;;;12.01.2026;;
ПКНФ-000006;12.01.2026;Сальник PG 29 (d проводника 18-24мм, D резьбовой 36мм) IP54;Электротовары КСС ШУ;2;0;;;12.01.2026;;
ПКНФ-000006;12.01.2026;Контактор КМЭ 9А 220В/АС3 1НО;Электротовары КСС ШУ;2;64;;;12.01.2026;;
ПКНФ-000006;12.01.2026;Колодка клеммная JXB-2.5/35 синяя;Электротовары КСС ШУ;1;101;;;12.01.2026;;
ПКНФ-000006;12.01.2026;Сальник PG 9;Электротовары КСС ШУ;4;1458;;;12.01.2026;;
ПКНФ-000006;12.01.2026;Хомут 2,5х150 нейл. (уп.100 шт);Электротовары КСС ШУ;50;0;;;12.01.2026;;
ПКНФ-000006;12.01.2026;Трубка термоус. ТУТ (HF)-4/2, красн. (уп.100м);Электротовары КСС ШУ;1;65.7;;;12.01.2026;;
ПКНФ-000006;12.01.2026;Трубка термоус. ТУТ (HF)-4/2, зел. (уп.100м);Электротовары КСС ШУ;1;65.5;;;12.01.2026;;
ПКНФ-000006;12.01.2026;Трубка термоус. ТУТ (HF)-4/2, желт. (уп.100м);Электротовары КСС ШУ;1;90.2;;;12.01.2026;;
ПКНФ-000006;12.01.2026;Колодка клеммная JXB-16/35 син.;Электротовары КСС ШУ;1;94;;06.12.2024;12.01.2026;;
ПКНФ-000006;12.01.2026;Реле контроля наличия и чередования фаз CKF-318-1;Электротовары КСС ШУ;1;58;;;12.01.2026;;
ПКНФ-000006;12.01.2026;Наконечник штыревой втулочный изол. НШвИ 0.5-8 (уп.50шт);Электротовары КСС ШУ;72;16889;;;12.01.2026;;
ПКНФ-000006;12.01.2026;Саморез 4.2х13 металл-металл с прессшайбой сверло цинк (уп.200шт);Электротовары КСС ШУ;42;1156.91;;;12.01.2026;;
ПКНФ-000006;12.01.2026;Маркер для кабеля 0.5-1.5мм символ ""1"" (уп.200шт) ДКС;Электротовары КСС ШУ;52;9928;;;12.01.2026;;
ПКНФ-000006;12.01.2026;Маркер для кабеля 0.5-1.5мм символ ""2"" (уп.200шт) ДКС;Электротовары КСС ШУ;68;5520;;;12.01.2026;;
ПКНФ-000006;12.01.2026;Маркер для кабеля 0.5-1.5мм символ ""3"" (уп.200шт) ДКС;Электротовары КСС ШУ;69;5725;;;12.01.2026;;
ПКНФ-000006;12.01.2026;Маркер для JXB с нумерацией 1-50 (уп.100шт);Электротовары КСС ШУ;200;12597;;;12.01.2026;;
ПКНФ-000006;12.01.2026;Обогреватель на DIN-рейку клеммный 15Вт 230В IP20;Электротовары КСС ШУ;1;12;;16.01.2026;12.01.2026;;
ПКНФ-000006;12.01.2026;Сальник PG 16 10-14мм IP54;Электротовары КСС ШУ;2;231;;;12.01.2026;;
ПКНФ-000006;12.01.2026;Болт оцинк. М6х20 DIN 933;Оцинкованные метизы (ПК КСС);0.002;0.079;;;12.01.2026;;
ПКНФ-000006;12.01.2026;Гайка оцинк. DIN 934 М6;Оцинкованные метизы (ПК КСС);0.002;0.014;;04.03.2025;12.01.2026;;
ПКНФ-000006;12.01.2026;ID 70.50, Дверь внутренняя для шкафов MEV;Корпусы для ШУ;1;4;;;12.01.2026;;
ПКНФ-000006;12.01.2026;MES 70.50.25, Шкаф компактный распределительный 700х500х250;Корпусы для ШУ;1;4;;;12.01.2026;;
ПКНФ-000006;12.01.2026;RKE4CO024LT Реле 4CO, 5A (250VAC/30VDC), 24VDC, мех. индикация, тест-кнопка с блокировкой, LED;Электротовары КСС ШУ;3;119;;;12.01.2026;;
ПКНФ-000006;12.01.2026;Колодка клеммная ЕК-2.5/25 JXB земля;Электротовары КСС ШУ;3;125;;08.06.2024;12.01.2026;;
ПКНФ-000006;12.01.2026;Лампа AD-22DS(LED) матрица d22мм желтый 230В;Электротовары КСС ШУ;2;158;;;12.01.2026;;
ПКНФ-000006;12.01.2026;Маркер для кабеля 0.5-1.5мм символ ""0"" (уп.200шт) ДКС;Электротовары КСС ШУ;79;7489;;;12.01.2026;;
ПКНФ-000006;12.01.2026;Маркер для кабеля 0.5-1.5мм символ ""4"" (уп.200шт) ДКС;Электротовары КСС ШУ;58;1694;;;12.01.2026;;
ПКНФ-000006;12.01.2026;Маркер для кабеля 0.5-1.5мм символ ""5"" (уп.200шт) ДКС;Электротовары КСС ШУ;54;6424;;;12.01.2026;;
ПКНФ-000006;12.01.2026;Маркер для кабеля 0.5-1.5мм символ ""6"" (уп.200шт) ДКС;Электротовары КСС ШУ;47;6265;;;12.01.2026;;
ПКНФ-000006;12.01.2026;Маркер для кабеля 0.5-1.5мм символ ""7"" (уп.200шт) ДКС;Электротовары КСС ШУ;56;2373;;;12.01.2026;;
ПКНФ-000006;12.01.2026;Маркер для кабеля 0.5-1.5мм символ ""8"" (уп.200шт) ДКС;Электротовары КСС ШУ;67;1824;;;12.01.2026;;
ПКНФ-000006;12.01.2026;Маркер для кабеля 0.5-1.5мм символ ""9"" (уп.200шт) ДКС;Электротовары КСС ШУ;68;1755;;;12.01.2026;;
ПКНФ-000006;12.01.2026;Маркер для JXB с нумерацией 1-10 (уп.100шт);Электротовары КСС ШУ;100;7501;;;12.01.2026;;
ПКНФ-000006;12.01.2026;Наконечник штыревой втулочный изол. НШвИ(2) 2.5-10 (уп.50шт);Электротовары КСС ШУ;22;2797;;;12.01.2026;;
ПКНФ-000006;12.01.2026;Провод ПУГВнг(А)-LS 1х0,5 Б;Электротовары КСС ШУ;126;5022;;;12.01.2026;;
ПКНФ-000006;12.01.2026;Провод ПУГВнг(А)-LS 1х0,5 К;Электротовары КСС ШУ;21;1702;;;12.01.2026;;
ПКНФ-000006;12.01.2026;Провод ПУГВнг(А)-LS 1х0,5 Ч;Электротовары КСС ШУ;27;1677;;;12.01.2026;;
ПКНФ-000006;12.01.2026;Провод ПУГВнг(А)-LS 1х1,5 ж/з;Электротовары КСС ШУ;1.5;548.3;;;12.01.2026;;
ПКНФ-000006;12.01.2026;Провод силовой ПУГВнг(А)-LS 1х1,5 С;Электротовары КСС ШУ;3;0;;;12.01.2026;;
ПКНФ-000006;12.01.2026;Программируемое реле ПР200-24.2.2.0;Электротовары КСС ШУ;1;11;;;12.01.2026;;
ПКНФ-000006;12.01.2026;Спираль монтажная СМ-06-04 (10м);Электротовары КСС ШУ;0.2;6.395;;;12.01.2026;;
ПКНФ-000006;12.01.2026;Цоколь SKC14-E, 10A(300V), черный, на рейку DIN35/панель, для RKE4CO, RKF4CO;Электротовары КСС ШУ;3;23;;;12.01.2026;;
ПКНФ-000006;12.01.2026;Наконечник штыревой втулочный изол. НШвИ 2.5-8 (уп.50шт);Электротовары КСС ШУ;58;4481;;25.08.2025;12.01.2026;;
ПКНФ-000006;12.01.2026;Шайба плоская оц. М6 DIN 125;Оцинкованные метизы (ПК КСС);0.002;0.156;;25.08.2025;12.01.2026;;
ПКНФ-000006;12.01.2026;HDR-30-24 Блок питания, 24В,1.5А,36Вт;Электротовары КСС ШУ;1;23;;;12.01.2026;;
ПКНФ-000007;12.01.2026;Фланец 60,3 (AISI304, 08*18H10, PN10) свободный;Нержавеющие фланцы и фиттинги (ПК КСС);4;8;;;12.01.2026;;
ПКНФ-000007;12.01.2026;Отбортовка 60,3х2,0 AISI304;Нержавеющие фланцы и фиттинги (ПК КСС);4;7;16.05.2025;;12.01.2026;;
ПКНФ-000007;12.01.2026;Тройник 60,3х2,0 AISI 304 приварной;Нержавеющие фланцы и фиттинги (ПК КСС);1;0;09.09.2025;09.09.2025;12.01.2026;;
ПКНФ-000007;12.01.2026;Труба СВ  33,7х3,0мм 08Х18Н10 (AISI 304);Нержавеющие трубы, листы, круги, сетки(ПК КСС);13.6;38;;07.10.2025;12.01.2026;;
ПКНФ-000007;12.01.2026;Труба СВ  60,3х2,0мм 08Х18Н10 (AISI 304);Нержавеющие трубы, листы, круги, сетки(ПК КСС);6;10;09.09.2025;09.09.2025;12.01.2026;;
ПКНФ-000007;12.01.2026;Отвод 60,3х2,0 мм AISI 304;Нержавеющие фланцы и фиттинги (ПК КСС);2;7;09.09.2025;09.09.2025;12.01.2026;;
ПКНФ-000007;12.01.2026;Переход  76,1/60,3х2,0 (DN 65/50) AISI 304/08Х18Н10;Нержавеющие фланцы и фиттинги (ПК КСС);1;0;20.01.2026;20.01.2026;12.01.2026;;
ПКНФ-000007;12.01.2026;Труба СВ  76,1х2,0мм 08Х18Н10 (AISI 304);Нержавеющие трубы, листы, круги, сетки(ПК КСС);0.1;11.4;27.12.2024;;12.01.2026;;
ПКНФ-000007;12.01.2026;Фланец 60,3 (AISI304, 08*18H10, PN6) плоский;Нержавеющие фланцы и фиттинги (ПК КСС);2;11;;;12.01.2026;;
ПКНФ-000007;12.01.2026;Фланец 76,1  (AISI304, 08*18H10, PN10/16) плоский;Нержавеющие фланцы и фиттинги (ПК КСС);1;0;09.09.2025;09.09.2025;12.01.2026;;
ПКНФ-000008;12.01.2026;Лист 5,0*1500*6000 ст3 (шт);Черные трубы, листы, круги (ПК КСС);0.004;0.002;;;12.01.2026;;
ПКНФ-000008;12.01.2026;Арматура А-1 6 мм;Черные трубы, листы, круги (ПК КСС);1;78.4;;;12.01.2026;;
ПКНФ-000008;12.01.2026;Швеллер 10П ГОСТ 8240-97;Черные трубы, листы, круги (ПК КСС);8;131.1;20.01.2026;11.09.2025;12.01.2026;;
ПКНФ-000008;12.01.2026;Труба 40х40х3 ГОСТ 8639-82;Черные трубы, листы, круги (ПК КСС);1.2;4.7;20.01.2026;16.01.2026;12.01.2026;;
ПКНФ-000008;12.01.2026;Арматура ф 16 А-1 ГОСТ 5781-82 (м);Черные трубы, листы, круги (ПК КСС);0.4;12.3;;24.01.2024;12.01.2026;;
ПКНФ-000009;12.01.2026;Полоса 2,0x50,0 (AISI304, 08X18H10, 2B);Нержавеющие трубы, листы, круги, сетки(ПК КСС);0.4;0;;;12.01.2026;;
ПКНФ-000009;12.01.2026;Лист 2,0*1000*2000  AISI 304 (08х18Н10), х/к, мат (2В);Нержавеющие трубы, листы, круги, сетки(ПК КСС);1;0;17.09.2025;17.09.2025;12.01.2026;;
ПКНФ-000009;12.01.2026;Пластина 100х40 (AISI 304);Нержавеющие трубы, листы, круги, сетки(ПК КСС);18;172;;;12.01.2026;;
ПКНФ-000009;12.01.2026;Труба СВ  14,0х1,0мм 08Х18Н10 (AISI 304);Нержавеющие трубы, листы, круги, сетки(ПК КСС);1;5;;;12.01.2026;;
ПКНФ-000009;12.01.2026;Труба 20х20х2 (AISI 304);Нержавеющие трубы, листы, круги, сетки(ПК КСС);6;26.5;17.09.2025;05.08.2025;12.01.2026;;
ПКНФ-000009;12.01.2026;Труба 40х20х2 (AISI304);Нержавеющие трубы, листы, круги, сетки(ПК КСС);6.5;71.3;17.09.2025;09.09.2025;12.01.2026;;
ПКНФ-000009;12.01.2026;Лист 3,0*1000*2000  AISI 304 (42х22мм*3,0мм) ПВЛ;Нержавеющие трубы, листы, круги, сетки(ПК КСС);1;1;;02.02.2026;12.01.2026;;
ПКНФ-000009;12.01.2026;Круг 10,0 (AISI304, 08x18H10);Нержавеющие трубы, листы, круги, сетки(ПК КСС);1;6.8;;20.01.2026;12.01.2026;;
ПКНФ-000009;12.01.2026;Круг 6,0 (AISI304, 08x18H10);Нержавеющие трубы, листы, круги, сетки(ПК КСС);61;258.5;17.09.2025;05.08.2025;12.01.2026;;
ПКНФ-000009;12.01.2026;Труба 25х25х2 (AISI 304);Нержавеющие трубы, листы, круги, сетки(ПК КСС);12;45.5;09.09.2025;05.08.2025;12.01.2026;;
ПКНФ-000009;12.01.2026;Труба 40х40х2,0 (AISI 304);Нержавеющие трубы, листы, круги, сетки(ПК КСС);15;18;05.08.2025;05.08.2025;12.01.2026;;
ПКНФ-000009;12.01.2026;Уголок 50,0х50,0х5,0 (AISI304, 08X18H10);Нержавеющие трубы, листы, круги, сетки(ПК КСС);1;2.9;17.09.2025;17.09.2025;12.01.2026;;
ПКНФ-000025;13.01.2026;7634.2У - Трубопровод;Составные части трубопровода (Пк КСС);1;0;22.01.2026;;13.01.2026;ПКНФ-000028;12.01.2026
ПКНФ-000025;13.01.2026;7634.2У - Рама, стойка;Составные части трубопровода (Пк КСС);1;0;22.01.2026;;13.01.2026;ПКНФ-001451;29.12.2025
ПКНФ-000025;13.01.2026;Болт оцинк. М12х60 DIN933;Оцинкованные метизы (ПК КСС);0.012;0.088;;03.06.2024;13.01.2026;;
ПКНФ-000025;13.01.2026;Болт оцинк. М12х40 DIN 933;Оцинкованные метизы (ПК КСС);0.004;0.036;;27.06.2024;13.01.2026;;
ПКНФ-000025;13.01.2026;Шайба плоская оц. М12  DIN 125;Оцинкованные метизы (ПК КСС);0.04;0.805;;03.06.2024;13.01.2026;;
ПКНФ-000025;13.01.2026;Мембранный бак для водоснабжения вертикальный, 8л, WAV8 10 бар/110С, Westert WAV8;Арматура (ПК КСС);1;5;;;13.01.2026;;
ПКНФ-000025;13.01.2026;Насос CDM15-6FSWPC, 5.5кВт, станд. фланец, 3х380В,50Гц, чугун, 70 С;Насосы CNP (ПК КСС);3;6;23.01.2026;23.01.2026;13.01.2026;;
ПКНФ-000025;13.01.2026;Болт оцинк. М16х120 DIN933;Оцинкованные метизы (ПК КСС);0.036;0;;27.06.2024;13.01.2026;;
ПКНФ-000025;13.01.2026;Реле избыточного давления RVG-20-0.6 (0.6МПа) EKF RVG-20-0.6  (ПК);Датчики уровня, преобразователи, реле (ПК КСС);1;6;;;13.01.2026;;
ПКНФ-000025;13.01.2026;Шайба плоская оц. М8  DIN 125;Оцинкованные метизы (ПК КСС);0.004;0.761;;16.01.2026;13.01.2026;;
ПКНФ-000025;13.01.2026;Гайка шестигр. оц М8 DIN934;Оцинкованные метизы (ПК КСС);0.004;0.513;;16.01.2026;13.01.2026;;
ПКНФ-000025;13.01.2026;Шайба гроверная оц. Ф8 DIN 127;Оцинкованные метизы (ПК КСС);0.004;0.608;;16.01.2026;13.01.2026;;
ПКНФ-000025;13.01.2026;Болт оцинк. М16х80  DIN933;Оцинкованные метизы (ПК КСС);0.02;0.072;;;13.01.2026;;
ПКНФ-000025;13.01.2026;7634 КСС-ШУПЧ2  3-3 -5.5кВт+СХ;Шкафы управления (ПК КСС);1;0;22.01.2026;;13.01.2026;;
ПКНФ-000025;13.01.2026;Виброопора PDH106/38/143 M16 NR60;Расходные материалы (ПК КСС);6;12;;;13.01.2026;;
ПКНФ-000025;13.01.2026;Шаровой кран латунный 1/2"" ВР, с дренажем и воздухоотводчиком, ручка-бабочка, Pride LD 44.344.15;Арматура (ПК КСС);2;42;;;13.01.2026;;
ПКНФ-000025;13.01.2026;Ниппель прямой никелированный 1/2"" НР. LD Pride LD.67.501.15;Арматура (ПК КСС);2;43;;;13.01.2026;;
ПКНФ-000025;13.01.2026;Манометр с поверкой тип ТМ-310Т.00, 0..1,6 МПа, 63 мм, G1/4""(сзади), кл.1,5, корпус-сталь, Росма 000;Расходомеры, манометры (ПК КСС);2;14;;;13.01.2026;;
ПКНФ-000025;13.01.2026;Муфта никелированная 1/2"" ВР, LD Pride LD.67.502.15;Арматура (ПК КСС);2;31;;;13.01.2026;;
ПКНФ-000025;13.01.2026;Рым-болт DIN 580 М 12;Оцинкованные метизы (ПК КСС);4;35.992;;;13.01.2026;;
ПКНФ-000025;13.01.2026;Преобразователь давления EKF PRT-100-1.6-1.0-G2;Датчики уровня, преобразователи, реле (ПК КСС);1;38;;;13.01.2026;;
ПКНФ-000025;13.01.2026;Кран шаровой латунный 3/4"" ВР, ручка-бабочка, LD Pride 47.20.В-В.Б;Арматура (ПК КСС);1;18;;;13.01.2026;;
ПКНФ-000025;13.01.2026;Шайба оцинк гровер М12 DIN 127;Оцинкованные метизы (ПК КСС);0.02;0.576;;03.06.2024;13.01.2026;;
ПКНФ-000025;13.01.2026;Шайба гроверная оц. Ф16 DIN 127;Оцинкованные метизы (ПК КСС);0.048;0.573;;27.06.2024;13.01.2026;;
ПКНФ-000025;13.01.2026;Затвор Ridval тип RVB 01 DN50 PN16 рукоятка, синий;Арматура (ПК КСС);6;20;;;13.01.2026;;
ПКНФ-000025;13.01.2026;Клапан Ridval тип RVC 20 DN50 PN16, синий;Арматура (ПК КСС);3;16;;;13.01.2026;;
ПКНФ-000025;13.01.2026;Болт оцинк. М8х30 DIN 933;Оцинкованные метизы (ПК КСС);0.004;0.43;;16.01.2026;13.01.2026;;
ПКНФ-000025;13.01.2026;Гайка шестигр. оц М12 DIN934;Оцинкованные метизы (ПК КСС);0.02;0.815;;03.06.2024;13.01.2026;;
ПКНФ-000025;13.01.2026;Гайка шестигр. оц М16  (тыс шт);Оцинкованные метизы (ПК КСС);0.048;0.388;;27.06.2024;13.01.2026;;
ПКНФ-000025;13.01.2026;Прокладка (паронит) 50;Полиэтелен, корсис, прагма, НПВХ (ПК КСС);9;97.994;;;13.01.2026;;
ПКНФ-000025;13.01.2026;Футорка ник. латун. 1/2х 1/4;Арматура (ПК КСС);1;48;;;13.01.2026;;
ПКНФ-000025;13.01.2026;Шайба плоская оц.М16  DIN 125;Оцинкованные метизы (ПК КСС);0.096;0.917;;27.06.2024;13.01.2026;;
ПКНФ-000010;13.01.2026;Клемма двухуровневая винтовой зажим 4 точки подключения 2.5кв.мм сер.;Электротовары КСС ШУ;38;734;;;13.01.2026;;
ПКНФ-000010;13.01.2026;Кабель КГ-ХЛ 4х1,5;Электротовары КСС ШУ;12;270;15.01.2026;15.01.2026;13.01.2026;;
ПКНФ-000010;13.01.2026;Частотный преобразователь ESQ-230-4T-22K 22кВт, 380В;Электротовары КСС ШУ;3;0;;27.01.2026;13.01.2026;;
ПКНФ-000010;13.01.2026;Светильник светодиодный 12W 6500К 800Лм IP54 200-240V;Электротовары КСС ШУ;3;0;15.01.2026;15.01.2026;13.01.2026;;
ПКНФ-000010;13.01.2026;Кабель-канал перфорированный 80х60 L2000 RL6 G DKC 01139RL;Электротовары КСС ШУ;1;0;;19.02.2025;13.01.2026;;
ПКНФ-000010;13.01.2026;Коробка монтажная ОП 100х100х50 с 6 вводами;Электротовары КСС ШУ;1;0;15.01.2026;24.12.2025;13.01.2026;;
ПКНФ-000010;13.01.2026;Щит настен. 12 мод. (200х255х97) IP41 белый (ЩРН-П-12)/GENERICA;Электротовары КСС ШУ;1;4;15.01.2026;24.12.2025;13.01.2026;;
ПКНФ-000010;13.01.2026;Коробка распределительная ОП безгалогенная (HF) 70х70х40 IP55 Промрукав 40-0200;Электротовары КСС ШУ;3;15;15.01.2026;24.12.2025;13.01.2026;;
ПКНФ-000010;13.01.2026;Кабель-канал перфорированный 40х60 L2000 RL6 G DKC 01163RL;Электротовары КСС ШУ;2.5;59;;;13.01.2026;;
ПКНФ-000010;13.01.2026;Матрица светодиодная AD16-22HS крас. EKF ledm-ad16-r;Электротовары КСС ШУ;2;22;;;13.01.2026;;
ПКНФ-000010;13.01.2026;Матрица светодиодная AD16-22HS 230В AC IP65 зел. PROxima EKF ledm-ad16-g-65;Электротовары КСС ШУ;2;190;;;13.01.2026;;
ПКНФ-000010;13.01.2026;Провод ПУГВнг(А)-LS 1х0,5 С;Электротовары КСС ШУ;38;1760;;;13.01.2026;;
ПКНФ-000010;13.01.2026;Наконечник штыревой втулочный изол. НШвИ(2) 0.5-8 (уп.50шт);Электротовары КСС ШУ;134;4150;;;13.01.2026;;
ПКНФ-000010;13.01.2026;Знак ""Земля"" круглый d20мм EKF an-1-04;Электротовары КСС ШУ;2;0;;;13.01.2026;;
ПКНФ-000010;13.01.2026;Наконечник кольцевой изол. НКИ 1.5-6 (уп.50шт);Электротовары КСС ШУ;12;0;;;13.01.2026;;
ПКНФ-000010;13.01.2026;Выключатель автоматический модульный 3п C 6А 4.5кА ВА 47-63;Электротовары КСС ШУ;2;85;;;13.01.2026;;
ПКНФ-000010;13.01.2026;Трубка термоусадочная ТТУ нг-LS 2/1 красн. 1м IEK UDRS-D2-1-K04;Электротовары КСС ШУ;1;90.75;;;13.01.2026;;
ПКНФ-000010;13.01.2026;Трубка термоусадочная ТТУ нг-LS 2/1 желт. 1м IEK UDRS-D2-1-K05;Электротовары КСС ШУ;1.5;86;;;13.01.2026;;
ПКНФ-000010;13.01.2026;Трубка термоусадочная ТТУ нг-LS 2/1 зел. 1м IEK UDRS-D2-1-K06;Электротовары КСС ШУ;1;180.75;;;13.01.2026;;
ПКНФ-000010;13.01.2026;Ограничитель на DIN-рейку 1 винт HDW-211;Электротовары КСС ШУ;30;0;;;13.01.2026;;
ПКНФ-000010;13.01.2026;Выключатель автоматический модульный 1п C 6А 4.5кА ВА 47-63;Электротовары КСС ШУ;4;0;;16.01.2026;13.01.2026;;
ПКНФ-000010;13.01.2026;Кабель-канал перфорированный 25х40 L2000 RL6 G DKC 01163RL;Электротовары КСС ШУ;1.5;34.75;;;13.01.2026;;
ПКНФ-000010;13.01.2026;Механизм блокировки для КМЭ (09А-32А);Электротовары КСС ШУ;2;81;;;13.01.2026;;
ПКНФ-000010;13.01.2026;Переключатель BG33 3P 2NO с замком (не возврат.);Электротовары КСС ШУ;1;44;;;13.01.2026;;
ПКНФ-000010;13.01.2026;Переключатель BD21 2P короткая ручка NO IP65 PROxima EKF xb2-bd21-65;Электротовары КСС ШУ;2;0;;;13.01.2026;;
ПКНФ-000010;13.01.2026;Оповещатель светозвуковой ED16-22BMS 230В;Электротовары КСС ШУ;1;111;;;13.01.2026;;
ПКНФ-000010;13.01.2026;Панель оператора PRO-Screen 7 EKF RSC-7;Электротовары КСС ШУ;1;15;;;13.01.2026;;
ПКНФ-000010;13.01.2026;Держатель маркировки LH 20х25мм;Электротовары КСС ШУ;16;495;;;13.01.2026;;
ПКНФ-000010;13.01.2026;Символ ""Молния"" (треугольник) 50х50х50мм;Электротовары КСС ШУ;1;61;;;13.01.2026;;
ПКНФ-000010;13.01.2026;Контактор КМЭ 9А кат. 220В AC 1НЗ;Электротовары КСС ШУ;4;58;;;13.01.2026;;
ПКНФ-000010;13.01.2026;Кнопка BA21 черн. NO;Электротовары КСС ШУ;2;98;;;13.01.2026;;
ПКНФ-000010;13.01.2026;Резистор углеродистый CF-50 (C1-4) 0.5 Вт, 4,7 кОм, 5%;Электротовары КСС ШУ;36;1796;;;13.01.2026;;
ПКНФ-000010;13.01.2026;Кабель гибкий КГ 4х1,5;Электротовары КСС ШУ;10;0;15.01.2026;29.12.2025;13.01.2026;;
ПКНФ-000010;13.01.2026;Кабель КГВВнг(А) 3х0,75;Электротовары КСС ШУ;16;275;15.01.2026;15.01.2026;13.01.2026;;
ПКНФ-000010;13.01.2026;Розетка 1-м ОП Эра Эксперт 11-2401-01 16А IP54 16AX 250В 2P+E бел. Эра Б0020712;Электротовары КСС ШУ;1;4;15.01.2026;15.01.2026;13.01.2026;;
ПКНФ-000010;13.01.2026;Держатель для труб d20 мм;Электротовары КСС ШУ;100;450;15.01.2026;24.12.2025;13.01.2026;;
ПКНФ-000010;13.01.2026;Саморез 4.2х25 металл-металл с прессшайбой сверло цинк (уп.200шт);Электротовары КСС ШУ;10;542;;;13.01.2026;;
ПКНФ-000010;13.01.2026;Переключатель BG33 3P 2NO короткая ручка;Электротовары КСС ШУ;2;0;;;13.01.2026;;
ПКНФ-000010;13.01.2026;Шайба гроверная оц.М6 DIN 127;Оцинкованные метизы (ПК КСС);0.002;0;;;13.01.2026;;
ПКНФ-000010;13.01.2026;Труба гофрированная d20 ПВХ серая с зондом н/г легкая;Электротовары КСС ШУ;50;150;15.01.2026;24.12.2025;13.01.2026;;
ПКНФ-000010;13.01.2026;Кнопка ""Грибок"" BS542 NC поворотн. красн.;Электротовары КСС ШУ;1;79;;;13.01.2026;;
ПКНФ-000010;13.01.2026;Выключатель автоматический для защиты двигателя 40-63А NS2-80B (R) CHINT 495088;Электротовары КСС ШУ;3;7;;;13.01.2026;;
ПКНФ-000010;13.01.2026;Контакт дополнительный NS2-AU11 для NS2-80B (длинный шток) (R) CHINT 495972;Электротовары КСС ШУ;3;21;;09.02.2026;13.01.2026;;
ПКНФ-000010;13.01.2026;Кабель КГВВнг(А)-LS 4х10;Электротовары КСС ШУ;20;35;15.01.2026;15.01.2026;13.01.2026;;
ПКНФ-000010;13.01.2026;Кабель КГВВнг(А) 3х1,5;Электротовары КСС ШУ;8;48;15.01.2026;24.12.2025;13.01.2026;;
ПКНФ-000010;13.01.2026;Выключатель автоматический для защиты двигателя 1.6-2.5А NS2-25 (R) CHINT;Электротовары КСС ШУ;2;0;;;13.01.2026;;
ПКНФ-000010;13.01.2026;Контакт дополнительный поперечный NS2-AE11 (R) CHINT 495968;Электротовары КСС ШУ;3;67;;;13.01.2026;;
ПКНФ-000010;13.01.2026;Рубильник 3п 80А с рукояткой управления для прямой установки;Электротовары КСС ШУ;2;11;;;13.01.2026;;
ПКНФ-000010;13.01.2026;Сальник PG 36 диаметр проводника 22-32 мм IP54;Электротовары КСС ШУ;2;22;;;13.01.2026;;
ПКНФ-000010;13.01.2026;Термостат NO (охлаждение) на DIN-рейку 10А 230В IP20;Электротовары КСС ШУ;1;27;;;13.01.2026;;
ПКНФ-000010;13.01.2026;Колодка клеммная JXB-2.5/35 серая;Электротовары КСС ШУ;13;24;;;13.01.2026;;
ПКНФ-000010;13.01.2026;Заглушка для JXB-2,5/35 серая;Электротовары КСС ШУ;3;0;;;13.01.2026;;
ПКНФ-000010;13.01.2026;Провод ПуГВнг(А)-LS 1х1,5 Б;Электротовары КСС ШУ;16;316;;;13.01.2026;;
ПКНФ-000010;13.01.2026;Сальник PG 29 (d проводника 18-24мм, D резьбовой 36мм) IP54;Электротовары КСС ШУ;2;0;;;13.01.2026;;
ПКНФ-000010;13.01.2026;Колодка клеммная JXB-2.5/35 синяя;Электротовары КСС ШУ;2;101;;;13.01.2026;;
ПКНФ-000010;13.01.2026;Механизм блокировки для КМЭ (40А-95А);Электротовары КСС ШУ;1;107;;;13.01.2026;;
ПКНФ-000010;13.01.2026;Приставка контактная ПКЭ-11 доп. контакы 1з+1р;Электротовары КСС ШУ;4;91;;;13.01.2026;;
ПКНФ-000010;13.01.2026;Колодка клеммная JXB-16/35 серая;Электротовары КСС ШУ;6;0;;;13.01.2026;;
ПКНФ-000010;13.01.2026;Кабель КПСЭнг(А)-FRLS 1х2х0.5;Электротовары КСС ШУ;240;3264;15.01.2026;15.01.2026;13.01.2026;;
ПКНФ-000010;13.01.2026;Изолятор торцевой для клемм KRUKB-3-5 DKC D-KRUKB-3-5;Электротовары КСС ШУ;6;231;;;13.01.2026;;
ПКНФ-000010;13.01.2026;Сальник PG 9;Электротовары КСС ШУ;38;1458;;;13.01.2026;;
ПКНФ-000010;13.01.2026;Наконечник штыревой втулочный изол. НШвИ 16.0-12 (уп.50шт);Электротовары КСС ШУ;12;952;;;13.01.2026;;
ПКНФ-000010;13.01.2026;Наконечник штыревой втулочный изол. НШвИ(2) 16.0-14 (уп.50шт);Электротовары КСС ШУ;5;287;;;13.01.2026;;
ПКНФ-000010;13.01.2026;Хомут 2,5х150 нейл. (уп.100 шт);Электротовары КСС ШУ;100;0;;;13.01.2026;;
ПКНФ-000010;13.01.2026;Трубка термоус. ТУТ (HF)-4/2, красн. (уп.100м);Электротовары КСС ШУ;1.5;65.7;;;13.01.2026;;
ПКНФ-000010;13.01.2026;Трубка термоус. ТУТ (HF)-4/2, зел. (уп.100м);Электротовары КСС ШУ;1.5;65.5;;;13.01.2026;;
ПКНФ-000010;13.01.2026;Трубка термоус. ТУТ (HF)-4/2, желт. (уп.100м);Электротовары КСС ШУ;1.5;90.2;;;13.01.2026;;
ПКНФ-000010;13.01.2026;Трубка термоус. ТУТ (HF)-16/8, красн. (уп.50м);Электротовары КСС ШУ;1;38;;;13.01.2026;;
ПКНФ-000010;13.01.2026;Колодка клеммная JXB-16/35 син.;Электротовары КСС ШУ;2;94;;06.12.2024;13.01.2026;;
ПКНФ-000010;13.01.2026;Колодка клеммная ЕК-35/125 JXB земля;Электротовары КСС ШУ;2;45;;19.02.2025;13.01.2026;;
ПКНФ-000010;13.01.2026;Контактор КМЭ 65А 220В NO+NC;Электротовары КСС ШУ;2;1;;;13.01.2026;;
ПКНФ-000010;13.01.2026;Наконечник кабельный ТМЛ(DIN) 16-8;Электротовары КСС ШУ;24;13;;;13.01.2026;;
ПКНФ-000010;13.01.2026;Реле контроля наличия и чередования фаз CKF-318-1;Электротовары КСС ШУ;2;58;;;13.01.2026;;
ПКНФ-000010;13.01.2026;Наконечник штыревой втулочный изол. НШвИ 0.5-8 (уп.50шт);Электротовары КСС ШУ;268;16889;;;13.01.2026;;
ПКНФ-000010;13.01.2026;Наконечник штыревой втулочный изол. НШвИ 1.5-8 (уп.50шт);Электротовары КСС ШУ;32;2578;;;13.01.2026;;
ПКНФ-000010;13.01.2026;Саморез 4.2х13 металл-металл с прессшайбой сверло цинк (уп.200шт);Электротовары КСС ШУ;42;1156.91;;;13.01.2026;;
ПКНФ-000010;13.01.2026;Маркер для кабеля 0.5-1.5мм символ ""1"" (уп.200шт) ДКС;Электротовары КСС ШУ;52;9928;;;13.01.2026;;
ПКНФ-000010;13.01.2026;Маркер для кабеля 0.5-1.5мм символ ""2"" (уп.200шт) ДКС;Электротовары КСС ШУ;68;5520;;;13.01.2026;;
ПКНФ-000010;13.01.2026;Маркер для кабеля 0.5-1.5мм символ ""3"" (уп.200шт) ДКС;Электротовары КСС ШУ;69;5725;;;13.01.2026;;
ПКНФ-000010;13.01.2026;Маркер для JXB с нумерацией 1-50 (уп.100шт);Электротовары КСС ШУ;200;12597;;;13.01.2026;;
ПКНФ-000010;13.01.2026;MES 140.80.40 RAL3020, Шкаф компактный распределительный;Корпусы для ШУ;1;0;;10.02.2026;13.01.2026;;
ПКНФ-000010;13.01.2026;Сальник PG 16 10-14мм IP54;Электротовары КСС ШУ;3;231;;;13.01.2026;;
ПКНФ-000010;13.01.2026;Вентилятор с фильтром 52 м3/ч 124х124 мм;Электротовары КСС ШУ;1;16;;12.10.2025;13.01.2026;;
ПКНФ-000010;13.01.2026;Решетка вентиляционная с фильтром 124x124мм IP54;Электротовары КСС ШУ;1;10;;12.10.2025;13.01.2026;;
ПКНФ-000010;13.01.2026;HDR-60-24 MW (AC/DC ПРЕОБРАЗОВАТЕЛИ) 24B,2.5A,60Вт;Электротовары КСС ШУ;1;32;;;13.01.2026;;
ПКНФ-000010;13.01.2026;Болт оцинк. М6х20 DIN 933;Оцинкованные метизы (ПК КСС);0.002;0.079;;;13.01.2026;;
ПКНФ-000010;13.01.2026;Гайка оцинк. DIN 934 М6;Оцинкованные метизы (ПК КСС);0.002;0.014;;04.03.2025;13.01.2026;;
ПКНФ-000010;13.01.2026;Колодка клеммная ЕК-2.5/25 JXB земля;Электротовары КСС ШУ;3;125;;08.06.2024;13.01.2026;;
ПКНФ-000010;13.01.2026;Лампа AD-22DS(LED) матрица d22мм желтый 230В;Электротовары КСС ШУ;2;158;;;13.01.2026;;
ПКНФ-000010;13.01.2026;Маркер для кабеля 0.5-1.5мм символ ""0"" (уп.200шт) ДКС;Электротовары КСС ШУ;79;7489;;;13.01.2026;;
ПКНФ-000010;13.01.2026;Маркер для кабеля 0.5-1.5мм символ ""4"" (уп.200шт) ДКС;Электротовары КСС ШУ;58;1694;;;13.01.2026;;
ПКНФ-000010;13.01.2026;Маркер для кабеля 0.5-1.5мм символ ""5"" (уп.200шт) ДКС;Электротовары КСС ШУ;54;6424;;;13.01.2026;;
ПКНФ-000010;13.01.2026;Маркер для кабеля 0.5-1.5мм символ ""6"" (уп.200шт) ДКС;Электротовары КСС ШУ;47;6265;;;13.01.2026;;
ПКНФ-000010;13.01.2026;Маркер для кабеля 0.5-1.5мм символ ""7"" (уп.200шт) ДКС;Электротовары КСС ШУ;56;2373;;;13.01.2026;;
ПКНФ-000010;13.01.2026;Маркер для кабеля 0.5-1.5мм символ ""8"" (уп.200шт) ДКС;Электротовары КСС ШУ;67;1824;;;13.01.2026;;
ПКНФ-000010;13.01.2026;Маркер для кабеля 0.5-1.5мм символ ""9"" (уп.200шт) ДКС;Электротовары КСС ШУ;68;1755;;;13.01.2026;;
ПКНФ-000010;13.01.2026;Маркер для JXB с нумерацией 1-10 (уп.100шт);Электротовары КСС ШУ;200;7501;;;13.01.2026;;
ПКНФ-000010;13.01.2026;Модуль расширения дискретного ввода/вывода ПРМ-24.1;Электротовары КСС ШУ;1;17;;;13.01.2026;;
ПКНФ-000010;13.01.2026;Наконечник штыревой НШВИ 10-12 КВТ;Электротовары КСС ШУ;42;0;;25.08.2025;13.01.2026;;
ПКНФ-000010;13.01.2026;Наконечник штыревой втулочный изол. НШвИ(2) 2.5-10 (уп.50шт);Электротовары КСС ШУ;12;2797;;;13.01.2026;;
ПКНФ-000010;13.01.2026;Провод ПУГВнг(А)-LS 1х0,5 Б;Электротовары КСС ШУ;215;5022;;;13.01.2026;;
ПКНФ-000010;13.01.2026;Провод ПУГВнг(А)-LS 1х0,5 К;Электротовары КСС ШУ;30;1702;;;13.01.2026;;
ПКНФ-000010;13.01.2026;Провод ПУГВнг(А)-LS 1х0,5 Ч;Электротовары КСС ШУ;34;1677;;;13.01.2026;;
ПКНФ-000010;13.01.2026;Провод ПУГВнг(А)-LS 1х1,5 ж/з;Электротовары КСС ШУ;1.5;548.3;;;13.01.2026;;
ПКНФ-000010;13.01.2026;Провод ПУГВнг(А)-LS 1х10 Б;Электротовары КСС ШУ;20;0;;;13.01.2026;;
ПКНФ-000010;13.01.2026;Провод ПуГВнг(А)-LS 1х16 Б;Электротовары КСС ШУ;12;11;;;13.01.2026;;
ПКНФ-000010;13.01.2026;Провод ПУГВнг(А)-LS 1х2,5 Б;Электротовары КСС ШУ;3.5;422.5;;;13.01.2026;;
ПКНФ-000010;13.01.2026;Провод ПУГВнг(А)-LS 1х2,5 С;Электротовары КСС ШУ;7;254;;;13.01.2026;;
ПКНФ-000010;13.01.2026;Программируемое реле ПР102-24.2416.03.2;Электротовары КСС ШУ;2;10;;03.02.2026;13.01.2026;;
ПКНФ-000010;13.01.2026;Блок распределительный КРОСС крепеж на панель и DIN КБР-160А;Электротовары КСС ШУ;5;71;;;13.01.2026;;
ПКНФ-000010;13.01.2026;Реле RFT2CO730LT, 2CO, 8A(250VAC/30VDC), 230VAC, LED, мех. инд., тест-кнопка;Электротовары КСС ШУ;11;106;;;13.01.2026;;
ПКНФ-000010;13.01.2026;Спираль монтажная СМ-06-04 (10м);Электротовары КСС ШУ;0.2;6.395;;;13.01.2026;;
ПКНФ-000010;13.01.2026;Термоусаживаемая трубка ТУТнг 25/12,5 желтая (50 м/ролл) TDM;Электротовары КСС ШУ;0.5;46.5;;;13.01.2026;;
ПКНФ-000010;13.01.2026;Термоусаживаемая трубка ТУТнг 25/12,5 зеленая (50 м/ролл) TDM;Электротовары КСС ШУ;0.5;46.5;;;13.01.2026;;
ПКНФ-000010;13.01.2026;Термоусаживаемая трубка ТУТнг 25/12,5 красная (50 м/ролл) TDM;Электротовары КСС ШУ;0.5;46.5;;;13.01.2026;;
ПКНФ-000010;13.01.2026;Трубка термоус. ТУТ (HF)-16/8, желт. (уп.50м) (КВТ);Электротовары КСС ШУ;1;38;;;13.01.2026;;
ПКНФ-000010;13.01.2026;Трубка термоус. ТУТ (HF)-16/8, зел. (уп.50м) КВТ;Электротовары КСС ШУ;1;88;;;13.01.2026;;
ПКНФ-000010;13.01.2026;Цоколь SRU08-E, 10A(300V), черный, на рейку DIN35/панель, для RFT2CO;Электротовары КСС ШУ;11;9;;;13.01.2026;;
ПКНФ-000010;13.01.2026;Выключатель 1-м ОП IP54 (белый) ГЕРМЕС PLUS/ИЭК;Электротовары КСС ШУ;1;0;15.01.2026;24.12.2025;13.01.2026;;
ПКНФ-000010;13.01.2026;Наконечник штыревой втулочный изол. НШвИ 2.5-8 (уп.50шт);Электротовары КСС ШУ;10;4481;;25.08.2025;13.01.2026;;
ПКНФ-000010;13.01.2026;Шайба плоская оц. М6 DIN 125;Оцинкованные метизы (ПК КСС);0.002;0.156;;25.08.2025;13.01.2026;;
ПКНФ-000010;13.01.2026;Наконечник НШвИ(2) 1.5-8 (уп.50шт);Электротовары КСС ШУ;34;5119;;;13.01.2026;;
ПКНФ-000011;13.01.2026;Клемма двухуровневая винтовой зажим 4 точки подключения 2.5кв.мм сер.;Электротовары КСС ШУ;38;734;;;13.01.2026;;
ПКНФ-000011;13.01.2026;Устройство плавного пуска INSTART SBIM-30/60-04 30кВт 380В;Электротовары КСС ШУ;2;0;;27.01.2026;13.01.2026;;
ПКНФ-000011;13.01.2026;Кабель-канал перфорированный 80х60 L2000 RL6 G DKC 01139RL;Электротовары КСС ШУ;1;0;;19.02.2025;13.01.2026;;
ПКНФ-000011;13.01.2026;Модуль расширения дискретного ввода/вывода ПРМ-24.6;Электротовары КСС ШУ;1;6;;03.02.2026;13.01.2026;;
ПКНФ-000011;13.01.2026;Кабель-канал перфорированный 40х60 L2000 RL6 G DKC 01163RL;Электротовары КСС ШУ;2.5;59;;;13.01.2026;;
ПКНФ-000011;13.01.2026;Матрица светодиодная AD16-22HS крас. EKF ledm-ad16-r;Электротовары КСС ШУ;2;22;;;13.01.2026;;
ПКНФ-000011;13.01.2026;Матрица светодиодная AD16-22HS 230В AC IP65 зел. PROxima EKF ledm-ad16-g-65;Электротовары КСС ШУ;2;190;;;13.01.2026;;
ПКНФ-000011;13.01.2026;Провод ПУГВнг(А)-LS 1х0,5 С;Электротовары КСС ШУ;38;1760;;;13.01.2026;;
ПКНФ-000011;13.01.2026;Наконечник штыревой втулочный изол. НШвИ(2) 0.5-8 (уп.50шт);Электротовары КСС ШУ;134;4150;;;13.01.2026;;
ПКНФ-000011;13.01.2026;Знак ""Земля"" круглый d20мм EKF an-1-04;Электротовары КСС ШУ;2;0;;;13.01.2026;;
ПКНФ-000011;13.01.2026;Наконечник кольцевой изол. НКИ 1.5-6 (уп.50шт);Электротовары КСС ШУ;12;0;;;13.01.2026;;
ПКНФ-000011;13.01.2026;Выключатель автоматический модульный 3п C 6А 4.5кА ВА 47-63;Электротовары КСС ШУ;2;85;;;13.01.2026;;
ПКНФ-000011;13.01.2026;Трубка термоусадочная ТТУ нг-LS 2/1 красн. 1м IEK UDRS-D2-1-K04;Электротовары КСС ШУ;1;90.75;;;13.01.2026;;
ПКНФ-000011;13.01.2026;Трубка термоусадочная ТТУ нг-LS 2/1 желт. 1м IEK UDRS-D2-1-K05;Электротовары КСС ШУ;1.5;86;;;13.01.2026;;
ПКНФ-000011;13.01.2026;Трубка термоусадочная ТТУ нг-LS 2/1 зел. 1м IEK UDRS-D2-1-K06;Электротовары КСС ШУ;1;180.75;;;13.01.2026;;
ПКНФ-000011;13.01.2026;Ограничитель на DIN-рейку 1 винт HDW-211;Электротовары КСС ШУ;30;0;;;13.01.2026;;
ПКНФ-000011;13.01.2026;Выключатель автоматический модульный 1п C 6А 4.5кА ВА 47-63;Электротовары КСС ШУ;3;0;;16.01.2026;13.01.2026;;
ПКНФ-000011;13.01.2026;Кабель-канал перфорированный 25х40 L2000 RL6 G DKC 01163RL;Электротовары КСС ШУ;1.5;34.75;;;13.01.2026;;
ПКНФ-000011;13.01.2026;Механизм блокировки для КМЭ (09А-32А);Электротовары КСС ШУ;2;81;;;13.01.2026;;
ПКНФ-000011;13.01.2026;Переключатель BG33 3P 2NO с замком (не возврат.);Электротовары КСС ШУ;1;44;;;13.01.2026;;
ПКНФ-000011;13.01.2026;Переключатель BD21 2P короткая ручка NO IP65 PROxima EKF xb2-bd21-65;Электротовары КСС ШУ;2;0;;;13.01.2026;;
ПКНФ-000011;13.01.2026;Оповещатель светозвуковой ED16-22BMS 230В;Электротовары КСС ШУ;1;111;;;13.01.2026;;
ПКНФ-000011;13.01.2026;Панель оператора PRO-Screen 7 EKF RSC-7;Электротовары КСС ШУ;1;15;;;13.01.2026;;
ПКНФ-000011;13.01.2026;Держатель маркировки LH 20х25мм;Электротовары КСС ШУ;16;495;;;13.01.2026;;
ПКНФ-000011;13.01.2026;Символ ""Молния"" (треугольник) 50х50х50мм;Электротовары КСС ШУ;1;61;;;13.01.2026;;
ПКНФ-000011;13.01.2026;Контактор КМЭ 9А кат. 220В AC 1НЗ;Электротовары КСС ШУ;4;58;;;13.01.2026;;
ПКНФ-000011;13.01.2026;Кнопка BA21 черн. NO;Электротовары КСС ШУ;2;98;;;13.01.2026;;
ПКНФ-000011;13.01.2026;Резистор углеродистый CF-50 (C1-4) 0.5 Вт, 4,7 кОм, 5%;Электротовары КСС ШУ;36;1796;;;13.01.2026;;
ПКНФ-000011;13.01.2026;Модуль расширения дискретного ввода/вывода ПРМ-24.2;Электротовары КСС ШУ;1;14;;03.02.2026;13.01.2026;;
ПКНФ-000011;13.01.2026;Саморез 4.2х25 металл-металл с прессшайбой сверло цинк (уп.200шт);Электротовары КСС ШУ;10;542;;;13.01.2026;;
ПКНФ-000011;13.01.2026;Переключатель BG33 3P 2NO короткая ручка;Электротовары КСС ШУ;2;0;;;13.01.2026;;
ПКНФ-000011;13.01.2026;DIN-рейка перфорированная L2000 1мм 35х7,5;Электротовары КСС ШУ;2;25;;;13.01.2026;;
ПКНФ-000011;13.01.2026;Шайба гроверная оц.М6 DIN 127;Оцинкованные метизы (ПК КСС);0.001;0;;;13.01.2026;;
ПКНФ-000011;13.01.2026;Кнопка ""Грибок"" BS542 NC поворотн. красн.;Электротовары КСС ШУ;1;79;;;13.01.2026;;
ПКНФ-000011;13.01.2026;Выключатель автоматический для защиты двигателя 40-63А NS2-80B (R) CHINT 495088;Электротовары КСС ШУ;2;7;;;13.01.2026;;
ПКНФ-000011;13.01.2026;Контакт дополнительный NS2-AU11 для NS2-80B (длинный шток) (R) CHINT 495972;Электротовары КСС ШУ;2;21;;09.02.2026;13.01.2026;;
ПКНФ-000011;13.01.2026;Кабель КГВВнг(А)-LS 4х16;Электротовары КСС ШУ;24;155;;;13.01.2026;;
ПКНФ-000011;13.01.2026;Выключатель автоматический для защиты двигателя 1.6-2.5А NS2-25 (R) CHINT;Электротовары КСС ШУ;2;0;;;13.01.2026;;
ПКНФ-000011;13.01.2026;Контакт дополнительный поперечный NS2-AE11 (R) CHINT 495968;Электротовары КСС ШУ;3;67;;;13.01.2026;;
ПКНФ-000011;13.01.2026;Рубильник 3п 80А с рукояткой управления для прямой установки;Электротовары КСС ШУ;2;11;;;13.01.2026;;
ПКНФ-000011;13.01.2026;Термостат NO (охлаждение) на DIN-рейку 10А 230В IP20;Электротовары КСС ШУ;1;27;;;13.01.2026;;
ПКНФ-000011;13.01.2026;Колодка клеммная JXB-2.5/35 серая;Электротовары КСС ШУ;13;24;;;13.01.2026;;
ПКНФ-000011;13.01.2026;Заглушка для JXB-2,5/35 серая;Электротовары КСС ШУ;3;0;;;13.01.2026;;
ПКНФ-000011;13.01.2026;Провод ПуГВнг(А)-LS 1х1,5 Б;Электротовары КСС ШУ;16;316;;;13.01.2026;;
ПКНФ-000011;13.01.2026;Колодка клеммная JXB-35/35 синяя;Электротовары КСС ШУ;2;85;;;13.01.2026;;
ПКНФ-000011;13.01.2026;Сальник PG 29 (d проводника 18-24мм, D резьбовой 36мм) IP54;Электротовары КСС ШУ;2;0;;;13.01.2026;;
ПКНФ-000011;13.01.2026;Колодка клеммная JXB-2.5/35 синяя;Электротовары КСС ШУ;2;101;;;13.01.2026;;
ПКНФ-000011;13.01.2026;Контактор КМЭ 95А 220В/АС3 1НО 1Н3;Электротовары КСС ШУ;2;5;;09.02.2026;13.01.2026;;
ПКНФ-000011;13.01.2026;Механизм блокировки для КМЭ (40А-95А);Электротовары КСС ШУ;1;107;;;13.01.2026;;
ПКНФ-000011;13.01.2026;Приставка контактная ПКЭ-11 доп. контакы 1з+1р;Электротовары КСС ШУ;4;91;;;13.01.2026;;
ПКНФ-000011;13.01.2026;Колодка клеммная JXB-16/35 серая;Электротовары КСС ШУ;6;0;;;13.01.2026;;
ПКНФ-000011;13.01.2026;Кабель КПСЭнг(А)-FRLS 1х2х0.5;Электротовары КСС ШУ;240;3264;15.01.2026;15.01.2026;13.01.2026;;
ПКНФ-000011;13.01.2026;Изолятор торцевой для клемм KRUKB-3-5 DKC D-KRUKB-3-5;Электротовары КСС ШУ;6;231;;;13.01.2026;;
ПКНФ-000011;13.01.2026;Сальник PG 9;Электротовары КСС ШУ;38;1458;;;13.01.2026;;
ПКНФ-000011;13.01.2026;Наконечник штыревой втулочный изол. НШвИ 16.0-12 (уп.50шт);Электротовары КСС ШУ;42;952;;;13.01.2026;;
ПКНФ-000011;13.01.2026;Хомут 2,5х150 нейл. (уп.100 шт);Электротовары КСС ШУ;100;0;;;13.01.2026;;
ПКНФ-000011;13.01.2026;Трубка термоус. ТУТ (HF)-4/2, красн. (уп.100м);Электротовары КСС ШУ;1.5;65.7;;;13.01.2026;;
ПКНФ-000011;13.01.2026;Трубка термоус. ТУТ (HF)-4/2, зел. (уп.100м);Электротовары КСС ШУ;1.5;65.5;;;13.01.2026;;
ПКНФ-000011;13.01.2026;Трубка термоус. ТУТ (HF)-4/2, желт. (уп.100м);Электротовары КСС ШУ;1.5;90.2;;;13.01.2026;;
ПКНФ-000011;13.01.2026;Сальник PG 42 32-38мм IP54;Электротовары КСС ШУ;2;64;;;13.01.2026;;
ПКНФ-000011;13.01.2026;Колодка клеммная ЕК-35/125 JXB земля;Электротовары КСС ШУ;2;45;;19.02.2025;13.01.2026;;
ПКНФ-000011;13.01.2026;Реле контроля наличия и чередования фаз CKF-318-1;Электротовары КСС ШУ;2;58;;;13.01.2026;;
ПКНФ-000011;13.01.2026;Наконечник штыревой втулочный изол. НШвИ 0.5-8 (уп.50шт);Электротовары КСС ШУ;268;16889;;;13.01.2026;;
ПКНФ-000011;13.01.2026;Наконечник штыревой втулочный изол. НШвИ 1.5-8 (уп.50шт);Электротовары КСС ШУ;32;2578;;;13.01.2026;;
ПКНФ-000011;13.01.2026;Наконечник штыревой втулочный изол. НШвИ 25.0-16 (уп.50шт);Электротовары КСС ШУ;5;930;;;13.01.2026;;
ПКНФ-000011;13.01.2026;Саморез 4.2х13 металл-металл с прессшайбой сверло цинк (уп.200шт);Электротовары КСС ШУ;42;1156.91;;;13.01.2026;;
ПКНФ-000011;13.01.2026;Маркер для кабеля 0.5-1.5мм символ ""1"" (уп.200шт) ДКС;Электротовары КСС ШУ;52;9928;;;13.01.2026;;
ПКНФ-000011;13.01.2026;Маркер для кабеля 0.5-1.5мм символ ""2"" (уп.200шт) ДКС;Электротовары КСС ШУ;68;5520;;;13.01.2026;;
ПКНФ-000011;13.01.2026;Маркер для кабеля 0.5-1.5мм символ ""3"" (уп.200шт) ДКС;Электротовары КСС ШУ;69;5725;;;13.01.2026;;
ПКНФ-000011;13.01.2026;Маркер для JXB с нумерацией 1-50 (уп.100шт);Электротовары КСС ШУ;200;12597;;;13.01.2026;;
ПКНФ-000011;13.01.2026;MES 140.80.40 RAL3020, Шкаф компактный распределительный;Корпусы для ШУ;1;0;;10.02.2026;13.01.2026;;
ПКНФ-000011;13.01.2026;Сальник PG 16 10-14мм IP54;Электротовары КСС ШУ;2;231;;;13.01.2026;;
ПКНФ-000011;13.01.2026;Вентилятор с фильтром 52 м3/ч 124х124 мм;Электротовары КСС ШУ;1;16;;12.10.2025;13.01.2026;;
ПКНФ-000011;13.01.2026;Решетка вентиляционная с фильтром 124x124мм IP54;Электротовары КСС ШУ;1;10;;12.10.2025;13.01.2026;;
ПКНФ-000011;13.01.2026;HDR-60-24 MW (AC/DC ПРЕОБРАЗОВАТЕЛИ) 24B,2.5A,60Вт;Электротовары КСС ШУ;1;32;;;13.01.2026;;
ПКНФ-000011;13.01.2026;Болт оцинк. М6х20 DIN 933;Оцинкованные метизы (ПК КСС);0.001;0.079;;;13.01.2026;;
ПКНФ-000011;13.01.2026;Гайка оцинк. DIN 934 М6;Оцинкованные метизы (ПК КСС);0.001;0.014;;04.03.2025;13.01.2026;;
ПКНФ-000011;13.01.2026;ID 140.80, Дверь внутренняя для компактных шкафов;Корпусы для ШУ;1;2;18.04.2024;;13.01.2026;;
ПКНФ-000011;13.01.2026;Колодка клеммная ЕК-2.5/25 JXB земля;Электротовары КСС ШУ;3;125;;08.06.2024;13.01.2026;;
ПКНФ-000011;13.01.2026;Лампа AD-22DS(LED) матрица d22мм желтый 230В;Электротовары КСС ШУ;2;158;;;13.01.2026;;
ПКНФ-000011;13.01.2026;Маркер для кабеля 0.5-1.5мм символ ""0"" (уп.200шт) ДКС;Электротовары КСС ШУ;79;7489;;;13.01.2026;;
ПКНФ-000011;13.01.2026;Маркер для кабеля 0.5-1.5мм символ ""4"" (уп.200шт) ДКС;Электротовары КСС ШУ;58;1694;;;13.01.2026;;
ПКНФ-000011;13.01.2026;Маркер для кабеля 0.5-1.5мм символ ""5"" (уп.200шт) ДКС;Электротовары КСС ШУ;54;6424;;;13.01.2026;;
ПКНФ-000011;13.01.2026;Маркер для кабеля 0.5-1.5мм символ ""6"" (уп.200шт) ДКС;Электротовары КСС ШУ;47;6265;;;13.01.2026;;
ПКНФ-000011;13.01.2026;Маркер для кабеля 0.5-1.5мм символ ""7"" (уп.200шт) ДКС;Электротовары КСС ШУ;56;2373;;;13.01.2026;;
ПКНФ-000011;13.01.2026;Маркер для кабеля 0.5-1.5мм символ ""8"" (уп.200шт) ДКС;Электротовары КСС ШУ;67;1824;;;13.01.2026;;
ПКНФ-000011;13.01.2026;Маркер для кабеля 0.5-1.5мм символ ""9"" (уп.200шт) ДКС;Электротовары КСС ШУ;68;1755;;;13.01.2026;;
ПКНФ-000011;13.01.2026;Маркер для JXB с нумерацией 1-10 (уп.100шт);Электротовары КСС ШУ;200;7501;;;13.01.2026;;
ПКНФ-000011;13.01.2026;Наконечник штыревой втулочный изол. НШвИ(2) 2.5-10 (уп.50шт);Электротовары КСС ШУ;12;2797;;;13.01.2026;;
ПКНФ-000011;13.01.2026;Провод ПУГВнг(А)-LS 1х0,5 Б;Электротовары КСС ШУ;215;5022;;;13.01.2026;;
ПКНФ-000011;13.01.2026;Провод ПУГВнг(А)-LS 1х0,5 К;Электротовары КСС ШУ;30;1702;;;13.01.2026;;
ПКНФ-000011;13.01.2026;Провод ПУГВнг(А)-LS 1х0,5 Ч;Электротовары КСС ШУ;34;1677;;;13.01.2026;;
ПКНФ-000011;13.01.2026;Провод ПУГВнг(А)-LS 1х1,5 ж/з;Электротовары КСС ШУ;1.5;548.3;;;13.01.2026;;
ПКНФ-000011;13.01.2026;Провод ПуГВнг(А)-LS 1х16 Б;Электротовары КСС ШУ;20;11;;;13.01.2026;;
ПКНФ-000011;13.01.2026;Провод ПУГВнг(А)-LS 1х2,5 С;Электротовары КСС ШУ;7;254;;;13.01.2026;;
ПКНФ-000011;13.01.2026;Провод ПУГВнг(А)-LS 1х25 Б;Электротовары КСС ШУ;12;118;;;13.01.2026;;
ПКНФ-000011;13.01.2026;Программируемое реле ПР102-24.2416.03.2;Электротовары КСС ШУ;1;10;;03.02.2026;13.01.2026;;
ПКНФ-000011;13.01.2026;Блок распределительный КРОСС крепеж на панель и DIN КБР-160А;Электротовары КСС ШУ;4;71;;;13.01.2026;;
ПКНФ-000011;13.01.2026;Реле RFT2CO730LT, 2CO, 8A(250VAC/30VDC), 230VAC, LED, мех. инд., тест-кнопка;Электротовары КСС ШУ;11;106;;;13.01.2026;;
ПКНФ-000011;13.01.2026;Спираль монтажная СМ-06-04 (10м);Электротовары КСС ШУ;0.2;6.395;;;13.01.2026;;
ПКНФ-000011;13.01.2026;Термоусаживаемая трубка ТУТнг 25/12,5 желтая (50 м/ролл) TDM;Электротовары КСС ШУ;2;46.5;;;13.01.2026;;
ПКНФ-000011;13.01.2026;Термоусаживаемая трубка ТУТнг 25/12,5 зеленая (50 м/ролл) TDM;Электротовары КСС ШУ;2;46.5;;;13.01.2026;;
ПКНФ-000011;13.01.2026;Термоусаживаемая трубка ТУТнг 25/12,5 красная (50 м/ролл) TDM;Электротовары КСС ШУ;2;46.5;;;13.01.2026;;
ПКНФ-000011;13.01.2026;Цоколь SRU08-E, 10A(300V), черный, на рейку DIN35/панель, для RFT2CO;Электротовары КСС ШУ;11;9;;;13.01.2026;;
ПКНФ-000011;13.01.2026;Наконечник штыревой втулочный изол. НШвИ 2.5-8 (уп.50шт);Электротовары КСС ШУ;10;4481;;25.08.2025;13.01.2026;;
ПКНФ-000011;13.01.2026;Шайба плоская оц. М6 DIN 125;Оцинкованные метизы (ПК КСС);0.002;0.156;;25.08.2025;13.01.2026;;
ПКНФ-000011;13.01.2026;Наконечник НШвИ(2) 1.5-8 (уп.50шт);Электротовары КСС ШУ;34;5119;;;13.01.2026;;
ПКНФ-000012;13.01.2026;Частотный преобразователь ESQ-230-4T-7.5K 7.5кВт, 380В;Электротовары КСС ШУ;2;8;27.01.2026;27.01.2026;13.01.2026;;
ПКНФ-000012;13.01.2026;Стяжка нейлоновая КСС 3х120 (б) (100шт);Электротовары КСС ШУ;20;0;;;13.01.2026;;
ПКНФ-000012;13.01.2026;Стяжка нейлоновая КСС 4х200 (б) (100шт);Электротовары КСС ШУ;15;0;;;13.01.2026;;
ПКНФ-000012;13.01.2026;Кабель КГВВнг(А)-LS 4х1.5;Электротовары КСС ШУ;7;277;;;13.01.2026;;
ПКНФ-000012;13.01.2026;Выключатель нагрузки NXHB-125 3P 20А(R) 193180CHINT;Электротовары КСС ШУ;1;6;;16.01.2026;13.01.2026;;
ПКНФ-000012;13.01.2026;Провод ПУГВнг(А)-LS 1х0,5 С;Электротовары КСС ШУ;11;1760;;;13.01.2026;;
ПКНФ-000012;13.01.2026;Наконечник штыревой втулочный изол. НШвИ(2) 0.5-8 (уп.50шт);Электротовары КСС ШУ;20;4150;;;13.01.2026;;
ПКНФ-000012;13.01.2026;Знак ""Земля"" круглый d20мм EKF an-1-04;Электротовары КСС ШУ;2;0;;;13.01.2026;;
ПКНФ-000012;13.01.2026;Наконечник кольцевой изол. НКИ 1.5-6 (уп.50шт);Электротовары КСС ШУ;18;0;;;13.01.2026;;
ПКНФ-000012;13.01.2026;Выключатель автоматический модульный 3п C 6А 4.5кА ВА 47-63;Электротовары КСС ШУ;2;85;;;13.01.2026;;
ПКНФ-000012;13.01.2026;Ограничитель на DIN-рейку 1 винт HDW-211;Электротовары КСС ШУ;24;0;;;13.01.2026;;
ПКНФ-000012;13.01.2026;Выключатель автоматический модульный 1п C 6А 4.5кА ВА 47-63;Электротовары КСС ШУ;2;0;;16.01.2026;13.01.2026;;
ПКНФ-000012;13.01.2026;Кабель-канал перфорированный 25х40 L2000 RL6 G DKC 01163RL;Электротовары КСС ШУ;1.5;34.75;;;13.01.2026;;
ПКНФ-000012;13.01.2026;Символ ""Молния"" (треугольник) 50х50х50мм;Электротовары КСС ШУ;1;61;;;13.01.2026;;
ПКНФ-000012;13.01.2026;DIN-рейка перфорированная L2000 1мм 35х7,5;Электротовары КСС ШУ;0.75;25;;;13.01.2026;;
ПКНФ-000012;13.01.2026;Термостат NO (охлаждение) на DIN-рейку 10А 230В IP20;Электротовары КСС ШУ;1;27;;;13.01.2026;;
ПКНФ-000012;13.01.2026;Колодка клеммная JXB-2.5/35 серая;Электротовары КСС ШУ;23;24;;;13.01.2026;;
ПКНФ-000012;13.01.2026;Заглушка для JXB-2,5/35 серая;Электротовары КСС ШУ;4;0;;;13.01.2026;;
ПКНФ-000012;13.01.2026;Провод ПуГВнг(А)-LS 1х1,5 Б;Электротовары КСС ШУ;25;316;;;13.01.2026;;
ПКНФ-000012;13.01.2026;Сальник PG21;Электротовары КСС ШУ;1;524;;;13.01.2026;;
ПКНФ-000012;13.01.2026;Колодка клеммная ЕК-16/80 JXB земля;Электротовары КСС ШУ;1;136;;06.12.2024;13.01.2026;;
ПКНФ-000012;13.01.2026;Крышка защитная на 8 модулей под вырез в шкафу MT-WPC8;Электротовары КСС ШУ;1;8;;;13.01.2026;;
ПКНФ-000012;13.01.2026;Программируемое реле ПР200-24.4.2.0;Электротовары КСС ШУ;1;11;;03.02.2026;13.01.2026;;
ПКНФ-000012;13.01.2026;Сальник PG 9;Электротовары КСС ШУ;6;1458;;;13.01.2026;;
ПКНФ-000012;13.01.2026;Трубка термоус. ТУТ (HF)-4/2, красн. (уп.100м);Электротовары КСС ШУ;1.2;65.7;;;13.01.2026;;
ПКНФ-000012;13.01.2026;Трубка термоус. ТУТ (HF)-4/2, зел. (уп.100м);Электротовары КСС ШУ;1.2;65.5;;;13.01.2026;;
ПКНФ-000012;13.01.2026;Трубка термоус. ТУТ (HF)-4/2, желт. (уп.100м);Электротовары КСС ШУ;1.2;90.2;;;13.01.2026;;
ПКНФ-000012;13.01.2026;Колодка клеммная JXB-16/35 син.;Электротовары КСС ШУ;1;94;;06.12.2024;13.01.2026;;
ПКНФ-000012;13.01.2026;Наконечник штыревой втулочный изол. НШвИ 0.5-8 (уп.50шт);Электротовары КСС ШУ;54;16889;;;13.01.2026;;
ПКНФ-000012;13.01.2026;Наконечник штыревой втулочный изол. НШвИ 1.5-8 (уп.50шт);Электротовары КСС ШУ;58;2578;;;13.01.2026;;
ПКНФ-000012;13.01.2026;Саморез 4.2х13 металл-металл с прессшайбой сверло цинк (уп.200шт);Электротовары КСС ШУ;38;1156.91;;;13.01.2026;;
ПКНФ-000012;13.01.2026;Маркер для кабеля 0.5-1.5мм символ ""1"" (уп.200шт) ДКС;Электротовары КСС ШУ;18;9928;;;13.01.2026;;
ПКНФ-000012;13.01.2026;Маркер для кабеля 0.5-1.5мм символ ""2"" (уп.200шт) ДКС;Электротовары КСС ШУ;14;5520;;;13.01.2026;;
ПКНФ-000012;13.01.2026;Маркер для кабеля 0.5-1.5мм символ ""3"" (уп.200шт) ДКС;Электротовары КСС ШУ;6;5725;;;13.01.2026;;
ПКНФ-000012;13.01.2026;Сальник PG 16 10-14мм IP54;Электротовары КСС ШУ;2;231;;;13.01.2026;;
ПКНФ-000012;13.01.2026;Вентилятор с фильтром 52 м3/ч 124х124 мм;Электротовары КСС ШУ;1;16;;12.10.2025;13.01.2026;;
ПКНФ-000012;13.01.2026;Решетка вентиляционная с фильтром 124x124мм IP54;Электротовары КСС ШУ;1;10;;12.10.2025;13.01.2026;;
ПКНФ-000012;13.01.2026;MES 80.60.30, Шкаф компактный распределительный 800х600х300;Корпусы для ШУ;1;6;;;13.01.2026;;
ПКНФ-000012;13.01.2026;Кабель-канал перфорированный 15х30 L2000 RL75 G ДКС;Электротовары КСС ШУ;0.3;60.3;;16.01.2026;13.01.2026;;
ПКНФ-000012;13.01.2026;Колодка клеммная ЕК-2.5/25 JXB земля;Электротовары КСС ШУ;2;125;;08.06.2024;13.01.2026;;
ПКНФ-000012;13.01.2026;Маркер для кабеля 0.5-1.5мм символ ""0"" (уп.200шт) ДКС;Электротовары КСС ШУ;7;7489;;;13.01.2026;;
ПКНФ-000012;13.01.2026;Маркер для кабеля 0.5-1.5мм символ ""4"" (уп.200шт) ДКС;Электротовары КСС ШУ;14;1694;;;13.01.2026;;
ПКНФ-000012;13.01.2026;Маркер для кабеля 0.5-1.5мм символ ""5"" (уп.200шт) ДКС;Электротовары КСС ШУ;6;6424;;;13.01.2026;;
ПКНФ-000012;13.01.2026;Маркер для кабеля 0.5-1.5мм символ ""6"" (уп.200шт) ДКС;Электротовары КСС ШУ;6;6265;;;13.01.2026;;
ПКНФ-000012;13.01.2026;Маркер для кабеля 0.5-1.5мм символ ""7"" (уп.200шт) ДКС;Электротовары КСС ШУ;6;2373;;;13.01.2026;;
ПКНФ-000012;13.01.2026;Маркер для кабеля 0.5-1.5мм символ ""8"" (уп.200шт) ДКС;Электротовары КСС ШУ;4;1824;;;13.01.2026;;
ПКНФ-000012;13.01.2026;Маркер для кабеля 0.5-1.5мм символ ""9"" (уп.200шт) ДКС;Электротовары КСС ШУ;6;1755;;;13.01.2026;;
ПКНФ-000012;13.01.2026;Маркер для JXB с нумерацией 1-10 (уп.100шт);Электротовары КСС ШУ;100;7501;;;13.01.2026;;
ПКНФ-000012;13.01.2026;Наконечник штыревой втулочный изол. НШвИ(2) 2.5-10 (уп.50шт);Электротовары КСС ШУ;18;2797;;;13.01.2026;;
ПКНФ-000012;13.01.2026;Провод ПУГВнг(А)-LS 1х0,5 Б;Электротовары КСС ШУ;33;5022;;;13.01.2026;;
ПКНФ-000012;13.01.2026;Провод ПУГВнг(А)-LS 1х0,5 К;Электротовары КСС ШУ;16;1702;;;13.01.2026;;
ПКНФ-000012;13.01.2026;Провод ПУГВнг(А)-LS 1х0,5 Ч;Электротовары КСС ШУ;16;1677;;;13.01.2026;;
ПКНФ-000012;13.01.2026;Провод ПУГВнг(А)-LS 1х1,5 ж/з;Электротовары КСС ШУ;8;548.3;;;13.01.2026;;
ПКНФ-000012;13.01.2026;Провод ПУГВнг(А)-LS 1х2,5 Б;Электротовары КСС ШУ;9;422.5;;;13.01.2026;;
ПКНФ-000012;13.01.2026;Спираль монтажная СМ-06-04 (10м);Электротовары КСС ШУ;0.1;6.395;;;13.01.2026;;
ПКНФ-000012;13.01.2026;Наконечник штыревой втулочный изол. НШвИ 2.5-8 (уп.50шт);Электротовары КСС ШУ;20;4481;;25.08.2025;13.01.2026;;
ПКНФ-000012;13.01.2026;Провод ШВВП 2х0,75 белый;Электротовары КСС ШУ;7;227;;;13.01.2026;;
ПКНФ-000012;13.01.2026;HDR-30-24 Блок питания, 24В,1.5А,36Вт;Электротовары КСС ШУ;1;23;;;13.01.2026;;
ПКНФ-000012;13.01.2026;Наконечник НШвИ(2) 1.5-8 (уп.50шт);Электротовары КСС ШУ;28;5119;;;13.01.2026;;
ПКНФ-000013;13.01.2026;Частотный преобразователь ESQ-230-4T-7.5K 7.5кВт, 380В;Электротовары КСС ШУ;3;6;27.01.2026;27.01.2026;13.01.2026;;
ПКНФ-000013;13.01.2026;Стяжка нейлоновая КСС 3х120 (б) (100шт);Электротовары КСС ШУ;20;0;;;13.01.2026;;
ПКНФ-000013;13.01.2026;Стяжка нейлоновая КСС 4х200 (б) (100шт);Электротовары КСС ШУ;15;0;;;13.01.2026;;
ПКНФ-000013;13.01.2026;Кабель КГВВнг(А)-LS 4х1.5;Электротовары КСС ШУ;9;277;;;13.01.2026;;
ПКНФ-000013;13.01.2026;Выключатель нагрузки NXHB-125 3P 20А(R) 193180CHINT;Электротовары КСС ШУ;1;6;;16.01.2026;13.01.2026;;
ПКНФ-000013;13.01.2026;Провод ПУГВнг(А)-LS 1х0,5 С;Электротовары КСС ШУ;11;1760;;;13.01.2026;;
ПКНФ-000013;13.01.2026;Наконечник штыревой втулочный изол. НШвИ(2) 0.5-8 (уп.50шт);Электротовары КСС ШУ;20;4150;;;13.01.2026;;
ПКНФ-000013;13.01.2026;Знак ""Земля"" круглый d20мм EKF an-1-04;Электротовары КСС ШУ;2;0;;;13.01.2026;;
ПКНФ-000013;13.01.2026;Наконечник кольцевой изол. НКИ 1.5-6 (уп.50шт);Электротовары КСС ШУ;18;0;;;13.01.2026;;
ПКНФ-000013;13.01.2026;Выключатель автоматический модульный 3п C 6А 4.5кА ВА 47-63;Электротовары КСС ШУ;3;85;;;13.01.2026;;
ПКНФ-000013;13.01.2026;Ограничитель на DIN-рейку 1 винт HDW-211;Электротовары КСС ШУ;24;0;;;13.01.2026;;
ПКНФ-000013;13.01.2026;Выключатель автоматический модульный 1п C 6А 4.5кА ВА 47-63;Электротовары КСС ШУ;2;0;;16.01.2026;13.01.2026;;
ПКНФ-000013;13.01.2026;Кабель-канал перфорированный 25х40 L2000 RL6 G DKC 01163RL;Электротовары КСС ШУ;1.5;34.75;;;13.01.2026;;
ПКНФ-000013;13.01.2026;Символ ""Молния"" (треугольник) 50х50х50мм;Электротовары КСС ШУ;1;61;;;13.01.2026;;
ПКНФ-000013;13.01.2026;DIN-рейка перфорированная L2000 1мм 35х7,5;Электротовары КСС ШУ;0.75;25;;;13.01.2026;;
ПКНФ-000013;13.01.2026;Термостат NO (охлаждение) на DIN-рейку 10А 230В IP20;Электротовары КСС ШУ;1;27;;;13.01.2026;;
ПКНФ-000013;13.01.2026;Колодка клеммная JXB-2.5/35 серая;Электротовары КСС ШУ;23;24;;;13.01.2026;;
ПКНФ-000013;13.01.2026;Заглушка для JXB-2,5/35 серая;Электротовары КСС ШУ;4;0;;;13.01.2026;;
ПКНФ-000013;13.01.2026;Провод ПуГВнг(А)-LS 1х1,5 Б;Электротовары КСС ШУ;25;316;;;13.01.2026;;
ПКНФ-000013;13.01.2026;Сальник PG21;Электротовары КСС ШУ;1;524;;;13.01.2026;;
ПКНФ-000013;13.01.2026;Колодка клеммная ЕК-16/80 JXB земля;Электротовары КСС ШУ;1;136;;06.12.2024;13.01.2026;;
ПКНФ-000013;13.01.2026;Крышка защитная на 8 модулей под вырез в шкафу MT-WPC8;Электротовары КСС ШУ;1;8;;;13.01.2026;;
ПКНФ-000013;13.01.2026;Программируемое реле ПР200-24.4.2.0;Электротовары КСС ШУ;1;11;;03.02.2026;13.01.2026;;
ПКНФ-000013;13.01.2026;Сальник PG 9;Электротовары КСС ШУ;7;1458;;;13.01.2026;;
ПКНФ-000013;13.01.2026;Трубка термоус. ТУТ (HF)-4/2, красн. (уп.100м);Электротовары КСС ШУ;1.2;65.7;;;13.01.2026;;
ПКНФ-000013;13.01.2026;Трубка термоус. ТУТ (HF)-4/2, зел. (уп.100м);Электротовары КСС ШУ;1.2;65.5;;;13.01.2026;;
ПКНФ-000013;13.01.2026;Трубка термоус. ТУТ (HF)-4/2, желт. (уп.100м);Электротовары КСС ШУ;1.2;90.2;;;13.01.2026;;
ПКНФ-000013;13.01.2026;Колодка клеммная JXB-16/35 син.;Электротовары КСС ШУ;1;94;;06.12.2024;13.01.2026;;
ПКНФ-000013;13.01.2026;Наконечник штыревой втулочный изол. НШвИ 0.5-8 (уп.50шт);Электротовары КСС ШУ;54;16889;;;13.01.2026;;
ПКНФ-000013;13.01.2026;Наконечник штыревой втулочный изол. НШвИ 1.5-8 (уп.50шт);Электротовары КСС ШУ;58;2578;;;13.01.2026;;
ПКНФ-000013;13.01.2026;Саморез 4.2х13 металл-металл с прессшайбой сверло цинк (уп.200шт);Электротовары КСС ШУ;38;1156.91;;;13.01.2026;;
ПКНФ-000013;13.01.2026;Маркер для кабеля 0.5-1.5мм символ ""1"" (уп.200шт) ДКС;Электротовары КСС ШУ;18;9928;;;13.01.2026;;
ПКНФ-000013;13.01.2026;Маркер для кабеля 0.5-1.5мм символ ""2"" (уп.200шт) ДКС;Электротовары КСС ШУ;14;5520;;;13.01.2026;;
ПКНФ-000013;13.01.2026;Маркер для кабеля 0.5-1.5мм символ ""3"" (уп.200шт) ДКС;Электротовары КСС ШУ;6;5725;;;13.01.2026;;
ПКНФ-000013;13.01.2026;Сальник PG 16 10-14мм IP54;Электротовары КСС ШУ;3;231;;;13.01.2026;;
ПКНФ-000013;13.01.2026;Вентилятор с фильтром 52 м3/ч 124х124 мм;Электротовары КСС ШУ;1;16;;12.10.2025;13.01.2026;;
ПКНФ-000013;13.01.2026;Решетка вентиляционная с фильтром 124x124мм IP54;Электротовары КСС ШУ;1;10;;12.10.2025;13.01.2026;;
ПКНФ-000013;13.01.2026;ID 80.60, Дверь внутренняя для шкафов MEV;Корпусы для ШУ;1;1;;;13.01.2026;;
ПКНФ-000013;13.01.2026;MES 80.60.30, Шкаф компактный распределительный 800х600х300;Корпусы для ШУ;1;6;;;13.01.2026;;
ПКНФ-000013;13.01.2026;Кабель-канал перфорированный 15х30 L2000 RL75 G ДКС;Электротовары КСС ШУ;0.3;60.3;;16.01.2026;13.01.2026;;
ПКНФ-000013;13.01.2026;Колодка клеммная ЕК-2.5/25 JXB земля;Электротовары КСС ШУ;2;125;;08.06.2024;13.01.2026;;
ПКНФ-000013;13.01.2026;Маркер для кабеля 0.5-1.5мм символ ""0"" (уп.200шт) ДКС;Электротовары КСС ШУ;7;7489;;;13.01.2026;;
ПКНФ-000013;13.01.2026;Маркер для кабеля 0.5-1.5мм символ ""4"" (уп.200шт) ДКС;Электротовары КСС ШУ;14;1694;;;13.01.2026;;
ПКНФ-000013;13.01.2026;Маркер для кабеля 0.5-1.5мм символ ""5"" (уп.200шт) ДКС;Электротовары КСС ШУ;6;6424;;;13.01.2026;;
ПКНФ-000013;13.01.2026;Маркер для кабеля 0.5-1.5мм символ ""6"" (уп.200шт) ДКС;Электротовары КСС ШУ;6;6265;;;13.01.2026;;
ПКНФ-000013;13.01.2026;Маркер для кабеля 0.5-1.5мм символ ""7"" (уп.200шт) ДКС;Электротовары КСС ШУ;6;2373;;;13.01.2026;;
ПКНФ-000013;13.01.2026;Маркер для кабеля 0.5-1.5мм символ ""8"" (уп.200шт) ДКС;Электротовары КСС ШУ;4;1824;;;13.01.2026;;
ПКНФ-000013;13.01.2026;Маркер для кабеля 0.5-1.5мм символ ""9"" (уп.200шт) ДКС;Электротовары КСС ШУ;6;1755;;;13.01.2026;;
ПКНФ-000013;13.01.2026;Маркер для JXB с нумерацией 1-10 (уп.100шт);Электротовары КСС ШУ;100;7501;;;13.01.2026;;
ПКНФ-000013;13.01.2026;Наконечник штыревой втулочный изол. НШвИ(2) 2.5-10 (уп.50шт);Электротовары КСС ШУ;18;2797;;;13.01.2026;;
ПКНФ-000013;13.01.2026;Провод ПУГВнг(А)-LS 1х0,5 Б;Электротовары КСС ШУ;33;5022;;;13.01.2026;;
ПКНФ-000013;13.01.2026;Провод ПУГВнг(А)-LS 1х0,5 К;Электротовары КСС ШУ;16;1702;;;13.01.2026;;
ПКНФ-000013;13.01.2026;Провод ПУГВнг(А)-LS 1х0,5 Ч;Электротовары КСС ШУ;16;1677;;;13.01.2026;;
ПКНФ-000013;13.01.2026;Провод ПУГВнг(А)-LS 1х1,5 ж/з;Электротовары КСС ШУ;8;548.3;;;13.01.2026;;
ПКНФ-000013;13.01.2026;Провод ПУГВнг(А)-LS 1х2,5 Б;Электротовары КСС ШУ;9;422.5;;;13.01.2026;;
ПКНФ-000013;13.01.2026;Спираль монтажная СМ-06-04 (10м);Электротовары КСС ШУ;0.1;6.395;;;13.01.2026;;
ПКНФ-000013;13.01.2026;Наконечник штыревой втулочный изол. НШвИ 2.5-8 (уп.50шт);Электротовары КСС ШУ;20;4481;;25.08.2025;13.01.2026;;
ПКНФ-000013;13.01.2026;Провод ШВВП 2х0,75 белый;Электротовары КСС ШУ;7;227;;;13.01.2026;;
ПКНФ-000013;13.01.2026;HDR-30-24 Блок питания, 24В,1.5А,36Вт;Электротовары КСС ШУ;1;23;;;13.01.2026;;
ПКНФ-000013;13.01.2026;Наконечник НШвИ(2) 1.5-8 (уп.50шт);Электротовары КСС ШУ;28;5119;;;13.01.2026;;
ПКНФ-000014;13.01.2026;Контакт вспомогательный для ВА-99С 100/1250А;Электротовары КСС ШУ;2;0;;09.02.2026;13.01.2026;;
ПКНФ-000014;13.01.2026;Клемма двухуровневая винтовой зажим 4 точки подключения 2.5кв.мм сер.;Электротовары КСС ШУ;38;734;;;13.01.2026;;
ПКНФ-000014;13.01.2026;Устройство плавного пуска INSTART SBIM-37/74-04 37кВт 380В;Электротовары КСС ШУ;2;0;;27.01.2026;13.01.2026;;
ПКНФ-000014;13.01.2026;Кабель-канал перфорированный 80х60 L2000 RL6 G DKC 01139RL;Электротовары КСС ШУ;1;0;;19.02.2025;13.01.2026;;
ПКНФ-000014;13.01.2026;Модуль расширения дискретного ввода/вывода ПРМ-24.6;Электротовары КСС ШУ;1;6;;03.02.2026;13.01.2026;;
ПКНФ-000014;13.01.2026;Кабель-канал перфорированный 40х60 L2000 RL6 G DKC 01163RL;Электротовары КСС ШУ;2.5;59;;;13.01.2026;;
ПКНФ-000014;13.01.2026;Матрица светодиодная AD16-22HS крас. EKF ledm-ad16-r;Электротовары КСС ШУ;2;22;;;13.01.2026;;
ПКНФ-000014;13.01.2026;Матрица светодиодная AD16-22HS 230В AC IP65 зел. PROxima EKF ledm-ad16-g-65;Электротовары КСС ШУ;2;190;;;13.01.2026;;
ПКНФ-000014;13.01.2026;Провод ПУГВнг(А)-LS 1х0,5 С;Электротовары КСС ШУ;38;1760;;;13.01.2026;;
ПКНФ-000014;13.01.2026;Наконечник штыревой втулочный изол. НШвИ(2) 0.5-8 (уп.50шт);Электротовары КСС ШУ;134;4150;;;13.01.2026;;
ПКНФ-000014;13.01.2026;Знак ""Земля"" круглый d20мм EKF an-1-04;Электротовары КСС ШУ;2;0;;;13.01.2026;;
ПКНФ-000014;13.01.2026;Наконечник кольцевой изол. НКИ 1.5-6 (уп.50шт);Электротовары КСС ШУ;12;0;;;13.01.2026;;
ПКНФ-000014;13.01.2026;Выключатель автоматический модульный 3п C 6А 4.5кА ВА 47-63;Электротовары КСС ШУ;2;85;;;13.01.2026;;
ПКНФ-000014;13.01.2026;Трубка термоусадочная ТТУ нг-LS 2/1 красн. 1м IEK UDRS-D2-1-K04;Электротовары КСС ШУ;1;90.75;;;13.01.2026;;
ПКНФ-000014;13.01.2026;Трубка термоусадочная ТТУ нг-LS 2/1 желт. 1м IEK UDRS-D2-1-K05;Электротовары КСС ШУ;1.5;86;;;13.01.2026;;
ПКНФ-000014;13.01.2026;Трубка термоусадочная ТТУ нг-LS 2/1 зел. 1м IEK UDRS-D2-1-K06;Электротовары КСС ШУ;1;180.75;;;13.01.2026;;
ПКНФ-000014;13.01.2026;Ограничитель на DIN-рейку 1 винт HDW-211;Электротовары КСС ШУ;30;0;;;13.01.2026;;
ПКНФ-000014;13.01.2026;Выключатель автоматический модульный 1п C 6А 4.5кА ВА 47-63;Электротовары КСС ШУ;3;0;;16.01.2026;13.01.2026;;
ПКНФ-000014;13.01.2026;Кабель-канал перфорированный 25х40 L2000 RL6 G DKC 01163RL;Электротовары КСС ШУ;1.5;34.75;;;13.01.2026;;
ПКНФ-000014;13.01.2026;Механизм блокировки для КМЭ (09А-32А);Электротовары КСС ШУ;2;81;;;13.01.2026;;
ПКНФ-000014;13.01.2026;Переключатель BG33 3P 2NO с замком (не возврат.);Электротовары КСС ШУ;1;44;;;13.01.2026;;
ПКНФ-000014;13.01.2026;Переключатель BD21 2P короткая ручка NO IP65 PROxima EKF xb2-bd21-65;Электротовары КСС ШУ;2;0;;;13.01.2026;;
ПКНФ-000014;13.01.2026;Оповещатель светозвуковой ED16-22BMS 230В;Электротовары КСС ШУ;1;111;;;13.01.2026;;
ПКНФ-000014;13.01.2026;Панель оператора PRO-Screen 7 EKF RSC-7;Электротовары КСС ШУ;1;15;;;13.01.2026;;
ПКНФ-000014;13.01.2026;Держатель маркировки LH 20х25мм;Электротовары КСС ШУ;16;495;;;13.01.2026;;
ПКНФ-000014;13.01.2026;Символ ""Молния"" (треугольник) 50х50х50мм;Электротовары КСС ШУ;1;61;;;13.01.2026;;
ПКНФ-000014;13.01.2026;Контактор КМЭ 9А кат. 220В AC 1НЗ;Электротовары КСС ШУ;4;58;;;13.01.2026;;
ПКНФ-000014;13.01.2026;Кнопка BA21 черн. NO;Электротовары КСС ШУ;2;98;;;13.01.2026;;
ПКНФ-000014;13.01.2026;Резистор углеродистый CF-50 (C1-4) 0.5 Вт, 4,7 кОм, 5%;Электротовары КСС ШУ;36;1796;;;13.01.2026;;
ПКНФ-000014;13.01.2026;Модуль расширения дискретного ввода/вывода ПРМ-24.2;Электротовары КСС ШУ;1;14;;03.02.2026;13.01.2026;;
ПКНФ-000014;13.01.2026;Саморез 4.2х25 металл-металл с прессшайбой сверло цинк (уп.200шт);Электротовары КСС ШУ;10;542;;;13.01.2026;;
ПКНФ-000014;13.01.2026;Переключатель BG33 3P 2NO короткая ручка;Электротовары КСС ШУ;2;0;;;13.01.2026;;
ПКНФ-000014;13.01.2026;DIN-рейка перфорированная L2000 1мм 35х7,5;Электротовары КСС ШУ;2;25;;;13.01.2026;;
ПКНФ-000014;13.01.2026;Шайба гроверная оц.М6 DIN 127;Оцинкованные метизы (ПК КСС);0.001;0;;;13.01.2026;;
ПКНФ-000014;13.01.2026;Кнопка ""Грибок"" BS542 NC поворотн. красн.;Электротовары КСС ШУ;1;79;;;13.01.2026;;
ПКНФ-000014;13.01.2026;Кабель КГВВнг(А)-LS 4х16;Электротовары КСС ШУ;24;155;;;13.01.2026;;
ПКНФ-000014;13.01.2026;Выключатель автоматический для защиты двигателя 1.6-2.5А NS2-25 (R) CHINT;Электротовары КСС ШУ;2;0;;;13.01.2026;;
ПКНФ-000014;13.01.2026;Контакт дополнительный поперечный NS2-AE11 (R) CHINT 495968;Электротовары КСС ШУ;3;67;;;13.01.2026;;
ПКНФ-000014;13.01.2026;Рубильник 3п 80А с рукояткой управления для прямой установки;Электротовары КСС ШУ;2;11;;;13.01.2026;;
ПКНФ-000014;13.01.2026;Термостат NO (охлаждение) на DIN-рейку 10А 230В IP20;Электротовары КСС ШУ;1;27;;;13.01.2026;;
ПКНФ-000014;13.01.2026;Колодка клеммная JXB-2.5/35 серая;Электротовары КСС ШУ;13;24;;;13.01.2026;;
ПКНФ-000014;13.01.2026;Заглушка для JXB-2,5/35 серая;Электротовары КСС ШУ;3;0;;;13.01.2026;;
ПКНФ-000014;13.01.2026;Провод ПуГВнг(А)-LS 1х1,5 Б;Электротовары КСС ШУ;16;316;;;13.01.2026;;
ПКНФ-000014;13.01.2026;Сальник PG 29 (d проводника 18-24мм, D резьбовой 36мм) IP54;Электротовары КСС ШУ;2;0;;;13.01.2026;;
ПКНФ-000014;13.01.2026;Колодка клеммная JXB-2.5/35 синяя;Электротовары КСС ШУ;2;101;;;13.01.2026;;
ПКНФ-000014;13.01.2026;Контактор КМЭ 95А 220В/АС3 1НО 1Н3;Электротовары КСС ШУ;2;5;;09.02.2026;13.01.2026;;
ПКНФ-000014;13.01.2026;Механизм блокировки для КМЭ (40А-95А);Электротовары КСС ШУ;1;107;;;13.01.2026;;
ПКНФ-000014;13.01.2026;Приставка контактная ПКЭ-11 доп. контакы 1з+1р;Электротовары КСС ШУ;4;91;;;13.01.2026;;
ПКНФ-000014;13.01.2026;Колодка клеммная JXB-16/35 серая;Электротовары КСС ШУ;6;0;;;13.01.2026;;
ПКНФ-000014;13.01.2026;Кабель КПСЭнг(А)-FRLS 1х2х0.5;Электротовары КСС ШУ;240;3264;15.01.2026;15.01.2026;13.01.2026;;
ПКНФ-000014;13.01.2026;Изолятор торцевой для клемм KRUKB-3-5 DKC D-KRUKB-3-5;Электротовары КСС ШУ;6;231;;;13.01.2026;;
ПКНФ-000014;13.01.2026;Сальник PG 9;Электротовары КСС ШУ;38;1458;;;13.01.2026;;
ПКНФ-000014;13.01.2026;Выключатель автоматический 3п 100/100А 35кА ВА-99М PROxima EKF mccb99-100-100m;Электротовары КСС ШУ;2;2;;;13.01.2026;;
ПКНФ-000014;13.01.2026;Наконечник штыревой втулочный изол. НШвИ 16.0-12 (уп.50шт);Электротовары КСС ШУ;42;952;;;13.01.2026;;
ПКНФ-000014;13.01.2026;Хомут 2,5х150 нейл. (уп.100 шт);Электротовары КСС ШУ;100;0;;;13.01.2026;;
ПКНФ-000014;13.01.2026;Трубка термоус. ТУТ (HF)-4/2, красн. (уп.100м);Электротовары КСС ШУ;1.5;65.7;;;13.01.2026;;
ПКНФ-000014;13.01.2026;Трубка термоус. ТУТ (HF)-4/2, зел. (уп.100м);Электротовары КСС ШУ;1.5;65.5;;;13.01.2026;;
ПКНФ-000014;13.01.2026;Трубка термоус. ТУТ (HF)-4/2, желт. (уп.100м);Электротовары КСС ШУ;1.5;90.2;;;13.01.2026;;
ПКНФ-000014;13.01.2026;Сальник PG 42 32-38мм IP54;Электротовары КСС ШУ;2;64;;;13.01.2026;;
ПКНФ-000014;13.01.2026;Колодка клеммная JXB-16/35 син.;Электротовары КСС ШУ;2;94;;06.12.2024;13.01.2026;;
ПКНФ-000014;13.01.2026;Колодка клеммная ЕК-35/125 JXB земля;Электротовары КСС ШУ;2;45;;19.02.2025;13.01.2026;;
ПКНФ-000014;13.01.2026;Наконечник кабельный ТМЛ(DIN) 16-8;Электротовары КСС ШУ;24;13;;;13.01.2026;;
ПКНФ-000014;13.01.2026;Реле контроля наличия и чередования фаз CKF-318-1;Электротовары КСС ШУ;2;58;;;13.01.2026;;
ПКНФ-000014;13.01.2026;Наконечник штыревой втулочный изол. НШвИ 0.5-8 (уп.50шт);Электротовары КСС ШУ;268;16889;;;13.01.2026;;
ПКНФ-000014;13.01.2026;Наконечник штыревой втулочный изол. НШвИ 1.5-8 (уп.50шт);Электротовары КСС ШУ;32;2578;;;13.01.2026;;
ПКНФ-000014;13.01.2026;Наконечник штыревой втулочный изол. НШвИ 25.0-16 (уп.50шт);Электротовары КСС ШУ;5;930;;;13.01.2026;;
ПКНФ-000014;13.01.2026;Саморез 4.2х13 металл-металл с прессшайбой сверло цинк (уп.200шт);Электротовары КСС ШУ;42;1156.91;;;13.01.2026;;
ПКНФ-000014;13.01.2026;Маркер для кабеля 0.5-1.5мм символ ""1"" (уп.200шт) ДКС;Электротовары КСС ШУ;52;9928;;;13.01.2026;;
ПКНФ-000014;13.01.2026;Маркер для кабеля 0.5-1.5мм символ ""2"" (уп.200шт) ДКС;Электротовары КСС ШУ;68;5520;;;13.01.2026;;
ПКНФ-000014;13.01.2026;Маркер для кабеля 0.5-1.5мм символ ""3"" (уп.200шт) ДКС;Электротовары КСС ШУ;69;5725;;;13.01.2026;;
ПКНФ-000014;13.01.2026;Маркер для JXB с нумерацией 1-50 (уп.100шт);Электротовары КСС ШУ;200;12597;;;13.01.2026;;
ПКНФ-000014;13.01.2026;MES 140.80.40 RAL3020, Шкаф компактный распределительный;Корпусы для ШУ;1;0;;10.02.2026;13.01.2026;;
ПКНФ-000014;13.01.2026;Сальник PG 16 10-14мм IP54;Электротовары КСС ШУ;2;231;;;13.01.2026;;
ПКНФ-000014;13.01.2026;Вентилятор с фильтром 52 м3/ч 124х124 мм;Электротовары КСС ШУ;1;16;;12.10.2025;13.01.2026;;
ПКНФ-000014;13.01.2026;Решетка вентиляционная с фильтром 124x124мм IP54;Электротовары КСС ШУ;1;10;;12.10.2025;13.01.2026;;
ПКНФ-000014;13.01.2026;HDR-60-24 MW (AC/DC ПРЕОБРАЗОВАТЕЛИ) 24B,2.5A,60Вт;Электротовары КСС ШУ;1;32;;;13.01.2026;;
ПКНФ-000014;13.01.2026;Болт оцинк. М6х20 DIN 933;Оцинкованные метизы (ПК КСС);0.001;0.079;;;13.01.2026;;
ПКНФ-000014;13.01.2026;Гайка оцинк. DIN 934 М6;Оцинкованные метизы (ПК КСС);0.001;0.014;;04.03.2025;13.01.2026;;
ПКНФ-000014;13.01.2026;ID 140.80, Дверь внутренняя для компактных шкафов;Корпусы для ШУ;1;2;18.04.2024;;13.01.2026;;
ПКНФ-000014;13.01.2026;Колодка клеммная ЕК-2.5/25 JXB земля;Электротовары КСС ШУ;3;125;;08.06.2024;13.01.2026;;
ПКНФ-000014;13.01.2026;Лампа AD-22DS(LED) матрица d22мм желтый 230В;Электротовары КСС ШУ;2;158;;;13.01.2026;;
ПКНФ-000014;13.01.2026;Маркер для кабеля 0.5-1.5мм символ ""0"" (уп.200шт) ДКС;Электротовары КСС ШУ;79;7489;;;13.01.2026;;
ПКНФ-000014;13.01.2026;Маркер для кабеля 0.5-1.5мм символ ""4"" (уп.200шт) ДКС;Электротовары КСС ШУ;58;1694;;;13.01.2026;;
ПКНФ-000014;13.01.2026;Маркер для кабеля 0.5-1.5мм символ ""5"" (уп.200шт) ДКС;Электротовары КСС ШУ;54;6424;;;13.01.2026;;
ПКНФ-000014;13.01.2026;Маркер для кабеля 0.5-1.5мм символ ""6"" (уп.200шт) ДКС;Электротовары КСС ШУ;47;6265;;;13.01.2026;;
ПКНФ-000014;13.01.2026;Маркер для кабеля 0.5-1.5мм символ ""7"" (уп.200шт) ДКС;Электротовары КСС ШУ;56;2373;;;13.01.2026;;
ПКНФ-000014;13.01.2026;Маркер для кабеля 0.5-1.5мм символ ""8"" (уп.200шт) ДКС;Электротовары КСС ШУ;67;1824;;;13.01.2026;;
ПКНФ-000014;13.01.2026;Маркер для кабеля 0.5-1.5мм символ ""9"" (уп.200шт) ДКС;Электротовары КСС ШУ;68;1755;;;13.01.2026;;
ПКНФ-000014;13.01.2026;Маркер для JXB с нумерацией 1-10 (уп.100шт);Электротовары КСС ШУ;200;7501;;;13.01.2026;;
ПКНФ-000014;13.01.2026;Наконечник штыревой втулочный изол. НШвИ(2) 2.5-10 (уп.50шт);Электротовары КСС ШУ;12;2797;;;13.01.2026;;
ПКНФ-000014;13.01.2026;Провод ПУГВнг(А)-LS 1х0,5 Б;Электротовары КСС ШУ;215;5022;;;13.01.2026;;
ПКНФ-000014;13.01.2026;Провод ПУГВнг(А)-LS 1х0,5 К;Электротовары КСС ШУ;30;1702;;;13.01.2026;;
ПКНФ-000014;13.01.2026;Провод ПУГВнг(А)-LS 1х0,5 Ч;Электротовары КСС ШУ;34;1677;;;13.01.2026;;
ПКНФ-000014;13.01.2026;Провод ПУГВнг(А)-LS 1х1,5 ж/з;Электротовары КСС ШУ;1.5;548.3;;;13.01.2026;;
ПКНФ-000014;13.01.2026;Провод ПуГВнг(А)-LS 1х16 Б;Электротовары КСС ШУ;20;11;;;13.01.2026;;
ПКНФ-000014;13.01.2026;Провод ПУГВнг(А)-LS 1х2,5 С;Электротовары КСС ШУ;7;254;;;13.01.2026;;
ПКНФ-000014;13.01.2026;Провод ПУГВнг(А)-LS 1х25 Б;Электротовары КСС ШУ;12;118;;;13.01.2026;;
ПКНФ-000014;13.01.2026;Блок распределительный КРОСС крепеж на панель и DIN КБР-160А;Электротовары КСС ШУ;4;71;;;13.01.2026;;
ПКНФ-000014;13.01.2026;Реле RFT2CO730LT, 2CO, 8A(250VAC/30VDC), 230VAC, LED, мех. инд., тест-кнопка;Электротовары КСС ШУ;11;106;;;13.01.2026;;
ПКНФ-000014;13.01.2026;Спираль монтажная СМ-06-04 (10м);Электротовары КСС ШУ;0.2;6.395;;;13.01.2026;;
ПКНФ-000014;13.01.2026;Термоусаживаемая трубка ТУТнг 25/12,5 желтая (50 м/ролл) TDM;Электротовары КСС ШУ;2;46.5;;;13.01.2026;;
ПКНФ-000014;13.01.2026;Термоусаживаемая трубка ТУТнг 25/12,5 зеленая (50 м/ролл) TDM;Электротовары КСС ШУ;2;46.5;;;13.01.2026;;
ПКНФ-000014;13.01.2026;Термоусаживаемая трубка ТУТнг 25/12,5 красная (50 м/ролл) TDM;Электротовары КСС ШУ;2;46.5;;;13.01.2026;;
ПКНФ-000014;13.01.2026;Цоколь SRU08-E, 10A(300V), черный, на рейку DIN35/панель, для RFT2CO;Электротовары КСС ШУ;11;9;;;13.01.2026;;
ПКНФ-000014;13.01.2026;Наконечник штыревой втулочный изол. НШвИ 2.5-8 (уп.50шт);Электротовары КСС ШУ;10;4481;;25.08.2025;13.01.2026;;
ПКНФ-000014;13.01.2026;Шайба плоская оц. М6 DIN 125;Оцинкованные метизы (ПК КСС);0.002;0.156;;25.08.2025;13.01.2026;;
ПКНФ-000014;13.01.2026;Наконечник НШвИ(2) 1.5-8 (уп.50шт);Электротовары КСС ШУ;34;5119;;;13.01.2026;;
ПКНФ-000029;14.01.2026;Пластина 100х40 (AISI 304);Нержавеющие трубы, листы, круги, сетки(ПК КСС);10;182;;;14.01.2026;;
ПКНФ-000029;14.01.2026;Труба 40х20х2 (AISI304);Нержавеющие трубы, листы, круги, сетки(ПК КСС);1.5;56.3;17.09.2025;09.09.2025;14.01.2026;;
ПКНФ-000029;14.01.2026;Труба 25х25х2 (AISI 304);Нержавеющие трубы, листы, круги, сетки(ПК КСС);18;51.5;17.09.2025;05.08.2025;14.01.2026;;
ПКНФ-000030;14.01.2026;Фланец 114,3  (AISI304, 08*18H10, PN10) свободный;Нержавеющие фланцы и фиттинги (ПК КСС);4;1;;;14.01.2026;;
ПКНФ-000030;14.01.2026;Фланец 114,3  (AISI304, 08*18H10, PN10/16) плоский;Нержавеющие фланцы и фиттинги (ПК КСС);4;5;26.01.2026;26.05.2025;14.01.2026;;
ПКНФ-000030;14.01.2026;Отбортовка 114,3х2,0 AISI304;Нержавеющие фланцы и фиттинги (ПК КСС);4;94;;20.01.2026;14.01.2026;;
ПКНФ-000030;14.01.2026;Отвод 114,3х2,0 мм AISI 304;Нержавеющие фланцы и фиттинги (ПК КСС);4;0;20.01.2026;13.01.2026;14.01.2026;;
ПКНФ-000030;14.01.2026;Труба СВ 114,3х2,0мм 08Х18Н10 (AISI 304);Нержавеющие трубы, листы, круги, сетки(ПК КСС);5;34.6;;22.10.2024;14.01.2026;;
ПКНФ-000031;14.01.2026;Труба 60х60х3  ГОСТ 8639-82;Черные трубы, листы, круги (ПК КСС);7;6.3;;16.01.2026;14.01.2026;;
ПКНФ-000031;14.01.2026;Лист 5,0*1500*6000 ст3 (м2);Черные трубы, листы, круги (ПК КСС);0.4;0;;;14.01.2026;;
ПКНФ-000031;14.01.2026;Полоса 40*2 ГОСТ 8509-93;Черные трубы, листы, круги (ПК КСС);9.2;0;;;14.01.2026;;
ПКНФ-000031;14.01.2026;Швеллер 10П ГОСТ 8240-97;Черные трубы, листы, круги (ПК КСС);28;131.1;11.09.2025;11.09.2025;14.01.2026;;
ПКНФ-000031;14.01.2026;Уголок 50х50х5 ГОСТ 8509-93 (м);Черные трубы, листы, круги (ПК КСС);1.5;39.4;;16.01.2026;14.01.2026;;
ПКНФ-000031;14.01.2026;Лист 1000х3000 ПВЛ 406;Черные трубы, листы, круги (ПК КСС);4;5;;16.01.2026;14.01.2026;;
ПКНФ-000031;14.01.2026;Труба 40х40х3 ГОСТ 8639-82;Черные трубы, листы, круги (ПК КСС);4.5;2.4;20.01.2026;16.01.2026;14.01.2026;;
ПКНФ-000031;14.01.2026;Труба 40х20х2 ГОСТ 8639-82;Черные трубы, листы, круги (ПК КСС);1.5;48;;29.01.2024;14.01.2026;;
ПКНФ-000031;14.01.2026;Арматура ф 16 А-1 ГОСТ 5781-82 (м);Черные трубы, листы, круги (ПК КСС);4;8.7;;24.01.2024;14.01.2026;;
ПКНФ-000031;14.01.2026;Полоса 2,0х40 AISI304;Нержавеющие трубы, листы, круги, сетки(ПК КСС);1.5;0;;;14.01.2026;;
ПКНФ-000031;14.01.2026;Труба 50х50х3 ГОСТ 8639-82, м.д;Черные трубы, листы, круги (ПК КСС);42;68.8;;16.01.2026;14.01.2026;;
ПКНФ-000033;15.01.2026;Труба СВ 219,1х2,0мм 08Х18Н10 (AISI 304);Нержавеющие трубы, листы, круги, сетки(ПК КСС);0.572;11.6;;;15.01.2026;;
ПКНФ-000033;15.01.2026;Фланец 219,1  (AISI304, 08*18H10, PN10) плоский;Нержавеющие фланцы и фиттинги (ПК КСС);1;14;19.12.2024;19.12.2024;15.01.2026;;
ПКНФ-000034;15.01.2026;Труба СВ 219,1х2,0мм 08Х18Н10 (AISI 304);Нержавеющие трубы, листы, круги, сетки(ПК КСС);0.56;11.6;;;15.01.2026;;
ПКНФ-000034;15.01.2026;Фланец 219,1  (AISI304, 08*18H10, PN10) плоский;Нержавеющие фланцы и фиттинги (ПК КСС);1;14;19.12.2024;19.12.2024;15.01.2026;;
ПКНФ-000035;15.01.2026;Труба СВ 219,1х2,0мм 08Х18Н10 (AISI 304);Нержавеющие трубы, листы, круги, сетки(ПК КСС);0.56;11.6;;;15.01.2026;;
ПКНФ-000035;15.01.2026;Фланец 219,1  (AISI304, 08*18H10, PN10) плоский;Нержавеющие фланцы и фиттинги (ПК КСС);1;14;19.12.2024;19.12.2024;15.01.2026;;
ПКНФ-000036;15.01.2026;Труба СВ 219,1х2,0мм 08Х18Н10 (AISI 304);Нержавеющие трубы, листы, круги, сетки(ПК КСС);0.56;11.6;;;15.01.2026;;
ПКНФ-000036;15.01.2026;Фланец 219,1  (AISI304, 08*18H10, PN10) плоский;Нержавеющие фланцы и фиттинги (ПК КСС);1;14;19.12.2024;19.12.2024;15.01.2026;;
ПКНФ-000037;15.01.2026;Труба СВ 219,1х2,0мм 08Х18Н10 (AISI 304);Нержавеющие трубы, листы, круги, сетки(ПК КСС);0.56;11.6;;;15.01.2026;;
ПКНФ-000037;15.01.2026;Фланец 219,1  (AISI304, 08*18H10, PN10) плоский;Нержавеющие фланцы и фиттинги (ПК КСС);1;14;19.12.2024;19.12.2024;15.01.2026;;
ПКНФ-000038;15.01.2026;Труба СВ 219,1х2,0мм 08Х18Н10 (AISI 304);Нержавеющие трубы, листы, круги, сетки(ПК КСС);0.56;11.6;;;15.01.2026;;
ПКНФ-000038;15.01.2026;Фланец 219,1  (AISI304, 08*18H10, PN10) плоский;Нержавеющие фланцы и фиттинги (ПК КСС);1;14;19.12.2024;19.12.2024;15.01.2026;;
ПКНФ-000039;15.01.2026;Труба СВ 219,1х2,0мм 08Х18Н10 (AISI 304);Нержавеющие трубы, листы, круги, сетки(ПК КСС);0.56;11.6;;;15.01.2026;;
ПКНФ-000039;15.01.2026;Фланец 219,1  (AISI304, 08*18H10, PN10) плоский;Нержавеющие фланцы и фиттинги (ПК КСС);1;14;19.12.2024;19.12.2024;15.01.2026;;
ПКНФ-000040;15.01.2026;Труба СВ 219,1х2,0мм 08Х18Н10 (AISI 304);Нержавеющие трубы, листы, круги, сетки(ПК КСС);0.56;11.6;;;15.01.2026;;
ПКНФ-000040;15.01.2026;Фланец 219,1  (AISI304, 08*18H10, PN10) плоский;Нержавеющие фланцы и фиттинги (ПК КСС);1;14;19.12.2024;19.12.2024;15.01.2026;;
ПКНФ-000041;15.01.2026;Труба СВ 219,1х2,0мм 08Х18Н10 (AISI 304);Нержавеющие трубы, листы, круги, сетки(ПК КСС);0.56;11.6;;;15.01.2026;;
ПКНФ-000041;15.01.2026;Фланец 219,1  (AISI304, 08*18H10, PN10) плоский;Нержавеющие фланцы и фиттинги (ПК КСС);1;14;19.12.2024;19.12.2024;15.01.2026;;
ПКНФ-000042;15.01.2026;Труба СВ 219,1х2,0мм 08Х18Н10 (AISI 304);Нержавеющие трубы, листы, круги, сетки(ПК КСС);0.56;11.6;;;15.01.2026;;
ПКНФ-000042;15.01.2026;Фланец 219,1  (AISI304, 08*18H10, PN10) плоский;Нержавеющие фланцы и фиттинги (ПК КСС);1;14;19.12.2024;19.12.2024;15.01.2026;;
ПКНФ-000043;15.01.2026;Труба СВ 219,1х2,0мм 08Х18Н10 (AISI 304);Нержавеющие трубы, листы, круги, сетки(ПК КСС);0.56;11.6;;;15.01.2026;;
ПКНФ-000043;15.01.2026;Фланец 219,1  (AISI304, 08*18H10, PN10) плоский;Нержавеющие фланцы и фиттинги (ПК КСС);1;14;19.12.2024;19.12.2024;15.01.2026;;
ПКНФ-000044;15.01.2026;Труба СВ 219,1х2,0мм 08Х18Н10 (AISI 304);Нержавеющие трубы, листы, круги, сетки(ПК КСС);0.56;11.6;;;15.01.2026;;
ПКНФ-000044;15.01.2026;Фланец 219,1  (AISI304, 08*18H10, PN10) плоский;Нержавеющие фланцы и фиттинги (ПК КСС);1;14;19.12.2024;19.12.2024;15.01.2026;;
ПКНФ-000045;15.01.2026;Труба СВ 219,1х2,0мм 08Х18Н10 (AISI 304);Нержавеющие трубы, листы, круги, сетки(ПК КСС);0.56;11.6;;;15.01.2026;;
ПКНФ-000045;15.01.2026;Фланец 219,1  (AISI304, 08*18H10, PN10) плоский;Нержавеющие фланцы и фиттинги (ПК КСС);1;14;19.12.2024;19.12.2024;15.01.2026;;
ПКНФ-000046;15.01.2026;Труба СВ 219,1х2,0мм 08Х18Н10 (AISI 304);Нержавеющие трубы, листы, круги, сетки(ПК КСС);0.56;11.6;;;15.01.2026;;
ПКНФ-000046;15.01.2026;Фланец 219,1  (AISI304, 08*18H10, PN10) плоский;Нержавеющие фланцы и фиттинги (ПК КСС);1;14;19.12.2024;19.12.2024;15.01.2026;;
ПКНФ-000048;19.01.2026;Труба СВ  60,3х4,0мм 08Х18Н10 (AISI 304);Нержавеющие трубы, листы, круги, сетки(ПК КСС);22.8;0;;;19.01.2026;;
ПКНФ-000048;19.01.2026;Отбортовка 219,1х2,0 AISI304;Нержавеющие фланцы и фиттинги (ПК КСС);4;2;16.05.2025;;19.01.2026;;
ПКНФ-000048;19.01.2026;Труба СВ 168,3х2,0мм 08Х18Н10 (AISI 304);Нержавеющие трубы, листы, круги, сетки(ПК КСС);0.3;9.6;;03.06.2024;19.01.2026;;
ПКНФ-000048;19.01.2026;Труба СВ 219,1х2,0мм 08Х18Н10 (AISI 304);Нержавеющие трубы, листы, круги, сетки(ПК КСС);8.5;12.248;;;19.01.2026;;
ПКНФ-000048;19.01.2026;Отвод 219,1х2,0 мм AISI 304;Нержавеющие фланцы и фиттинги (ПК КСС);1;0;;;19.01.2026;;
ПКНФ-000048;19.01.2026;Переход 219,1/168,3х2,0 (DN 200/150) AISI 304/08Х18Н10;Нержавеющие фланцы и фиттинги (ПК КСС);2;0;;;19.01.2026;;
ПКНФ-000048;19.01.2026;Фланец 219,1  (AISI304, 08*18H10, PN10) плоский;Нержавеющие фланцы и фиттинги (ПК КСС);1;0;19.12.2024;19.12.2024;19.01.2026;;
ПКНФ-000048;19.01.2026;Фланец 219,1  (AISI304, 08*18H10, PN10) свободный;Нержавеющие фланцы и фиттинги (ПК КСС);4;1;;;19.01.2026;;
ПКНФ-000048;19.01.2026;Фланец 168,3 (AISI304, 08*18H10, PN6) плоский;Нержавеющие фланцы и фиттинги (ПК КСС);2;10;;;19.01.2026;;
ПКНФ-000049;19.01.2026;Уголок 50,0х50,0х3,0 (AISI304, 08X18H10);Нержавеющие трубы, листы, круги, сетки(ПК КСС);2;4.5;;;19.01.2026;;
ПКНФ-000049;19.01.2026;Полоса 2,0x50,0 (AISI304, 08X18H10, 2B);Нержавеющие трубы, листы, круги, сетки(ПК КСС);1;0;;;19.01.2026;;
ПКНФ-000049;19.01.2026;Лист 2,0*1000*2000  AISI 304 (08х18Н10), х/к, мат (2В);Нержавеющие трубы, листы, круги, сетки(ПК КСС);1;0;13.01.2026;17.09.2025;19.01.2026;;
ПКНФ-000049;19.01.2026;Пластина 100х40 (AISI 304);Нержавеющие трубы, листы, круги, сетки(ПК КСС);22;172;;;19.01.2026;;
ПКНФ-000049;19.01.2026;Труба СВ  14,0х1,0мм 08Х18Н10 (AISI 304);Нержавеющие трубы, листы, круги, сетки(ПК КСС);1;5;;;19.01.2026;;
ПКНФ-000049;19.01.2026;Труба 20х20х2 (AISI 304);Нержавеющие трубы, листы, круги, сетки(ПК КСС);8;26.5;17.09.2025;05.08.2025;19.01.2026;;
ПКНФ-000049;19.01.2026;Труба 40х20х2 (AISI304);Нержавеющие трубы, листы, круги, сетки(ПК КСС);10;71.3;09.09.2025;09.09.2025;19.01.2026;;
ПКНФ-000049;19.01.2026;Лист 3,0*1000*2000  AISI 304 (42х22мм*3,0мм) ПВЛ;Нержавеющие трубы, листы, круги, сетки(ПК КСС);1;1;;02.02.2026;19.01.2026;;
ПКНФ-000049;19.01.2026;Круг 10,0 (AISI304, 08x18H10);Нержавеющие трубы, листы, круги, сетки(ПК КСС);1;6.8;;20.01.2026;19.01.2026;;
ПКНФ-000049;19.01.2026;Круг 6,0 (AISI304, 08x18H10);Нержавеющие трубы, листы, круги, сетки(ПК КСС);61;258.5;05.08.2025;05.08.2025;19.01.2026;;
ПКНФ-000049;19.01.2026;Труба 25х25х2 (AISI 304);Нержавеющие трубы, листы, круги, сетки(ПК КСС);18.5;45.5;09.09.2025;05.08.2025;19.01.2026;;
ПКНФ-000049;19.01.2026;Труба 40х40х2,0 (AISI 304);Нержавеющие трубы, листы, круги, сетки(ПК КСС);32;18;13.01.2026;05.08.2025;19.01.2026;;
ПКНФ-000050;19.01.2026;Лист 5,0*1500*6000 ст3 (м2);Черные трубы, листы, круги (ПК КСС);0.4;0;;;19.01.2026;;
ПКНФ-000050;19.01.2026;Арматура А-1 6 мм;Черные трубы, листы, круги (ПК КСС);0.6;78.4;;;19.01.2026;;
ПКНФ-000050;19.01.2026;Труба 40х40х3 ГОСТ 8639-82;Черные трубы, листы, круги (ПК КСС);2.3;4.7;20.01.2026;16.01.2026;19.01.2026;;
ПКНФ-000050;19.01.2026;Швеллер 12П ГОСТ 8240-97;Черные трубы, листы, круги (ПК КСС);13;72;;;19.01.2026;;
ПКНФ-000050;19.01.2026;Арматура ф 16 А-1 ГОСТ 5781-82 (м);Черные трубы, листы, круги (ПК КСС);4;12.3;;24.01.2024;19.01.2026;;
ПКНФ-000051;19.01.2026;Полоса 40*4 ГОСТ 103-76;Черные трубы, листы, круги (ПК КСС);1.5;81.8;;19.08.2024;19.01.2026;;
ПКНФ-000051;19.01.2026;Труба 40х20х2 ГОСТ 8639-82;Черные трубы, листы, круги (ПК КСС);1;34.5;;29.01.2024;19.01.2026;;
ПКНФ-000051;19.01.2026;Шпилька М10 L1000 (А2, DIN975);Нержавеющие метизы (ПК КСС);1;21;;;19.01.2026;;
ПКНФ-000051;19.01.2026;Труба 50х50х3 ГОСТ 8639-82, м.д;Черные трубы, листы, круги (ПК КСС);10;35.8;;16.01.2026;19.01.2026;;
ПКНФ-000052;19.01.2026;Фланец 139,7  (AISI304, 08*18H10, PN10) плоский;Нержавеющие фланцы и фиттинги (ПК КСС);3;4;;;19.01.2026;;
ПКНФ-000052;19.01.2026;Пресс-фланец ст.20 Ду125 Ру 16 ПФСР 100х16 (145 мм);Черные фланцы и фиттинги (ПК КСС);2;33;;;19.01.2026;;
ПКНФ-000052;19.01.2026;Пресс-фланец ст.20 Ду100 Ру 16 ПФСР 100х16 (119 мм);Черные фланцы и фиттинги (ПК КСС);10;10;;26.01.2026;19.01.2026;;
ПКНФ-000052;19.01.2026;Труба СВ 139,7х2,0мм 08Х18Н10 (AISI 304);Нержавеющие трубы, листы, круги, сетки(ПК КСС);2;3.6;;;19.01.2026;;
ПКНФ-000052;19.01.2026;Переход 139,7/114,3х2,0 (DN 125/100) AISI 304/08Х18Н10;Нержавеющие фланцы и фиттинги (ПК КСС);1;0;30.12.2025;30.12.2025;19.01.2026;;
ПКНФ-000052;19.01.2026;Фланец 114,3  (AISI304, 08*18H10, PN10/16) плоский;Нержавеющие фланцы и фиттинги (ПК КСС);2;5;20.01.2026;26.05.2025;19.01.2026;;
ПКНФ-000052;19.01.2026;Отбортовка 139,7х2,0 AISI304;Нержавеющие фланцы и фиттинги (ПК КСС);2;33;;;19.01.2026;;
ПКНФ-000052;19.01.2026;Отбортовка 114,3х2,0 AISI304;Нержавеющие фланцы и фиттинги (ПК КСС);10;104;;20.01.2026;19.01.2026;;
ПКНФ-000052;19.01.2026;Отвод 114,3х2,0 мм AISI 304;Нержавеющие фланцы и фиттинги (ПК КСС);4;0;13.01.2026;13.01.2026;19.01.2026;;
ПКНФ-000052;19.01.2026;Тройник 114,3х2,0 AISI 304 короткий;Нержавеющие фланцы и фиттинги (ПК КСС);3;0;13.01.2026;13.01.2026;19.01.2026;;
ПКНФ-000052;19.01.2026;Труба СВ 114,3х2,0мм 08Х18Н10 (AISI 304);Нержавеющие трубы, листы, круги, сетки(ПК КСС);3.6;37.2;;22.10.2024;19.01.2026;;
